Accession,genome_count_A,genome_count_B,absent_count_A,absent_count_B,total_genomes_A,total_genomes_B,freq_A,freq_B,odds_ratio_A_vs_B,p_value,freq_difference_A_minus_B,absolute_freq_difference,freq_ratio,fdr_bh,significant_fdr,enriched_clade
VFG000147(gb|NP_252530),8561,74,179,2765,8740,2839,0.9795194508009153,0.02606551602676999,1783.283557254976,0,0.9534539347741453,0.9534539347741453,37.579131362483764,0,TRUE,Clade_A
VFG019978(gb|WP_003113791),8561,74,179,2765,8740,2839,0.9795194508009153,0.02606551602676999,1783.283557254976,0,0.9534539347741453,0.9534539347741453,37.579131362483764,0,TRUE,Clade_A
VFG014092(gb|WP_012074004),6849,483,1891,2356,8740,2839,0.7836384439359267,0.17013032758013386,17.661166172014607,0,0.6135081163557929,0.6135081163557929,4.606106712907031,0,TRUE,Clade_A
VFG000184(gb|NP_251795),7951,896,789,1943,8740,2839,0.9097254004576659,0.31560408594575556,21.842874682288535,0,0.5941213145119104,0.5941213145119104,2.8824892989947695,0,TRUE,Clade_A
VFG019785(gb|WP_012613869),3038,57,5702,2782,8740,2839,0.34759725400457664,0.020077492074674182,26.001486774864052,0,0.32751976192990245,0.32751976192990245,17.312782528403385,0,TRUE,Clade_A
VFG019781(gb|WP_012613866),3034,57,5706,2782,8740,2839,0.3471395881006865,0.020077492074674182,25.949049061872596,0,0.32706209602601233,0.32706209602601233,17.289987554699103,0,TRUE,Clade_A
VFG019783(gb|WP_012613867),3034,57,5706,2782,8740,2839,0.3471395881006865,0.020077492074674182,25.949049061872596,0,0.32706209602601233,0.32706209602601233,17.289987554699103,0,TRUE,Clade_A
VFG019786(gb|WP_003122253),3034,57,5706,2782,8740,2839,0.3471395881006865,0.020077492074674182,25.949049061872596,0,0.32706209602601233,0.32706209602601233,17.289987554699103,0,TRUE,Clade_A
VFG019787(gb|WP_003122254),3034,57,5706,2782,8740,2839,0.3471395881006865,0.020077492074674182,25.949049061872596,0,0.32706209602601233,0.32706209602601233,17.289987554699103,0,TRUE,Clade_A
VFG019789(gb|WP_003452706),3034,57,5706,2782,8740,2839,0.3471395881006865,0.020077492074674182,25.949049061872596,0,0.32706209602601233,0.32706209602601233,17.289987554699103,0,TRUE,Clade_A
VFG019782(gb|WP_003163315),3033,58,5707,2781,8740,2839,0.34702517162471397,0.020429728777738642,25.479694493927184,0,0.32659544284697534,0.32659544284697534,16.986283831768326,0,TRUE,Clade_A
VFG019780(gb|WP_014602695),3035,61,5705,2778,8740,2839,0.34725400457665906,0.021486438886932017,24.22513859692408,0,0.32576756568972703,0.32576756568972703,16.16154293431369,0,TRUE,Clade_A
VFG019788(gb|WP_016253165),2904,56,5836,2783,8740,2839,0.3322654462242563,0.019725255371609723,24.726413579676866,0,0.31254019085264656,0.31254019085264656,16.84467146126185,0,TRUE,Clade_A
VFG019784(gb|WP_172668778),2902,57,5838,2782,8740,2839,0.3320366132723112,0.020077492074674182,24.258918359329495,0,0.311959121197637,0.311959121197637,16.537753422457744,0,TRUE,Clade_A
VFG013861(gb|WP_003148775),6815,1192,1925,1647,8740,2839,0.7797482837528604,0.4198661500528355,4.890820837800958,1.5890894735111293e-269,0.3598821337000249,0.3598821337000249,1.8571353838711164,1.1391785163232908e-267,TRUE,Clade_A
VFG014461(gb|WP_003158011),5354,686,3386,2153,8740,2839,0.6125858123569794,0.2416343783022191,4.961929190105124,3.209115376874061e-267,0.3709514340547603,0.3709514340547603,2.535176561634788,2.2308214165300292e-265,TRUE,Clade_A
VFG051804(gb|WP_011979145.1),8275,1943,465,896,8740,2839,0.9467963386727689,0.6843959140542445,8.203541309672502,6.24852915837636e-265,0.2624004246185244,0.2624004246185244,1.3834044289716885,4.215919379210403e-263,TRUE,Clade_A
VFG019926(gb|WP_003099228),7803,1701,937,1138,8740,2839,0.89279176201373,0.5991546319126453,5.570292646613917,1.8746379346570822e-243,0.2936371301010847,0.2936371301010847,1.4900857215502525,1.2286912634580991e-241,TRUE,Clade_A
VFG000117(gb|NP_253940),7699,1684,1041,1155,8740,2839,0.8808924485125859,0.5931666079605495,5.071654073516847,1.495787222905486e-225,0.2877258405520363,0.2877258405520363,1.4850674948498996,9.531488581514402e-224,TRUE,Clade_A
VFG014422(gb|WP_012076710),7340,1569,1400,1270,8740,2839,0.8398169336384439,0.5526593871081367,4.243118580720593,7.358179233996513e-200,0.28715754653030723,0.28715754653030723,1.5195922718926336,4.5620711250778375e-198,TRUE,Clade_A
VFG020059(gb|WP_012614137),2381,146,6359,2693,8740,2839,0.27242562929061787,0.05142655864741106,6.9055948306495445,2.508178496657484e-167,0.2209990706432068,0.2209990706432068,5.297372339425097,1.475323454187761e-165,TRUE,Clade_A
VFG019753(gb|WP_003123397),6565,1326,2175,1513,8740,2839,0.7511441647597255,0.46706586826347307,3.4433320837676944,4.053999041149636e-167,0.2840782964962524,0.2840782964962524,1.6082189168573608,2.2142556667612537e-165,TRUE,Clade_A
VFG015015(gb|WP_011666786),7546,1768,1194,1071,8740,2839,0.8633867276887872,0.6227544910179641,3.8278811916832516,6.867457645721631e-157,0.24063223667082312,0.24063223667082312,1.3863998415771872,3.5804426907466867e-155,TRUE,Clade_A
VFG020057(gb|WP_012614138),2275,143,6465,2696,8740,2839,0.2602974828375286,0.05036984853821768,6.633536660452163,3.398478192958955e-156,0.20992763429931094,0.20992763429931094,5.167724152277929,1.7324686610328537e-154,TRUE,Clade_A
VFG020082(gb|WP_025208403),2274,144,6466,2695,8740,2839,0.2601830663615561,0.05072208524128214,6.581115861742208,2.9002416057141205e-155,0.20946098112027395,0.20946098112027395,5.129581426392067,1.44633787902352e-153,TRUE,Clade_A
VFG020065(gb|WP_012614134),2277,145,6463,2694,8740,2839,0.26052631578947366,0.0510743219443466,6.544959899160869,5.173468702682833e-155,0.20945199384512705,0.20945199384512705,5.1009255898366606,2.472486917490504e-153,TRUE,Clade_A
VFG020069(gb|WP_148235954),2285,147,6455,2692,8740,2839,0.261441647597254,0.05177879535047552,6.481808939831209,1.5990116435444594e-154,0.2096628522467785,0.2096628522467785,5.049202976385063,7.33626542058198e-153,TRUE,Clade_A
VFG020070(gb|WP_012614131),2207,138,6533,2701,8740,2839,0.2525171624713959,0.04860866502289538,6.611035535323845,3.621104094599097e-151,0.2039084974485005,0.2039084974485005,5.194900175770239,1.5974639986558324e-149,TRUE,Clade_A
VFG020055(gb|WP_024082546),2277,151,6463,2688,8740,2839,0.26052631578947366,0.05318774216273336,6.270903768455645,5.584607537491042e-151,0.2073385736267403,0.2073385736267403,4.8982398048100375,2.4171867341517828e-149,TRUE,Clade_A
VFG001247(gb|NP_249785),3599,450,5141,2389,8740,2839,0.4117848970251716,0.1585065163790067,3.7161531378020567,2.8557969400289935e-146,0.2532783806461649,0.2532783806461649,2.5979051614543605,1.1698568179333055e-144,TRUE,Clade_A
VFG014319(gb|WP_003140595),3599,450,5141,2389,8740,2839,0.4117848970251716,0.1585065163790067,3.7161531378020567,2.8557969400289935e-146,0.2532783806461649,0.2532783806461649,2.5979051614543605,1.1698568179333055e-144,TRUE,Clade_A
VFG019817(gb|WP_003082190),3599,450,5141,2389,8740,2839,0.4117848970251716,0.1585065163790067,3.7161531378020567,2.8557969400289935e-146,0.2532783806461649,0.2532783806461649,2.5979051614543605,1.1698568179333055e-144,TRUE,Clade_A
VFG001246(gb|NP_249783),3603,451,5137,2388,8740,2839,0.4122425629290618,0.15885875308207115,3.71336982036518,3.224571046587668e-146,0.25338380984699066,0.25338380984699066,2.5950258007884845,1.2753734449779501e-144,TRUE,Clade_A
VFG014293(gb|WP_003082185),3603,451,5137,2388,8740,2839,0.4122425629290618,0.15885875308207115,3.71336982036518,3.224571046587668e-146,0.25338380984699066,0.25338380984699066,2.5950258007884845,1.2753734449779501e-144,TRUE,Clade_A
VFG020317(gb|WP_012614130),2313,169,6427,2670,8740,2839,0.2646453089244851,0.059528002817893624,5.685142573188596,1.578724277641799e-143,0.2051173061065915,0.2051173061065915,4.445728000216646,6.138294055780148e-142,TRUE,Clade_A
VFG001245(gb|NP_249778),3562,449,5178,2390,8740,2839,0.4075514874141876,0.15815427967594223,3.661337105769363,1.749525670851275e-142,0.2493972077382454,0.2493972077382454,2.5769235473694403,6.579363752348892e-141,TRUE,Clade_A
VFG019811(gb|WP_003112506),3562,449,5178,2390,8740,2839,0.4075514874141876,0.15815427967594223,3.661337105769363,1.749525670851275e-142,0.2493972077382454,0.2493972077382454,2.5769235473694403,6.579363752348892e-141,TRUE,Clade_A
VFG020063(gb|WP_012614135),2131,137,6609,2702,8740,2839,0.24382151029748284,0.04825642831983093,6.3583942486151255,1.8404135302198094e-142,0.1955650819776519,0.1955650819776519,5.05262239222302,6.809530061813295e-141,TRUE,Clade_A
VFG014280(gb|WP_003111492),3561,449,5179,2390,8740,2839,0.40743707093821513,0.15815427967594223,3.6596026024326807,2.815071389800699e-142,0.2492827912622729,0.2492827912622729,2.5762000988721443,1.0250434552702862e-140,TRUE,Clade_A
VFG001244(gb|NP_249777),3564,451,5176,2388,8740,2839,0.4077803203661327,0.15885875308207115,3.6455042267124433,1.1386086989960825e-141,0.24892156728406156,0.24892156728406156,2.5669364290896914,3.7313833649957335e-140,TRUE,Clade_A
VFG014267(gb|WP_003140599),3564,451,5176,2388,8740,2839,0.4077803203661327,0.15885875308207115,3.6455042267124433,1.1386086989960825e-141,0.24892156728406156,0.24892156728406156,2.5669364290896914,3.7313833649957335e-140,TRUE,Clade_A
VFG019809(gb|WP_003112507),3564,451,5176,2388,8740,2839,0.4077803203661327,0.15885875308207115,3.6455042267124433,1.1386086989960825e-141,0.24892156728406156,0.24892156728406156,2.5669364290896914,3.7313833649957335e-140,TRUE,Clade_A
VFG014304(gb|NP_249784),3346,417,5394,2422,8740,2839,0.382837528604119,0.14688270517787955,3.602689624562575,1.2480654872235263e-132,0.23595482342623947,0.23595482342623947,2.6064166515757643,3.5346447255441596e-131,TRUE,Clade_A
VFG014306(gb|WP_003082188),3346,417,5394,2422,8740,2839,0.382837528604119,0.14688270517787955,3.602689624562575,1.2480654872235263e-132,0.23595482342623947,0.23595482342623947,2.6064166515757643,3.5346447255441596e-131,TRUE,Clade_A
VFG019815(gb|WP_003082188),3346,417,5394,2422,8740,2839,0.382837528604119,0.14688270517787955,3.602689624562575,1.2480654872235263e-132,0.23595482342623947,0.23595482342623947,2.6064166515757643,3.5346447255441596e-131,TRUE,Clade_A
VFG014332(gb|WP_003082192),3345,417,5395,2422,8740,2839,0.38272311212814647,0.14688270517787955,3.6009459698612654,1.3166039968063886e-132,0.23584040695026692,0.23584040695026692,2.605637686647021,3.6389030947877774e-131,TRUE,Clade_A
VFG019819(gb|WP_003082192),3345,417,5395,2422,8740,2839,0.38272311212814647,0.14688270517787955,3.6009459698612654,1.3166039968063886e-132,0.23584040695026692,0.23584040695026692,2.605637686647021,3.6389030947877774e-131,TRUE,Clade_A
VFG014330(gb|NP_249786),3344,417,5396,2422,8740,2839,0.3826086956521739,0.14688270517787955,3.5992029601450937,2.0627544868849076e-132,0.23572599047429438,0.23572599047429438,2.6048587217182773,5.633284277278546e-131,TRUE,Clade_A
VFG019726(gb|WP_003122079),2165,168,6575,2671,8740,2839,0.2477116704805492,0.059175766114829165,5.234540830079814,1.2049932011938321e-126,0.18853590436572004,0.18853590436572004,4.1860323362754714,3.252064004163119e-125,TRUE,Clade_A
VFG016108(gb|WP_011061774),8156,2175,584,664,8740,2839,0.9331807780320366,0.766114829165199,4.2628931254695255,3.632002927323717e-119,0.16706594886683757,0.16706594886683757,1.218069070727794,9.467971267364326e-118,TRUE,Clade_A
VFG016067(gb|WP_011062464),5253,1020,3487,1819,8740,2839,0.6010297482837529,0.3592814371257485,2.686272714829603,5.428603269283781e-112,0.24174831115800438,0.24174831115800438,1.6728661327231122,1.3836906555263324e-110,TRUE,Clade_A
VFG014134(gb|WP_003150897),980,10,7760,2829,8740,2839,0.11212814645308924,0.003522367030644593,35.7226728823221,9.291907353357905e-109,0.10860577942244465,0.10860577942244465,31.833180778032037,2.3423775240223116e-107,TRUE,Clade_A
VFG000138(gb|NP_251844),1368,63,7372,2776,8740,2839,0.1565217391304348,0.022190912293060937,8.176289771712575,1.6109091421168258e-104,0.13433082683737385,0.13433082683737385,7.053416149068323,4.0167669261043463e-103,TRUE,Clade_A
VFG014101(gb|NP_251847),1366,63,7374,2776,8740,2839,0.1562929061784897,0.022190912293060937,8.162122514601268,2.680901156015256e-104,0.13410199388542876,0.13410199388542876,7.04310413715448,6.4736707914726295e-103,TRUE,Clade_A
VFG014103(gb|NP_251845),1366,63,7374,2776,8740,2839,0.1562929061784897,0.022190912293060937,8.162122514601268,2.680901156015256e-104,0.13410199388542876,0.13410199388542876,7.04310413715448,6.4736707914726295e-103,TRUE,Clade_A
VFG014105(gb|NP_251843),1366,63,7374,2776,8740,2839,0.1562929061784897,0.022190912293060937,8.162122514601268,2.680901156015256e-104,0.13410199388542876,0.13410199388542876,7.04310413715448,6.4736707914726295e-103,TRUE,Clade_A
VFG014109(gb|NP_251839),1365,63,7375,2776,8740,2839,0.15617848970251716,0.022190912293060937,8.15504176749572,4.268641127688049e-104,0.13398757740945622,0.13398757740945622,7.037948131197559,1.0095116233934417e-102,TRUE,Clade_A
VFG014110(gb|NP_251838),1365,63,7375,2776,8740,2839,0.15617848970251716,0.022190912293060937,8.15504176749572,4.268641127688049e-104,0.13398757740945622,0.13398757740945622,7.037948131197559,1.0095116233934417e-102,TRUE,Clade_A
VFG014108(gb|NP_251840),1364,63,7376,2776,8740,2839,0.15606407322654461,0.022190912293060937,8.147962940314926,7.345048670287905e-104,0.13387316093348367,0.13387316093348367,7.032792125240637,1.7193409846571892e-102,TRUE,Clade_A
VFG014133(gb|WP_012075037),941,10,7799,2829,8740,2839,0.10766590389016019,0.003522367030644593,34.12955845655138,8.802884675432236e-104,0.10414353685951559,0.10414353685951559,30.56635011441648,2.039779539943591e-102,TRUE,Clade_A
VFG000137(gb|NP_251850),1368,64,7372,2775,8740,2839,0.1565217391304348,0.022543148996125396,8.045656225331012,9.64250888400353e-104,0.1339785901343094,0.1339785901343094,6.943206521739131,2.21199153799041e-102,TRUE,Clade_A
VFG014111(gb|NP_251837),1367,64,7373,2775,8740,2839,0.15640732265446225,0.022543148996125396,8.03868482981484,1.5441473433875615e-103,0.13386417365833686,0.13386417365833686,6.938131078375286,3.507201985872343e-102,TRUE,Clade_A
VFG014113(gb|NP_251835),1366,64,7374,2775,8740,2839,0.1562929061784897,0.022543148996125396,8.031715325092929,1.6064250591061108e-103,0.13374975718236431,0.13374975718236431,6.933055635011442,3.612881456460213e-102,TRUE,Clade_A
VFG014099(gb|NP_251849),1365,64,7375,2775,8740,2839,0.15617848970251716,0.022543148996125396,8.024747710395886,2.5274595887889594e-103,0.13363534070639177,0.13363534070639177,6.927980191647597,5.629118734642595e-102,TRUE,Clade_A
VFG014112(gb|NP_251836),1277,52,7463,2787,8740,2839,0.14610983981693365,0.018316308559351884,9.170191381904171,1.8003167762687527e-102,0.12779353125758178,0.12779353125758178,7.977035293082205,3.971083350731268e-101,TRUE,Clade_A
VFG014100(gb|NP_251848),1276,52,7464,2787,8740,2839,0.1459954233409611,0.018316308559351884,9.161783130250779,1.8407487168339607e-102,0.12767911478160923,0.12767911478160923,7.970788593557473,4.021597672778196e-101,TRUE,Clade_A
VFG015170(gb|WP_011666674),8487,2421,253,418,8740,2839,0.9710526315789474,0.852765058119056,5.790688942276666,3.4391172276193395e-102,0.11828757345989138,0.11828757345989138,1.1387106241440033,7.442768792602608e-101,TRUE,Clade_A
VFG014106(gb|NP_251842),1274,52,7466,2787,8740,2839,0.14576659038901602,0.018316308559351884,9.144973383861515,5.100222825329719e-102,0.12745028182966414,0.12745028182966414,7.958295194508009,1.0934496412435865e-100,TRUE,Clade_A
VFG014102(gb|NP_251846),1272,52,7468,2787,8740,2839,0.14553775743707092,0.018316308559351884,9.128172640663701,8.205032625887985e-102,0.12722144887771905,0.12722144887771905,7.945801795458546,1.7268206278703704e-100,TRUE,Clade_A
VFG014107(gb|NP_251841),1272,52,7468,2787,8740,2839,0.14553775743707092,0.018316308559351884,9.128172640663701,8.205032625887985e-102,0.12722144887771905,0.12722144887771905,7.945801795458546,1.7268206278703704e-100,TRUE,Clade_A
VFG014116(gb|NP_251832),1235,50,7505,2789,8740,2839,0.14130434782608695,0.017611835153222965,9.178275792175942,3.848681442096967e-99,0.12369251267286398,0.12369251267286398,8.023260869565217,8.026250207427674e-98,TRUE,Clade_A
VFG000150(gb|NP_250881),8456,2421,284,418,8740,2839,0.9675057208237986,0.852765058119056,5.139836104777117,6.217940824494325e-93,0.11474066270474259,0.11474066270474259,1.134551318223364,1.2622970133973435e-91,TRUE,Clade_A
VFG019980(gb|WP_003115517),8456,2421,284,418,8740,2839,0.9675057208237986,0.852765058119056,5.139836104777117,6.217940824494325e-93,0.11474066270474259,0.11474066270474259,1.134551318223364,1.2622970133973435e-91,TRUE,Clade_A
VFG014656(gb|WP_003151922),5718,1243,3022,1596,8740,2839,0.654233409610984,0.4378302219091229,2.429276573190865,2.0498496310355867e-91,0.21640318770186107,0.21640318770186107,1.494262791541097,4.1248728540312595e-90,TRUE,Clade_A
VFG030676(gb|WP_011724098),724,5,8016,2834,8740,2839,0.082837528604119,0.0017611835153222965,51.18681666117049,4.7207232822673276e-83,0.0810763450887967,0.0810763450887967,47.03514874141877,9.177406109763771e-82,TRUE,Clade_A
VFG015906(gb|WP_011267825),5202,1114,3538,1725,8740,2839,0.5951945080091533,0.3923916872138077,2.2766008714866133,3.6386290671169706e-79,0.20280282079534562,0.20280282079534562,1.516837709369826,6.898359570220107e-78,TRUE,Clade_A
VFG042696(gb|NP_250821),8663,2619,77,220,8740,2839,0.9911899313501145,0.9225079253258189,9.450719014282702,3.99958251692458e-74,0.06868200602429553,0.06868200602429553,1.0744513994283982,7.168001792050771e-73,TRUE,Clade_A
VFG014115(gb|YP_008719764),1348,106,7392,2733,8740,2839,0.15423340961098397,0.03733709052483269,4.700799317462293,2.0530188881242888e-73,0.11689631908615128,0.11689631908615128,4.130836319675316,3.6227887148900913e-72,TRUE,Clade_A
VFG022392(gb|WP_013829148),539,0,8201,2839,8740,2839,0.06167048054919908,0,Inf,3.839833293579214e-68,0.06167048054919908,0.06167048054919908,Inf,6.524872278126458e-67,TRUE,Clade_A
VFG001220(gb|NP_253729),7039,1822,1701,1017,8740,2839,0.8053775743707093,0.6417752729834448,2.3096392021810197,3.53498947977389e-67,0.1636023013872645,0.1636023013872645,1.2549214783965115,5.876279613479206e-66,TRUE,Clade_A
VFG019743(gb|WP_012614629),7463,1997,1277,842,8740,2839,0.8538901601830664,0.7034166960197252,2.4636900051492616,5.833977089989021e-67,0.15047346416334118,0.15047346416334118,1.2139179593188412,9.628160751391953e-66,TRUE,Clade_A
VFG001221(gb|NP_253730),7037,1822,1703,1017,8740,2839,0.8051487414187642,0.6417752729834448,2.3062716885449044,5.995757029270106e-67,0.1633734684353194,0.1633734684353194,1.2545649159648034,9.754799024925975e-66,TRUE,Clade_A
VFG019738(gb|WP_003095839),7037,1822,1703,1017,8740,2839,0.8051487414187642,0.6417752729834448,2.3062716885449044,5.995757029270106e-67,0.1633734684353194,0.1633734684353194,1.2545649159648034,9.754799024925975e-66,TRUE,Clade_A
VFG001218(gb|NP_253727),7462,1998,1278,841,8740,2839,0.8537757437070939,0.7037689327227897,2.45760713185628,1.0625613801439181e-66,0.15000681098430413,0.15000681098430413,1.2131478160082279,1.716560426795879e-65,TRUE,Clade_A
VFG001219(gb|NP_253728),7032,1822,1708,1017,8740,2839,0.8045766590389016,0.6417752729834448,2.297887409786617,1.8379622672579625e-66,0.1628013860554568,0.1628013860554568,1.2536735098855334,2.948451357405431e-65,TRUE,Clade_A
VFG001211(gb|NP_253245),6983,1814,1757,1025,8740,2839,0.7989702517162471,0.6389573793589292,2.2455527346906434,1.4258806310475963e-63,0.16001287235731798,0.16001287235731798,1.2504280841358466,2.2403905257693053e-62,TRUE,Clade_A
VFG019754(gb|WP_012614546),6983,1814,1757,1025,8740,2839,0.7989702517162471,0.6389573793589292,2.2455527346906434,1.4258806310475963e-63,0.16001287235731798,0.16001287235731798,1.2504280841358466,2.2403905257693053e-62,TRUE,Clade_A
VFG001216(gb|NP_253240),6991,1818,1749,1021,8740,2839,0.7998855835240275,0.640366326171187,2.2446455150004594,2.2457857003503972e-63,0.15951925735284045,0.15951925735284045,1.2491062550190946,3.50464788884613e-62,TRUE,Clade_A
VFG019756(gb|WP_003161431),6990,1819,1750,1020,8740,2839,0.799771167048055,0.6407185628742516,2.2396137692782743,5.287408832975339e-63,0.1590526041738034,0.1590526041738034,1.2482409803460295,8.195483691111775e-62,TRUE,Clade_A
VFG019747(gb|WP_003119423),6994,1821,1746,1018,8740,2839,0.8002288329519451,0.6414230362803804,2.239163247086339,6.626087471885655e-63,0.1588057966715647,0.1588057966715647,1.2475835566999298,1.0201506483560867e-61,TRUE,Clade_A
VFG001215(gb|NP_253239),6987,1819,1753,1020,8740,2839,0.7994279176201373,0.6407185628742516,2.2348220430365044,9.563876917660282e-63,0.15870935474588577,0.15870935474588577,1.2477052546033918,1.4626355766075124e-61,TRUE,Clade_A
VFG001207(gb|NP_253241),6993,1821,1747,1018,8740,2839,0.8001144164759726,0.6414230362803804,2.237561758259594,1.022948922201921e-62,0.15869138019559215,0.15869138019559215,1.2474051775811565,1.5540694222060971e-61,TRUE,Clade_A
VFG000159(gb|NP_251076),5375,1237,3365,1602,8740,2839,0.6149885583524027,0.4357168016907362,2.0685330698758864,1.5117925321808468e-62,0.17927175666166656,0.17927175666166656,1.411441000131343,2.2667006985770343e-61,TRUE,Clade_A
VFG020053(gb|WP_003103622),5375,1237,3365,1602,8740,2839,0.6149885583524027,0.4357168016907362,2.0685330698758864,1.5117925321808468e-62,0.17927175666166656,0.17927175666166656,1.411441000131343,2.2667006985770343e-61,TRUE,Clade_A
VFG015963(gb|WP_003114509),5374,1237,3366,1602,8740,2839,0.6148741418764302,0.4357168016907362,2.0675339723080413,1.5930914124928825e-62,0.17915734018569401,0.17915734018569401,1.4111784064569,2.3730855196484887e-61,TRUE,Clade_A
VFG001210(gb|NP_253244),7332,1966,1408,873,8740,2839,0.8389016018306636,0.692497358224727,2.312144870367351,1.056537477955303e-60,0.14640424360593662,0.14640424360593662,1.2114148767025708,1.5536519066855544e-59,TRUE,Clade_A
VFG001212(gb|NP_253246),6958,1817,1782,1022,8740,2839,0.7961098398169336,0.6400140894681225,2.1960404542297374,2.101300967047874e-60,0.15609575034881107,0.15609575034881107,1.243894240638566,3.070308546756575e-59,TRUE,Clade_A
VFG019733(gb|WP_003094721),6952,1817,1788,1022,8740,2839,0.7954233409610983,0.6400140894681225,2.186785122129545,8.7994704303542e-60,0.1554092514929758,0.1554092514929758,1.2428216097900706,1.2775939979261097e-58,TRUE,Clade_A
VFG043480(gb|NP_251450),8703,2688,37,151,8740,2839,0.995766590389016,0.9468122578372666,13.209230932038471,3.5441345084110555e-59,0.04895433255174941,0.04895433255174941,1.0517043713223275,5.113361359933938e-58,TRUE,Clade_A
VFG051594(gb|WP_012074520.1),6590,1694,2150,1145,8740,2839,0.7540045766590389,0.5966889749911941,2.0716284696435565,4.224188945134731e-56,0.15731560166784475,0.15731560166784475,1.2636475756405026,6.018813316856567e-55,TRUE,Clade_A
VFG044086(gb|NP_251077),4977,1135,3763,1704,8740,2839,0.5694508009153318,0.3997886579781613,1.985575233339323,9.075669041876098e-56,0.16966214293717052,0.16966214293717052,1.4243795804393191,1.2772751400039122e-54,TRUE,Clade_A
VFG044087(gb|NP_251078),5154,1211,3586,1628,8740,2839,0.5897025171624714,0.42655864741106025,1.9320822025520596,7.776020484879753e-52,0.1631438697514111,0.1631438697514111,1.3824652735130107,1.0431690638780207e-50,TRUE,Clade_A
VFG001209(gb|NP_253243),6868,1820,1872,1019,8740,2839,0.785812356979405,0.6410707995773159,2.0539965201793837,2.38517145962579e-51,0.14474155740208905,0.14474155740208905,1.2257809238816104,3.1811530978962573e-50,TRUE,Clade_A
VFG016087(gb|NP_251117),4904,1135,3836,1704,8740,2839,0.5610983981693364,0.3997886579781613,1.919229689713116,1.4272806919889708e-50,0.16130974019117506,0.16130974019117506,1.4034875351566043,1.8603306292174423e-49,TRUE,Clade_A
VFG016089(gb|WP_003139215),4904,1135,3836,1704,8740,2839,0.5610983981693364,0.3997886579781613,1.919229689713116,1.4272806919889708e-50,0.16130974019117506,0.16130974019117506,1.4034875351566043,1.8603306292174423e-49,TRUE,Clade_A
VFG020080(gb|WP_012614120),4904,1135,3836,1704,8740,2839,0.5610983981693364,0.3997886579781613,1.919229689713116,1.4272806919889708e-50,0.16130974019117506,0.16130974019117506,1.4034875351566043,1.8603306292174423e-49,TRUE,Clade_A
VFG013871(gb|WP_012077721),6709,1819,2031,1020,8740,2839,0.7676201372997712,0.6407185628742516,1.852251164285295,6.005750602752053e-39,0.12690157442551964,0.12690157442551964,1.198061335785624,7.447130747412546e-38,TRUE,Clade_A
VFG016066(gb|WP_011533065),8094,2383,646,456,8740,2839,0.9260869565217391,0.8393800634026065,2.3973611092071216,1.297570227720354e-38,0.0867068931191326,0.0867068931191326,1.1032987283110438,1.6003366141884367e-37,TRUE,Clade_A
VFG000190(gb|NP_250386),7970,2328,770,511,8740,2839,0.9118993135011442,0.8200070447340613,2.271805481518876,2.8790810759100575e-38,0.0918922687670829,0.0918922687670829,1.1120627796519538,3.531878068522819e-37,TRUE,Clade_A
VFG015850(gb|WP_012076980),8737,2771,3,68,8740,2839,0.9996567505720824,0.9760479041916168,71.44408448622342,4.2088751899238255e-38,0.023608846380465565,0.023608846380465565,1.0241882045738513,5.135723237066625e-37,TRUE,Clade_A
VFG051834(gb|WP_003104959.1),8565,2631,175,208,8740,2839,0.9799771167048055,0.9267347657625925,3.868418124487536,7.358210817998504e-37,0.05324235094221297,0.05324235094221297,1.057451552385003,8.837557914391921e-36,TRUE,Clade_A
VFG051485(gb|NP_248783.1),8565,2632,175,207,8740,2839,0.9799771167048055,0.9270870024656569,3.848373995949959,1.4566519864191123e-36,0.05289011423914858,0.05289011423914858,1.0570497850778657,1.7313780605416805e-35,TRUE,Clade_A
VFG050294(gb|NP_248789),4744,1155,3996,1684,8740,2839,0.54279176201373,0.4068333920394505,1.7308089847745036,1.9204772350534328e-36,0.1359583699742795,0.1359583699742795,1.3341868505255234,2.2709148336147295e-35,TRUE,Clade_A
VFG001208(gb|NP_253242),6283,1689,2457,1150,8740,2839,0.7188787185354691,0.5949277914758718,1.741098311673387,3.3751051516920387e-34,0.12395092705959732,0.12395092705959732,1.208346170469033,3.890699104513335e-33,TRUE,Clade_A
VFG019749(gb|WP_003119422),6283,1689,2457,1150,8740,2839,0.7188787185354691,0.5949277914758718,1.741098311673387,3.3751051516920387e-34,0.12395092705959732,0.12395092705959732,1.208346170469033,3.890699104513335e-33,TRUE,Clade_A
VFG014132(gb|WP_012075036),256,2,8484,2837,8740,2839,0.029290617848970253,7.044734061289186e-4,42.797570907933334,6.772666619802651e-29,0.028586144442841334,0.028586144442841334,41.57803203661327,7.7296006098643195e-28,TRUE,Clade_A
VFG014127(gb|WP_012075032),253,2,8487,2837,8740,2839,0.02894736842105263,7.044734061289186e-4,42.281089642654244,1.7869739479063777e-28,0.028242895014923712,0.028242895014923712,41.09078947368421,2.0226906395750524e-27,TRUE,Clade_A
VFG014129(gb|WP_003150889),252,2,8488,2837,8740,2839,0.028832951945080093,7.044734061289186e-4,42.10901034287008,1.798730995960378e-28,0.028128478538951174,0.028128478538951174,40.928375286041195,2.0226906395750524e-27,TRUE,Clade_A
VFG014130(gb|WP_012075034),252,2,8488,2837,8740,2839,0.028832951945080093,7.044734061289186e-4,42.10901034287008,1.798730995960378e-28,0.028128478538951174,0.028128478538951174,40.928375286041195,2.0226906395750524e-27,TRUE,Clade_A
VFG051825(gb|WP_003136992.1),4454,1109,4286,1730,8740,2839,0.5096109839816934,0.3906305036984854,1.6210173259340925,2.224460734364299e-28,0.11898048028320796,0.11898048028320796,1.3045857380739652,2.4892258168935127e-27,TRUE,Clade_A
VFG014118(gb|WP_012075024),251,2,8489,2837,8740,2839,0.02871853546910755,7.044734061289186e-4,41.93697158019231,2.8365617057909764e-28,0.028014062062978632,0.028014062062978632,40.76596109839817,3.0839206412722747e-27,TRUE,Clade_A
VFG014120(gb|WP_042169654),251,2,8489,2837,8740,2839,0.02871853546910755,7.044734061289186e-4,41.93697158019231,2.8365617057909764e-28,0.028014062062978632,0.028014062062978632,40.76596109839817,3.0839206412722747e-27,TRUE,Clade_A
VFG014122(gb|WP_003150874),251,2,8489,2837,8740,2839,0.02871853546910755,7.044734061289186e-4,41.93697158019231,2.8365617057909764e-28,0.028014062062978632,0.028014062062978632,40.76596109839817,3.0839206412722747e-27,TRUE,Clade_A
VFG014124(gb|WP_012075029),251,2,8489,2837,8740,2839,0.02871853546910755,7.044734061289186e-4,41.93697158019231,2.8365617057909764e-28,0.028014062062978632,0.028014062062978632,40.76596109839817,3.0839206412722747e-27,TRUE,Clade_A
VFG014125(gb|WP_012075030),251,2,8489,2837,8740,2839,0.02871853546910755,7.044734061289186e-4,41.93697158019231,2.8365617057909764e-28,0.028014062062978632,0.028014062062978632,40.76596109839817,3.0839206412722747e-27,TRUE,Clade_A
VFG014126(gb|WP_012075031),251,2,8489,2837,8740,2839,0.02871853546910755,7.044734061289186e-4,41.93697158019231,2.8365617057909764e-28,0.028014062062978632,0.028014062062978632,40.76596109839817,3.0839206412722747e-27,TRUE,Clade_A
VFG021820(gb|WP_003893504),8052,2407,688,432,8740,2839,0.9212814645308924,0.8478337442761535,2.100376017163579,3.839674256590736e-28,0.07344772025473889,0.07344772025473889,1.0866298619872055,4.154817332367523e-27,TRUE,Clade_A
VFG019728(gb|WP_003122078),4931,1267,3809,1572,8740,2839,0.564187643020595,0.44628390278266994,1.6060951321815062,9.700843484779267e-28,0.11790374023792505,0.11790374023792505,1.2641899909514358,1.0447762889241144e-26,TRUE,Clade_A
VFG014131(gb|WP_025297833),246,2,8494,2837,8740,2839,0.028146453089244853,7.044734061289186e-4,41.07738532240985,1.1880306524905179e-27,0.027441979683115934,0.027441979683115934,39.95389016018307,1.2735244471089943e-26,TRUE,Clade_A
VFG014135(gb|WP_025297832),255,4,8485,2835,8740,2839,0.02917620137299771,0.0014089468122578373,21.297748987099123,3.2568651194175087e-26,0.027767254560739873,0.027767254560739873,20.707808924485125,3.474999341369193e-25,TRUE,Clade_A
VFG014119(gb|WP_012075025),219,2,8521,2837,8740,2839,0.02505720823798627,7.044734061289186e-4,36.453049389636156,2.3877764156184363e-24,0.02435273483185735,0.02435273483185735,35.56870709382151,2.4785335282482773e-23,TRUE,Clade_A
VFG041011(gb|NP_248785),8681,2741,59,98,8740,2839,0.9932494279176202,0.965480803099683,5.2596610535458685,4.430439728529672e-24,0.027768624817937182,0.027768624817937182,1.0287614468654227,4.5781210528139946e-23,TRUE,Clade_A
VFG015432(gb|WP_011979131),2459,533,6281,2306,8740,2839,0.28135011441647595,0.1877421627333568,1.6937242946005369,4.5134567806465184e-24,0.09360795168311914,0.09360795168311914,1.4985984518356008,4.6429909662794235e-23,TRUE,Clade_A
VFG014128(gb|WP_012075033),215,2,8525,2837,8740,2839,0.02459954233409611,7.044734061289186e-4,35.77045353272425,6.0724628762604065e-24,0.02389506892796719,0.02389506892796719,34.91905034324943,6.218852606313113e-23,TRUE,Clade_A
VFG014123(gb|WP_003150878),214,2,8526,2837,8740,2839,0.02448512585812357,7.044734061289186e-4,35.59990463312649,9.943863642776874e-24,0.02378065245199465,0.02378065245199465,34.75663615560641,1.0138321420680066e-22,TRUE,Clade_A
VFG019729(gb|WP_003107299),4804,1255,3936,1584,8740,2839,0.5496567505720824,0.4420570623458964,1.5404022509544366,2.1908967026557916e-23,0.10759968822618599,0.10759968822618599,1.2434067847602726,2.2238570955276045e-22,TRUE,Clade_A
VFG016062(gb|WP_165446461),1344,241,7396,2598,8740,2839,0.15377574370709382,0.08488904543853469,1.9588545664445802,4.1789745846836905e-22,0.06888669826855913,0.06888669826855913,1.8114910223420722,4.186274103608902e-21,TRUE,Clade_A
VFG051539(gb|WP_011531908.1),166,0,8574,2839,8740,2839,0.018993135011441648,0,Inf,5.237130189157468e-21,0.018993135011441648,0.018993135011441648,Inf,5.1784382128996686e-20,TRUE,Clade_A
VFG015856(gb|NP_248716),8438,2624,302,215,8740,2839,0.9654462242562929,0.9242691088411412,2.2891450567860323,3.114804539348014e-18,0.04117711541515168,0.04117711541515168,1.0445510025394877,3.027695598840824e-17,TRUE,Clade_A
VFG051835(gb|WP_011979143.1),7952,2419,788,420,8740,2839,0.9098398169336385,0.8520605847129271,1.7519669583561686,2.810249360534011e-17,0.05777923222071135,0.05777923222071135,1.0678111782863164,2.6861300137770923e-16,TRUE,Clade_A
VFG013930(gb|WP_003150019),132,0,8608,2839,8740,2839,0.015102974828375287,0,Inf,7.917438058075134e-17,0.015102974828375287,0.015102974828375287,Inf,7.536349753205127e-16,TRUE,Clade_A
VFG019935(gb|WP_003111059),8175,2516,565,323,8740,2839,0.9353546910755148,0.8862275449101796,1.8575028349676166,2.1333699848185822e-16,0.0491271461653352,0.0491271461653352,1.0554340095243986,2.0222936963528212e-15,TRUE,Clade_A
VFG014977(gb|WP_012077870),8220,2535,520,304,8740,2839,0.9405034324942791,0.8929200422684044,1.8956508383458615,2.1493640511768237e-16,0.047583390225874767,0.047583390225874767,1.0532896429393523,2.029070425267339e-15,TRUE,Clade_A
VFG000153(gb|NP_252166),8169,2516,571,323,8740,2839,0.9346681922196797,0.8862275449101796,1.8364406032470895,7.151603653019502e-16,0.04844064730950004,0.04844064730950004,1.0546593790586927,6.669015764238512e-15,TRUE,Clade_A
VFG015052(gb|WP_003138177),8168,2516,572,323,8740,2839,0.9345537757437071,0.8862275449101796,1.8330078639890763,7.667406724697921e-16,0.048326230833527495,0.048326230833527495,1.054530273981075,7.121065192897584e-15,TRUE,Clade_A
VFG014681(gb|NP_253640),8739,2813,1,26,8740,2839,0.9998855835240275,0.9908418457203241,80.80838466468909,2.538120042357715e-15,0.009043737803703378,0.009043737803703378,1.0091273272750494,2.3104949909399198e-14,TRUE,Clade_A
VFG019873(gb|WP_003095673),8739,2813,1,26,8740,2839,0.9998855835240275,0.9908418457203241,80.80838466468909,2.538120042357715e-15,0.009043737803703378,0.009043737803703378,1.0091273272750494,2.3104949909399198e-14,TRUE,Clade_A
VFG041029(gb|NP_250362),8381,2613,359,226,8740,2839,0.9589244851258582,0.9203945051074321,2.019080418196519,7.982417027302747e-15,0.038529980018426,0.038529980018426,1.0418624620253776,7.237812118827076e-14,TRUE,Clade_A
VFG016129(gb|WP_003157555),8302,2582,438,257,8740,2839,0.9498855835240274,0.9094751673124339,1.8866096942693866,5.56141839779882e-14,0.04041041621159347,0.04041041621159347,1.0444326768492307,4.964161013443772e-13,TRUE,Clade_A
VFG000152(gb|NP_252167),8181,2538,559,301,8740,2839,0.9360411899313501,0.8939767523775978,1.7355574199407622,7.840345934167346e-13,0.04206443755375233,0.04206443755375233,1.0470531671454306,6.971222315108485e-12,TRUE,Clade_A
VFG019934(gb|WP_003119559),8182,2542,558,297,8740,2839,0.9361556064073226,0.8953856991898556,1.7130883896012046,3.124674578684177e-12,0.040769907217467094,0.040769907217467094,1.0455333464163608,2.756924416731347e-11,TRUE,Clade_A
VFG009815(gb|WP_162830471),105,1,8635,2838,8740,2839,0.012013729977116704,3.522367030644593e-4,34.50571571026979,4.865542682759838e-12,0.011661493274052245,0.011661493274052245,34.10697940503432,4.1960732760342357e-11,TRUE,Clade_A
VFG009816(gb|WP_165928405),105,1,8635,2838,8740,2839,0.012013729977116704,3.522367030644593e-4,34.50571571026979,4.865542682759838e-12,0.011661493274052245,0.011661493274052245,34.10697940503432,4.1960732760342357e-11,TRUE,Clade_A
VFG009820(gb|WP_036377494),105,1,8635,2838,8740,2839,0.012013729977116704,3.522367030644593e-4,34.50571571026979,4.865542682759838e-12,0.011661493274052245,0.011661493274052245,34.10697940503432,4.1960732760342357e-11,TRUE,Clade_A
VFG024170(gb|WP_014381773),105,1,8635,2838,8740,2839,0.012013729977116704,3.522367030644593e-4,34.50571571026979,4.865542682759838e-12,0.011661493274052245,0.011661493274052245,34.10697940503432,4.1960732760342357e-11,TRUE,Clade_A
VFG024171(gb|WP_014710887),105,1,8635,2838,8740,2839,0.012013729977116704,3.522367030644593e-4,34.50571571026979,4.865542682759838e-12,0.011661493274052245,0.011661493274052245,34.10697940503432,4.1960732760342357e-11,TRUE,Clade_A
VFG027154(gb|WP_020821555),105,1,8635,2838,8740,2839,0.012013729977116704,3.522367030644593e-4,34.50571571026979,4.865542682759838e-12,0.011661493274052245,0.011661493274052245,34.10697940503432,4.1960732760342357e-11,TRUE,Clade_A
VFG015049(gb|WP_003119559),8181,2543,559,296,8740,2839,0.9360411899313501,0.8957379358929201,1.7033946186203357,5.5867184873794366e-12,0.04030325403843005,0.04030325403843005,1.044994470395243,4.7999746105050294e-11,TRUE,Clade_A
VFG051636(gb|WP_012614150.1),8181,2548,559,291,8740,2839,0.9360411899313501,0.8974991194082423,1.6713461920948494,3.7300398813939894e-11,0.03854207052310776,0.03854207052310776,1.0429438533026307,3.169152402932523e-10,TRUE,Clade_A
VFG051637(gb|WP_012075688.1),8181,2548,559,291,8740,2839,0.9360411899313501,0.8974991194082423,1.6713461920948494,3.7300398813939894e-11,0.03854207052310776,0.03854207052310776,1.0429438533026307,3.169152402932523e-10,TRUE,Clade_A
VFG041040(gb|NP_251058),8180,2548,560,291,8740,2839,0.9359267734553776,0.8974991194082423,1.6681580286427715,4.96226590105201e-11,0.03842765404713522,0.03842765404713522,1.0428163696388606,4.185087491549011e-10,TRUE,Clade_A
VFG051639(gb|WP_003089496.1),8180,2548,560,291,8740,2839,0.9359267734553776,0.8974991194082423,1.6681580286427715,4.96226590105201e-11,0.03842765404713522,0.03842765404713522,1.0428163696388606,4.185087491549011e-10,TRUE,Clade_A
VFG041039(gb|NP_251057),8182,2550,558,289,8740,2839,0.9361556064073226,0.8982035928143712,1.661733781082228,7.895247608025725e-11,0.03795201359295142,0.03795201359295142,1.0422532418001527,6.538519138198923e-10,TRUE,Clade_A
VFG051631(gb|WP_003089495.1),8182,2550,558,289,8740,2839,0.9361556064073226,0.8982035928143712,1.661733781082228,7.895247608025725e-11,0.03795201359295142,0.03795201359295142,1.0422532418001527,6.538519138198923e-10,TRUE,Clade_A
VFG051632(gb|WP_003089495.1),8182,2550,558,289,8740,2839,0.9361556064073226,0.8982035928143712,1.661733781082228,7.895247608025725e-11,0.03795201359295142,0.03795201359295142,1.0422532418001527,6.538519138198923e-10,TRUE,Clade_A
VFG051634(gb|WP_003089495.1),8182,2550,558,289,8740,2839,0.9361556064073226,0.8982035928143712,1.661733781082228,7.895247608025725e-11,0.03795201359295142,0.03795201359295142,1.0422532418001527,6.538519138198923e-10,TRUE,Clade_A
VFG041036(gb|NP_251054),8180,2551,560,288,8740,2839,0.9359267734553776,0.8985558295174357,1.6490208337224768,1.4181224940674427e-10,0.037370943937941825,0.037370943937941825,1.0415900077772704,1.1660118284554529e-9,TRUE,Clade_A
VFG041037(gb|NP_251055),8187,2554,553,285,8740,2839,0.9367276887871854,0.8996125396266291,1.6519708578721695,1.4838360498292566e-10,0.03711514916055625,0.03711514916055625,1.041256816157721,1.2156856779672553e-9,TRUE,Clade_A
VFG051829(gb|WP_003138819.1),8182,2553,558,286,8740,2839,0.9361556064073226,0.8992603029235646,1.6425533928537055,2.2345058509838433e-10,0.036895303483758024,0.036895303483758024,1.0410285023855812,1.8241837801270236e-9,TRUE,Clade_A
VFG020046(gb|WP_012613422),8333,2616,407,223,8740,2839,0.9534324942791762,0.9214512152166255,1.7451988684155106,3.4912697527183086e-10,0.03198127906255066,0.03198127906255066,1.034707511948999,2.8400612811119856e-9,TRUE,Clade_A
VFG041034(gb|NP_251052),8205,2564,535,275,8740,2839,0.9387871853546911,0.9031349066572737,1.6448200861345446,4.0357860730156714e-10,0.03565227869741738,0.03565227869741738,1.0394761385421092,3.259891989964067e-9,TRUE,Clade_A
VFG051611(gb|WP_003104706.1),8205,2564,535,275,8740,2839,0.9387871853546911,0.9031349066572737,1.6448200861345446,4.0357860730156714e-10,0.03565227869741738,0.03565227869741738,1.0394761385421092,3.259891989964067e-9,TRUE,Clade_A
VFG051612(gb|WP_012075691.1),8203,2563,537,276,8740,2839,0.938558352402746,0.9027826699542092,1.6448936571748771,4.284846882207634e-10,0.035775682448536794,0.035775682448536794,1.0396282335042513,3.448925876415548e-9,TRUE,Clade_A
VFG023254(gb|WP_013826991),85,1,8655,2838,8740,2839,0.009725400457665904,3.522367030644593e-4,27.868688415497576,1.2971098874672232e-9,0.009373163754601444,0.009373163754601444,27.6104118993135,1.029609024861526e-8,TRUE,Clade_A
VFG051614(gb|WP_003131567.1),8203,2567,537,272,8740,2839,0.938558352402746,0.9041916167664671,1.6185323253679518,1.5340943266002663e-9,0.0343667356362789,0.0343667356362789,1.03800824404807,1.2135215121451761e-8,TRUE,Clade_A
VFG015504(gb|WP_041025452),250,29,8490,2810,8740,2839,0.028604118993135013,0.010214864388869321,2.853232456216856,2.122701344731496e-9,0.018389254604265694,0.018389254604265694,2.800244614534838,1.6733597542316332e-8,TRUE,Clade_A
VFG038755(gb|WP_011706626),70,0,8670,2839,8740,2839,0.008009153318077803,0,Inf,3.843603593913002e-9,0.008009153318077803,0.008009153318077803,Inf,3.0195981659028855e-8,TRUE,Clade_A
VFG014707(gb|NP_250151),8244,2586,496,253,8740,2839,0.9432494279176201,0.9108841141246918,1.6260278948996811,4.446417081724943e-9,0.032365313792928285,0.032365313792928285,1.0355317578724375,3.4694152331554485e-8,TRUE,Clade_A
VFG019877(gb|WP_003159935),8244,2586,496,253,8740,2839,0.9432494279176201,0.9108841141246918,1.6260278948996811,4.446417081724943e-9,0.032365313792928285,0.032365313792928285,1.0355317578724375,3.4694152331554485e-8,TRUE,Clade_A
VFG014709(gb|WP_003083089),8242,2586,498,253,8740,2839,0.943020594965675,0.9108841141246918,1.6191054914743181,4.791034571372232e-9,0.032136480840983195,0.032136480840983195,1.0352805371645597,3.7256384090603054e-8,TRUE,Clade_A
VFG014629(gb|NP_250146),8243,2587,497,252,8740,2839,0.9431350114416476,0.9112363508277562,1.615522459087724,5.968134601280367e-9,0.03189866061389135,0.03189866061389135,1.0350059132133118,4.6253043159922846e-8,TRUE,Clade_A
VFG001265(gb|NP_250145),8249,2589,491,250,8740,2839,0.9438215102974828,0.9119408242338851,1.6222118034515307,6.3538037817161045e-9,0.03188068606359773,0.03188068606359773,1.0349591609635203,4.9076181398170856e-8,TRUE,Clade_A
VFG014618(gb|WP_003083064),8248,2589,492,250,8740,2839,0.9437070938215103,0.9119408242338851,1.618718732974085,6.53797976725751e-9,0.031766269587625184,0.031766269587625184,1.034833696160397,5.032928049023063e-8,TRUE,Clade_A
VFG043013(gb|NP_250148),8247,2589,493,250,8740,2839,0.9435926773455378,0.9119408242338851,1.6152398322581685,6.83302586153566e-9,0.03165185311165264,0.03165185311165264,1.0347082313572737,5.242461982061138e-8,TRUE,Clade_A
VFG014630(gb|WP_003083070),8237,2585,503,254,8740,2839,0.9424485125858123,0.9105318774216273,1.6089939550360903,7.05143081754756e-9,0.03191663516418497,0.03191663516418497,1.03505273780701,5.391994098484701e-8,TRUE,Clade_A
VFG014617(gb|WP_003083064),8242,2587,498,252,8740,2839,0.943020594965675,0.9112363508277562,1.6120832023971292,7.764089484998102e-9,0.031784244137918805,0.031784244137918805,1.0348803514138196,5.8976229399290215e-8,TRUE,Clade_A
VFG019865(gb|WP_003083070),8242,2587,498,252,8740,2839,0.943020594965675,0.9112363508277562,1.6120832023971292,7.764089484998102e-9,0.031784244137918805,0.031784244137918805,1.0348803514138196,5.8976229399290215e-8,TRUE,Clade_A
VFG014631(gb|WP_003083070),8241,2587,499,252,8740,2839,0.9429061784897025,0.9112363508277562,1.60865772941618,8.072897958430886e-9,0.03166982766194626,0.03166982766194626,1.0347547896143277,6.111956408132162e-8,TRUE,Clade_A
VFG022941(gb|WP_013827874),8128,2543,612,296,8740,2839,0.9299771167048055,0.8957379358929201,1.5458225383380748,1.0416061634173573e-8,0.034239180811885483,0.034239180811885483,1.0382245514451212,7.8600149305244e-8,TRUE,Clade_A
VFG000176(gb|NP_251787),8491,2692,249,147,8740,2839,0.9715102974828376,0.9482212046495245,1.861895077686238,1.3069338192356905e-8,0.02328909283331304,0.02328909283331304,1.0245608226425615,9.829856332218603e-8,TRUE,Clade_A
VFG016114(gb|WP_012074238),8257,2595,483,244,8740,2839,0.9447368421052632,0.9140542444522719,1.6073402315765788,1.3856205375371881e-8,0.030682597652991306,0.030682597652991306,1.0335675894939662,1.0387625859837613e-7,TRUE,Clade_A
VFG042747(gb|NP_252990),8289,2608,451,231,8740,2839,0.9483981693363844,0.9186333215921099,1.627832063250768,1.4706116619059524e-8,0.02976484774427457,0.02976484774427457,1.0324012280467774,1.0988870203297247e-7,TRUE,Clade_A
VFG041019(gb|NP_250352),8492,2693,248,146,8740,2839,0.9716247139588101,0.9485734413525889,1.8562188928683934,1.7042661288503694e-8,0.023051272606221196,0.023051272606221196,1.0243009888336658,1.26523834937953e-7,TRUE,Clade_A
VFG051483(gb|NP_251464.1),8148,2553,592,286,8740,2839,0.9322654462242563,0.8992603029235646,1.541795059172903,2.0574870212499198e-8,0.03300514330069171,0.03300514330069171,1.0367025467413489,1.5176447674428667e-7,TRUE,Clade_A
VFG042693(gb|NP_250818),8160,2558,580,281,8740,2839,0.9336384439359268,0.9010214864388869,1.5454321824416297,2.4472559177626788e-8,0.032616957497039856,0.032616957497039856,1.0361999774566444,1.799360601072944e-7,TRUE,Clade_A
VFG015080(gb|NP_251276),8243,2591,497,248,8740,2839,0.9431350114416476,0.9126452976400141,1.5874276625219295,2.5765398958235404e-8,0.030489713801633456,0.030489713801633456,1.0334080654121334,1.8763754034981593e-7,TRUE,Clade_A
VFG015082(gb|WP_003090351),8243,2591,497,248,8740,2839,0.9431350114416476,0.9126452976400141,1.5874276625219295,2.5765398958235404e-8,0.030489713801633456,0.030489713801633456,1.0334080654121334,1.8763754034981593e-7,TRUE,Clade_A
VFG019943(gb|WP_003090351),8243,2591,497,248,8740,2839,0.9431350114416476,0.9126452976400141,1.5874276625219295,2.5765398958235404e-8,0.030489713801633456,0.030489713801633456,1.0334080654121334,1.8763754034981593e-7,TRUE,Clade_A
VFG043012(gb|NP_250147),8194,2572,546,267,8740,2839,0.9375286041189931,0.9059528002817894,1.557848595292456,2.7709009209832808e-8,0.03157580383720371,0.03157580383720371,1.0348536963817345,2.0115337698530524e-7,TRUE,Clade_A
VFG022385(gb|WP_041319509),432,74,8308,2765,8740,2839,0.0494279176201373,0.02606551602676999,1.942849740511519,3.2761932046166185e-8,0.023362401593367308,0.023362401593367308,1.8962953800482403,2.3708477007541083e-7,TRUE,Clade_A
VFG000135(gb|NP_249455),8291,2611,449,228,8740,2839,0.9486270022883295,0.9196900317013033,1.6123843938981064,3.746889382942613e-8,0.028936970587026267,0.028936970587026267,1.0314638297573986,2.70294473096552e-7,TRUE,Clade_A
VFG000170(gb|NP_252920),8207,2578,533,261,8740,2839,0.9390160183066362,0.9080662205001762,1.558821607899004,4.0161625086171873e-08,0.03094979780646001,0.03094979780646001,1.034083194713941,2.87011738154761e-7,TRUE,Clade_A
VFG016139(gb|WP_003137464),8207,2578,533,261,8740,2839,0.9390160183066362,0.9080662205001762,1.558821607899004,4.0161625086171873e-08,0.03094979780646001,0.03094979780646001,1.034083194713941,2.87011738154761e-7,TRUE,Clade_A
VFG020094(gb|WP_003106950),8207,2578,533,261,8740,2839,0.9390160183066362,0.9080662205001762,1.558821607899004,4.0161625086171873e-08,0.03094979780646001,0.03094979780646001,1.034083194713941,2.87011738154761e-7,TRUE,Clade_A
VFG013948(gb|NP_251650),8215,2581,525,258,8740,2839,0.9399313501144165,0.9091229306093696,1.564088811484207,4.170211991277277e-8,0.03080841950504698,0.03080841950504698,1.0338880677934243,2.9709522695621346e-7,TRUE,Clade_A
VFG013949(gb|WP_003091119),8214,2581,526,258,8740,2839,0.939816933638444,0.9091229306093696,1.560925553575472,4.273276950784609e-8,0.030694003029074435,0.030694003029074435,1.0337622141028835,3.0349527322290693e-7,TRUE,Clade_A
VFG043018(gb|NP_252039),8284,2609,456,230,8740,2839,0.9478260869565217,0.9189855582951744,1.6014351330508578,4.5859479199031035e-8,0.028840528661347342,0.028840528661347342,1.0313830053160464,3.24696436057337e-7,TRUE,Clade_A
VFG019913(gb|WP_003085548),8291,2612,449,227,8740,2839,0.9486270022883295,0.9200422684043678,1.6046987365877152,4.8175204936349354e-8,0.028584733883961766,0.028584733883961766,1.0310689354887317,3.400428311507244e-7,TRUE,Clade_A
VFG000140(gb|NP_253696),8263,2601,477,238,8740,2839,0.9454233409610984,0.9161676646706587,1.5850274970179248,5.0431837927267715e-8,0.02925567629043968,0.02925567629043968,1.0319326662778001,3.5487925216304336e-7,TRUE,Clade_A
VFG014668(gb|NP_252042),8225,2586,515,253,8740,2839,0.9410755148741419,0.9108841141246918,1.562435737375888,5.199995152807782e-8,0.030191400749450037,0.030191400749450037,1.0331451611475981,3.625771696213086e-7,TRUE,Clade_A
VFG014670(gb|WP_003091733),8225,2586,515,253,8740,2839,0.9410755148741419,0.9108841141246918,1.562435737375888,5.199995152807782e-8,0.030191400749450037,0.030191400749450037,1.0331451611475981,3.625771696213086e-7,TRUE,Clade_A
VFG019871(gb|WP_003091733),8225,2586,515,253,8740,2839,0.9410755148741419,0.9108841141246918,1.562435737375888,5.199995152807782e-8,0.030191400749450037,0.030191400749450037,1.0331451611475981,3.625771696213086e-7,TRUE,Clade_A
VFG019869(gb|WP_003098742),8215,2582,525,257,8740,2839,0.9399313501144165,0.9094751673124339,1.557423718067661,5.256207477311828e-8,0.03045618280198259,0.03045618280198259,1.0334876463883922,3.65386059180404e-7,TRUE,Clade_A
VFG014655(gb|NP_252041),8214,2582,526,257,8740,2839,0.939816933638444,0.9094751673124339,1.5542739395929437,5.45029005965622e-8,0.030341766326010045,0.030341766326010045,1.0333618414405665,3.754953562251839e-7,TRUE,Clade_A
VFG014657(gb|WP_003091732),8214,2582,526,257,8740,2839,0.939816933638444,0.9094751673124339,1.5542739395929437,5.45029005965622e-8,0.030341766326010045,0.030341766326010045,1.0333618414405665,3.754953562251839e-7,TRUE,Clade_A
VFG000179(gb|NP_251790),8223,2585,517,254,8740,2839,0.9408466819221968,0.9105318774216273,1.5627675818728328,5.4507390419784756e-8,0.030314804500569448,0.030314804500569448,1.0332935125636815,3.754953562251839e-7,TRUE,Clade_A
VFG000180(gb|NP_251791),8222,2585,518,254,8740,2839,0.9407322654462242,0.9105318774216273,1.5595613063177696,5.592884654481361e-8,0.030200388024596903,0.030200388024596903,1.0331678536177293,3.8298738499642516e-7,TRUE,Clade_A
VFG042743(gb|NP_252986),8268,2603,472,236,8740,2839,0.9459954233409611,0.9168721380767876,1.588097041632436,5.5814321737645325e-8,0.029123285264173515,0.029123285264173515,1.0317637367902377,3.8298738499642516e-7,TRUE,Clade_A
VFG044102(gb|NP_253396),8277,2607,463,232,8740,2839,0.947025171624714,0.9182810848890455,1.5908146019534628,5.625513811656804e-8,0.028744086735668528,0.028744086735668528,1.031302056863277,3.840752584506163e-7,TRUE,Clade_A
VFG014642(gb|NP_252040),8246,2595,494,244,8740,2839,0.9434782608695652,0.9140542444522719,1.5694595235937048,6.24113930761914e-8,0.02942401641729331,0.02942401641729331,1.0321906676719443,4.235832876854558e-7,TRUE,Clade_A
VFG019867(gb|WP_003098745),8246,2595,494,244,8740,2839,0.9434782608695652,0.9140542444522719,1.5694595235937048,6.24113930761914e-8,0.02942401641729331,0.02942401641729331,1.0321906676719443,4.235832876854558e-7,TRUE,Clade_A
VFG013835(gb|WP_003110888),8291,2613,449,226,8740,2839,0.9486270022883295,0.9203945051074321,1.5970189575906375,6.25957866283215e-8,0.028232497180897376,0.028232497180897376,1.0306743434736194,4.235832876854558e-7,TRUE,Clade_A
VFG044085(gb|NP_251074),8161,2562,579,277,8740,2839,0.9337528604118993,0.9024304332511448,1.523870596285084,7.337351290746484e-8,0.03132242716075451,0.03132242716075451,1.0347089659287205,4.950554076756598e-7,TRUE,Clade_A
VFG014694(gb|NP_253641),8266,2603,474,236,8740,2839,0.945766590389016,0.9168721380767876,1.5810144108688047,7.490489655138127e-8,0.028894452312228425,0.028894452312228425,1.031514156786176,5.039056677092922e-7,TRUE,Clade_A
VFG000183(gb|NP_251794),8247,2596,493,243,8740,2839,0.9435926773455378,0.9144064811553364,1.565784679194824,7.688716199668176e-8,0.029186196190201352,0.029186196190201352,1.0319181860492996,5.15728507661953e-7,TRUE,Clade_A
VFG044225(gb|WP_011533698),8235,2591,505,248,8740,2839,0.9422196796338673,0.9126452976400141,1.5607668119133384,8.140178491713644e-8,0.029574381993853205,0.029574381993853205,1.0324051217601502,5.44418934693618e-7,TRUE,Clade_A
VFG044449(gb|NP_253342),8289,2613,451,226,8740,2839,0.9483981693363844,0.9203945051074321,1.5895540760189328,8.407009738408679e-8,0.028003664228952285,0.028003664228952285,1.0304257186169137,5.606302424392299e-7,TRUE,Clade_A
VFG000132(gb|NP_252240),8242,2594,498,245,8740,2839,0.943020594965675,0.9137020077492075,1.5630786770164622,8.6350076822172345e-08,0.029318587216467518,0.029318587216467518,1.0320876904809373,5.692157362932855e-7,TRUE,Clade_A
VFG014869(gb|WP_012074762),8242,2594,498,245,8740,2839,0.943020594965675,0.9137020077492075,1.5630786770164622,8.6350076822172345e-08,0.029318587216467518,0.029318587216467518,1.0320876904809373,5.692157362932855e-7,TRUE,Clade_A
VFG014870(gb|WP_003138083),8242,2594,498,245,8740,2839,0.943020594965675,0.9137020077492075,1.5630786770164622,8.6350076822172345e-08,0.029318587216467518,0.029318587216467518,1.0320876904809373,5.692157362932855e-7,TRUE,Clade_A
VFG019903(gb|WP_003092112),8242,2594,498,245,8740,2839,0.943020594965675,0.9137020077492075,1.5630786770164622,8.6350076822172345e-08,0.029318587216467518,0.029318587216467518,1.0320876904809373,5.692157362932855e-7,TRUE,Clade_A
VFG014934(gb|WP_003140937),8287,2612,453,227,8740,2839,0.9481693363844393,0.9200422684043678,1.5897634078333103,8.765020728136231e-8,0.028127067980071585,0.028127067980071585,1.030571495404067,5.761305888350864e-7,TRUE,Clade_A
VFG020091(gb|WP_003106955),8269,2605,471,234,8740,2839,0.9461098398169336,0.9175766114829165,1.5769621245575518,8.812856625445821e-8,0.02853322833401717,0.02853322833401717,1.0310962899194913,5.776198028220775e-7,TRUE,Clade_A
VFG038916(gb|WP_011705263),8211,2582,529,257,8740,2839,0.9394736842105263,0.9094751673124339,1.544896050045539,9.133411538810505e-8,0.02999851689809241,0.02999851689809241,1.0329844265970891,5.969243894595811e-7,TRUE,Clade_A
VFG000162(gb|NP_251116),8179,2570,561,269,8740,2839,0.935812356979405,0.9052483268756605,1.5259456523600339,9.669913276810247e-8,0.030564030103744533,0.030564030103744533,1.0337631445387279,6.301926436648496e-7,TRUE,Clade_A
VFG044445(gb|NP_253338),8236,2592,504,247,8740,2839,0.9423340961098399,0.9129975343430785,1.5571461969451799,1.0016964015075134e-7,0.02933656176676136,0.02933656176676136,1.0321321369042575,6.495319765202037e-7,TRUE,Clade_A
VFG014720(gb|NP_250152),8264,2603,476,236,8740,2839,0.9455377574370709,0.9168721380767876,1.5739912941877334,1.0023292052665742e-7,0.028665619360283334,0.028665619360283334,1.0312645767821147,6.495319765202037e-7,TRUE,Clade_A
VFG000167(gb|NP_252917),8268,2605,472,234,8740,2839,0.9459954233409611,0.9175766114829165,1.5734311658325062,1.1447635118330635e-7,0.028418811858044624,0.028418811858044624,1.0309715957255234,7.335439933366055e-7,TRUE,Clade_A
VFG000119(gb|NP_253948),8259,2602,481,237,8740,2839,0.9449656750572082,0.9165199013737232,1.563885202064514,1.1502877068084525e-7,0.028445773683485,0.028445773683485,1.0310367223241406,7.35030640506571e-7,TRUE,Clade_A
VFG042741(gb|NP_252984),8246,2597,494,242,8740,2839,0.9434782608695652,0.9147587178584008,1.555397780711511,1.2513050098531944e-7,0.028719543011164417,0.028719543011164417,1.0313957576467832,7.973593590564521e-7,TRUE,Clade_A
VFG044100(gb|NP_253394),8264,2604,476,235,8740,2839,0.9455377574370709,0.9172243747798521,1.566720698576596,1.2672940215126799e-7,0.028313382657218833,0.028313382657218833,1.03086854583865,8.053109377701074e-7,TRUE,Clade_A
VFG050296(gb|NP_250645),8223,2588,517,251,8740,2839,0.9408466819221968,0.9115885875308207,1.5425216089861207,1.364035223810242e-7,0.029258094391376055,0.029258094391376055,1.0320957225568457,8.635200312185416e-7,TRUE,Clade_A
VFG019879(gb|WP_012614339),8261,2603,479,236,8740,2839,0.9451945080091533,0.9168721380767876,1.5635665773861804,1.3664244609081542e-7,0.0283223699323657,0.0283223699323657,1.0308902067760224,8.635200312185416e-7,TRUE,Clade_A
VFG050298(gb|NP_250643),8232,2592,508,247,8740,2839,0.9418764302059497,0.9129975343430785,1.5441362355247963,1.404740372029532e-7,0.02887889586287118,0.02887889586287118,1.0316308585473346,8.852951685263039e-7,TRUE,Clade_A
VFG000134(gb|NP_249454),8240,2595,500,244,8740,2839,0.9427917620137299,0.9140542444522719,1.5494997893443816,1.4434925936415329e-7,0.028737517561458037,0.028737517561458037,1.031439619405387,9.04746450768764e-7,TRUE,Clade_A
VFG019911(gb|WP_003101958),8240,2595,500,244,8740,2839,0.9427917620137299,0.9140542444522719,1.5494997893443816,1.4434925936415329e-7,0.028737517561458037,0.028737517561458037,1.031439619405387,9.04746450768764e-7,TRUE,Clade_A
VFG044099(gb|NP_253393),8268,2606,472,233,8740,2839,0.9459954233409611,0.917928848185981,1.5661066634969283,1.4481414374095105e-7,0.028066575154980122,0.028066575154980122,1.0305759811454291,9.051870456178247e-7,TRUE,Clade_A
VFG014733(gb|NP_252216),8295,2617,445,222,8740,2839,0.9490846681922197,0.92180345191969,1.581199050109688,1.4706602354182371e-7,0.027281216272529663,0.027281216272529663,1.0295954807022207,9.167648315351728e-7,TRUE,Clade_A
VFG016077(gb|WP_003113068),8179,2571,561,268,8740,2839,0.935812356979405,0.9056005635787249,1.5196823160529283,1.490747056267817e-7,0.030211793400680143,0.030211793400680143,1.0333610585237383,9.267679531377702e-7,TRUE,Clade_A
VFG000121(gb|NP_249453),8239,2595,501,244,8740,2839,0.9426773455377574,0.9140542444522719,1.5462196437024653,1.500005155294921e-7,0.02862310108548549,0.02862310108548549,1.0313144446942941,9.27496449123059e-7,TRUE,Clade_A
VFG014908(gb|WP_003085543),8239,2595,501,244,8740,2839,0.9426773455377574,0.9140542444522719,1.5462196437024653,1.500005155294921e-7,0.02862310108548549,0.02862310108548549,1.0313144446942941,9.27496449123059e-7,TRUE,Clade_A
VFG042734(gb|NP_249343),8247,2598,493,241,8740,2839,0.9435926773455378,0.9151109545614653,1.5517035513168735,1.5368041090058466e-7,0.02848172278407246,0.02848172278407246,1.0311237917567289,9.476958672202722e-7,TRUE,Clade_A
VFG014644(gb|WP_003091731),8245,2597,495,242,8740,2839,0.9433638443935927,0.9147587178584008,1.5520676640334081,1.6072813337582925e-7,0.02860512653519187,0.02860512653519187,1.0312706793351596,9.884995655875397e-7,TRUE,Clade_A
VFG014696(gb|WP_003095674),8264,2605,476,234,8740,2839,0.9455377574370709,0.9175766114829165,1.5594556810040257,1.6180520058562804e-7,0.027961145954154443,0.027961145954154443,1.0304728189496524,9.898163470491486e-7,TRUE,Clade_A
VFG042739(gb|NP_254019),8264,2605,476,234,8740,2839,0.9455377574370709,0.9175766114829165,1.5594556810040257,1.6180520058562804e-7,0.027961145954154443,0.027961145954154443,1.0304728189496524,9.898163470491486e-7,TRUE,Clade_A
VFG000114(gb|NP_253218),8271,2608,469,231,8740,2839,0.9463386727688787,0.9186333215921099,1.5619640953475693,1.7196105984232124e-7,0.027705351176768866,0.027705351176768866,1.0301593144136683,1.0463625232845753e-6,TRUE,Clade_A
VFG019731(gb|WP_003107301),8271,2608,469,231,8740,2839,0.9463386727688787,0.9186333215921099,1.5619640953475693,1.7196105984232124e-7,0.027705351176768866,0.027705351176768866,1.0301593144136683,1.0463625232845753e-6,TRUE,Clade_A
VFG013797(gb|WP_003141356),8269,2607,471,232,8740,2839,0.9461098398169336,0.9182810848890455,1.5622858740642134,1.7837910309670082e-7,0.027828754927888166,0.027828754927888166,1.0303052686000285,1.0755960047092292e-6,TRUE,Clade_A
VFG014965(gb|WP_003096397),8259,2603,481,236,8740,2839,0.9449656750572082,0.9168721380767876,1.556689004880079,1.8115196584334829e-7,0.028093536980420608,0.028093536980420608,1.0306406267719608,1.087860234671835e-6,TRUE,Clade_A
VFG044447(gb|NP_253340),8256,2602,484,237,8740,2839,0.9446224256292907,0.9165199013737232,1.5536282138011022,1.94956188187762e-7,0.028102524255567474,0.028102524255567474,1.03066220844026,1.1616350537733142e-6,TRUE,Clade_A
VFG014921(gb|WP_003101958),8237,2595,503,244,8740,2839,0.9424485125858123,0.9140542444522719,1.53969847684483,1.966582308958031e-7,0.0283942681335404,0.0283942681335404,1.0310640952721084,1.168740885168322e-6,TRUE,Clade_A
VFG042694(gb|NP_250819),8176,2571,564,268,8740,2839,0.9354691075514874,0.9056005635787249,1.5110453412227267,1.977191275443321e-7,0.029868543972762507,0.029868543972762507,1.0329820289143028,1.172009505391984e-6,TRUE,Clade_A
VFG000174(gb|NP_251785),8206,2583,534,256,8740,2839,0.9389016018306636,0.9098274040154984,1.5229598422785773,2.0304016537548702e-7,0.02907419781516518,0.02907419781516518,1.031955728841368,1.2004488128128022e-6,TRUE,Clade_A
VFG042697(gb|NP_250822),8175,2571,565,268,8740,2839,0.9353546910755148,0.9056005635787249,1.508186730485212,2.0446269200797854e-7,0.02975412749678996,0.02975412749678996,1.0328556857111577,1.2057517107102898e-6,TRUE,Clade_A
VFG013950(gb|WP_003091119),8214,2586,526,253,8740,2839,0.939816933638444,0.9108841141246918,1.5277188929611998,2.1005059888141524e-7,0.02893281951375215,0.02893281951375215,1.03176344725427,1.2249028226130202e-6,TRUE,Clade_A
VFG014080(gb|WP_003084602),8224,2590,516,249,8740,2839,0.9409610983981693,0.9122930609369496,1.5321995916049085,2.1037999656038794e-7,0.02866803746121971,0.02866803746121971,1.0314241538040165,1.2249028226130202e-6,TRUE,Clade_A
VFG019774(gb|WP_012613503),8224,2590,516,249,8740,2839,0.9409610983981693,0.9122930609369496,1.5321995916049085,2.1037999656038794e-7,0.02866803746121971,0.02866803746121971,1.0314241538040165,1.2249028226130202e-6,TRUE,Clade_A
VFG043017(gb|NP_252038),8253,2601,487,238,8740,2839,0.944279176201373,0.9161676646706587,1.5506054297119183,2.0968904637534185e-7,0.02811151153071434,0.02811151153071434,1.0306838067034594,1.2249028226130202e-6,TRUE,Clade_A
VFG013796(gb|WP_012077297),8262,2605,478,234,8740,2839,0.9453089244851258,0.9175766114829165,1.5525556451757265,2.136870588712384e-7,0.027732313002209352,0.027732313002209352,1.0302234305617168,1.2410078811408124e-6,TRUE,Clade_A
VFG014907(gb|WP_003085543),8232,2593,508,246,8740,2839,0.9418764302059497,0.913349771046143,1.5372922831154192,2.1808266283439032e-7,0.028526659159806678,0.028526659159806678,1.0312330063072468,1.2633374458133621e-6,TRUE,Clade_A
VFG014030(gb|WP_003148849),8221,2589,519,250,8740,2839,0.9406178489702517,0.9119408242338851,1.5294936844309066,2.2477830971550185e-7,0.028677024736366574,0.028677024736366574,1.0314461464760698,1.2988449432931014e-6,TRUE,Clade_A
VFG019778(gb|WP_003084610),8239,2596,501,243,8740,2839,0.9426773455377574,0.9144064811553364,1.5392902141138545,2.3257103238706167e-7,0.02827086438242099,0.02827086438242099,1.0309171741069696,1.3404973575274357e-6,TRUE,Clade_A
VFG041030(gb|NP_250535),8218,2588,522,251,8740,2839,0.94027459954233406,0.9115885875308207,1.526819163565749,2.4004757713980785e-7,0.02868601201151333,0.02868601201151333,1.0314681561440056,1.3801231628038077e-6,TRUE,Clade_A
VFG014149(gb|WP_012076728),8197,2580,543,259,8740,2839,0.9378718535469107,0.908770693906305,1.5153677042457954,2.4516997123760414e-7,0.029101159640605667,0.029101159640605667,1.0320225551239068,1.4060497850476598e-6,TRUE,Clade_A
VFG016135(gb|WP_003137465),8246,2599,494,240,8740,2839,0.9434782608695652,0.9154631912645298,1.5413576645189961,2.479313440968864e-7,0.028015069605035414,0.028015069605035414,1.0306020710306638,1.4183404073772005e-6,TRUE,Clade_A
VFG050299(gb|NP_250642),8236,2595,504,244,8740,2839,0.9423340961098399,0.9140542444522719,1.5364573003772959,2.491396122015907e-7,0.028279851657567967,0.028279851657567967,1.0309389205610155,1.421707140274749e-6,TRUE,Clade_A
VFG014462(gb|WP_003082220),8216,2587,524,252,8740,2839,0.940045766590389,0.9112363508277562,1.5272697935026684,2.5033435133705537e-7,0.02880941576263274,0.02880941576263274,1.0316157446270253,1.4249801537647767e-6,TRUE,Clade_A
VFG001255(gb|NP_249796),8215,2587,525,252,8740,2839,0.9399313501144165,0.9112363508277562,1.5241754912946568,2.562328183691306e-7,0.028694999286660305,0.028694999286660305,1.0314901828275334,1.4549457557890733e-6,TRUE,Clade_A
VFG015524(gb|NP_250590),8235,2595,505,244,8740,2839,0.9422196796338673,0.9140542444522719,1.533228959407534,2.5717060901030416e-7,0.028165435181595422,0.028165435181595422,1.0308137458499227,1.4566651285670067e-6,TRUE,Clade_A
VFG015081(gb|WP_003090351),8214,2587,526,252,8740,2839,0.939816933638444,0.9112363508277562,1.5210929537125044,2.6540103393422845e-7,0.02858058281068776,0.02858058281068776,1.0313646210280412,1.4995812114411823e-6,TRUE,Clade_A
VFG001233(gb|NP_249106),8223,2590,517,249,8740,2839,0.9408466819221968,0.9122930609369496,1.529050332766782,2.6736049969886766e-7,0.028553620985247163,0.028553620985247163,1.0312987374429021,1.5069409983027086e-6,TRUE,Clade_A
VFG001253(gb|NP_249794),8250,2601,490,238,8740,2839,0.9439359267734554,0.9161676646706587,1.5405527634348646,2.8326116533794915e-7,0.027768262102796704,0.027768262102796704,1.030309148831157,1.5887557782035584e-6,TRUE,Clade_A
VFG014436(gb|WP_003140589),8250,2601,490,238,8740,2839,0.9439359267734554,0.9161676646706587,1.5405527634348646,2.8326116533794915e-7,0.027768262102796704,0.027768262102796704,1.030309148831157,1.5887557782035584e-6,TRUE,Clade_A
VFG044088(gb|NP_251102),8147,2561,593,278,8740,2839,0.9321510297482838,0.9020781965480803,1.491289074623794,2.853197741465581e-7,0.030072833200203486,0.030072833200203486,1.0333372797561022,1.5963989314444004e-6,TRUE,Clade_A
VFG001241(gb|NP_249774),8239,2597,501,242,8740,2839,0.9426773455377574,0.9147587178584008,1.5323661172815668,2.9393378663395663e-7,0.0279186276793566,0.0279186276793566,1.0305202094654191,1.6366119090735354e-6,TRUE,Clade_A
VFG019835(gb|WP_003449045),8249,2601,491,238,8740,2839,0.9438215102974828,0.9161676646706587,1.5372291713742217,2.9384856768500125e-7,0.02765384562682416,0.02765384562682416,1.030184262873723,1.6366119090735354e-6,TRUE,Clade_A
VFG001235(gb|NP_249108),8237,2596,503,243,8740,2839,0.9424485125858123,0.9144064811553364,1.5327982715063406,3.046699098168607e-7,0.0280420314304759,0.0280420314304759,1.0306669211213872,1.6841271641442852e-6,TRUE,Clade_A
VFG044030(gb|NP_253337),8237,2596,503,243,8740,2839,0.9424485125858123,0.9144064811553364,1.5327982715063406,3.046699098168607e-7,0.0280420314304759,0.0280420314304759,1.0306669211213872,1.6841271641442852e-6,TRUE,Clade_A
VFG044446(gb|NP_253339),8237,2596,503,243,8740,2839,0.9424485125858123,0.9144064811553364,1.5327982715063406,3.046699098168607e-7,0.0280420314304759,0.0280420314304759,1.0306669211213872,1.6841271641442852e-6,TRUE,Clade_A
VFG051810(gb|WP_003088027.1),8216,2588,524,251,8740,2839,0.940045766590389,0.9115885875308207,1.5206220860610828,3.1230312953224637e-7,0.02845717905956824,0.02845717905956824,1.0312171295788695,1.7221715844879162e-6,TRUE,Clade_A
VFG040873(gb|NP_249372),8185,2576,555,263,8740,2839,0.9364988558352403,0.9073617470940472,1.5056316855141443,3.1337555765540275e-7,0.02913710874119313,0.02913710874119313,1.0321118989581706,1.7239413171738465e-6,TRUE,Clade_A
VFG019923(gb|WP_003093256),8193,2579,547,260,8740,2839,0.9374141876430206,0.9084184572032405,1.5099433688278787,3.28784120789204e-7,0.0289957304397801,0.0289957304397801,1.031918913810987,1.8043798399292678e-6,TRUE,Clade_A
VFG001236(gb|NP_249769),8213,2587,527,252,8740,2839,0.9397025171624714,0.9112363508277562,1.5180221137864243,3.329988326649576e-7,0.028466166334715215,0.028466166334715215,1.0312390592285492,1.8231487401752093e-6,TRUE,Clade_A
VFG015526(gb|WP_009877875),8233,2595,507,244,8740,2839,0.9419908466819222,0.9140542444522719,1.5268104801696079,3.3543742998983136e-7,0.02793660222965033,0.02793660222965033,1.030563396427737,1.8304145112516684e-6,TRUE,Clade_A
VFG014214(gb|WP_003082164),8243,2599,497,240,8740,2839,0.9431350114416476,0.9154631912645298,1.531497329873162,3.359217564241292e-7,0.02767182017711778,0.02767182017711778,1.0302271248491102,1.8304145112516684e-6,TRUE,Clade_A
VFG014997(gb|NP_252722),8192,2579,548,260,8740,2839,0.9372997711670481,0.9084184572032405,1.5070043390773744,3.3688125793630846e-7,0.028881313963807553,0.028881313963807553,1.0317929625216167,1.8312929045163308e-6,TRUE,Clade_A
VFG043016(gb|NP_250155),8220,2590,520,249,8740,2839,0.9405034324942791,0.9122930609369496,1.519675226653022,3.567329264774749e-7,0.028210371557329528,0.028210371557329528,1.0309224883595594,1.93005974844181e-6,TRUE,Clade_A
VFG044084(gb|NP_251073),8220,2590,520,249,8740,2839,0.9405034324942791,0.9122930609369496,1.519675226653022,3.567329264774749e-7,0.028210371557329528,0.028210371557329528,1.0309224883595594,1.93005974844181e-6,TRUE,Clade_A
VFG000169(gb|NP_252919),8248,2601,492,238,8740,2839,0.9437070938215103,0.9161676646706587,1.533919088963701,3.7126470197200886e-7,0.027539429150851613,0.027539429150851613,1.030059376916289,1.994569616683345e-6,TRUE,Clade_A
VFG001217(gb|NP_252494),8248,2601,492,238,8740,2839,0.9437070938215103,0.9161676646706587,1.533919088963701,3.7126470197200886e-7,0.027539429150851613,0.027539429150851613,1.030059376916289,1.994569616683345e-6,TRUE,Clade_A
VFG020093(gb|WP_003106952),8248,2601,492,238,8740,2839,0.9437070938215103,0.9161676646706587,1.533919088963701,3.7126470197200886e-7,0.027539429150851613,0.027539429150851613,1.030059376916289,1.994569616683345e-6,TRUE,Clade_A
VFG014227(gb|WP_012076725),8238,2597,502,242,8740,2839,0.9425629290617848,0.9147587178584008,1.529128310284722,3.7225041921080135e-7,0.027804211203384055,0.027804211203384055,1.0303951311537958,1.9951926674522857e-6,TRUE,Clade_A
VFG016071(gb|WP_003139216),8197,2581,543,258,8740,2839,0.9378718535469107,0.9091229306093696,1.5089326634439362,3.7534086765612844e-7,0.028748922937541166,0.028748922937541166,1.0316227013636883,2.0070674834572463e-6,TRUE,Clade_A
VFG001240(gb|NP_249773),8247,2601,493,238,8740,2839,0.9435926773455378,0.9161676646706587,1.5306224339962982,3.838727783384463e-7,0.027425012674879068,0.027425012674879068,1.029934490958855,2.043165089346626e-6,TRUE,Clade_A
VFG014215(gb|WP_003082164),8247,2601,493,238,8740,2839,0.9435926773455378,0.9161676646706587,1.5306224339962982,3.838727783384463e-7,0.027425012674879068,0.027425012674879068,1.029934490958855,2.043165089346626e-6,TRUE,Clade_A
VFG001239(gb|NP_249772),8245,2600,495,239,8740,2839,0.9433638443935927,0.9158154279675942,1.5310606558963504,3.9734863095320106e-7,0.02754841642599848,0.02754841642599848,1.0300807516282344,2.1099948134413036e-6,TRUE,Clade_A
VFG001259(gb|NP_250137),8244,2600,496,239,8740,2839,0.9432494279176201,0.9158154279675942,1.5277888562939168,4.100718935785028e-7,0.027433999950025934,0.027433999950025934,1.02995581763774,2.1675228660578004e-6,TRUE,Clade_A
VFG019851(gb|WP_003083052),8244,2600,496,239,8740,2839,0.9432494279176201,0.9158154279675942,1.5277888562939168,4.100718935785028e-7,0.027433999950025934,0.027433999950025934,1.02995581763774,2.1675228660578004e-6,TRUE,Clade_A
VFG014999(gb|WP_003093256),8191,2579,549,260,8740,2839,0.9371853546910756,0.9084184572032405,1.50407601545388,4.247276459422841e-7,0.028766897487835008,0.028766897487835008,1.0316670112322464,2.2398280914749416e-6,TRUE,Clade_A
VFG015482(gb|WP_011979137),8290,2618,450,221,8740,2839,0.948512585812357,0.9221556886227545,1.5550570013499334,4.26521281977296e-7,0.026356897189602435,0.026356897189602435,1.0285818300692442,2.2441280294860484e-6,TRUE,Clade_A
VFG015601(gb|WP_003100265),8251,2603,489,236,8740,2839,0.9440503432494279,0.9168721380767876,1.5297412611831291,4.3862883510345244e-7,0.027178205172640357,0.027178205172640357,1.029642306755715,2.2972934879619175e-6,TRUE,Clade_A
VFG019939(gb|WP_012613418),8251,2603,489,236,8740,2839,0.9440503432494279,0.9168721380767876,1.5297412611831291,4.3862883510345244e-7,0.027178205172640357,0.027178205172640357,1.029642306755715,2.2972934879619175e-6,TRUE,Clade_A
VFG014176(gb|WP_003111390),8239,2598,501,241,8740,2839,0.9426773455377574,0.9151109545614653,1.5254473470221983,4.5441780303480653e-7,0.0275663909762921,0.0275663909762921,1.0301235504163562,2.3691691821860143e-6,TRUE,Clade_A
VFG019803(gb|WP_003082166),8239,2598,501,241,8740,2839,0.9426773455377574,0.9151109545614653,1.5254473470221983,4.5441780303480653e-7,0.0275663909762921,0.0275663909762921,1.0301235504163562,2.3691691821860143e-6,TRUE,Clade_A
VFG016069(gb|NP_251115),8198,2582,542,257,8740,2839,0.9379862700228833,0.9094751673124339,1.5054580821908872,4.557909649237191e-7,0.02851110271044932,0.02851110271044932,1.0313489622753547,2.3709398492857407e-6,TRUE,Clade_A
VFG014148(gb|NP_249768),8208,2586,532,253,8740,2839,0.9391304347826087,0.9108841141246918,1.5093875053132542,4.5954843535504243e-7,0.02824632065791688,0.02824632065791688,1.0310097851306366,2.385077173539519e-6,TRUE,Clade_A
VFG001225(gb|NP_249099),8218,2590,522,249,8740,2839,0.94027459954233406,0.9122930609369496,1.5134850185166413,4.6273865435840814e-7,0.027981538605384437,0.027981538605384437,1.0306716556373308,2.396213257557987e-6,TRUE,Clade_A
VFG014228(gb|WP_003086407),8238,2598,502,241,8740,2839,0.9425629290617848,0.9151109545614653,1.5222241587232879,4.6725667784047986e-7,0.027451974500319554,0.027451974500319554,1.0299985202488096,2.4141595021758127e-6,TRUE,Clade_A
VFG019735(gb|WP_003092804),8248,2602,492,237,8740,2839,0.9437070938215103,0.9165199013737232,1.5268877333799098,4.685024201780557e-7,0.027187192447787112,0.027187192447787112,1.0296635047499108,2.415156296378561e-6,TRUE,Clade_A
VFG019770(gb|WP_003100938),8257,2605,483,234,8740,2839,0.9447368421052632,0.9175766114829165,1.5355555407167767,4.7352419457292333e-7,0.027160230622346737,0.027160230622346737,1.0295999595918781,2.4355706330723905e-6,TRUE,Clade_A
VFG001227(gb|NP_249101),8226,2593,514,246,8740,2839,0.9411899313501144,0.913349771046143,1.5182417945999123,4.851057775172848e-7,0.027840160303971406,0.027840160303971406,1.0304813787516294,2.4808557924071374e-6,TRUE,Clade_A
VFG019766(gb|WP_003084590),8226,2593,514,246,8740,2839,0.9411899313501144,0.913349771046143,1.5182417945999123,4.851057775172848e-7,0.027840160303971406,0.027840160303971406,1.0304813787516294,2.4808557924071374e-6,TRUE,Clade_A
VFG014096(gb|WP_003084610),8236,2597,504,242,8740,2839,0.9423340961098399,0.9147587178584008,1.5226912390691136,4.855729079297318e-7,0.027575378251439076,0.027575378251439076,1.0301449745305489,2.4808557924071374e-6,TRUE,Clade_A
VFG019847(gb|WP_003083049),8215,2589,525,250,8740,2839,0.9399313501144165,0.9119408242338851,1.5109121342763294,4.927908614240018e-7,0.027990525880531414,0.027990525880531414,1.0306933576573305,2.5121383024592446e-6,TRUE,Clade_A
VFG014486(gb|NP_250133),8225,2593,515,246,8740,2839,0.9410755148741419,0.913349771046143,1.515109866773677,4.959338906762478e-7,0.02772574382799886,0.02772574382799886,1.0303561074923597,2.5169742150692754e-6,TRUE,Clade_A
VFG014488(gb|WP_003083042),8225,2593,515,246,8740,2839,0.9410755148741419,0.913349771046143,1.515109866773677,4.959338906762478e-7,0.02772574382799886,0.02772574382799886,1.0303561074923597,2.5169742150692754e-6,TRUE,Clade_A
VFG014162(gb|WP_003082150),8204,2585,536,254,8740,2839,0.9386727688787185,0.9105318774216273,1.503894009659362,5.01843374907557e-7,0.0281408914570912,0.0281408914570912,1.0309059925905926,2.535746039731136e-6,TRUE,Clade_A
VFG001229(gb|NP_249103),8255,2605,485,234,8740,2839,0.9445080091533181,0.9175766114829165,1.528853637465098,5.011501242560044e-7,0.026931397670401647,0.026931397670401647,1.0293505712039426,2.535746039731136e-6,TRUE,Clade_A
VFG014202(gb|WP_003082159),8243,2600,497,239,8740,2839,0.9431350114416476,0.9158154279675942,1.5245302220180397,5.187397560463357e-7,0.02731958347405339,0.02731958347405339,1.0298308836472452,2.6153604403742726e-6,TRUE,Clade_A
VFG014004(gb|WP_003148848),8212,2588,528,251,8740,2839,0.9395881006864989,0.9115885875308207,1.5083687643774952,5.245503140467941e-7,0.02799951315567817,0.02799951315567817,1.0307150764485975,2.6330818827644324e-6,TRUE,Clade_A
VFG014527(gb|WP_003083051),8212,2588,528,251,8740,2839,0.9395881006864989,0.9115885875308207,1.5083687643774952,5.245503140467941e-7,0.02799951315567817,0.02799951315567817,1.0307150764485975,2.6330818827644324e-6,TRUE,Clade_A
VFG016126(gb|WP_003106955),8262,2608,478,231,8740,2839,0.9453089244851258,0.9186333215921099,1.5308902820468804,5.35891649717464e-7,0.02667560289301596,0.02667560289301596,1.0290383575971136,2.6841385250040663e-6,TRUE,Clade_A
VFG000178(gb|NP_251789),8198,2583,542,256,8740,2839,0.9379862700228833,0.9098274040154984,1.4990203598959841,5.656803111624155e-7,0.02815886600738482,0.02815886600738482,1.0309496788985542,2.8210231169708283e-6,TRUE,Clade_A
VFG020076(gb|WP_003116905),8198,2583,542,256,8740,2839,0.9379862700228833,0.9098274040154984,1.4990203598959841,5.656803111624155e-7,0.02815886600738482,0.02815886600738482,1.0309496788985542,2.8210231169708283e-6,TRUE,Clade_A
VFG020071(gb|WP_012723748),8185,2578,555,261,8740,2839,0.9364988558352403,0.9080662205001762,1.493024117660596,5.914575249302739e-7,0.028432635335064127,0.028432635335064127,1.0313111915113449,2.9368042471646067e-6,TRUE,Clade_A
VFG000118(gb|NP_253942),8234,2597,506,242,8740,2839,0.9421052631578948,0.9147587178584008,1.516305050426012,6.316496999301368e-7,0.027346545299493985,0.027346545299493985,1.029894817907302,3.10709878622576e-6,TRUE,Clade_A
VFG015028(gb|WP_003120370),8234,2597,506,242,8740,2839,0.9421052631578948,0.9147587178584008,1.516305050426012,6.316496999301368e-7,0.027346545299493985,0.027346545299493985,1.029894817907302,3.10709878622576e-6,TRUE,Clade_A
VFG019928(gb|WP_003120370),8234,2597,506,242,8740,2839,0.9421052631578948,0.9147587178584008,1.516305050426012,6.316496999301368e-7,0.027346545299493985,0.027346545299493985,1.029894817907302,3.10709878622576e-6,TRUE,Clade_A
VFG020029(gb|WP_012614267),8234,2597,506,242,8740,2839,0.9421052631578948,0.9147587178584008,1.516305050426012,6.316496999301368e-7,0.027346545299493985,0.027346545299493985,1.029894817907302,3.10709878622576e-6,TRUE,Clade_A
VFG014540(gb|WP_003083052),8244,2601,496,238,8740,2839,0.9432494279176201,0.9161676646706587,1.52081222162865,6.325262132377637e-7,0.027081763246961432,0.027081763246961432,1.0295598330865527,3.10709878622576e-6,TRUE,Clade_A
VFG015599(gb|NP_064725),8251,2604,489,235,8740,2839,0.9440503432494279,0.9172243747798521,1.5226750620445615,6.758094418775124e-7,0.026825968469575856,0.026825968469575856,1.0292468988038117,3.312621495014986e-6,TRUE,Clade_A
VFG015503(gb|NP_252899),8230,2596,510,243,8740,2839,0.9416475972540046,0.9144064811553364,1.510477419020503,6.884378669256992e-7,0.027241116098668194,0.027241116098668194,1.0297910356718487,3.3394263316143577e-6,TRUE,Clade_A
VFG020022(gb|WP_012613549),8230,2596,510,243,8740,2839,0.9416475972540046,0.9144064811553364,1.510477419020503,6.884378669256992e-7,0.027241116098668194,0.027241116098668194,1.0297910356718487,3.3394263316143577e-6,TRUE,Clade_A
VFG041028(gb|NP_250361),8230,2596,510,243,8740,2839,0.9416475972540046,0.9144064811553364,1.510477419020503,6.884378669256992e-7,0.027241116098668194,0.027241116098668194,1.0297910356718487,3.3394263316143577e-6,TRUE,Clade_A
VFG014017(gb|WP_003084587),8209,2588,531,251,8740,2839,0.9392448512585813,0.9115885875308207,1.4992999136910323,6.945172803450338e-7,0.027656263727760533,0.027656263727760533,1.0303385366008935,3.3541529286558054e-6,TRUE,Clade_A
VFG015505(gb|WP_003137497),8229,2596,511,243,8740,2839,0.941533180778032,0.9144064811553364,1.507338643332624,7.114639003997752e-7,0.02712669962269565,0.02712669962269565,1.0296659091790574,3.428777704867824e-6,TRUE,Clade_A
VFG001234(gb|NP_249107),8248,2603,492,236,8740,2839,0.9437070938215103,0.9168721380767876,1.5198617763979465,7.218271031493514e-7,0.02683495574472272,0.02683495574472272,1.0292679367496227,3.4497320304679418e-6,TRUE,Clade_A
VFG014093(gb|WP_003128976),8248,2603,492,236,8740,2839,0.9437070938215103,0.9168721380767876,1.5198617763979465,7.218271031493514e-7,0.02683495574472272,0.02683495574472272,1.0292679367496227,3.4497320304679418e-6,TRUE,Clade_A
VFG019776(gb|WP_003117898),8248,2603,492,236,8740,2839,0.9437070938215103,0.9168721380767876,1.5198617763979465,7.218271031493514e-7,0.02683495574472272,0.02683495574472272,1.0292679367496227,3.4497320304679418e-6,TRUE,Clade_A
VFG014500(gb|WP_012076412),8258,2607,482,232,8740,2839,0.9448512585812358,0.9182810848890455,1.5246050674208123,7.218141721311791e-7,0.02657017369219028,0.02657017369219028,1.0289346847380623,3.4497320304679418e-6,TRUE,Clade_A
VFG013823(gb|WP_003092804),8247,2603,493,236,8740,2839,0.9435926773455378,0.9168721380767876,1.5165953324009902,7.420988429679881e-7,0.026720539268750176,0.026720539268750176,1.029143146747592,3.5392406356934816e-6,TRUE,Clade_A
VFG001257(gb|NP_250135),8216,2591,524,248,8740,2839,0.940045766590389,0.9126452976400141,1.5007097309036543,7.468746599848768e-7,0.027400468950374846,0.027400468950374846,1.0300231305866903,3.5399389876142715e-6,TRUE,Clade_A
VFG041024(gb|NP_250357),8216,2591,524,248,8740,2839,0.940045766590389,0.9126452976400141,1.5007097309036543,7.468746599848768e-7,0.027400468950374846,0.027400468950374846,1.0300231305866903,3.5399389876142715e-6,TRUE,Clade_A
VFG051511(gb|WP_003097811.1),8216,2591,524,248,8740,2839,0.940045766590389,0.9126452976400141,1.5007097309036543,7.468746599848768e-7,0.027400468950374846,0.027400468950374846,1.0300231305866903,3.5399389876142715e-6,TRUE,Clade_A
VFG001258(gb|NP_250136),8213,2590,527,249,8740,2839,0.9397025171624714,0.9122930609369496,1.4982150416907416,7.927280843245882e-7,0.027409456225521822,0.027409456225521822,1.0300445738317592,3.7495221143105263e-6,TRUE,Clade_A
VFG001226(gb|NP_249100),8211,2589,529,250,8740,2839,0.9394736842105263,0.9119408242338851,1.498758590651522,8.209318528726292e-7,0.027532859976641233,0.027532859976641233,1.0301914984448375,3.859052603462728e-6,TRUE,Clade_A
VFG002073(gb|NP_248777),8211,2589,529,250,8740,2839,0.9394736842105263,0.9119408242338851,1.498758590651522,8.209318528726292e-7,0.027532859976641233,0.027532859976641233,1.0301914984448375,3.859052603462728e-6,TRUE,Clade_A
VFG015467(gb|WP_003111625),8211,2589,529,250,8740,2839,0.9394736842105263,0.9119408242338851,1.498758590651522,8.209318528726292e-7,0.027532859976641233,0.027532859976641233,1.0301914984448375,3.859052603462728e-6,TRUE,Clade_A
VFG014018(gb|WP_003084587),8210,2589,530,250,8740,2839,0.9393592677345538,0.9119408242338851,1.495748866836559,8.41031948111333e-7,0.027418443500668688,0.027418443500668688,1.0300660336417142,3.945454578665436e-6,TRUE,Clade_A
VFG041015(gb|NP_250348),8215,2591,525,248,8740,2839,0.9399313501144165,0.9126452976400141,1.497669239180943,9.362963314671082e-7,0.02728605247440241,0.02728605247440241,1.0298977626301924,4.383395478337849e-6,TRUE,Clade_A
VFG000177(gb|NP_251788),8225,2595,515,244,8740,2839,0.9410755148741419,0.9140542444522719,1.5016350530913276,9.458388041954254e-7,0.02702127042186997,0.02702127042186997,1.0295619987389937,4.419051358094309e-6,TRUE,Clade_A
VFG002069(gb|NP_248773),8212,2590,528,249,8740,2839,0.9395881006864989,0.9122930609369496,1.4951957484885912,9.942970718908997e-7,0.027295039749549277,0.027295039749549277,1.029919157470645,4.617241868254502e-6,TRUE,Clade_A
VFG014514(gb|WP_003083049),8212,2590,528,249,8740,2839,0.9395881006864989,0.9122930609369496,1.4951957484885912,9.942970718908997e-7,0.027295039749549277,0.027295039749549277,1.029919157470645,4.617241868254502e-6,TRUE,Clade_A
VFG020005(gb|WP_003083666),8212,2590,528,249,8740,2839,0.9395881006864989,0.9122930609369496,1.4951957484885912,9.942970718908997e-7,0.027295039749549277,0.027295039749549277,1.029919157470645,4.617241868254502e-6,TRUE,Clade_A
VFG015857(gb|WP_011979056),8253,2606,487,233,8740,2839,0.944279176201373,0.917928848185981,1.5151207257191686,1.0029369541151014e-6,0.026350328015392055,0.026350328015392055,1.0287062859691858,4.647954288363722e-6,TRUE,Clade_A
VFG015443(gb|WP_003083666),8211,2590,529,249,8740,2839,0.9394736842105263,0.9122930609369496,1.492187869611797,1.017555952613853e-6,0.02718062327357673,0.02718062327357673,1.0297937411095306,4.70619628083907e-6,TRUE,Clade_A
VFG044094(gb|NP_252099),8271,2613,469,226,8740,2839,0.9463386727688787,0.9203945051074321,1.5252349485257408,1.0500369830205707e-6,0.025944167661446582,0.025944167661446582,1.028188094906562,4.846649575551688e-6,TRUE,Clade_A
VFG002071(gb|NP_248775),8209,2589,531,250,8740,2839,0.9392448512585813,0.9119408242338851,1.4927504783148378,1.055408056135083e-6,0.027304027024696143,0.027304027024696143,1.0299405688385912,4.8616587967347e-6,TRUE,Clade_A
VFG015452(gb|WP_003151423),8208,2589,532,250,8740,2839,0.9391304347826087,0.9119408242338851,1.4897633611665975,1.0784436131951535e-6,0.027189610548723597,0.027189610548723597,1.029815104035468,4.957814927193752e-6,TRUE,Clade_A
VFG015914(gb|NP_250883),8025,2520,715,319,8740,2839,0.9181922196796338,0.8876364917224375,1.4207409836237042,1.2006731258675437e-6,0.0305557279571963,0.0305557279571963,1.0344236951073333,5.508688301480291e-6,TRUE,Clade_A
VFG051514(gb|WP_003087592.1),8212,2591,528,248,8740,2839,0.9395881006864989,0.9126452976400141,1.4886168614397137,1.2300326300638064e-6,0.026942803046484776,0.026942803046484776,1.0295216587606988,5.632125455821101e-6,TRUE,Clade_A
VFG000136(gb|NP_249456),8210,2590,530,249,8740,2839,0.9393592677345538,0.9122930609369496,1.4891913404522887,1.2763074420338748e-6,0.027066206797604186,0.027066206797604186,1.0296683247484164,5.7977213307439775e-6,TRUE,Clade_A
VFG014947(gb|WP_003140935),8210,2590,530,249,8740,2839,0.9393592677345538,0.9122930609369496,1.4891913404522887,1.2763074420338748e-6,0.027066206797604186,0.027066206797604186,1.0296683247484164,5.7977213307439775e-6,TRUE,Clade_A
VFG019915(gb|WP_003110245),8210,2590,530,249,8740,2839,0.9393592677345538,0.9122930609369496,1.4891913404522887,1.2763074420338748e-6,0.027066206797604186,0.027066206797604186,1.0296683247484164,5.7977213307439775e-6,TRUE,Clade_A
VFG041032(gb|NP_251050),8694,2796,46,43,8740,2839,0.9947368421052631,0.9848538217682282,2.906307534299963,1.2948595947555043e-6,0.00988302033703492,0.00988302033703492,1.0100350124237634,5.835771926069011e-6,TRUE,Clade_A
VFG051601(gb|WP_012614152.1),8694,2796,46,43,8740,2839,0.9947368421052631,0.9848538217682282,2.906307534299963,1.2948595947555043e-6,0.00988302033703492,0.00988302033703492,1.0100350124237634,5.835771926069011e-6,TRUE,Clade_A
VFG051602(gb|WP_012075693.1),8694,2796,46,43,8740,2839,0.9947368421052631,0.9848538217682282,2.906307534299963,1.2948595947555043e-6,0.00988302033703492,0.00988302033703492,1.0100350124237634,5.835771926069011e-6,TRUE,Clade_A
VFG051604(gb|WP_003139323.1),8694,2796,46,43,8740,2839,0.9947368421052631,0.9848538217682282,2.906307534299963,1.2948595947555043e-6,0.00988302033703492,0.00988302033703492,1.0100350124237634,5.835771926069011e-6,TRUE,Clade_A
VFG015442(gb|WP_011979134),8208,2590,532,249,8740,2839,0.9391304347826087,0.9122930609369496,1.4832320752809225,1.3439774980605466e-6,0.026837373845659096,0.026837373845659096,1.0294174920261878,6.0452634912762625e-6,TRUE,Clade_A
VFG015466(gb|WP_003151421),8206,2589,534,250,8740,2839,0.9389016018306636,0.9119408242338851,1.4838226877064937,1.3793761696711564e-6,0.026960777596778507,0.026960777596778507,1.0295641744292214,6.1923462489738414e-6,TRUE,Clade_A
VFG042748(gb|NP_252991),8244,2604,496,235,8740,2839,0.9432494279176201,0.9172243747798521,1.4999144447170247,1.5062301802145997e-6,0.02602505313776804,0.02602505313776804,1.0283737042465912,6.7093049192471685e-6,TRUE,Clade_A
VFG040870(gb|NP_249369),8168,2575,572,264,8740,2839,0.9345537757437071,0.9070095103909828,1.4639653498102685,1.5187224683908696e-6,0.027544265352724362,0.027544265352724362,1.0303682211015086,6.751839811024525e-6,TRUE,Clade_A
VFG051562(gb|WP_003110438.1),8211,2591,529,248,8740,2839,0.9394736842105263,0.9126452976400141,1.4856222169742672,1.542009621884207e-6,0.02682838657051223,0.02682838657051223,1.0293962908042007,6.842108457644817e-6,TRUE,Clade_A
VFG015398(gb|WP_011979126),8210,2591,530,248,8740,2839,0.9393592677345538,0.9126452976400141,1.4826388722848654,1.572511333468424e-6,0.026713970094539685,0.026713970094539685,1.0292709228477028,6.963978762503021e-6,TRUE,Clade_A
VFG014057(gb|WP_003084594),8252,2607,488,232,8740,2839,0.9441647597254005,0.9182810848890455,1.5047678452004944,1.5794569459289532e-6,0.02588367483635501,0.02588367483635501,1.0281870935406259,6.9812605663988795e-6,TRUE,Clade_A
VFG002066(gb|NP_248770),8207,2590,533,249,8740,2839,0.9390160183066362,0.9122930609369496,1.480269212468103,1.6638712477374161e-6,0.02672295736968655,0.02672295736968655,1.0292920756650734,7.32614326738893e-6,TRUE,Clade_A
VFG015427(gb|WP_003083660),8207,2590,533,249,8740,2839,0.9390160183066362,0.9122930609369496,1.480269212468103,1.6638712477374161e-6,0.02672295736968655,0.02672295736968655,1.0292920756650734,7.32614326738893e-6,TRUE,Clade_A
VFG002062(gb|NP_248766),8228,2598,512,241,8740,2839,0.9414187643020595,0.9151109545614653,1.4906847119694193,1.6795219155711585e-6,0.026307809740594212,0.026307809740594212,1.0287482185733436,7.366774903097969e-6,TRUE,Clade_A
VFG019991(gb|WP_003106966),8228,2598,512,241,8740,2839,0.9414187643020595,0.9151109545614653,1.4906847119694193,1.6795219155711585e-6,0.026307809740594212,0.026307809740594212,1.0287482185733436,7.366774903097969e-6,TRUE,Clade_A
VFG015916(gb|WP_003089025),8024,2521,716,318,8740,2839,0.9180778032036613,0.8879887284255019,1.4135727324514087,1.7533305293415003e-6,0.030089074778159364,0.030089074778159364,1.0338845233221716,7.675840141811835e-6,TRUE,Clade_A
VFG051575(gb|WP_003087622.1),8245,2605,495,234,8740,2839,0.9433638443935927,0.9175766114829165,1.4961564200205735,1.8248388611610526e-6,0.025787232910676194,0.025787232910676194,1.0281036292642647,7.973676852387533e-6,TRUE,Clade_A
VFG020001(gb|WP_012613438),8395,2664,345,175,8740,2839,0.9605263157894737,0.9383585769637196,1.598401228554806,1.872058016382075e-6,0.02216773882575407,0.02216773882575407,1.0236239529002686,8.1644507406473008e-06,TRUE,Clade_A
VFG014722(gb|WP_003083090),8252,2608,488,231,8740,2839,0.9441647597254005,0.9186333215921099,1.4977080038775128,1.9587967222296924e-6,0.025531438133290618,0.025531438133290618,1.0277928500231641,8.526526908529248e-6,TRUE,Clade_A
VFG051560(gb|WP_012076238.1),8208,2591,532,248,8740,2839,0.9391304347826087,0.9126452976400141,1.4767058273569103,2.005205486885627e-6,0.026485137142594595,0.026485137142594595,1.029020186934707,8.71201020249172e-6,TRUE,Clade_A
VFG019989(gb|WP_012613435),8229,2599,511,240,8740,2839,0.941533180778032,0.9154631912645298,1.4870131633447048,2.030010167403894e-6,0.026069989513502256,0.026069989513502256,1.0284773760018595,8.803106472636167e-6,TRUE,Clade_A
VFG051576(gb|WP_003087622.1),8239,2603,501,236,8740,2839,0.9426773455377574,0.9168721380767876,1.490933178476834,2.0564425408186854e-6,0.025805207460969815,0.025805207460969815,1.0281448267313458,8.90090412950578e-6,TRUE,Clade_A
VFG015399(gb|WP_003083642),8228,2599,512,240,8740,2839,0.9414187643020595,0.9154631912645298,1.4839288057536397,2.079275402523897e-6,0.02595557303752971,0.02595557303752971,1.0283523939413417,8.982783000734125e-6,TRUE,Clade_A
VFG014397(gb|WP_003140591),8170,2577,570,262,8740,2839,0.9347826086956522,0.9077139837971117,1.4571983838084546,2.183046726620809e-6,0.02706862489854056,0.02706862489854056,1.0298206542828703,9.36057792685633e-6,TRUE,Clade_A
VFG002072(gb|NP_248776),8236,2602,504,237,8740,2839,0.9423340961098399,0.9165199013737232,1.4883686047045366,2.1814718058392677e-6,0.02581419473611668,0.02581419473611668,1.028165449214387,9.36057792685633e-6,TRUE,Clade_A
VFG020011(gb|WP_003119488),8236,2602,504,237,8740,2839,0.9423340961098399,0.9165199013737232,1.4883686047045366,2.1814718058392677e-6,0.02581419473611668,0.02581419473611668,1.028165449214387,9.36057792685633e-6,TRUE,Clade_A
VFG015393(gb|WP_003157819),8225,2598,515,241,8740,2839,0.9410755148741419,0.9151109545614653,1.4814617044112293,2.200725427270487e-6,0.025964560312676577,0.025964560312676577,1.028373128070704,9.418776362236001e-6,TRUE,Clade_A
VFG042746(gb|NP_252989),8233,2601,507,238,8740,2839,0.9419908466819222,0.9161676646706587,1.4858346536703768,2.313004188951471e-6,0.025823182011263546,0.025823182011263546,1.028186087554778,9.880878229896973e-6,TRUE,Clade_A
VFG050295(gb|NP_250646),8185,2583,555,256,8740,2839,0.9364988558352403,0.9098274040154984,1.461590557729014,2.488233448655017e-6,0.026671451819741843,0.026671451819741843,1.0293148477414817,1.0609679426049458e-5,TRUE,Clade_A
VFG002061(gb|NP_248765),8229,2600,511,239,8740,2839,0.941533180778032,0.9158154279675942,1.4802484191028216,2.5081990122922922e-6,0.025717752810437866,0.025717752810437866,1.0280818077803204,1.0655200989256516e-5,TRUE,Clade_A
VFG015394(gb|WP_003083639),8229,2600,511,239,8740,2839,0.941533180778032,0.9158154279675942,1.4802484191028216,2.5081990122922922e-6,0.025717752810437866,0.025717752810437866,1.0280818077803204,1.0655200989256516e-5,TRUE,Clade_A
VFG019949(gb|WP_012614297),8249,2608,491,231,8740,2839,0.9438215102974828,0.9186333215921099,1.4880168689404134,2.5942196679186877e-6,0.025188188705372982,0.025188188705372982,1.0274191977509792,1.10002586288456e-5,TRUE,Clade_A
VFG041010(gb|NP_248760),8246,2607,494,232,8740,2839,0.9434782608695652,0.9182810848890455,1.4854124669509876,2.7479109807891548e-6,0.025197175980519737,0.025197175980519737,1.0274395023431897,1.1630457176993212e-5,TRUE,Clade_A
VFG014201(gb|WP_012076726),8221,2597,519,242,8740,2839,0.9406178489702517,0.9147587178584008,1.4759944626350996,2.9097628759415718e-6,0.025859131111850897,0.025859131111850897,1.0282687998561975,1.2292810381970469e-5,TRUE,Clade_A
VFG040869(gb|NP_249368),8187,2584,553,255,8740,2839,0.9367276887871854,0.9101796407185628,1.4609381094247387,2.930613374765113e-6,0.026548048068622543,0.026548048068622543,1.0291679212332892,1.2358138017851414e-5,TRUE,Clade_A
VFG041026(gb|NP_250359),8241,2605,499,234,8740,2839,0.9429061784897025,0.9175766114829165,1.483444451439532,3.0018912633508857e-6,0.025329567006786013,0.025329567006786013,1.0276048524883936,1.2612341681551158e-5,TRUE,Clade_A
VFG051578(gb|WP_003120354.1),8241,2605,499,234,8740,2839,0.9429061784897025,0.9175766114829165,1.483444451439532,3.0018912633508857e-6,0.025329567006786013,0.025329567006786013,1.0276048524883936,1.2612341681551158e-5,TRUE,Clade_A
VFG015045(gb|NP_249821),8262,2613,478,226,8740,2839,0.9453089244851258,0.9203945051074321,1.4948918130489877,3.015238913895461e-6,0.024914419377693675,0.024914419377693675,1.0270692830513863,1.2645261551144768e-5,TRUE,Clade_A
VFG000189(gb|NP_250385),8250,2609,490,230,8740,2839,0.9439359267734554,0.9189855582951744,1.484210121980601,3.1325582442770658e-6,0.024950368478281026,0.024950368478281026,1.0271499026867918,1.3089414594483769e-5,TRUE,Clade_A
VFG042752(gb|NP_252995),8250,2609,490,230,8740,2839,0.9439359267734554,0.9189855582951744,1.484210121980601,3.1325582442770658e-6,0.024950368478281026,0.024950368478281026,1.0271499026867918,1.3089414594483769e-5,TRUE,Clade_A
VFG019829(gb|WP_003086454),8166,2577,574,262,8740,2839,0.934324942791762,0.9077139837971117,1.446336325538865,3.448779229825633e-6,0.02661095899465038,0.02661095899465038,1.0293164581241026,1.433242672684783e-5,TRUE,Clade_A
VFG015463(gb|WP_003119488),8234,2603,506,236,8740,2839,0.9421052631578948,0.9168721380767876,1.4753063699948912,3.4436556744487327e-6,0.0252331250811072,0.0252331250811072,1.0275208767211923,1.433242672684783e-5,TRUE,Clade_A
VFG015600(gb|WP_003150817),8226,2600,514,239,8740,2839,0.9411899313501144,0.9158154279675942,1.471073277485774,3.986946484475087e-6,0.02537450338252023,0.02537450338252023,1.0277070058088364,1.6538978725833363e-5,TRUE,Clade_A
VFG019985(gb|WP_003114657),8222,2599,518,240,8740,2839,0.9407322654462242,0.9154631912645298,1.4656727263005227,4.285265988217628e-6,0.02526907418169444,0.02526907418169444,1.0276025015782342,1.7744404651572634e-5,TRUE,Clade_A
VFG002059(gb|NP_248763),8221,2599,519,240,8740,2839,0.9406178489702517,0.9154631912645298,1.4626710816553754,4.401029757364836e-6,0.025154657705721895,0.025154657705721895,1.0274775195177162,1.819092299710799e-5,TRUE,Clade_A
VFG001250(gb|NP_249791),8163,2577,577,262,8740,2839,0.9339816933638444,0.9077139837971117,1.4382886064677187,5.30887404236398e-6,0.026267709566732744,0.026267709566732744,1.028938311005027,2.1786327465443594e-5,TRUE,Clade_A
VFG015379(gb|WP_011979124),8220,2599,520,240,8740,2839,0.9405034324942791,0.9154631912645298,1.4596809809998172,5.4246586209172665e-6,0.02504024122974935,0.02504024122974935,1.0273525374571983,2.2182115644178626e-5,TRUE,Clade_A
VFG015380(gb|WP_003136959),8220,2599,520,240,8740,2839,0.9405034324942791,0.9154631912645298,1.4596809809998172,5.4246586209172665e-6,0.02504024122974935,0.02504024122974935,1.0273525374571983,2.2182115644178626e-5,TRUE,Clade_A
VFG041046(gb|NP_251392),8169,2580,571,259,8740,2839,0.9346681922196797,0.908770693906305,1.436144347901582,5.852600649769893e-6,0.025897498313374623,0.025897498313374623,1.028497285934756,2.3847008686629013e-5,TRUE,Clade_A
VFG051814(gb|WP_003119469.1),8169,2580,571,259,8740,2839,0.9346681922196797,0.908770693906305,1.436144347901582,5.852600649769893e-6,0.025897498313374623,0.025897498313374623,1.028497285934756,2.3847008686629013e-5,TRUE,Clade_A
VFG016123(gb|WP_011061773),8150,2573,590,266,8740,2839,0.9324942791762014,0.9063050369848539,1.428015594781558,6.494683825045511e-6,0.02618924219134755,0.02618924219134755,1.0288967192309506,2.641632038059291e-5,TRUE,Clade_A
VFG044095(gb|NP_252100),8173,2582,567,257,8740,2839,0.9351258581235697,0.9094751673124339,1.4346984055437697,6.650594913678529e-6,0.0256506908111358,0.0256506908111358,1.0282038385797112,2.696598192292315e-5,TRUE,Clade_A
VFG000188(gb|NP_250384),8208,2595,532,244,8740,2839,0.9391304347826087,0.9140542444522719,1.4506510982108007,6.6768429521448775e-6,0.02507619033033681,0.02507619033033681,1.0274340286504147,2.696598192292315e-5,TRUE,Clade_A
VFG015100(gb|WP_003087674),8208,2595,532,244,8740,2839,0.9391304347826087,0.9140542444522719,1.4506510982108007,6.6768429521448775e-6,0.02507619033033681,0.02507619033033681,1.0274340286504147,2.696598192292315e-5,TRUE,Clade_A
VFG019948(gb|WP_012614298),8208,2595,532,244,8740,2839,0.9391304347826087,0.9140542444522719,1.4506510982108007,6.6768429521448775e-6,0.02507619033033681,0.02507619033033681,1.0274340286504147,2.696598192292315e-5,TRUE,Clade_A
VFG015426(gb|WP_011979130),8193,2590,547,249,8740,2839,0.9374141876430206,0.9122930609369496,1.4399265351897639,7.112110714517799e-6,0.02512112670607103,0.02512112670607103,1.0275362466094733,2.8673430543240475e-5,TRUE,Clade_A
VFG051817(gb|WP_003090565.1),8168,2580,572,259,8740,2839,0.9345537757437071,0.908770693906305,1.4334583813887283,7.180509765210591e-6,0.025783081837402078,0.025783081837402078,1.028371383463715,2.8898402458584376e-5,TRUE,Clade_A
VFG014396(gb|WP_003158014),8129,2566,611,273,8740,2839,0.9300915331807781,0.9038393800634026,1.4154280725713324,7.443742518751575e-6,0.0262521531173755,0.0262521531173755,1.02904515303984,2.9905333341534347e-5,TRUE,Clade_A
VFG020061(gb|WP_012614136),8182,2586,558,253,8740,2839,0.9361556064073226,0.9108841141246918,1.4345066630952492,8.41976025451268e-6,0.025271492282630814,0.025271492282630814,1.0277439159282247,3.3532864624743204e-05,TRUE,Clade_A
VFG042745(gb|NP_252988),8194,2591,546,248,8740,2839,0.9375286041189931,0.9126452976400141,1.4363914650082261,8.476997968034347e-6,0.02488330647897896,0.02488330647897896,1.0272650355437365,3.370231081225441e-5,TRUE,Clade_A
VFG016005(gb|NP_251085),8181,2586,559,253,8740,2839,0.9360411899313501,0.9108841141246918,1.4317657282814764,8.583807997322533e-6,0.02515707580665827,0.02515707580665827,1.0276183055742858,3.406791616930431e-5,TRUE,Clade_A
VFG040874(gb|NP_249373),8216,2599,524,240,8740,2839,0.940045766590389,0.9154631912645298,1.4478346964665987,8.623815610248725e-6,0.02458257532585917,0.02458257532585917,1.0268526092151267,3.41086776032941e-5,TRUE,Clade_A
VFG000201(gb|NP_250397),8228,2604,512,235,8740,2839,0.9414187643020595,0.9172243747798521,1.4502270500537222,8.61274651783929e-6,0.024194389522207427,0.024194389522207427,1.0263778309729443,3.41086776032941e-5,TRUE,Clade_A
VFG042742(gb|NP_252985),8209,2597,531,242,8740,2839,0.9392448512585813,0.9147587178584008,1.4405364446750588,9.70334916616048e-6,0.024486133400180465,0.024486133400180465,1.0267678601167163,3.8050398268670325e-5,TRUE,Clade_A
VFG043014(gb|NP_250149),8737,2827,3,12,8740,2839,0.9996567505720824,0.9957731595632265,12.35862967625505,9.813825334611266e-6,0.0038835910088558245,0.0038835910088558245,1.0039000760078323,3.8352496282109444e-5,TRUE,Clade_A
VFG040876(gb|NP_249375),8171,2583,569,256,8740,2839,0.9348970251716248,0.9098274040154984,1.4231941402925532,1.0092173027294353e-5,0.02506962115612632,0.02506962115612632,1.0275542603415573,3.9373205654104156e-5,TRUE,Clade_A
VFG044092(gb|NP_252097),8193,2591,547,248,8740,2839,0.9374141876430206,0.9126452976400141,1.4335908274071059,1.0351899783420018e-5,0.024768890003006527,0.024768890003006527,1.0271396675872386,4.031792547226744e-5,TRUE,Clade_A
VFG016006(gb|WP_012075667),8180,2586,560,253,8740,2839,0.9359267734553776,0.9108841141246918,1.4290345818252959,1.0500131723702586e-5,0.025042659330685724,0.025042659330685724,1.0274926952203467,4.082593588843006e-5,TRUE,Clade_A
VFG014539(gb|WP_003155632),8192,2591,548,248,8740,2839,0.9372997711670481,0.9126452976400141,1.430800410387104,1.057362122459117e-5,0.024654473527033982,0.024654473527033982,1.0270142996307408,4.10421101340307e-5,TRUE,Clade_A
VFG040871(gb|NP_249370),8152,2576,588,263,8740,2839,0.9327231121281464,0.9073617470940472,1.4154111888461647,1.1055742059559426e-5,0.025361365034099248,0.025361365034099248,1.0279506658896769,4.284100048079278e-5,TRUE,Clade_A
VFG002067(gb|NP_248771),8418,2679,322,160,8740,2839,0.9631578947368421,0.9436421275096865,1.5612833876110275,1.1204897268217362e-5,0.019515767227155645,0.019515767227155645,1.0206813225673366,4.334575772898926e-5,TRUE,Clade_A
VFG015096(gb|WP_003132884),8218,2601,522,238,8740,2839,0.94027459954233406,0.9161676646706587,1.4405135092783368,1.2298260737181025e-5,0.024106934871675367,0.024106934871675367,1.0263127981932665,4.7415479211921466e-5,TRUE,Clade_A
VFG019946(gb|WP_003103206),8218,2601,522,238,8740,2839,0.94027459954233406,0.9161676646706587,1.4405135092783368,1.2298260737181025e-5,0.024106934871675367,0.024106934871675367,1.0263127981932665,4.7415479211921466e-5,TRUE,Clade_A
VFG000186(gb|NP_250382),8217,2601,523,238,8740,2839,0.9401601830663615,0.9161676646706587,1.4375845264690799,1.2524372450742847e-5,0.023992518395702822,0.023992518395702822,1.0261879122358324,4.820622550671827e-5,TRUE,Clade_A
VFG016007(gb|WP_003139292),8180,2587,560,252,8740,2839,0.9359267734553776,0.9112363508277562,1.4228366404232295,1.2686747357962919e-5,0.024690422627621333,0.024690422627621333,1.02709551984531,4.8749411120882635e-5,TRUE,Clade_A
VFG000204(gb|NP_250400),8213,2600,527,239,8740,2839,0.9397025171624714,0.9158154279675942,1.4325213511517039,1.3483852614261632e-5,0.023887089194877253,0.023887089194877253,1.0260828639324064,5.0958744476303436e-5,TRUE,Clade_A
VFG019962(gb|WP_003113550),8213,2600,527,239,8740,2839,0.9397025171624714,0.9158154279675942,1.4325213511517039,1.3483852614261632e-5,0.023887089194877253,0.023887089194877253,1.0260828639324064,5.0958744476303436e-5,TRUE,Clade_A
VFG015521(gb|NP_252906),7410,2308,1330,531,8740,2839,0.8478260869565217,0.8129623106727721,1.2818092629199191,1.5140984577970076e-5,0.03486377628374959,0.03486377628374959,1.042884861728581,5.675395199650875e-5,TRUE,Clade_A
VFG015523(gb|WP_003112073),7410,2308,1330,531,8740,2839,0.8478260869565217,0.8129623106727721,1.2818092629199191,1.5140984577970076e-5,0.03486377628374959,0.03486377628374959,1.042884861728581,5.675395199650875e-5,TRUE,Clade_A
VFG015542(gb|NP_252905),7410,2308,1330,531,8740,2839,0.8478260869565217,0.8129623106727721,1.2818092629199191,1.5140984577970076e-5,0.03486377628374959,0.03486377628374959,1.042884861728581,5.675395199650875e-5,TRUE,Clade_A
VFG015544(gb|WP_093945134),7410,2308,1330,531,8740,2839,0.8478260869565217,0.8129623106727721,1.2818092629199191,1.5140984577970076e-5,0.03486377628374959,0.03486377628374959,1.042884861728581,5.675395199650875e-5,TRUE,Clade_A
VFG020028(gb|WP_003112073),7410,2308,1330,531,8740,2839,0.8478260869565217,0.8129623106727721,1.2818092629199191,1.5140984577970076e-5,0.03486377628374959,0.03486377628374959,1.042884861728581,5.675395199650875e-5,TRUE,Clade_A
VFG000202(gb|NP_250398),8189,2591,551,248,8740,2839,0.9369565217391305,0.9126452976400141,1.4224899263509045,1.6049366303759716e-5,0.024311224099116346,0.024311224099116346,1.0266381957612472,6.0060760686500475e-5,TRUE,Clade_A
VFG015128(gb|WP_003087708),8190,2592,550,247,8740,2839,0.937070938215103,0.9129975343430785,1.4189560247939412,1.9037169412192798e-5,0.0240734038720245,0.0240734038720245,1.0263674357996442,7.112584141949557e-5,TRUE,Clade_A
VFG040872(gb|NP_249371),8136,2572,604,267,8740,2839,0.9308924485125858,0.9059528002817894,1.3983011761959296,1.9789347481731038e-5,0.02493964823079642,0.02493964823079642,1.0275286397073216,7.381587499689594e-5,TRUE,Clade_A
VFG000199(gb|NP_250395),8175,2587,565,252,8740,2839,0.9353546910755148,0.9112363508277562,1.4093845107276861,1.9871833012084343e-5,0.024118340247758607,0.024118340247758607,1.0264677108478495,7.40032222885089e-5,TRUE,Clade_A
VFG014683(gb|WP_003095673),8723,2817,17,22,8740,2839,0.9980549199084668,0.9922507925325819,4.006525790363663,1.9959802685260578e-5,0.005804127375884982,0.005804127375884982,1.005849456024188,7.421035228523139e-5,TRUE,Clade_A
VFG019930(gb|WP_003092013),8223,2605,517,234,8740,2839,0.9408466819221968,0.9175766114829165,1.428674636548075,2.0157657391421807e-5,0.02327007043928031,0.02327007043928031,1.0253603569969738,7.482470235586024e-5,TRUE,Clade_A
VFG019952(gb|WP_003087692),8221,2604,519,235,8740,2839,0.9406178489702517,0.9172243747798521,1.4294521009005539,2.078539286645981e-5,0.02339347419039961,0.02339347419039961,1.0255046364157236,7.703019585728402e-5,TRUE,Clade_A
VFG000193(gb|NP_250389),8219,2604,521,235,8740,2839,0.9403890160183066,0.9172243747798521,1.4236189300263455,2.1639088281638046e-5,0.02316464123845452,0.02316464123845452,1.0252551522565179,8.006462664206078e-5,TRUE,Clade_A
VFG015102(gb|WP_003140061),8237,2611,503,228,8740,2839,0.9424485125858123,0.9196900317013033,1.429928988481703,2.364361812401208e-5,0.022758480884509047,0.022758480884509047,1.0247458166339032,8.734051526003818e-5,TRUE,Clade_A
VFG015122(gb|WP_003100791),8174,2587,566,252,8740,2839,0.9352402745995423,0.9112363508277562,1.4067226031553597,2.400340431039231e-5,0.024003923771786062,0.024003923771786062,1.0263421490483575,8.852702490038578e-5,TRUE,Clade_A
VFG014735(gb|WP_003138116),8293,2632,447,207,8740,2839,0.9488558352402746,0.9270870024656569,1.459059851009953,2.4181051069259977e-5,0.02176883277461772,0.02176883277461772,1.0234808952306762,8.903905482003593e-5,TRUE,Clade_A
VFG015116(gb|WP_003140044),8157,2581,583,258,8740,2839,0.9332951945080091,0.9091229306093696,1.3985565105428943,2.5437835145969193e-5,0.02417226389863958,0.02417226389863958,1.0265885537420525,9.321788150935036e-5,TRUE,Clade_A
VFG014487(gb|WP_003156948),8181,2590,559,249,8740,2839,0.9360411899313501,0.9122930609369496,1.406955332678904,2.6060456984423418e-5,0.023748128994400486,0.023748128994400486,1.0260312502761015,9.534719030664645e-5,TRUE,Clade_A
VFG015110(gb|WP_003087692),8218,2604,522,235,8740,2839,0.94027459954233406,0.9172243747798521,1.420719105383456,2.6253286297193585e-5,0.023050224762481974,0.023050224762481974,1.025130410176915,9.589974325758293e-5,TRUE,Clade_A
VFG041031(gb|NP_251049),8695,2801,45,38,8740,2839,0.9948512585812357,0.9866150052835505,2.6211040431847836,2.7453501140592775e-5,0.008236253297685181,0.008236253297685181,1.0083479911146478,1.0012453357157365e-4,TRUE,Clade_A
VFG015164(gb|WP_003087735),8190,2594,550,245,8740,2839,0.937070938215103,0.9137020077492075,1.4063825914680799,2.7751538042243147e-5,0.0233689304658955,0.0233689304658955,1.025576096219228,1.0105083852207266e-4,TRUE,Clade_A
VFG019954(gb|WP_003087694),8162,2583,578,256,8740,2839,0.9338672768878719,0.9098274040154984,1.3994928721295679,2.8349733207235543e-5,0.024039872872373413,0.024039872872373413,1.0264224541558917,1.0306543261077391e-4,TRUE,Clade_A
VFG015114(gb|WP_003087694),8161,2583,579,256,8740,2839,0.9337528604118993,0.9098274040154984,1.3969048777567636,2.879284936779513e-5,0.023925456396400868,0.023925456396400868,1.02629669791304,1.0451075387614245e-4,TRUE,Clade_A
VFG014513(gb|WP_012076411),8174,2588,566,251,8740,2839,0.9352402745995423,0.9115885875308207,1.4005995850456912,2.887983711090577e-5,0.02365168706872156,0.02365168706872156,1.0259455717110126,1.0466089467996499e-4,TRUE,Clade_A
VFG000220(gb|NP_250416),8189,2594,551,245,8740,2839,0.9369565217391305,0.9137020077492075,1.4036590395434425,3.341788620804968e-5,0.023254513989922954,0.023254513989922954,1.0254508732526566,1.2034635943683825e-4,TRUE,Clade_A
VFG019976(gb|WP_003087734),8188,2594,552,245,8740,2839,0.9368421052631579,0.9137020077492075,1.400945354845732,3.414024412833133e-5,0.02314009751395041,0.02314009751395041,1.0253256502860852,1.2275504706958006e-4,TRUE,Clade_A
VFG000196(gb|NP_250392),8160,2583,580,256,8740,2839,0.9336384439359268,0.9098274040154984,1.3943258068511215,3.477383503614642e-5,0.023811039920428323,0.023811039920428323,1.026170941670188,1.2483752358829402e-4,TRUE,Clade_A
VFG000195(gb|NP_250391),8159,2583,581,256,8740,2839,0.9335240274599542,0.9098274040154984,1.3917556133374798,3.526269963397573e-5,0.023696623444455778,0.023696623444455778,1.0260451854273365,1.2639473900053174e-4,TRUE,Clade_A
VFG015041(gb|WP_003092013),8217,2605,523,234,8740,2839,0.9401601830663615,0.9175766114829165,1.4112557530222891,3.85392152581009e-5,0.02258357158344504,0.02258357158344504,1.0246121918331672,1.3792349423101945e-4,TRUE,Clade_A
VFG015162(gb|WP_003087734),8186,2594,554,245,8740,2839,0.9366132723112128,0.9137020077492075,1.3955473734050425,4.1899205816069455e-5,0.022911264562005318,0.022911264562005318,1.0250752043529425,1.4924965550009833e-4,TRUE,Clade_A
VFG019975(gb|WP_004342903),8197,2598,543,241,8740,2839,0.9378718535469107,0.9151109545614653,1.4002943792557339,4.2820748964212054e-5,0.02276089898544542,0.02276089898544542,1.0248722833793993,1.5229581104481e-4,TRUE,Clade_A
VFG009819(gb|WP_041799901),8004,2527,736,312,8740,2839,0.9157894736842105,0.8901021486438887,1.3426623953425048,4.7004559945681984e-5,0.025687325040321785,0.025687325040321785,1.0288588507279277,1.669171215408583e-4,TRUE,Clade_A
VFG000205(gb|NP_250401),8160,2585,580,254,8740,2839,0.9336384439359268,0.9105318774216273,1.3823634732676708,4.9672405914129045e-5,0.02310656651429943,0.02310656651429943,1.0253769989687025,1.7503609703074045e-4,TRUE,Clade_A
VFG000208(gb|NP_250404),8200,2600,540,239,8740,2839,0.9382151029748284,0.9158154279675942,1.3958255003965354,4.95471378086546e-5,0.022399675007234165,0.022399675007234165,1.024458722055976,1.7503609703074045e-4,TRUE,Clade_A
VFG000209(gb|NP_250405),8200,2600,540,239,8740,2839,0.9382151029748284,0.9158154279675942,1.3958255003965354,4.95471378086546e-5,0.022399675007234165,0.022399675007234165,1.024458722055976,1.7503609703074045e-4,TRUE,Clade_A
VFG019965(gb|WP_003120334),8200,2600,540,239,8740,2839,0.9382151029748284,0.9158154279675942,1.3958255003965354,4.95471378086546e-5,0.022399675007234165,0.022399675007234165,1.024458722055976,1.7503609703074045e-4,TRUE,Clade_A
VFG000156(gb|NP_252169),8212,2604,528,235,8740,2839,0.9395881006864989,0.9172243747798521,1.4035508089863546,4.9653005537262205e-5,0.022363725906646814,0.022363725906646814,1.0243819576992974,1.7503609703074045e-4,TRUE,Clade_A
VFG000219(gb|NP_250415),8184,2594,556,245,8740,2839,0.9363844393592677,0.9137020077492075,1.390188223538007,5.1298440249671594e-5,0.022682431610060227,0.022682431610060227,1.0248247584197998,1.804886839459304e-4,TRUE,Clade_A
VFG000151(gb|NP_250121),8112,2567,628,272,8740,2839,0.9281464530892448,0.9041916167664671,1.3686698247173457,5.3225870780725276e-5,0.02395483632277773,0.02395483632277773,1.0264930971251913,1.869833806600058e-4,TRUE,Clade_A
VFG024169(gb|WP_099961986),8003,2527,737,312,8740,2839,0.9156750572082379,0.8901021486438887,1.3406732755567157,5.5263025732935174e-5,0.02557290856434924,0.02557290856434924,1.0287303076431291,1.9354714661275313e-4,TRUE,Clade_A
VFG019973(gb|WP_003122856),8164,2587,576,252,8740,2839,0.934096109839817,0.9112363508277562,1.3806118412132788,5.613658628071147e-5,0.02285975901206072,0.02285975901206072,1.0250865310534365,1.9630690385358555e-4,TRUE,Clade_A
VFG019966(gb|WP_003100755),8199,2600,541,239,8740,2839,0.9381006864988558,0.9158154279675942,1.3930757847507256,5.9448936734111236e-5,0.02228525853126162,0.02228525853126162,1.0243337880654815,2.0725814721588324e-4,TRUE,Clade_A
VFG015106(gb|WP_003140046),8172,2590,568,249,8740,2839,0.9350114416475973,0.9122930609369496,1.383141120182278,5.983853632778287e-5,0.02271838071064769,0.02271838071064769,1.024902503026073,2.0829985179959622e-4,TRUE,Clade_A
VFG015140(gb|WP_003120334),8198,2600,542,239,8740,2839,0.9379862700228833,0.9158154279675942,1.3903362149170106,6.067962859487112e-5,0.022170842055289075,0.022170842055289075,1.0242088540749867,2.109076787827793e-4,TRUE,Clade_A
VFG019964(gb|WP_003100765),8156,2584,584,255,8740,2839,0.9331807780320366,0.9101796407185628,1.3781582511517996,6.156058558074306e-5,0.023001137313473752,0.023001137313473752,1.0252709863904612,2.1364596569171647e-4,TRUE,Clade_A
VFG000218(gb|NP_250414),8196,2599,544,240,8740,2839,0.9377574370709382,0.9154631912645298,1.3912162446673495,6.1873921884225935e-05,0.022294245806408375,0.022294245806408375,1.0243529680047685,2.144090284024385e-4,TRUE,Clade_A
VFG015160(gb|WP_003120329),8195,2599,545,240,8740,2839,0.9376430205949656,0.9154631912645298,1.388494395731645,6.309353373718885e-5,0.02217982933043583,0.02217982933043583,1.0242279859442507,2.1830553000469263e-4,TRUE,Clade_A
VFG015126(gb|WP_003109502),8219,2608,521,231,8740,2839,0.9403890160183066,0.9186333215921099,1.397243451100081,6.467876858100062e-5,0.021755694426196737,0.021755694426196737,1.0236826750291306,2.2345345651327624e-4,TRUE,Clade_A
VFG000216(gb|NP_250412),8163,2587,577,252,8740,2839,0.9339816933638444,0.9112363508277562,1.3780505392687483,6.696470501977152e-5,0.022745342536088176,0.022745342536088176,1.0249609692539445,2.3100305761707647e-4,TRUE,Clade_A
VFG019963(gb|WP_003100769),8160,2586,580,253,8740,2839,0.9336384439359268,0.9108841141246918,1.3763892400291307,6.948552288184061e-5,0.02275432981123493,0.02275432981123493,1.0249804881415685,2.3933902325967322e-4,TRUE,Clade_A
VFG019950(gb|WP_003109497),8173,2591,567,248,8740,2839,0.9351258581235697,0.9126452976400141,1.3796524762156068,7.018167161785902e-5,0.022480560483555623,0.022480560483555623,1.0246323084572808,2.4137444481464558e-4,TRUE,Clade_A
VFG015134(gb|WP_003109505),8159,2586,581,253,8740,2839,0.9335240274599542,0.9108841141246918,1.3738521082429835,7.0733077726841e-5,0.022639913335262385,0.022639913335262385,1.0248548777876294,2.429067070439719e-4,TRUE,Clade_A
VFG000215(gb|NP_250411),8143,2580,597,259,8740,2839,0.9316933638443936,0.908770693906305,1.3692334324416302,7.226302524072358e-5,0.022922669938088558,0.022922669938088558,1.0252238216876874,2.4705123681403857e-4,TRUE,Clade_A
VFG015158(gb|WP_003120330),8143,2580,597,259,8740,2839,0.9316933638443936,0.908770693906305,1.3692334324416302,7.226302524072358e-5,0.022922669938088558,0.022922669938088558,1.0252238216876874,2.4705123681403857e-4,TRUE,Clade_A
VFG000210(gb|NP_250406),8157,2585,583,254,8740,2839,0.9332951945080091,0.9105318774216273,1.3747452642904068,7.208163228115856e-5,0.022763317086381796,0.022763317086381796,1.0250000221308464,2.4705123681403857e-4,TRUE,Clade_A
VFG015142(gb|WP_003109509),8197,2600,543,239,8740,2839,0.9378718535469107,0.9158154279675942,1.3876067348427001,7.274912483857896e-5,0.02205642557931653,0.02205642557931653,1.0240839200844922,2.48342994612649e-4,TRUE,Clade_A
VFG019967(gb|WP_003120332),8156,2585,584,254,8740,2839,0.9331807780320366,0.9105318774216273,1.3722232531832323,7.331239301246868e-5,0.02264890061040925,0.02264890061040925,1.0248743631848944,2.498939518136748e-4,TRUE,Clade_A
VFG000217(gb|NP_250413),8141,2579,599,260,8740,2839,0.9314645308924485,0.9084184572032405,1.3701251664907084,7.385098295982098e-5,0.02304607368920797,0.02304607368920797,1.0253694467637307,2.5135631292259544e-4,TRUE,Clade_A
VFG000207(gb|NP_250403),8154,2584,586,255,8740,2839,0.9329519450800915,0.9101796407185628,1.3731183462570429,7.475460018081525e-5,0.02277230436152866,0.02277230436152866,1.025019571239311,2.5405489305894844e-4,TRUE,Clade_A
VFG015055(gb|WP_003082999),8111,2568,629,271,8740,2839,0.9280320366132723,0.9045438534695315,1.3607728502437078,7.494305890304865e-5,0.023488183143740793,0.023488183143740793,1.0259668815985514,2.540675618475228e-4,TRUE,Clade_A
VFG015433,8414,2683,326,156,8740,2839,0.9627002288329519,0.9450510743219444,1.5006245147722312,7.497983407618698e-5,0.01764915451100757,0.01764915451100757,1.0186753446353898,2.540675618475228e-4,TRUE,Clade_A
VFG001264(gb|NP_250144),8735,2827,5,12,8740,2839,0.9994279176201373,0.9957731595632265,7.414419599089349,8.03233133454555e-5,0.003654758056910734,0.003654758056910734,1.0036702717097876,2.7057515538102045e-4,TRUE,Clade_A
VFG014605(gb|WP_003087102),8735,2827,5,12,8740,2839,0.9994279176201373,0.9957731595632265,7.414419599089349,8.03233133454555e-5,0.003654758056910734,0.003654758056910734,1.0036702717097876,2.7057515538102045e-4,TRUE,Clade_A
VFG019861(gb|WP_003083061),8735,2827,5,12,8740,2839,0.9994279176201373,0.9957731595632265,7.414419599089349,8.03233133454555e-5,0.003654758056910734,0.003654758056910734,1.0036702717097876,2.7057515538102045e-4,TRUE,Clade_A
VFG043015(gb|NP_250150),8735,2827,5,12,8740,2839,0.9994279176201373,0.9957731595632265,7.414419599089349,8.03233133454555e-5,0.003654758056910734,0.003654758056910734,1.0036702717097876,2.7057515538102045e-4,TRUE,Clade_A
VFG015847(gb|WP_012074275),51,2,8689,2837,8740,2839,0.005835240274599542,7.044734061289186e-4,8.325098264295377,8.218432609888471e-5,0.005130766868470624,0.005130766868470624,8.28312356979405,2.760334466630185e-4,TRUE,Clade_A
VFG000154(gb|NP_250123),8114,2570,626,269,8740,2839,0.9283752860411899,0.9052483268756605,1.3566492059745792,8.559148353017548e-5,0.023126959165529426,0.023126959165529426,1.0255476408836335,2.8659965679413173e-4,TRUE,Clade_A
VFG015058(gb|WP_003083017),8114,2570,626,269,8740,2839,0.9283752860411899,0.9052483268756605,1.3566492059745792,8.559148353017548e-5,0.023126959165529426,0.023126959165529426,1.0255476408836335,2.8659965679413173e-4,TRUE,Clade_A
VFG015144(gb|WP_003109510),8157,2586,583,253,8740,2839,0.9332951945080091,0.9108841141246918,1.3688039538693937,8.570504122091297e-5,0.022411080383317294,0.022411080383317294,1.0246036570797517,2.8659965679413173e-4,TRUE,Clade_A
VFG049835(gb|WP_012076956),35,0,8705,2839,8740,2839,0.004004576659038902,0,Inf,8.904789583921908e-5,0.004004576659038902,0.004004576659038902,Inf,2.9648167351983845e-4,TRUE,Clade_A
VFG049843(gb|WP_003155066),35,0,8705,2839,8740,2839,0.004004576659038902,0,Inf,8.904789583921908e-5,0.004004576659038902,0.004004576659038902,Inf,2.9648167351983845e-4,TRUE,Clade_A
VFG019956(gb|WP_003087695),8134,2578,606,261,8740,2839,0.9306636155606407,0.9080662205001762,1.3588665282322454,9.5212474876256e-5,0.022597395060464542,0.022597395060464542,1.0248851840871447,3.1654698169004535e-4,TRUE,Clade_A
VFG051815(gb|WP_012076490.1),8139,2580,601,259,8740,2839,0.9312356979405034,0.908770693906305,1.3594532513063198,1.0537259074492639e-4,0.022465004034198377,0.022465004034198377,1.024720211803523,3.493131837700305e-4,TRUE,Clade_A
VFG015138(gb|WP_003117721),8149,2584,591,255,8740,2839,0.9323798627002289,0.9101796407185628,1.360667808748664,1.1093827575565353e-4,0.022200221981666046,0.022200221981666046,1.0243910333614357,3.66703753002117e-4,TRUE,Clade_A
VFG001261(gb|NP_250139),8189,2599,551,240,8740,2839,0.9369565217391305,0.9154631912645298,1.3723707600345205,1.1392137231965157e-4,0.02149333047460067,0.02149333047460067,1.0234780935811432,3.749435123404314e-4,TRUE,Clade_A
VFG014566(gb|WP_003083054),8189,2599,551,240,8740,2839,0.9369565217391305,0.9154631912645298,1.3723707600345205,1.1392137231965157e-4,0.02149333047460067,0.02149333047460067,1.0234780935811432,3.749435123404314e-4,TRUE,Clade_A
VFG019855(gb|WP_003083054),8189,2599,551,240,8740,2839,0.9369565217391305,0.9154631912645298,1.3723707600345205,1.1392137231965157e-4,0.02149333047460067,0.02149333047460067,1.0234780935811432,3.749435123404314e-4,TRUE,Clade_A
VFG015154(gb|WP_003140037),8140,2581,600,258,8740,2839,0.931350114416476,0.9091229306093696,1.3561027761511035,1.2268970509129223e-4,0.02222718380710642,0.02222718380710642,1.0244490410028575,4.032237585665105e-4,TRUE,Clade_A
VFG000197(gb|NP_250393),8134,2579,606,260,8740,2839,0.9306636155606407,0.9084184572032405,1.3531358316285615,1.3105160701441785e-4,0.022245158357400152,0.022245158357400152,1.0244877877381384,4.274135659355755e-4,TRUE,Clade_A
VFG041033(gb|NP_251051),8698,2805,42,34,8740,2839,0.9951945080091533,0.9880239520958084,2.5100104324895374,1.3135421272213632e-4,0.007170555913344923,0.007170555913344923,1.0072574717425975,4.274135659355755e-4,TRUE,Clade_A
VFG051606(gb|WP_012614151.1),8698,2805,42,34,8740,2839,0.9951945080091533,0.9880239520958084,2.5100104324895374,1.3135421272213632e-4,0.007170555913344923,0.007170555913344923,1.0072574717425975,4.274135659355755e-4,TRUE,Clade_A
VFG051607(gb|WP_012075692.1),8698,2805,42,34,8740,2839,0.9951945080091533,0.9880239520958084,2.5100104324895374,1.3135421272213632e-4,0.007170555913344923,0.007170555913344923,1.0072574717425975,4.274135659355755e-4,TRUE,Clade_A
VFG051609(gb|WP_003139320.1),8698,2805,42,34,8740,2839,0.9951945080091533,0.9880239520958084,2.5100104324895374,1.3135421272213632e-4,0.007170555913344923,0.007170555913344923,1.0072574717425975,4.274135659355755e-4,TRUE,Clade_A
VFG015118(gb|WP_003113547),8133,2579,607,260,8740,2839,0.9305491990846682,0.9084184572032405,1.3507407688516608,1.3314104007491827e-4,0.022130741881427607,0.022130741881427607,1.024361836448768,4.326140877221849e-4,TRUE,Clade_A
VFG000191(gb|NP_250387),8156,2589,584,250,8740,2839,0.9331807780320366,0.9119408242338851,1.3485290744523921,1.9665214577316756e-4,0.021239953798151467,0.021239953798151467,1.0232909342730598,6.371751728865061e-4,TRUE,Clade_A
VFG014365(gb|WP_011059970),31,0,8709,2839,8740,2839,0.0035469107551487416,0,Inf,2.2912372360086545e-4,0.0035469107551487416,0.0035469107551487416,Inf,7.382160420511029e-4,TRUE,Clade_A
VFG014452(gb|WP_004664459),31,0,8709,2839,8740,2839,0.0035469107551487416,0,Inf,2.2912372360086545e-4,0.0035469107551487416,0.0035469107551487416,Inf,7.382160420511029e-4,TRUE,Clade_A
VFG015132(gb|WP_003109504),8200,2606,540,233,8740,2839,0.9382151029748284,0.917928848185981,1.357654574579397,2.3033656700585775e-4,0.02028625478884738,0.02028625478884738,1.022100029679792,7.410828677579771e-4,TRUE,Clade_A
VFG014964(gb|WP_003157680),8162,2592,578,247,8740,2839,0.9338672768878719,0.9129975343430785,1.345608698519634,2.534893824038896e-4,0.020869742544793346,0.020869742544793346,1.0228584873011837,8.14432273437707e-4,TRUE,Clade_A
VFG007914(gb|WP_011780329),30,0,8710,2839,8740,2839,0.003432494279176201,0,Inf,3.7751212858999714e-4,0.003432494279176201,0.003432494279176201,Inf,0.0012095151159014713,TRUE,Clade_A
VFG041038(gb|NP_251056),8695,2806,45,33,8740,2839,0.9948512585812357,0.9883761887988728,2.272225557484026,5.180082297511917e-4,0.006475069782362897,0.006475069782362897,1.0065512199259188,0.0016300560755133523,TRUE,Clade_A
VFG051626(gb|WP_003089494.1),8695,2806,45,33,8740,2839,0.9948512585812357,0.9883761887988728,2.272225557484026,5.180082297511917e-4,0.006475069782362897,0.006475069782362897,1.0065512199259188,0.0016300560755133523,TRUE,Clade_A
VFG051627(gb|WP_003089494.1),8695,2806,45,33,8740,2839,0.9948512585812357,0.9883761887988728,2.272225557484026,5.180082297511917e-4,0.006475069782362897,0.006475069782362897,1.0065512199259188,0.0016300560755133523,TRUE,Clade_A
VFG051629(gb|WP_003139317.1),8695,2806,45,33,8740,2839,0.9948512585812357,0.9883761887988728,2.272225557484026,5.180082297511917e-4,0.006475069782362897,0.006475069782362897,1.0065512199259188,0.0016300560755133523,TRUE,Clade_A
VFG048735,8011,2541,729,298,8740,2839,0.9165903890160183,0.8950334624867912,1.2887297397339361,5.418401663792481e-4,0.02155692652922714,0.02155692652922714,1.0240850509313166,0.0016934350704005381,TRUE,Clade_A
VFG048736(gb|YP_005226611),8011,2541,729,298,8740,2839,0.9165903890160183,0.8950334624867912,1.2887297397339361,5.418401663792481e-4,0.02155692652922714,0.02155692652922714,1.0240850509313166,0.0016934350704005381,TRUE,Clade_A
VFG048737,8011,2541,729,298,8740,2839,0.9165903890160183,0.8950334624867912,1.2887297397339361,5.418401663792481e-4,0.02155692652922714,0.02155692652922714,1.0240850509313166,0.0016934350704005381,TRUE,Clade_A
VFG048738(gb|WP_004224376),8011,2541,729,298,8740,2839,0.9165903890160183,0.8950334624867912,1.2887297397339361,5.418401663792481e-4,0.02155692652922714,0.02155692652922714,1.0240850509313166,0.0016934350704005381,TRUE,Clade_A
VFG048739(gb|WP_012968403),8011,2541,729,298,8740,2839,0.9165903890160183,0.8950334624867912,1.2887297397339361,5.418401663792481e-4,0.02155692652922714,0.02155692652922714,1.0240850509313166,0.0016934350704005381,TRUE,Clade_A
VFG009423(gb|WP_011856686),36,1,8704,2838,8740,2839,0.004118993135011442,3.522367030644593e-4,11.736872414483406,7.701365313855284e-4,0.0037667564319469825,0.0037667564319469825,11.693821510297482,0.0023745876384387134,TRUE,Clade_A
VFG009424(gb|WP_011561489),36,1,8704,2838,8740,2839,0.004118993135011442,3.522367030644593e-4,11.736872414483406,7.701365313855284e-4,0.0037667564319469825,0.0037667564319469825,11.693821510297482,0.0023745876384387134,TRUE,Clade_A
VFG020077(gb|WP_015885148),8116,2581,624,258,8740,2839,0.928604118993135,0.9091229306093696,1.3001058222784179,8.331173210878186e-4,0.019481188383765446,0.019481188383765446,1.021428552429876,0.002565330381980478,TRUE,Clade_A
VFG015513(gb|WP_003157855),7425,2337,1315,502,8740,2839,0.8495423340961098,0.8231771750616415,1.2128103762575524,8.7984697996757e-4,0.026365159034468344,0.026365159034468344,1.0320285350872296,0.002705588434377487,TRUE,Clade_A
VFG041035(gb|NP_251053),8693,2806,47,33,8740,2839,0.9946224256292906,0.9883761887988728,2.1750630741910153,9.698228874595173e-4,0.006246236830417806,0.006246236830417806,1.006319695781025,0.002954546751437095,TRUE,Clade_A
VFG051616(gb|WP_003122697.1),8693,2806,47,33,8740,2839,0.9946224256292906,0.9883761887988728,2.1750630741910153,9.698228874595173e-4,0.006246236830417806,0.006246236830417806,1.006319695781025,0.002954546751437095,TRUE,Clade_A
VFG051617(gb|WP_041025349.1),8693,2806,47,33,8740,2839,0.9946224256292906,0.9883761887988728,2.1750630741910153,9.698228874595173e-4,0.006246236830417806,0.006246236830417806,1.006319695781025,0.002954546751437095,TRUE,Clade_A
VFG051619(gb|WP_003139318.1),8693,2806,47,33,8740,2839,0.9946224256292906,0.9883761887988728,2.1750630741910153,9.698228874595173e-4,0.006246236830417806,0.006246236830417806,1.006319695781025,0.002954546751437095,TRUE,Clade_A
VFG000165(gb|NP_252915),8738,2832,2,7,8740,2839,0.9997711670480549,0.9975343430785488,10.79572167304695,0.0011790483454933273,0.0022368239695060854,0.0022368239695060854,1.0022423528423121,0.0035682544915061915,TRUE,Clade_A
VFG016117(gb|WP_012074237),8738,2832,2,7,8740,2839,0.9997711670480549,0.9975343430785488,10.79572167304695,0.0011790483454933273,0.0022368239695060854,0.0022368239695060854,1.0022423528423121,0.0035682544915061915,TRUE,Clade_A
VFG016118(gb|WP_011666540),8738,2832,2,7,8740,2839,0.9997711670480549,0.9975343430785488,10.79572167304695,0.0011790483454933273,0.0022368239695060854,0.0022368239695060854,1.0022423528423121,0.0035682544915061915,TRUE,Clade_A
VFG020089(gb|WP_012613543),8738,2832,2,7,8740,2839,0.9997711670480549,0.9975343430785488,10.79572167304695,0.0011790483454933273,0.0022368239695060854,0.0022368239695060854,1.0022423528423121,0.0035682544915061915,TRUE,Clade_A
VFG019772(gb|WP_015886333),25,0,8715,2839,8740,2839,0.002860411899313501,0,Inf,0.0016085772167391032,0.002860411899313501,0.002860411899313501,Inf,0.004855363335788819,TRUE,Clade_A
VFG015512(gb|NP_252902),7679,2430,1061,409,8740,2839,0.8786041189931351,0.8559351884466362,1.218185489593584,0.0018355145659465647,0.022668930546498878,0.022668930546498878,1.0264844007495928,0.0054826437685955975,TRUE,Clade_A
VFG015514(gb|WP_003093625),7679,2430,1061,409,8740,2839,0.8786041189931351,0.8559351884466362,1.218185489593584,0.0018355145659465647,0.022668930546498878,0.022668930546498878,1.0264844007495928,0.0054826437685955975,TRUE,Clade_A
VFG015535(gb|WP_011666698),7679,2430,1061,409,8740,2839,0.8786041189931351,0.8559351884466362,1.218185489593584,0.0018355145659465647,0.022668930546498878,0.022668930546498878,1.0264844007495928,0.0054826437685955975,TRUE,Clade_A
VFG020025(gb|WP_012613548),7679,2430,1061,409,8740,2839,0.8786041189931351,0.8559351884466362,1.218185489593584,0.0018355145659465647,0.022668930546498878,0.022668930546498878,1.0264844007495928,0.0054826437685955975,TRUE,Clade_A
VFG015124(gb|WP_003109501),8062,2566,678,273,8740,2839,0.9224256292906179,0.9038393800634026,1.2650700339191001,0.0021320102187864097,0.0185862492272153,0.0185862492272153,1.0205636638955824,0.006351729145319511,TRUE,Clade_A
VFG015908(gb|WP_164920478),89,12,8651,2827,8740,2839,0.010183066361556064,0.004226840436773511,2.4236285676565092,0.0023127717177820507,0.0059562259247825525,0.0059562259247825525,2.4091437833714724,0.006881320778977983,TRUE,Clade_A
VFG000200(gb|NP_250396),8063,2567,677,272,8740,2839,0.9225400457665904,0.9041916167664671,1.2619644931480325,0.0024078699563040776,0.018348429000123345,0.018348429000123345,1.0202926333974873,0.007154991813162635,TRUE,Clade_A
VFG015046(gb|WP_003140566),8242,2632,498,207,8740,2839,0.943020594965675,0.9270870024656569,1.3015990108668438,0.002453449177613065,0.015933592500018134,0.015933592500018134,1.017186728384328,0.007280999241195823,TRUE,Clade_A
VFG051823(gb|WP_011979148.1),23,0,8717,2839,8740,2839,0.002631578947368421,0,Inf,0.0025489466427692053,0.002631578947368421,0.002631578947368421,Inf,0.007554629972238445,TRUE,Clade_A
VFG041022(gb|NP_250355),8011,2549,729,290,8740,2839,0.9165903890160183,0.8978513561113068,1.2502195638805649,0.002579494602340554,0.01873903290471146,0.01873903290471146,1.0208709746631919,0.0076353040229280396,TRUE,Clade_A
VFG019947(gb|WP_003087672),8044,2562,696,277,8740,2839,0.9203661327231121,0.9024304332511448,1.249574835929774,0.0030827103460020935,0.01793569947196727,0.01793569947196727,1.0198748832165945,0.009066330171447184,TRUE,Clade_A
VFG000187(gb|NP_250383),8038,2560,702,279,8740,2839,0.9196796338672769,0.9017259598450158,1.2478843000908357,0.003191007349284868,0.017953674022261112,0.017953674022261112,1.019910343964531,0.00937281800161266,TRUE,Clade_A
VFG000194(gb|NP_250390),8050,2566,690,273,8740,2839,0.9210526315789473,0.9038393800634026,1.2412327733825912,0.0042940186392765745,0.01721325151554476,0.01721325151554476,1.0190445912130286,0.012564386171556712,TRUE,Clade_A
VFG044098(gb|NP_252910),8091,2580,649,259,8740,2839,0.9257437070938215,0.908770693906305,1.2515137072088252,0.004301766863832592,0.016973013187516428,0.016973013187516428,1.0186768931935501,0.012571023166410147,TRUE,Clade_A
VFG041041(gb|NP_251059),8682,2804,58,35,8740,2839,0.9933638443935927,0.9876717153927439,1.8682606360386076,0.005029550904764075,0.005692129000848811,0.005692129000848811,1.005763179113199,0.014368355884842823,TRUE,Clade_A
VFG051641(gb|WP_012614149.1),8682,2804,58,35,8740,2839,0.9933638443935927,0.9876717153927439,1.8682606360386076,0.005029550904764075,0.005692129000848811,0.005692129000848811,1.005763179113199,0.014368355884842823,TRUE,Clade_A
VFG051642(gb|WP_012075687.1),8682,2804,58,35,8740,2839,0.9933638443935927,0.9876717153927439,1.8682606360386076,0.005029550904764075,0.005692129000848811,0.005692129000848811,1.005763179113199,0.014368355884842823,TRUE,Clade_A
VFG051644(gb|WP_003089497.1),8682,2804,58,35,8740,2839,0.9933638443935927,0.9876717153927439,1.8682606360386076,0.005029550904764075,0.005692129000848811,0.005692129000848811,1.005763179113199,0.014368355884842823,TRUE,Clade_A
VFG015516(gb|WP_012074247),8641,2787,99,52,8740,2839,0.9886727688787186,0.9816836914406482,1.628450527101201,0.005651353036312564,0.0069890774380704235,0.0069890774380704235,1.0071194800311023,0.016124631673259976,TRUE,Clade_A
VFG015534(gb|WP_003157855),7556,2396,1184,443,8740,2839,0.8645308924485126,0.8439591405424445,1.1798848455827164,0.006832000573622364,0.02057175190606808,0.02057175190606808,1.0243752936816892,0.019372817448565765,TRUE,Clade_A
VFG000214(gb|NP_250410),8019,2558,721,281,8740,2839,0.9175057208237987,0.9010214864388869,1.2217861832647972,0.0071610167301550676,0.016484234384911756,0.016484234384911756,1.018295051375592,0.02028070664071077,TRUE,Clade_A
VFG000115(gb|NP_249839),8588,2766,152,73,8740,2839,0.9826086956521739,0.9742867206762945,1.4910855037241033,0.007599520582866148,0.008321974975879387,0.008321974975879387,1.0085416077210851,0.02139055241361343,TRUE,Clade_A
VFG015862(gb|WP_003140553),8588,2766,152,73,8740,2839,0.9826086956521739,0.9742867206762945,1.4910855037241033,0.007599520582866148,0.008321974975879387,0.008321974975879387,1.0085416077210851,0.02139055241361343,TRUE,Clade_A
VFG020047(gb|WP_012614391),8588,2766,152,73,8740,2839,0.9826086956521739,0.9742867206762945,1.4910855037241033,0.007599520582866148,0.008321974975879387,0.008321974975879387,1.0085416077210851,0.02139055241361343,TRUE,Clade_A
VFG001268(gb|NP_252914),8702,2814,38,25,8740,2839,0.9956521739130435,0.9911940824233885,2.0344023834346245,0.007682825113233279,0.004458091489655036,0.004458091489655036,1.004497697846173,0.021572094014390628,TRUE,Clade_A
VFG020088(gb|WP_003115080),8702,2814,38,25,8740,2839,0.9956521739130435,0.9911940824233885,2.0344023834346245,0.007682825113233279,0.004458091489655036,0.004458091489655036,1.004497697846173,0.021572094014390628,TRUE,Clade_A
VFG015075(gb|WP_011532652),62,8,8678,2831,8740,2839,0.007093821510297483,0.0028178936245156746,2.528231455033236,0.008014006445715476,0.004275927885781809,0.004275927885781809,2.5174199084668194,0.022474487514023596,TRUE,Clade_A
VFG041017(gb|NP_250350),8092,2585,648,254,8740,2839,0.925858123569794,0.9105318774216273,1.2270352739106425,0.008796799314327416,0.015326246148166689,0.015326246148166689,1.0168321906439632,0.02463963080227972,TRUE,Clade_A
VFG000120(gb|NP_253949),8737,2833,3,6,8740,2839,0.9996567505720824,0.9978865797816132,6.166822060350581,0.009007427531016108,0.00177017079046915,0.00177017079046915,1.0017739198285005,0.025137516734976828,TRUE,Clade_A
VFG014978(gb|WP_003096404),8737,2833,3,6,8740,2839,0.9996567505720824,0.9978865797816132,6.166822060350581,0.009007427531016108,0.00177017079046915,0.00177017079046915,1.0017739198285005,0.025137516734976828,TRUE,Clade_A
VFG051527(gb|WP_003120359.1),8090,2585,650,254,8740,2839,0.9256292906178489,0.9105318774216273,1.2229597448088128,0.009964685433500823,0.015097413196221598,0.015097413196221598,1.0165808727520593,0.027741490757828748,TRUE,Clade_A
VFG051530(gb|WP_003140089.1),8090,2585,650,254,8740,2839,0.9256292906178489,0.9105318774216273,1.2229597448088128,0.009964685433500823,0.015097413196221598,0.015097413196221598,1.0165808727520593,0.027741490757828748,TRUE,Clade_A
VFG000206(gb|NP_250402),7987,2549,753,290,8740,2839,0.9138443935926773,0.8978513561113068,1.2067695519703028,0.010307425366297151,0.015993037481370487,0.015993037481370487,1.0178125670496707,0.02862619102940153,TRUE,Clade_A
VFG042700(gb|NP_252772),8126,2598,614,241,8740,2839,0.9297482837528604,0.9151109545614653,1.2276908200122514,0.010427219789525469,0.014637329191395154,0.014637329191395154,1.0159951414835915,0.02892387206429435,TRUE,Clade_A
VFG014343(gb|NP_249787),7844,2499,896,340,8740,2839,0.8974828375286041,0.8802395209580839,1.19102680803584,0.01064307897285922,0.01724331657052025,0.01724331657052025,1.0195893460358971,0.029486984497269386,TRUE,Clade_A
VFG014345(gb|WP_003082194),7843,2499,897,340,8740,2839,0.8973684210526316,0.8802395209580839,1.189548137756347,0.011776175505320844,0.017128900094547705,0.017128900094547705,1.0194593626924453,0.03251675384846685,TRUE,Clade_A
VFG016115(gb|WP_003137472),8701,2814,39,25,8740,2839,0.995537757437071,0.9911940824233885,1.9820356782356705,0.01228899424249778,0.004343675013682491,0.004343675013682491,1.0043822648769882,0.03388335672150229,TRUE,Clade_A
VFG041042(gb|NP_251060),8589,2769,151,70,8740,2839,0.9827231121281464,0.9753434307854878,1.4378904061190736,0.014347739172648538,0.0073796813426586505,0.0073796813426586505,1.0075662388341668,0.03951226129898649,TRUE,Clade_A
VFG042749(gb|NP_252992),8740,2836,0,3,8740,2839,1,0.9989432898908066,Inf,0.01472775283083116,0.0010567101091933928,0.0010567101091933928,1.0010578279266573,0.040461634723265485,TRUE,Clade_A
VFG042750(gb|NP_252993),8740,2836,0,3,8740,2839,1,0.9989432898908066,Inf,0.01472775283083116,0.0010567101091933928,0.0010567101091933928,1.0010578279266573,0.040461634723265485,TRUE,Clade_A
VFG001256(gb|NP_250134),8299,2662,441,177,8740,2839,0.9495423340961099,0.9376541035575907,1.2512638225090749,0.01620402688197941,0.011888230538519173,0.011888230538519173,1.0126786951535898,0.04441103663949913,TRUE,Clade_A
VFG015152(gb|WP_003087729),8015,2562,725,277,8740,2839,0.9170480549199085,0.9024304332511448,1.1952090821304933,0.017208898457954,0.01461762166876368,0.01461762166876368,1.016198059296495,0.04710884613669031,TRUE,Clade_A
VFG015057(gb|WP_003151020),16,0,8724,2839,8740,2839,0.0018306636155606408,0,Inf,0.017544470876786126,0.0018306636155606408,0.0018306636155606408,Inf,0.0474611039992304,TRUE,Clade_A
VFG043625(gb|WP_000813718),16,0,8724,2839,8740,2839,0.0018306636155606408,0,Inf,0.017544470876786126,0.0018306636155606408,0.0018306636155606408,Inf,0.0474611039992304,TRUE,Clade_A
VFG048375(gb|YP_005228645),16,0,8724,2839,8740,2839,0.0018306636155606408,0,Inf,0.017544470876786126,0.0018306636155606408,0.0018306636155606408,Inf,0.0474611039992304,TRUE,Clade_A
VFG048377(gb|WP_000813718),16,0,8724,2839,8740,2839,0.0018306636155606408,0,Inf,0.017544470876786126,0.0018306636155606408,0.0018306636155606408,Inf,0.0474611039992304,TRUE,Clade_A
VFG048379,16,0,8724,2839,8740,2839,0.0018306636155606408,0,Inf,0.017544470876786126,0.0018306636155606408,0.0018306636155606408,Inf,0.0474611039992304,TRUE,Clade_A
VFG048380(gb|WP_012967266),16,0,8724,2839,8740,2839,0.0018306636155606408,0,Inf,0.017544470876786126,0.0018306636155606408,0.0018306636155606408,Inf,0.0474611039992304,TRUE,Clade_A
VFG019970(gb|WP_003100751),7978,2549,762,290,8740,2839,0.9128146453089245,0.8978513561113068,1.1910937233869185,0.0178474280520195,0.01496328919761769,0.01496328919761769,1.0166656641946006,0.04822379263996788,TRUE,Clade_A
VFG000213(gb|NP_250409),7977,2549,763,290,8740,2839,0.912700228832952,0.8978513561113068,1.1893844961955073,0.017934337279174806,0.014848872721645145,0.014848872721645145,1.0165382305440371,0.04834473527429731,TRUE,Clade_A
VFG015150(gb|WP_003100751),7977,2549,763,290,8740,2839,0.912700228832952,0.8978513561113068,1.1893844961955073,0.017934337279174806,0.014848872721645145,0.014848872721645145,1.0165382305440371,0.04834473527429731,TRUE,Clade_A
