Accession,genome_count_A,genome_count_B,absent_count_A,absent_count_B,total_genomes_A,total_genomes_B,freq_A,freq_B,odds_ratio_A_vs_B,p_value,freq_difference_A_minus_B,absolute_freq_difference,freq_ratio,fdr_bh,significant_fdr,enriched_clade
VFG000147(gb|NP_252530),8561,74,179,2765,8740,2839,0.9795194508009153,0.02606551602676999,1783.283557254976,0,0.9534539347741453,0.9534539347741453,37.579131362483764,0,TRUE,Clade_A
VFG019978(gb|WP_003113791),8561,74,179,2765,8740,2839,0.9795194508009153,0.02606551602676999,1783.283557254976,0,0.9534539347741453,0.9534539347741453,37.579131362483764,0,TRUE,Clade_A
VFG015165(gb|WP_003134060),198,2670,8542,169,8740,2839,0.02265446224256293,0.9404719971821064,0.0014437382439748568,0,-0.9178175349395434,0.9178175349395434,41.513763916018235,0,TRUE,Clade_B
VFG042211(gb|WP_003134054),195,2433,8545,406,8740,2839,0.02231121281464531,0.8569918985558295,0.0037908807134838874,0,-0.8346806857411841,0.8346806857411841,38.41081637629718,0,TRUE,Clade_B
VFG042704(gb|NP_249683),873,2522,7867,317,8740,2839,0.09988558352402746,0.8883409651285664,0.013959154237231628,0,-0.788455381604539,0.788455381604539,8.893585378263081,0,TRUE,Clade_B
VFG015860(gb|WP_003138138),1317,2439,7423,400,8740,2839,0.15068649885583524,0.8591053187742163,0.029112050525078557,0,-0.708418819918381,0.708418819918381,5.7012759955099845,0,TRUE,Clade_B
VFG015859(gb|NP_252177),1318,2439,7422,400,8740,2839,0.15080091533180778,0.8591053187742163,0.029138069035470743,0,-0.7083044034424084,0.7083044034424084,5.6969502929337255,0,TRUE,Clade_B
VFG051486(gb|WP_003140107.1),759,2134,7981,705,8740,2839,0.0868421052631579,0.7516731243395561,0.031435991476670803,0,-0.6648310190763982,0.6648310190763982,8.655629916637313,0,TRUE,Clade_B
VFG014092(gb|WP_012074004),6849,483,1891,2356,8740,2839,0.7836384439359267,0.17013032758013386,17.661166172014607,0,0.6135081163557929,0.6135081163557929,4.606106712907031,0,TRUE,Clade_A
VFG014985(gb|WP_012077206),80,1749,8660,1090,8740,2839,0.009153318077803204,0.6160619936597393,0.005759931321804444,0,-0.6069086755819362,0.6069086755819362,67.30477280732653,0,TRUE,Clade_B
VFG000184(gb|NP_251795),7951,896,789,1943,8740,2839,0.9097254004576659,0.31560408594575556,21.842874682288535,0,0.5941213145119104,0.5941213145119104,2.8824892989947695,0,TRUE,Clade_A
VFG014056(gb|WP_003148852),1099,1564,7641,1275,8740,2839,0.12574370709382152,0.5508982035928144,0.1172861300983485,0,-0.42515449649899284,0.42515449649899284,4.381119471702636,0,TRUE,Clade_B
VFG016037(gb|WP_011062375),2301,1949,6439,890,8740,2839,0.26327231121281464,0.6865093342726312,0.16321348629997812,0,-0.42323702305981653,0.42323702305981653,2.6076017303532364,0,TRUE,Clade_B
VFG020073(gb|WP_043205221),715,1427,8025,1412,8740,2839,0.08180778032036613,0.5026417752729835,0.08820815446690687,0,-0.42083399495261736,0.42083399495261736,6.144180581658567,0,TRUE,Clade_B
VFG014292(gb|WP_012076715),3692,2387,5048,452,8740,2839,0.42242562929061783,0.8407890102148644,0.13851779007556247,0,-0.4183633809242466,0.4183633809242466,1.9903835182226206,0,TRUE,Clade_B
VFG041045(gb|NP_251063),5617,2777,3123,62,8740,2839,0.6426773455377575,0.9781613244100035,0.0401592859344012,0,-0.335483978872246,0.335483978872246,1.5220099653451007,0,TRUE,Clade_B
VFG051659(gb|WP_003139309.1),5633,2777,3107,62,8740,2839,0.6445080091533181,0.9781613244100035,0.04048107586946185,0,-0.3336533152566854,0.3336533152566854,1.517686840998301,0,TRUE,Clade_B
VFG051656(gb|WP_012614145.1),5635,2777,3105,62,8740,2839,0.6447368421052632,0.9781613244100035,0.04052153277696044,0,-0.3334244823047403,0.3334244823047403,1.5171481766359238,0,TRUE,Clade_B
VFG019785(gb|WP_012613869),3038,57,5702,2782,8740,2839,0.34759725400457664,0.020077492074674182,26.001486774864052,0,0.32751976192990245,0.32751976192990245,17.312782528403385,0,TRUE,Clade_A
VFG019781(gb|WP_012613866),3034,57,5706,2782,8740,2839,0.3471395881006865,0.020077492074674182,25.949049061872596,0,0.32706209602601233,0.32706209602601233,17.289987554699103,0,TRUE,Clade_A
VFG019783(gb|WP_012613867),3034,57,5706,2782,8740,2839,0.3471395881006865,0.020077492074674182,25.949049061872596,0,0.32706209602601233,0.32706209602601233,17.289987554699103,0,TRUE,Clade_A
VFG019786(gb|WP_003122253),3034,57,5706,2782,8740,2839,0.3471395881006865,0.020077492074674182,25.949049061872596,0,0.32706209602601233,0.32706209602601233,17.289987554699103,0,TRUE,Clade_A
VFG019787(gb|WP_003122254),3034,57,5706,2782,8740,2839,0.3471395881006865,0.020077492074674182,25.949049061872596,0,0.32706209602601233,0.32706209602601233,17.289987554699103,0,TRUE,Clade_A
VFG019789(gb|WP_003452706),3034,57,5706,2782,8740,2839,0.3471395881006865,0.020077492074674182,25.949049061872596,0,0.32706209602601233,0.32706209602601233,17.289987554699103,0,TRUE,Clade_A
VFG019782(gb|WP_003163315),3033,58,5707,2781,8740,2839,0.34702517162471397,0.020429728777738642,25.479694493927184,0,0.32659544284697534,0.32659544284697534,16.986283831768326,0,TRUE,Clade_A
VFG019780(gb|WP_014602695),3035,61,5705,2778,8740,2839,0.34725400457665906,0.021486438886932017,24.22513859692408,0,0.32576756568972703,0.32576756568972703,16.16154293431369,0,TRUE,Clade_A
VFG014175(gb|WP_003149706),459,1043,8281,1796,8740,2839,0.05251716247139588,0.3673828812962311,0.0954534450710344,0,-0.3148657188248352,0.3148657188248352,6.995482314878126,0,TRUE,Clade_B
VFG019788(gb|WP_016253165),2904,56,5836,2783,8740,2839,0.3322654462242563,0.019725255371609723,24.726413579676866,0,0.31254019085264656,0.31254019085264656,16.84467146126185,0,TRUE,Clade_A
VFG019784(gb|WP_172668778),2902,57,5838,2782,8740,2839,0.3320366132723112,0.020077492074674182,24.258918359329495,0,0.311959121197637,0.311959121197637,16.537753422457744,0,TRUE,Clade_A
VFG014253(gb|WP_012076724),208,943,8532,1896,8740,2839,0.02379862700228833,0.3321592109897851,0.04905466949633033,0,-0.3083605839874968,0.3083605839874968,13.957074538705395,0,TRUE,Clade_B
VFG016088(gb|WP_012075637),43,575,8697,2264,8740,2839,0.004919908466819222,0.20253610426206411,0.019473970977973203,2.4500034233969e-310,-0.1976161957952449,0.1976161957952449,41.16664072675443,1.813002533313715e-308,TRUE,Clade_B
VFG013861(gb|WP_003148775),6815,1192,1925,1647,8740,2839,0.7797482837528604,0.4198661500528355,4.890820837800958,1.5890894735111293e-269,0.3598821337000249,0.3598821337000249,1.8571353838711164,1.1391785163232908e-267,TRUE,Clade_A
VFG014461(gb|WP_003158011),5354,686,3386,2153,8740,2839,0.6125858123569794,0.2416343783022191,4.961929190105124,3.209115376874061e-267,0.3709514340547603,0.3709514340547603,2.535176561634788,2.2308214165300292e-265,TRUE,Clade_A
VFG051804(gb|WP_011979145.1),8275,1943,465,896,8740,2839,0.9467963386727689,0.6843959140542445,8.203541309672502,6.24852915837636e-265,0.2624004246185244,0.2624004246185244,1.3834044289716885,4.215919379210403e-263,TRUE,Clade_A
VFG019926(gb|WP_003099228),7803,1701,937,1138,8740,2839,0.89279176201373,0.5991546319126453,5.570292646613917,1.8746379346570822e-243,0.2936371301010847,0.2936371301010847,1.4900857215502525,1.2286912634580991e-241,TRUE,Clade_A
VFG000117(gb|NP_253940),7699,1684,1041,1155,8740,2839,0.8808924485125859,0.5931666079605495,5.071654073516847,1.495787222905486e-225,0.2877258405520363,0.2877258405520363,1.4850674948498996,9.531488581514402e-224,TRUE,Clade_A
VFG014422(gb|WP_012076710),7340,1569,1400,1270,8740,2839,0.8398169336384439,0.5526593871081367,4.243118580720593,7.358179233996513e-200,0.28715754653030723,0.28715754653030723,1.5195922718926336,4.5620711250778375e-198,TRUE,Clade_A
VFG014074(gb|WP_012074002),1139,1140,7601,1699,8740,2839,0.1303203661327231,0.4015498414934836,0.22336196685187484,8.329506989662995e-197,-0.2712294753607605,0.2712294753607605,3.081251637096617,5.0283918511281344e-195,TRUE,Clade_B
VFG020059(gb|WP_012614137),2381,146,6359,2693,8740,2839,0.27242562929061787,0.05142655864741106,6.9055948306495445,2.508178496657484e-167,0.2209990706432068,0.2209990706432068,5.297372339425097,1.475323454187761e-165,TRUE,Clade_A
VFG031373(gb|WP_015291324),329,610,8411,2229,8740,2839,0.03764302059496567,0.2148643888693202,0.142963514234004,3.953226737151757e-167,-0.17722136827435453,0.17722136827435453,5.707947594887108,2.2118785695185686e-165,TRUE,Clade_B
VFG031374(gb|WP_015294300),329,610,8411,2229,8740,2839,0.03764302059496567,0.2148643888693202,0.142963514234004,3.953226737151757e-167,-0.17722136827435453,0.17722136827435453,5.707947594887108,2.2118785695185686e-165,TRUE,Clade_B
VFG019753(gb|WP_003123397),6565,1326,2175,1513,8740,2839,0.7511441647597255,0.46706586826347307,3.4433320837676944,4.053999041149636e-167,0.2840782964962524,0.2840782964962524,1.6082189168573608,2.2142556667612537e-165,TRUE,Clade_A
VFG013784(gb|WP_016254080),627,795,8113,2044,8740,2839,0.07173913043478261,0.28002817893624515,0.19873629189731531,1.865118246178724e-164,-0.20828904850146254,0.20828904850146254,3.903423100323417,9.950188969148819e-163,TRUE,Clade_B
VFG015015(gb|WP_011666786),7546,1768,1194,1071,8740,2839,0.8633867276887872,0.6227544910179641,3.8278811916832516,6.867457645721631e-157,0.24063223667082312,0.24063223667082312,1.3863998415771872,3.5804426907466867e-155,TRUE,Clade_A
VFG020057(gb|WP_012614138),2275,143,6465,2696,8740,2839,0.2602974828375286,0.05036984853821768,6.633536660452163,3.398478192958955e-156,0.20992763429931094,0.20992763429931094,5.167724152277929,1.7324686610328537e-154,TRUE,Clade_A
VFG020082(gb|WP_025208403),2274,144,6466,2695,8740,2839,0.2601830663615561,0.05072208524128214,6.581115861742208,2.9002416057141205e-155,0.20946098112027395,0.20946098112027395,5.129581426392067,1.44633787902352e-153,TRUE,Clade_A
VFG015996(gb|WP_003122677),6391,2681,2349,158,8740,2839,0.7312356979405035,0.9443466009158155,0.16036064892418841,3.685894888017958e-155,-0.213110902975312,0.213110902975312,1.2914394135509664,1.7990303985347227e-153,TRUE,Clade_B
VFG020065(gb|WP_012614134),2277,145,6463,2694,8740,2839,0.26052631578947366,0.0510743219443466,6.544959899160869,5.173468702682833e-155,0.20945199384512705,0.20945199384512705,5.1009255898366606,2.472486917490504e-153,TRUE,Clade_A
VFG015995(gb|WP_003148549),6389,2680,2351,159,8740,2839,0.7310068649885584,0.943994364212751,0.16124798392828027,1.0421580674698365e-154,-0.21298749922419258,0.21298749922419258,1.2913618317764037,4.879001238317969e-153,TRUE,Clade_B
VFG020069(gb|WP_148235954),2285,147,6455,2692,8740,2839,0.261441647597254,0.05177879535047552,6.481808939831209,1.5990116435444594e-154,0.2096628522467785,0.2096628522467785,5.049202976385063,7.33626542058198e-153,TRUE,Clade_A
VFG015994(gb|NP_251084),6391,2680,2349,159,8740,2839,0.7312356979405035,0.943994364212751,0.16143578264181468,1.7986591209800966e-154,-0.2127586662722475,0.2127586662722475,1.2909577129118202,8.090439261820277e-153,TRUE,Clade_B
VFG020070(gb|WP_012614131),2207,138,6533,2701,8740,2839,0.2525171624713959,0.04860866502289538,6.611035535323845,3.621104094599097e-151,0.2039084974485005,0.2039084974485005,5.194900175770239,1.5974639986558324e-149,TRUE,Clade_A
VFG020055(gb|WP_024082546),2277,151,6463,2688,8740,2839,0.26052631578947366,0.05318774216273336,6.270903768455645,5.584607537491042e-151,0.2073385736267403,0.2073385736267403,4.8982398048100375,2.4171867341517828e-149,TRUE,Clade_A
VFG001247(gb|NP_249785),3599,450,5141,2389,8740,2839,0.4117848970251716,0.1585065163790067,3.7161531378020567,2.8557969400289935e-146,0.2532783806461649,0.2532783806461649,2.5979051614543605,1.1698568179333055e-144,TRUE,Clade_A
VFG014319(gb|WP_003140595),3599,450,5141,2389,8740,2839,0.4117848970251716,0.1585065163790067,3.7161531378020567,2.8557969400289935e-146,0.2532783806461649,0.2532783806461649,2.5979051614543605,1.1698568179333055e-144,TRUE,Clade_A
VFG019817(gb|WP_003082190),3599,450,5141,2389,8740,2839,0.4117848970251716,0.1585065163790067,3.7161531378020567,2.8557969400289935e-146,0.2532783806461649,0.2532783806461649,2.5979051614543605,1.1698568179333055e-144,TRUE,Clade_A
VFG001246(gb|NP_249783),3603,451,5137,2388,8740,2839,0.4122425629290618,0.15885875308207115,3.71336982036518,3.224571046587668e-146,0.25338380984699066,0.25338380984699066,2.5950258007884845,1.2753734449779501e-144,TRUE,Clade_A
VFG014293(gb|WP_003082185),3603,451,5137,2388,8740,2839,0.4122425629290618,0.15885875308207115,3.71336982036518,3.224571046587668e-146,0.25338380984699066,0.25338380984699066,2.5950258007884845,1.2753734449779501e-144,TRUE,Clade_A
VFG020317(gb|WP_012614130),2313,169,6427,2670,8740,2839,0.2646453089244851,0.059528002817893624,5.685142573188596,1.578724277641799e-143,0.2051173061065915,0.2051173061065915,4.445728000216646,6.138294055780148e-142,TRUE,Clade_A
VFG001245(gb|NP_249778),3562,449,5178,2390,8740,2839,0.4075514874141876,0.15815427967594223,3.661337105769363,1.749525670851275e-142,0.2493972077382454,0.2493972077382454,2.5769235473694403,6.579363752348892e-141,TRUE,Clade_A
VFG019811(gb|WP_003112506),3562,449,5178,2390,8740,2839,0.4075514874141876,0.15815427967594223,3.661337105769363,1.749525670851275e-142,0.2493972077382454,0.2493972077382454,2.5769235473694403,6.579363752348892e-141,TRUE,Clade_A
VFG020063(gb|WP_012614135),2131,137,6609,2702,8740,2839,0.24382151029748284,0.04825642831983093,6.3583942486151255,1.8404135302198094e-142,0.1955650819776519,0.1955650819776519,5.05262239222302,6.809530061813295e-141,TRUE,Clade_A
VFG014280(gb|WP_003111492),3561,449,5179,2390,8740,2839,0.40743707093821513,0.15815427967594223,3.6596026024326807,2.815071389800699e-142,0.2492827912622729,0.2492827912622729,2.5762000988721443,1.0250434552702862e-140,TRUE,Clade_A
VFG014136(gb|WP_011666598),20,271,8720,2568,8740,2839,0.002288329519450801,0.09545614653046848,0.02174110155820427,3.343127164388781e-142,-0.09316781701101767,0.09316781701101767,41.714336033814725,1.1619899568345247e-140,TRUE,Clade_B
VFG014138(gb|WP_003138473),20,271,8720,2568,8740,2839,0.002288329519450801,0.09545614653046848,0.02174110155820427,3.343127164388781e-142,-0.09316781701101767,0.09316781701101767,41.714336033814725,1.1619899568345247e-140,TRUE,Clade_B
VFG014144(gb|WP_003138479),20,271,8720,2568,8740,2839,0.002288329519450801,0.09545614653046848,0.02174110155820427,3.343127164388781e-142,-0.09316781701101767,0.09316781701101767,41.714336033814725,1.1619899568345247e-140,TRUE,Clade_B
VFG014140(gb|WP_016254249),19,269,8721,2570,8740,2839,0.002173913043478261,0.09475167312433956,0.02082154079532203,5.0088641205119975e-142,-0.0925777600808613,0.0925777600808613,43.5857696371962,1.7149752675305257e-140,TRUE,Clade_B
VFG001244(gb|NP_249777),3564,451,5176,2388,8740,2839,0.4077803203661327,0.15885875308207115,3.6455042267124433,1.1386086989960825e-141,0.24892156728406156,0.24892156728406156,2.5669364290896914,3.7313833649957335e-140,TRUE,Clade_A
VFG014267(gb|WP_003140599),3564,451,5176,2388,8740,2839,0.4077803203661327,0.15885875308207115,3.6455042267124433,1.1386086989960825e-141,0.24892156728406156,0.24892156728406156,2.5669364290896914,3.7313833649957335e-140,TRUE,Clade_A
VFG019809(gb|WP_003112507),3564,451,5176,2388,8740,2839,0.4077803203661327,0.15885875308207115,3.6455042267124433,1.1386086989960825e-141,0.24892156728406156,0.24892156728406156,2.5669364290896914,3.7313833649957335e-140,TRUE,Clade_A
VFG014143(gb|WP_003138478),20,270,8720,2569,8740,2839,0.002288329519450801,0.09510390982740402,0.021830108940854107,1.3682318412071583e-141,-0.09281558030795321,0.09281558030795321,41.560408594575556,4.420737808069325e-140,TRUE,Clade_B
VFG014139(gb|WP_003138474),21,271,8719,2568,8740,2839,0.002402745995423341,0.09545614653046848,0.022830605848069407,3.5949866110725827e-141,-0.09305340053504514,0.09305340053504514,39.72793907982355,1.1454026785834034e-139,TRUE,Clade_B
VFG014137(gb|WP_003138472),21,270,8719,2569,8740,2839,0.002402745995423341,0.09510390982740402,0.02292407179890278,1.4661477731085398e-140,-0.09270116383198068,0.09270116383198068,39.58134151864339,4.484457322014654e-139,TRUE,Clade_B
VFG014142(gb|WP_016254248),21,270,8719,2569,8740,2839,0.002402745995423341,0.09510390982740402,0.02292407179890278,1.4661477731085398e-140,-0.09270116383198068,0.09270116383198068,39.58134151864339,4.484457322014654e-139,TRUE,Clade_B
VFG014146(gb|WP_003138482),21,270,8719,2569,8740,2839,0.002402745995423341,0.09510390982740402,0.02292407179890278,1.4661477731085398e-140,-0.09270116383198068,0.09270116383198068,39.58134151864339,4.484457322014654e-139,TRUE,Clade_B
VFG014145(gb|WP_003138480),18,259,8722,2580,8740,2839,0.002059496567505721,0.09122930609369496,0.020564660180528077,5.83970988020321e-137,-0.08916980952618925,0.08916980952618925,44.29689640327189,1.7626703243666005e-135,TRUE,Clade_B
VFG014141(gb|WP_003138476),17,257,8723,2582,8740,2839,0.0019450800915331808,0.09052483268756605,0.01958634780954681,8.29309339082063e-137,-0.08857975259603286,0.08857975259603286,46.54041398172513,2.4706956153951334e-135,TRUE,Clade_B
VFG016043(gb|WP_011666644),6361,2643,2379,196,8740,2839,0.7278032036613272,0.930961606199366,0.19830805939896853,8.001064413713425e-135,-0.20315840253803874,0.20315840253803874,1.2791391979535385,2.353133559622897e-133,TRUE,Clade_B
VFG014304(gb|NP_249784),3346,417,5394,2422,8740,2839,0.382837528604119,0.14688270517787955,3.602689624562575,1.2480654872235263e-132,0.23595482342623947,0.23595482342623947,2.6064166515757643,3.5346447255441596e-131,TRUE,Clade_A
VFG014306(gb|WP_003082188),3346,417,5394,2422,8740,2839,0.382837528604119,0.14688270517787955,3.602689624562575,1.2480654872235263e-132,0.23595482342623947,0.23595482342623947,2.6064166515757643,3.5346447255441596e-131,TRUE,Clade_A
VFG019815(gb|WP_003082188),3346,417,5394,2422,8740,2839,0.382837528604119,0.14688270517787955,3.602689624562575,1.2480654872235263e-132,0.23595482342623947,0.23595482342623947,2.6064166515757643,3.5346447255441596e-131,TRUE,Clade_A
VFG014332(gb|WP_003082192),3345,417,5395,2422,8740,2839,0.38272311212814647,0.14688270517787955,3.6009459698612654,1.3166039968063886e-132,0.23584040695026692,0.23584040695026692,2.605637686647021,3.6389030947877774e-131,TRUE,Clade_A
VFG019819(gb|WP_003082192),3345,417,5395,2422,8740,2839,0.38272311212814647,0.14688270517787955,3.6009459698612654,1.3166039968063886e-132,0.23584040695026692,0.23584040695026692,2.605637686647021,3.6389030947877774e-131,TRUE,Clade_A
VFG014330(gb|NP_249786),3344,417,5396,2422,8740,2839,0.3826086956521739,0.14688270517787955,3.5992029601450937,2.0627544868849076e-132,0.23572599047429438,0.23572599047429438,2.6048587217182773,5.633284277278546e-131,TRUE,Clade_A
VFG019726(gb|WP_003122079),2165,168,6575,2671,8740,2839,0.2477116704805492,0.059175766114829165,5.234540830079814,1.2049932011938321e-126,0.18853590436572004,0.18853590436572004,4.1860323362754714,3.252064004163119e-125,TRUE,Clade_A
VFG015983(gb|NP_251083),3593,1884,5147,955,8740,2839,0.4110983981693364,0.6636139485734414,0.35388750646645745,3.2857284541368534e-122,-0.25251555040410495,0.25251555040410495,1.614246009054238,8.764489620685978e-121,TRUE,Clade_B
VFG015985(gb|WP_003103610),3600,1884,5140,955,8740,2839,0.41189931350114417,0.6636139485734414,0.35505972007709674,1.6659476896169163e-121,-0.2517146350722972,0.2517146350722972,1.611107197369966,4.392740229863455e-120,TRUE,Clade_B
VFG016108(gb|WP_011061774),8156,2175,584,664,8740,2839,0.9331807780320366,0.766114829165199,4.2628931254695255,3.632002927323717e-119,0.16706594886683757,0.16706594886683757,1.218069070727794,9.467971267364326e-118,TRUE,Clade_A
VFG014708(gb|WP_003153718),5,204,8735,2635,8740,2839,5.720823798627002e-4,0.0718562874251497,0.007412974590112093,8.386048855503281e-119,-0.071284205045287,0.071284205045287,125.60479041916167,2.1615276488229804e-117,TRUE,Clade_B
VFG016067(gb|WP_011062464),5253,1020,3487,1819,8740,2839,0.6010297482837529,0.3592814371257485,2.686272714829603,5.428603269283781e-112,0.24174831115800438,0.24174831115800438,1.6728661327231122,1.3836906555263324e-110,TRUE,Clade_A
VFG014134(gb|WP_003150897),980,10,7760,2829,8740,2839,0.11212814645308924,0.003522367030644593,35.7226728823221,9.291907353357905e-109,0.10860577942244465,0.10860577942244465,31.833180778032037,2.3423775240223116e-107,TRUE,Clade_A
VFG000138(gb|NP_251844),1368,63,7372,2776,8740,2839,0.1565217391304348,0.022190912293060937,8.176289771712575,1.6109091421168258e-104,0.13433082683737385,0.13433082683737385,7.053416149068323,4.0167669261043463e-103,TRUE,Clade_A
VFG014101(gb|NP_251847),1366,63,7374,2776,8740,2839,0.1562929061784897,0.022190912293060937,8.162122514601268,2.680901156015256e-104,0.13410199388542876,0.13410199388542876,7.04310413715448,6.4736707914726295e-103,TRUE,Clade_A
VFG014103(gb|NP_251845),1366,63,7374,2776,8740,2839,0.1562929061784897,0.022190912293060937,8.162122514601268,2.680901156015256e-104,0.13410199388542876,0.13410199388542876,7.04310413715448,6.4736707914726295e-103,TRUE,Clade_A
VFG014105(gb|NP_251843),1366,63,7374,2776,8740,2839,0.1562929061784897,0.022190912293060937,8.162122514601268,2.680901156015256e-104,0.13410199388542876,0.13410199388542876,7.04310413715448,6.4736707914726295e-103,TRUE,Clade_A
VFG014109(gb|NP_251839),1365,63,7375,2776,8740,2839,0.15617848970251716,0.022190912293060937,8.15504176749572,4.268641127688049e-104,0.13398757740945622,0.13398757740945622,7.037948131197559,1.0095116233934417e-102,TRUE,Clade_A
VFG014110(gb|NP_251838),1365,63,7375,2776,8740,2839,0.15617848970251716,0.022190912293060937,8.15504176749572,4.268641127688049e-104,0.13398757740945622,0.13398757740945622,7.037948131197559,1.0095116233934417e-102,TRUE,Clade_A
VFG014108(gb|NP_251840),1364,63,7376,2776,8740,2839,0.15606407322654461,0.022190912293060937,8.147962940314926,7.345048670287905e-104,0.13387316093348367,0.13387316093348367,7.032792125240637,1.7193409846571892e-102,TRUE,Clade_A
VFG014133(gb|WP_012075037),941,10,7799,2829,8740,2839,0.10766590389016019,0.003522367030644593,34.12955845655138,8.802884675432236e-104,0.10414353685951559,0.10414353685951559,30.56635011441648,2.039779539943591e-102,TRUE,Clade_A
VFG000137(gb|NP_251850),1368,64,7372,2775,8740,2839,0.1565217391304348,0.022543148996125396,8.045656225331012,9.64250888400353e-104,0.1339785901343094,0.1339785901343094,6.943206521739131,2.21199153799041e-102,TRUE,Clade_A
VFG014111(gb|NP_251837),1367,64,7373,2775,8740,2839,0.15640732265446225,0.022543148996125396,8.03868482981484,1.5441473433875615e-103,0.13386417365833686,0.13386417365833686,6.938131078375286,3.507201985872343e-102,TRUE,Clade_A
VFG014113(gb|NP_251835),1366,64,7374,2775,8740,2839,0.1562929061784897,0.022543148996125396,8.031715325092929,1.6064250591061108e-103,0.13374975718236431,0.13374975718236431,6.933055635011442,3.612881456460213e-102,TRUE,Clade_A
VFG014099(gb|NP_251849),1365,64,7375,2775,8740,2839,0.15617848970251716,0.022543148996125396,8.024747710395886,2.5274595887889594e-103,0.13363534070639177,0.13363534070639177,6.927980191647597,5.629118734642595e-102,TRUE,Clade_A
VFG014112(gb|NP_251836),1277,52,7463,2787,8740,2839,0.14610983981693365,0.018316308559351884,9.170191381904171,1.8003167762687527e-102,0.12779353125758178,0.12779353125758178,7.977035293082205,3.971083350731268e-101,TRUE,Clade_A
VFG014100(gb|NP_251848),1276,52,7464,2787,8740,2839,0.1459954233409611,0.018316308559351884,9.161783130250779,1.8407487168339607e-102,0.12767911478160923,0.12767911478160923,7.970788593557473,4.021597672778196e-101,TRUE,Clade_A
VFG015170(gb|WP_011666674),8487,2421,253,418,8740,2839,0.9710526315789474,0.852765058119056,5.790688942276666,3.4391172276193395e-102,0.11828757345989138,0.11828757345989138,1.1387106241440033,7.442768792602608e-101,TRUE,Clade_A
VFG014106(gb|NP_251842),1274,52,7466,2787,8740,2839,0.14576659038901602,0.018316308559351884,9.144973383861515,5.100222825329719e-102,0.12745028182966414,0.12745028182966414,7.958295194508009,1.0934496412435865e-100,TRUE,Clade_A
VFG014102(gb|NP_251846),1272,52,7468,2787,8740,2839,0.14553775743707092,0.018316308559351884,9.128172640663701,8.205032625887985e-102,0.12722144887771905,0.12722144887771905,7.945801795458546,1.7268206278703704e-100,TRUE,Clade_A
VFG014107(gb|NP_251841),1272,52,7468,2787,8740,2839,0.14553775743707092,0.018316308559351884,9.128172640663701,8.205032625887985e-102,0.12722144887771905,0.12722144887771905,7.945801795458546,1.7268206278703704e-100,TRUE,Clade_A
VFG014116(gb|NP_251832),1235,50,7505,2789,8740,2839,0.14130434782608695,0.017611835153222965,9.178275792175942,3.848681442096967e-99,0.12369251267286398,0.12369251267286398,8.023260869565217,8.026250207427674e-98,TRUE,Clade_A
VFG016042(gb|WP_161440564),5244,2287,3496,552,8740,2839,0.6,0.8055653399084185,0.36206700592553165,1.2179598389450943e-94,-0.20556533990841852,0.20556533990841852,1.3426088998473642,2.5171170004865282e-93,TRUE,Clade_B
VFG000150(gb|NP_250881),8456,2421,284,418,8740,2839,0.9675057208237986,0.852765058119056,5.139836104777117,6.217940824494325e-93,0.11474066270474259,0.11474066270474259,1.134551318223364,1.2622970133973435e-91,TRUE,Clade_A
VFG019980(gb|WP_003115517),8456,2421,284,418,8740,2839,0.9675057208237986,0.852765058119056,5.139836104777117,6.217940824494325e-93,0.11474066270474259,0.11474066270474259,1.134551318223364,1.2622970133973435e-91,TRUE,Clade_A
VFG014656(gb|WP_003151922),5718,1243,3022,1596,8740,2839,0.654233409610984,0.4378302219091229,2.429276573190865,2.0498496310355867e-91,0.21640318770186107,0.21640318770186107,1.494262791541097,4.1248728540312595e-90,TRUE,Clade_A
VFG000111(gb|NP_253215),1552,1033,7188,1806,8740,2839,0.17757437070938215,0.36386051426558647,0.3775242629000675,1.2655359006358705e-88,-0.18628614355620432,0.18628614355620432,2.0490598548203773,2.5244690052684235e-87,TRUE,Clade_B
VFG015260(gb|WP_162885235),1,143,8739,2696,8740,2839,1.1441647597254005e-4,0.05036984853821768,0.002149283725983124,3.4897353958728567e-87,-0.05025543206224514,0.05025543206224514,440.2324762240225,6.842267519771226e-86,TRUE,Clade_B
VFG015261(gb|WP_004656243),1,143,8739,2696,8740,2839,1.1441647597254005e-4,0.05036984853821768,0.002149283725983124,3.4897353958728567e-87,-0.05025543206224514,0.05025543206224514,440.2324762240225,6.842267519771226e-86,TRUE,Clade_B
VFG030676(gb|WP_011724098),724,5,8016,2834,8740,2839,0.082837528604119,0.0017611835153222965,51.18681666117049,4.7207232822673276e-83,0.0810763450887967,0.0810763450887967,47.03514874141877,9.177406109763771e-82,TRUE,Clade_A
VFG043628,3,137,8737,2702,8740,2839,3.4324942791762013e-4,0.04825642831983093,0.006785735360951534,3.679532857580085e-80,-0.04791317889191331,0.04791317889191331,140.5870611717741,7.0931498952006e-79,TRUE,Clade_B
VFG042709(gb|WP_003141493),3,136,8737,2703,8740,2839,3.4324942791762013e-4,0.04790419161676647,0.006838303209713176,1.5240093857228979e-79,-0.04756094218884885,0.04756094218884885,139.56087824351297,2.9133979423736065e-78,TRUE,Clade_B
VFG015906(gb|WP_011267825),5202,1114,3538,1725,8740,2839,0.5951945080091533,0.3923916872138077,2.2766008714866133,3.6386290671169706e-79,0.20280282079534562,0.20280282079534562,1.516837709369826,6.898359570220107e-78,TRUE,Clade_A
VFG025863(gb|WP_011546711),53,203,8687,2636,8740,2839,0.006064073226544622,0.07150405072208524,0.07925111227957521,1.1720627779637179e-77,-0.06543997749554062,0.06543997749554062,11.791422703981604,2.1859447257307064e-76,TRUE,Clade_B
VFG025866(gb|WP_012327704),53,203,8687,2636,8740,2839,0.006064073226544622,0.07150405072208524,0.07925111227957521,1.1720627779637179e-77,-0.06543997749554062,0.06543997749554062,11.791422703981604,2.1859447257307064e-76,TRUE,Clade_B
VFG042710(gb|WP_003141495),3,132,8737,2707,8740,2839,3.4324942791762013e-4,0.04649524480450863,0.007056572420761792,4.465295761069222e-77,-0.04615199537659101,0.04615199537659101,135.4561465304685,8.26079715797806e-76,TRUE,Clade_B
VFG025865(gb|WP_006493442),55,203,8685,2636,8740,2839,0.006292906178489702,0.07150405072208524,0.08226169988360894,1.5451182153127545e-76,-0.06521114454359554,0.06521114454359554,11.362643696564092,2.835600948741967e-75,TRUE,Clade_B
VFG042707(gb|WP_003141489),3,131,8737,2708,8740,2839,3.4324942791762013e-4,0.04614300810144417,0.007113231242009162,1.8453625532589968e-76,-0.04579975867352655,0.04579975867352655,134.42996360220735,3.3332769269103455e-75,TRUE,Clade_B
VFG042708(gb|WP_003141491),3,131,8737,2708,8740,2839,3.4324942791762013e-4,0.04614300810144417,0.007113231242009162,1.8453625532589968e-76,-0.04579975867352655,0.04579975867352655,134.42996360220735,3.3332769269103455e-75,TRUE,Clade_B
VFG042696(gb|NP_250821),8663,2619,77,220,8740,2839,0.9911899313501145,0.9225079253258189,9.450719014282702,3.99958251692458e-74,0.06868200602429553,0.06868200602429553,1.0744513994283982,7.168001792050771e-73,TRUE,Clade_A
VFG000112(gb|NP_253216),2007,1163,6733,1676,8740,2839,0.22963386727688787,0.4096512856639662,0.4296036806349776,4.405177055283116e-74,-0.18001741838707833,0.18001741838707833,1.7839323551086521,7.833702453348425e-73,TRUE,Clade_B
VFG014115(gb|YP_008719764),1348,106,7392,2733,8740,2839,0.15423340961098397,0.03733709052483269,4.700799317462293,2.0530188881242888e-73,0.11689631908615128,0.11689631908615128,4.130836319675316,3.6227887148900913e-72,TRUE,Clade_A
VFG025876(gb|WP_011546712),250,347,8490,2492,8740,2839,0.028604118993135013,0.12222613596336739,0.21150718368027233,1.5864068410702467e-72,-0.09362201697023237,0.09362201697023237,4.273025713279323,2.736253604071538e-71,TRUE,Clade_B
VFG025878(gb|WP_012492267),250,347,8490,2492,8740,2839,0.028604118993135013,0.12222613596336739,0.21150718368027233,1.5864068410702467e-72,-0.09362201697023237,0.09362201697023237,4.273025713279323,2.736253604071538e-71,TRUE,Clade_B
VFG025879(gb|WP_012327703),250,347,8490,2492,8740,2839,0.028604118993135013,0.12222613596336739,0.21150718368027233,1.5864068410702467e-72,-0.09362201697023237,0.09362201697023237,4.273025713279323,2.736253604071538e-71,TRUE,Clade_B
VFG013775(gb|WP_003141354),1300,862,7440,1977,8740,2839,0.14874141876430205,0.3036280380415639,0.40078711511157267,7.961464209366084e-70,-0.15488661927726186,0.15488661927726186,2.0413146557563606,1.3629551415138652e-68,TRUE,Clade_B
VFG022392(gb|WP_013829148),539,0,8201,2839,8740,2839,0.06167048054919908,0,Inf,3.839833293579214e-68,0.06167048054919908,0.06167048054919908,Inf,6.524872278126458e-67,TRUE,Clade_A
VFG013937(gb|WP_003141555),1293,851,7447,1988,8740,2839,0.1479405034324943,0.2997534343078549,0.40566715062021885,1.2429990862382242e-67,-0.1518129308753606,0.1518129308753606,2.0261755729703417,2.0966469881106516e-66,TRUE,Clade_B
VFG013885(gb|WP_003141780),1300,854,7440,1985,8740,2839,0.14874141876430205,0.30081014441704823,0.40620083112319166,1.3218992600224266e-67,-0.15206872565274618,0.15206872565274618,2.0223697401576937,2.2134575930594504e-66,TRUE,Clade_B
VFG001220(gb|NP_253729),7039,1822,1701,1017,8740,2839,0.8053775743707093,0.6417752729834448,2.3096392021810197,3.53498947977389e-67,0.1636023013872645,0.1636023013872645,1.2549214783965115,5.876279613479206e-66,TRUE,Clade_A
VFG019743(gb|WP_012614629),7463,1997,1277,842,8740,2839,0.8538901601830664,0.7034166960197252,2.4636900051492616,5.833977089989021e-67,0.15047346416334118,0.15047346416334118,1.2139179593188412,9.628160751391953e-66,TRUE,Clade_A
VFG001221(gb|NP_253730),7037,1822,1703,1017,8740,2839,0.8051487414187642,0.6417752729834448,2.3062716885449044,5.995757029270106e-67,0.1633734684353194,0.1633734684353194,1.2545649159648034,9.754799024925975e-66,TRUE,Clade_A
VFG019738(gb|WP_003095839),7037,1822,1703,1017,8740,2839,0.8051487414187642,0.6417752729834448,2.3062716885449044,5.995757029270106e-67,0.1633734684353194,0.1633734684353194,1.2545649159648034,9.754799024925975e-66,TRUE,Clade_A
VFG001218(gb|NP_253727),7462,1998,1278,841,8740,2839,0.8537757437070939,0.7037689327227897,2.45760713185628,1.0625613801439181e-66,0.15000681098430413,0.15000681098430413,1.2131478160082279,1.716560426795879e-65,TRUE,Clade_A
VFG001219(gb|NP_253728),7032,1822,1708,1017,8740,2839,0.8045766590389016,0.6417752729834448,2.297887409786617,1.8379622672579625e-66,0.1628013860554568,0.1628013860554568,1.2536735098855334,2.948451357405431e-65,TRUE,Clade_A
VFG015962(gb|WP_012075675),3292,1585,5448,1254,8740,2839,0.37665903890160185,0.558295174357168,0.47809657451364385,2.5644995434515044e-64,-0.18163613545556617,0.18163613545556617,1.4822295941317278,4.085390244915105e-63,TRUE,Clade_B
VFG001211(gb|NP_253245),6983,1814,1757,1025,8740,2839,0.7989702517162471,0.6389573793589292,2.2455527346906434,1.4258806310475963e-63,0.16001287235731798,0.16001287235731798,1.2504280841358466,2.2403905257693053e-62,TRUE,Clade_A
VFG019754(gb|WP_012614546),6983,1814,1757,1025,8740,2839,0.7989702517162471,0.6389573793589292,2.2455527346906434,1.4258806310475963e-63,0.16001287235731798,0.16001287235731798,1.2504280841358466,2.2403905257693053e-62,TRUE,Clade_A
VFG001216(gb|NP_253240),6991,1818,1749,1021,8740,2839,0.7998855835240275,0.640366326171187,2.2446455150004594,2.2457857003503972e-63,0.15951925735284045,0.15951925735284045,1.2491062550190946,3.50464788884613e-62,TRUE,Clade_A
VFG019756(gb|WP_003161431),6990,1819,1750,1020,8740,2839,0.799771167048055,0.6407185628742516,2.2396137692782743,5.287408832975339e-63,0.1590526041738034,0.1590526041738034,1.2482409803460295,8.195483691111775e-62,TRUE,Clade_A
VFG019747(gb|WP_003119423),6994,1821,1746,1018,8740,2839,0.8002288329519451,0.6414230362803804,2.239163247086339,6.626087471885655e-63,0.1588057966715647,0.1588057966715647,1.2475835566999298,1.0201506483560867e-61,TRUE,Clade_A
VFG001215(gb|NP_253239),6987,1819,1753,1020,8740,2839,0.7994279176201373,0.6407185628742516,2.2348220430365044,9.563876917660282e-63,0.15870935474588577,0.15870935474588577,1.2477052546033918,1.4626355766075124e-61,TRUE,Clade_A
VFG001207(gb|NP_253241),6993,1821,1747,1018,8740,2839,0.8001144164759726,0.6414230362803804,2.237561758259594,1.022948922201921e-62,0.15869138019559215,0.15869138019559215,1.2474051775811565,1.5540694222060971e-61,TRUE,Clade_A
VFG000159(gb|NP_251076),5375,1237,3365,1602,8740,2839,0.6149885583524027,0.4357168016907362,2.0685330698758864,1.5117925321808468e-62,0.17927175666166656,0.17927175666166656,1.411441000131343,2.2667006985770343e-61,TRUE,Clade_A
VFG020053(gb|WP_003103622),5375,1237,3365,1602,8740,2839,0.6149885583524027,0.4357168016907362,2.0685330698758864,1.5117925321808468e-62,0.17927175666166656,0.17927175666166656,1.411441000131343,2.2667006985770343e-61,TRUE,Clade_A
VFG015963(gb|WP_003114509),5374,1237,3366,1602,8740,2839,0.6148741418764302,0.4357168016907362,2.0675339723080413,1.5930914124928825e-62,0.17915734018569401,0.17915734018569401,1.4111784064569,2.3730855196484887e-61,TRUE,Clade_A
VFG013762(gb|WP_003141352),2329,1235,6411,1604,8740,2839,0.2664759725400458,0.43501232828460723,0.47185593746808335,9.886143670477796e-62,-0.16853635574456144,0.16853635574456144,1.6324636106515529,1.4631492632307138e-60,TRUE,Clade_B
VFG001210(gb|NP_253244),7332,1966,1408,873,8740,2839,0.8389016018306636,0.692497358224727,2.312144870367351,1.056537477955303e-60,0.14640424360593662,0.14640424360593662,1.2114148767025708,1.5536519066855544e-59,TRUE,Clade_A
VFG001212(gb|NP_253246),6958,1817,1782,1022,8740,2839,0.7961098398169336,0.6400140894681225,2.1960404542297374,2.101300967047874e-60,0.15609575034881107,0.15609575034881107,1.243894240638566,3.070308546756575e-59,TRUE,Clade_A
VFG019733(gb|WP_003094721),6952,1817,1788,1022,8740,2839,0.7954233409610983,0.6400140894681225,2.186785122129545,8.7994704303542e-60,0.1554092514929758,0.1554092514929758,1.2428216097900706,1.2775939979261097e-58,TRUE,Clade_A
VFG043480(gb|NP_251450),8703,2688,37,151,8740,2839,0.995766590389016,0.9468122578372666,13.209230932038471,3.5441345084110555e-59,0.04895433255174941,0.04895433255174941,1.0517043713223275,5.113361359933938e-58,TRUE,Clade_A
VFG015974(gb|WP_041025344),3327,1563,5413,1276,8740,2839,0.3806636155606407,0.5505459668897499,0.5017963517970404,1.6978474781937222e-56,-0.16988235132910917,0.16988235132910917,1.4462794561516124,2.434288821860249e-55,TRUE,Clade_B
VFG051594(gb|WP_012074520.1),6590,1694,2150,1145,8740,2839,0.7540045766590389,0.5966889749911941,2.0716284696435565,4.224188945134731e-56,0.15731560166784475,0.15731560166784475,1.2636475756405026,6.018813316856567e-55,TRUE,Clade_A
VFG013862(gb|WP_003116135),1217,775,7523,2064,8740,2839,0.13924485125858124,0.27298344487495596,0.43086713817882505,5.052608024628975e-56,-0.13373859361637472,0.13373859361637472,1.9604562926927813,7.154742474382018e-55,TRUE,Clade_B
VFG044086(gb|NP_251077),4977,1135,3763,1704,8740,2839,0.5694508009153318,0.3997886579781613,1.985575233339323,9.075669041876098e-56,0.16966214293717052,0.16966214293717052,1.4243795804393191,1.2772751400039122e-54,TRUE,Clade_A
VFG013925(gb|WP_016254061),1252,786,7488,2053,8740,2839,0.14324942791762013,0.27685804860866503,0.43675708847297895,5.034897263145687e-55,-0.1336086206910449,0.1336086206910449,1.9326991572202337,7.04271604979037e-54,TRUE,Clade_B
VFG013872(gb|WP_003116136),1222,773,7518,2066,8740,2839,0.13981693363844394,0.27227897146882707,0.43446530070947376,5.9368044745094284e-55,-0.13246203783038313,0.13246203783038313,1.9473962443842459,8.253957251227048e-54,TRUE,Clade_B
VFG016021(gb|WP_003148545),3442,1592,5298,1247,8740,2839,0.39382151029748286,0.5607608312786192,0.5089114814217492,2.0285964258954453e-54,-0.16693932098113634,0.16693932098113634,1.4238958934849306,2.8033736150627416e-53,TRUE,Clade_B
VFG013849(gb|WP_003141783),1232,775,7508,2064,8740,2839,0.14096109839816934,0.27298344487495596,0.4370483352015597,2.5770110416987487e-54,-0.13202234647678662,0.13202234647678662,1.9365871008174635,3.539918161471215e-53,TRUE,Clade_B
VFG013810(gb|WP_003116267),1245,779,7495,2060,8740,2839,0.14244851258581237,0.2743923916872138,0.439301007511114,6.013731666990782e-54,-0.13194387910140143,0.13194387910140143,1.9262566291937737,8.2116074071886045e-53,TRUE,Clade_B
VFG013931(gb|WP_003116263),1249,780,7491,2059,8740,2839,0.14290617848970252,0.27474462839027824,0.4401685268489224,7.961145982904151e-54,-0.13183844990057572,0.13183844990057572,1.922552483691779,1.0806431292770486e-52,TRUE,Clade_B
VFG013962(gb|WP_003141552),1248,779,7492,2060,8740,2839,0.14279176201372998,0.2743923916872138,0.44053572135154023,1.1309177691343706e-53,-0.13160062967348382,0.13160062967348382,1.921626204604366,1.5260737425848507e-52,TRUE,Clade_B
VFG044087(gb|NP_251078),5154,1211,3586,1628,8740,2839,0.5897025171624714,0.42655864741106025,1.9320822025520596,7.776020484879753e-52,0.1631438697514111,0.1631438697514111,1.3824652735130107,1.0431690638780207e-50,TRUE,Clade_A
VFG001209(gb|NP_253243),6868,1820,1872,1019,8740,2839,0.785812356979405,0.6410707995773159,2.0539965201793837,2.38517145962579e-51,0.14474155740208905,0.14474155740208905,1.2257809238816104,3.1811530978962573e-50,TRUE,Clade_A
VFG014565(gb|WP_012076409),6055,2363,2685,476,8740,2839,0.6927917620137299,0.8323353293413174,0.45430416667398543,7.295175362960694e-51,-0.13954356732758744,0.13954356732758744,1.201422093879953,9.673486868573312e-50,TRUE,Clade_B
VFG016087(gb|NP_251117),4904,1135,3836,1704,8740,2839,0.5610983981693364,0.3997886579781613,1.919229689713116,1.4272806919889708e-50,0.16130974019117506,0.16130974019117506,1.4034875351566043,1.8603306292174423e-49,TRUE,Clade_A
VFG016089(gb|WP_003139215),4904,1135,3836,1704,8740,2839,0.5610983981693364,0.3997886579781613,1.919229689713116,1.4272806919889708e-50,0.16130974019117506,0.16130974019117506,1.4034875351566043,1.8603306292174423e-49,TRUE,Clade_A
VFG020080(gb|WP_012614120),4904,1135,3836,1704,8740,2839,0.5610983981693364,0.3997886579781613,1.919229689713116,1.4272806919889708e-50,0.16130974019117506,0.16130974019117506,1.4034875351566043,1.8603306292174423e-49,TRUE,Clade_A
VFG016094(gb|WP_012075666),1735,926,7005,1913,8740,2839,0.19851258581235698,0.3261711870376893,0.5117025525457704,1.6683296001150864e-42,-0.12765860122533235,0.12765860122533235,1.6430756050198299,2.1622305664768407e-41,TRUE,Clade_B
VFG015510(gb|WP_012074248),8063,2792,677,47,8740,2839,0.9225400457665904,0.9834448749559704,0.20049740219249612,2.639203724304973e-39,-0.060904829189380005,0.060904829189380005,1.0660186291845692,3.3823091304779937e-38,TRUE,Clade_B
VFG015531(gb|WP_012074248),8063,2792,677,47,8740,2839,0.9225400457665904,0.9834448749559704,0.20049740219249612,2.639203724304973e-39,-0.060904829189380005,0.060904829189380005,1.0660186291845692,3.3823091304779937e-38,TRUE,Clade_B
VFG015509(gb|NP_252901),8065,2792,675,47,8740,2839,0.9227688787185355,0.9834448749559704,0.20114129734177152,4.0049445891326366e-39,-0.060675996237434915,0.060675996237434915,1.065754272425937,4.993121134494711e-38,TRUE,Clade_B
VFG015511(gb|WP_011666542),8065,2792,675,47,8740,2839,0.9227688787185355,0.9834448749559704,0.20114129734177152,4.0049445891326366e-39,-0.060675996237434915,0.060675996237434915,1.065754272425937,4.993121134494711e-38,TRUE,Clade_B
VFG015530(gb|NP_250592),8065,2792,675,47,8740,2839,0.9227688787185355,0.9834448749559704,0.20114129734177152,4.0049445891326366e-39,-0.060675996237434915,0.060675996237434915,1.065754272425937,4.993121134494711e-38,TRUE,Clade_B
VFG015532(gb|WP_011666699),8065,2792,675,47,8740,2839,0.9227688787185355,0.9834448749559704,0.20114129734177152,4.0049445891326366e-39,-0.060675996237434915,0.060675996237434915,1.065754272425937,4.993121134494711e-38,TRUE,Clade_B
VFG020024(gb|WP_003093621),8065,2792,675,47,8740,2839,0.9227688787185355,0.9834448749559704,0.20114129734177152,4.0049445891326366e-39,-0.060675996237434915,0.060675996237434915,1.065754272425937,4.993121134494711e-38,TRUE,Clade_B
VFG013871(gb|WP_012077721),6709,1819,2031,1020,8740,2839,0.7676201372997712,0.6407185628742516,1.852251164285295,6.005750602752053e-39,0.12690157442551964,0.12690157442551964,1.198061335785624,7.447130747412546e-38,TRUE,Clade_A
VFG016066(gb|WP_011533065),8094,2383,646,456,8740,2839,0.9260869565217391,0.8393800634026065,2.3973611092071216,1.297570227720354e-38,0.0867068931191326,0.0867068931191326,1.1032987283110438,1.6003366141884367e-37,TRUE,Clade_A
VFG000190(gb|NP_250386),7970,2328,770,511,8740,2839,0.9118993135011442,0.8200070447340613,2.271805481518876,2.8790810759100575e-38,0.0918922687670829,0.0918922687670829,1.1120627796519538,3.531878068522819e-37,TRUE,Clade_A
VFG015850(gb|WP_012076980),8737,2771,3,68,8740,2839,0.9996567505720824,0.9760479041916168,71.44408448622342,4.2088751899238255e-38,0.023608846380465565,0.023608846380465565,1.0241882045738513,5.135723237066625e-37,TRUE,Clade_A
VFG022919(gb|YP_001701702),1003,606,7737,2233,8740,2839,0.11475972540045766,0.21345544205706235,0.47771799590682806,6.131370252806943e-37,-0.09869571665660469,0.09869571665660469,1.8600205020725076,7.402822821020594e-36,TRUE,Clade_B
VFG027157(gb|WP_005092754),1003,606,7737,2233,8740,2839,0.11475972540045766,0.21345544205706235,0.47771799590682806,6.131370252806943e-37,-0.09869571665660469,0.09869571665660469,1.8600205020725076,7.402822821020594e-36,TRUE,Clade_B
VFG051834(gb|WP_003104959.1),8565,2631,175,208,8740,2839,0.9799771167048055,0.9267347657625925,3.868418124487536,7.358210817998504e-37,0.05324235094221297,0.05324235094221297,1.057451552385003,8.837557914391921e-36,TRUE,Clade_A
VFG015904(gb|WP_164920479),3186,1417,5554,1422,8740,2839,0.3645308924485126,0.49911940824233886,0.575676779214169,1.2873219267699575e-36,-0.13458851579382625,0.13458851579382625,1.369210178291915,1.538081510422022e-35,TRUE,Clade_B
VFG051485(gb|NP_248783.1),8565,2632,175,207,8740,2839,0.9799771167048055,0.9270870024656569,3.848373995949959,1.4566519864191123e-36,0.05289011423914858,0.05289011423914858,1.0570497850778657,1.7313780605416805e-35,TRUE,Clade_A
VFG050294(gb|NP_248789),4744,1155,3996,1684,8740,2839,0.54279176201373,0.4068333920394505,1.7308089847745036,1.9204772350534328e-36,0.1359583699742795,0.1359583699742795,1.3341868505255234,2.2709148336147295e-35,TRUE,Clade_A
VFG016039(gb|WP_012075665),3291,1451,5449,1388,8740,2839,0.3765446224256293,0.5110954561465305,0.5777531731724891,2.7680661127235385e-36,-0.1345508337209012,0.1345508337209012,1.3573303818659,3.2483626526287705e-35,TRUE,Clade_B
VFG016017(gb|WP_003148547),3289,1450,5451,1389,8740,2839,0.3763157894736842,0.510743219443466,0.5780043399901039,2.775410112969656e-36,-0.1344274299697818,0.1344274299697818,1.357219743975644,3.2483626526287705e-35,TRUE,Clade_B
VFG014079(gb|WP_012074003),144,183,8596,2656,8740,2839,0.016475972540045767,0.06445931666079606,0.24319724835270187,6.554227433717654e-35,-0.047983344120750296,0.047983344120750296,3.9123224139955384,7.632181590329085e-34,TRUE,Clade_B
VFG001208(gb|NP_253242),6283,1689,2457,1150,8740,2839,0.7188787185354691,0.5949277914758718,1.741098311673387,3.3751051516920387e-34,0.12395092705959732,0.12395092705959732,1.208346170469033,3.890699104513335e-33,TRUE,Clade_A
VFG019749(gb|WP_003119422),6283,1689,2457,1150,8740,2839,0.7188787185354691,0.5949277914758718,1.741098311673387,3.3751051516920387e-34,0.12395092705959732,0.12395092705959732,1.208346170469033,3.890699104513335e-33,TRUE,Clade_A
VFG015104(gb|WP_011666708),7656,2690,1084,149,8740,2839,0.8759725400457666,0.9475167312433955,0.39123344238086055,2.2001647311414447e-30,-0.07154419119762889,0.07154419119762889,1.0816740113724237,2.5235889466192372e-29,TRUE,Clade_B
VFG014132(gb|WP_012075036),256,2,8484,2837,8740,2839,0.029290617848970253,7.044734061289186e-4,42.797570907933334,6.772666619802651e-29,0.028586144442841334,0.028586144442841334,41.57803203661327,7.7296006098643195e-28,TRUE,Clade_A
VFG014127(gb|WP_012075032),253,2,8487,2837,8740,2839,0.02894736842105263,7.044734061289186e-4,42.281089642654244,1.7869739479063777e-28,0.028242895014923712,0.028242895014923712,41.09078947368421,2.0226906395750524e-27,TRUE,Clade_A
VFG014129(gb|WP_003150889),252,2,8488,2837,8740,2839,0.028832951945080093,7.044734061289186e-4,42.10901034287008,1.798730995960378e-28,0.028128478538951174,0.028128478538951174,40.928375286041195,2.0226906395750524e-27,TRUE,Clade_A
VFG014130(gb|WP_012075034),252,2,8488,2837,8740,2839,0.028832951945080093,7.044734061289186e-4,42.10901034287008,1.798730995960378e-28,0.028128478538951174,0.028128478538951174,40.928375286041195,2.0226906395750524e-27,TRUE,Clade_A
VFG051825(gb|WP_003136992.1),4454,1109,4286,1730,8740,2839,0.5096109839816934,0.3906305036984854,1.6210173259340925,2.224460734364299e-28,0.11898048028320796,0.11898048028320796,1.3045857380739652,2.4892258168935127e-27,TRUE,Clade_A
VFG014118(gb|WP_012075024),251,2,8489,2837,8740,2839,0.02871853546910755,7.044734061289186e-4,41.93697158019231,2.8365617057909764e-28,0.028014062062978632,0.028014062062978632,40.76596109839817,3.0839206412722747e-27,TRUE,Clade_A
VFG014120(gb|WP_042169654),251,2,8489,2837,8740,2839,0.02871853546910755,7.044734061289186e-4,41.93697158019231,2.8365617057909764e-28,0.028014062062978632,0.028014062062978632,40.76596109839817,3.0839206412722747e-27,TRUE,Clade_A
VFG014122(gb|WP_003150874),251,2,8489,2837,8740,2839,0.02871853546910755,7.044734061289186e-4,41.93697158019231,2.8365617057909764e-28,0.028014062062978632,0.028014062062978632,40.76596109839817,3.0839206412722747e-27,TRUE,Clade_A
VFG014124(gb|WP_012075029),251,2,8489,2837,8740,2839,0.02871853546910755,7.044734061289186e-4,41.93697158019231,2.8365617057909764e-28,0.028014062062978632,0.028014062062978632,40.76596109839817,3.0839206412722747e-27,TRUE,Clade_A
VFG014125(gb|WP_012075030),251,2,8489,2837,8740,2839,0.02871853546910755,7.044734061289186e-4,41.93697158019231,2.8365617057909764e-28,0.028014062062978632,0.028014062062978632,40.76596109839817,3.0839206412722747e-27,TRUE,Clade_A
VFG014126(gb|WP_012075031),251,2,8489,2837,8740,2839,0.02871853546910755,7.044734061289186e-4,41.93697158019231,2.8365617057909764e-28,0.028014062062978632,0.028014062062978632,40.76596109839817,3.0839206412722747e-27,TRUE,Clade_A
VFG021820(gb|WP_003893504),8052,2407,688,432,8740,2839,0.9212814645308924,0.8478337442761535,2.100376017163579,3.839674256590736e-28,0.07344772025473889,0.07344772025473889,1.0866298619872055,4.154817332367523e-27,TRUE,Clade_A
VFG019728(gb|WP_003122078),4931,1267,3809,1572,8740,2839,0.564187643020595,0.44628390278266994,1.6060951321815062,9.700843484779267e-28,0.11790374023792505,0.11790374023792505,1.2641899909514358,1.0447762889241144e-26,TRUE,Clade_A
VFG014131(gb|WP_025297833),246,2,8494,2837,8740,2839,0.028146453089244853,7.044734061289186e-4,41.07738532240985,1.1880306524905179e-27,0.027441979683115934,0.027441979683115934,39.95389016018307,1.2735244471089943e-26,TRUE,Clade_A
VFG014135(gb|WP_025297832),255,4,8485,2835,8740,2839,0.02917620137299771,0.0014089468122578373,21.297748987099123,3.2568651194175087e-26,0.027767254560739873,0.027767254560739873,20.707808924485125,3.474999341369193e-25,TRUE,Clade_A
VFG031348(gb|NP_217787),130,150,8610,2689,8740,2839,0.014874141876430207,0.0528355054596689,0.2707187066355167,6.46531007965908e-26,-0.03796136358323869,0.03796136358323869,3.5521716747500474,6.772338503533301e-25,TRUE,Clade_B
VFG031371(gb|WP_015288494),130,150,8610,2689,8740,2839,0.014874141876430207,0.0528355054596689,0.2707187066355167,6.46531007965908e-26,-0.03796136358323869,0.03796136358323869,3.5521716747500474,6.772338503533301e-25,TRUE,Clade_B
VFG031372(gb|WP_015303793),130,150,8610,2689,8740,2839,0.014874141876430207,0.0528355054596689,0.2707187066355167,6.46531007965908e-26,-0.03796136358323869,0.03796136358323869,3.5521716747500474,6.772338503533301e-25,TRUE,Clade_B
VFG031387(gb|WP_015695583),130,150,8610,2689,8740,2839,0.014874141876430207,0.0528355054596689,0.2707187066355167,6.46531007965908e-26,-0.03796136358323869,0.03796136358323869,3.5521716747500474,6.772338503533301e-25,TRUE,Clade_B
VFG051546(gb|WP_003140086.1),8296,2807,444,32,8740,2839,0.94919908466819225,0.9887284255019373,0.21301766404761668,3.952556496246439e-25,-0.03952934083374504,0.03952934083374504,1.0416449420066214,4.1214384556315146e-24,TRUE,Clade_B
VFG014119(gb|WP_012075025),219,2,8521,2837,8740,2839,0.02505720823798627,7.044734061289186e-4,36.453049389636156,2.3877764156184363e-24,0.02435273483185735,0.02435273483185735,35.56870709382151,2.4785335282482773e-23,TRUE,Clade_A
VFG041011(gb|NP_248785),8681,2741,59,98,8740,2839,0.9932494279176202,0.965480803099683,5.2596610535458685,4.430439728529672e-24,0.027768624817937182,0.027768624817937182,1.0287614468654227,4.5781210528139946e-23,TRUE,Clade_A
VFG015432(gb|WP_011979131),2459,533,6281,2306,8740,2839,0.28135011441647595,0.1877421627333568,1.6937242946005369,4.5134567806465184e-24,0.09360795168311914,0.09360795168311914,1.4985984518356008,4.6429909662794235e-23,TRUE,Clade_A
VFG014128(gb|WP_012075033),215,2,8525,2837,8740,2839,0.02459954233409611,7.044734061289186e-4,35.77045353272425,6.0724628762604065e-24,0.02389506892796719,0.02389506892796719,34.91905034324943,6.218852606313113e-23,TRUE,Clade_A
VFG014123(gb|WP_003150878),214,2,8526,2837,8740,2839,0.02448512585812357,7.044734061289186e-4,35.59990463312649,9.943863642776874e-24,0.02378065245199465,0.02378065245199465,34.75663615560641,1.0138321420680066e-22,TRUE,Clade_A
VFG019729(gb|WP_003107299),4804,1255,3936,1584,8740,2839,0.5496567505720824,0.4420570623458964,1.5404022509544366,2.1908967026557916e-23,0.10759968822618599,0.10759968822618599,1.2434067847602726,2.2238570955276045e-22,TRUE,Clade_A
VFG051500(gb|WP_011536257.1),1956,897,6784,1942,8740,2839,0.22379862700228834,0.31595632264882,0.6242721864838792,2.364535191868391e-22,-0.09215769564653167,0.09215769564653167,1.4117884764574062,2.3895346828837402e-21,TRUE,Clade_B
VFG014147(gb|WP_003138484),8477,2830,263,9,8740,2839,0.9699084668192219,0.9968298696724198,0.1025143835960883,3.3287801922303894e-22,-0.026921402853197884,0.026921402853197884,1.0277566427907219,3.3492200706037338e-21,TRUE,Clade_B
VFG016062(gb|WP_165446461),1344,241,7396,2598,8740,2839,0.15377574370709382,0.08488904543853469,1.9588545664445802,4.1789745846836905e-22,0.06888669826855913,0.06888669826855913,1.8114910223420722,4.186274103608902e-21,TRUE,Clade_A
VFG019790(gb|WP_003122257),8485,2830,255,9,8740,2839,0.9708237986270023,0.9968298696724198,0.10583020836211077,2.9990855632809676e-21,-0.026006071045417523,0.026006071045417523,1.0267876324027048,2.991261861811539e-20,TRUE,Clade_B
VFG014117(gb|NP_251831),8478,2829,262,10,8740,2839,0.9700228832951945,0.9964776329693554,0.11439316058155666,3.2171381532777996e-21,-0.02645474967416095,0.02645474967416095,1.0272722944270072,3.1948549452897285e-20,TRUE,Clade_B
VFG051539(gb|WP_011531908.1),166,0,8574,2839,8740,2839,0.018993135011441648,0,Inf,5.237130189157468e-21,0.018993135011441648,0.018993135011441648,Inf,5.1784382128996686e-20,TRUE,Clade_A
VFG042699(gb|NP_252771),8592,2839,148,0,8740,2839,0.9830663615560641,1,0,1.0685821532303835e-18,-0.016933638443935917,0.016933638443935917,1.0172253258845438,1.0520718710345492e-17,TRUE,Clade_B
VFG015827(gb|WP_012315395),23,57,8717,2782,8740,2839,0.002631578947368421,0.020077492074674182,0.1287985942159915,1.3952384972464005e-18,-0.01744591312730576,0.01744591312730576,7.6294469883761895,1.3678107319159158e-17,TRUE,Clade_B
VFG042701(gb|NP_252773),8580,2838,160,1,8740,2839,0.9816933638443935,0.9996477632969355,0.018879382985509608,1.4306180006102455e-18,-0.017954399452541958,0.017954399452541958,1.018289213428347,1.396526678042512e-17,TRUE,Clade_B
VFG015856(gb|NP_248716),8438,2624,302,215,8740,2839,0.9654462242562929,0.9242691088411412,2.2891450567860323,3.114804539348014e-18,0.04117711541515168,0.04117711541515168,1.0445510025394877,3.027695598840824e-17,TRUE,Clade_A
VFG001238(gb|NP_249771),8597,2839,143,0,8740,2839,0.9836384439359268,1,0,4.540661120676678e-18,-0.01636155606407319,0.01636155606407319,1.0166337094335234,4.3582747325658155e-17,TRUE,Clade_B
VFG014189(gb|WP_003086405),8597,2839,143,0,8740,2839,0.9836384439359268,1,0,4.540661120676678e-18,-0.01636155606407319,0.01636155606407319,1.0166337094335234,4.3582747325658155e-17,TRUE,Clade_B
VFG019797(gb|WP_003082154),8597,2839,143,0,8740,2839,0.9836384439359268,1,0,4.540661120676678e-18,-0.01636155606407319,0.01636155606407319,1.0166337094335234,4.3582747325658155e-17,TRUE,Clade_B
VFG051835(gb|WP_011979143.1),7952,2419,788,420,8740,2839,0.9098398169336385,0.8520605847129271,1.7519669583561686,2.810249360534011e-17,0.05777923222071135,0.05777923222071135,1.0678111782863164,2.6861300137770923e-16,TRUE,Clade_A
VFG013930(gb|WP_003150019),132,0,8608,2839,8740,2839,0.015102974828375287,0,Inf,7.917438058075134e-17,0.015102974828375287,0.015102974828375287,Inf,7.536349753205127e-16,TRUE,Clade_A
VFG019935(gb|WP_003111059),8175,2516,565,323,8740,2839,0.9353546910755148,0.8862275449101796,1.8575028349676166,2.1333699848185822e-16,0.0491271461653352,0.0491271461653352,1.0554340095243986,2.0222936963528212e-15,TRUE,Clade_A
VFG014977(gb|WP_012077870),8220,2535,520,304,8740,2839,0.9405034324942791,0.8929200422684044,1.8956508383458615,2.1493640511768237e-16,0.047583390225874767,0.047583390225874767,1.0532896429393523,2.029070425267339e-15,TRUE,Clade_A
VFG042698(gb|NP_252770),8614,2839,126,0,8740,2839,0.98558352402746,1,0,5.432184219357863e-16,-0.014416475972540033,0.014416475972540033,1.0146273508242396,5.107143688199564e-15,TRUE,Clade_B
VFG042706(gb|NP_249685),8487,2823,253,16,8740,2839,0.9710526315789474,0.9943642127509686,0.1901397472020524,5.845035465360693e-16,-0.023311581172021256,0.023311581172021256,1.024006506356011,5.472861778586706e-15,TRUE,Clade_B
VFG000153(gb|NP_252166),8169,2516,571,323,8740,2839,0.9346681922196797,0.8862275449101796,1.8364406032470895,7.151603653019502e-16,0.04844064730950004,0.04844064730950004,1.0546593790586927,6.669015764238512e-15,TRUE,Clade_A
VFG015052(gb|WP_003138177),8168,2516,572,323,8740,2839,0.9345537757437071,0.8862275449101796,1.8330078639890763,7.667406724697921e-16,0.048326230833527495,0.048326230833527495,1.054530273981075,7.121065192897584e-15,TRUE,Clade_A
VFG029698(gb|WP_014382789),2051,882,6689,1957,8740,2839,0.23466819221967963,0.3106727721028531,0.6803625028633812,1.6988700902750593e-15,-0.07600457988317347,0.07600457988317347,1.3238810473812463,1.57145483350443e-14,TRUE,Clade_B
VFG000113,1280,600,7460,2239,8740,2839,0.14645308924485126,0.2113420218386756,0.640312661663284,1.7422950268573584e-15,-0.06488893259382433,0.06488893259382433,1.4430697428672068,1.605150518719189e-14,TRUE,Clade_B
VFG043810(gb|NP_253231),8586,2836,154,3,8740,2839,0.9823798627002288,0.9989432898908066,0.058983624343472665,2.2809231148972984e-15,-0.016563427190577795,0.016563427190577795,1.016860511722065,2.092975050229761e-14,TRUE,Clade_B
VFG014681(gb|NP_253640),8739,2813,1,26,8740,2839,0.9998855835240275,0.9908418457203241,80.80838466468909,2.538120042357715e-15,0.009043737803703378,0.009043737803703378,1.0091273272750494,2.3104949909399198e-14,TRUE,Clade_A
VFG019873(gb|WP_003095673),8739,2813,1,26,8740,2839,0.9998855835240275,0.9908418457203241,80.80838466468909,2.538120042357715e-15,0.009043737803703378,0.009043737803703378,1.0091273272750494,2.3104949909399198e-14,TRUE,Clade_A
VFG041029(gb|NP_250362),8381,2613,359,226,8740,2839,0.9589244851258582,0.9203945051074321,2.019080418196519,7.982417027302747e-15,0.038529980018426,0.038529980018426,1.0418624620253776,7.237812118827076e-14,TRUE,Clade_A
VFG016076(gb|WP_003156700),6475,2303,2265,536,8740,2839,0.7408466819221968,0.8112011271574499,0.6653608818762069,1.0637329406613022e-14,-0.07035444523525303,0.07035444523525303,1.094964919128357,9.607099865657587e-14,TRUE,Clade_B
VFG016041(gb|NP_251092),5974,2154,2766,685,8740,2839,0.6835240274599542,0.7587178584008454,0.6868662547707552,1.2806906058654102e-14,-0.07519383094089116,0.07519383094089116,1.1100090529667541,1.1521193136687258e-13,TRUE,Clade_B
VFG014920(gb|WP_003150208),6271,2238,2469,601,8740,2839,0.7175057208237986,0.7883057414582599,0.682094075823779,5.3266561586364644e-14,-0.07080002063446134,0.07080002063446134,1.0986752001826172,4.773183292153144e-13,TRUE,Clade_B
VFG016129(gb|WP_003157555),8302,2582,438,257,8740,2839,0.9498855835240274,0.9094751673124339,1.8866096942693866,5.56141839779882e-14,0.04041041621159347,0.04041041621159347,1.0444326768492307,4.964161013443772e-13,TRUE,Clade_A
VFG000152(gb|NP_252167),8181,2538,559,301,8740,2839,0.9360411899313501,0.8939767523775978,1.7355574199407622,7.840345934167346e-13,0.04206443755375233,0.04206443755375233,1.0470531671454306,6.971222315108485e-12,TRUE,Clade_A
VFG009374(gb|WP_010908479),0,19,8740,2820,8740,2839,0,0.006692497358224727,0,2.402115717442071e-12,-0.006692497358224727,0.006692497358224727,Inf,2.127588206877263e-11,TRUE,Clade_B
VFG019934(gb|WP_003119559),8182,2542,558,297,8740,2839,0.9361556064073226,0.8953856991898556,1.7130883896012046,3.124674578684177e-12,0.040769907217467094,0.040769907217467094,1.0455333464163608,2.756924416731347e-11,TRUE,Clade_A
VFG009815(gb|WP_162830471),105,1,8635,2838,8740,2839,0.012013729977116704,3.522367030644593e-4,34.50571571026979,4.865542682759838e-12,0.011661493274052245,0.011661493274052245,34.10697940503432,4.1960732760342357e-11,TRUE,Clade_A
VFG009816(gb|WP_165928405),105,1,8635,2838,8740,2839,0.012013729977116704,3.522367030644593e-4,34.50571571026979,4.865542682759838e-12,0.011661493274052245,0.011661493274052245,34.10697940503432,4.1960732760342357e-11,TRUE,Clade_A
VFG009820(gb|WP_036377494),105,1,8635,2838,8740,2839,0.012013729977116704,3.522367030644593e-4,34.50571571026979,4.865542682759838e-12,0.011661493274052245,0.011661493274052245,34.10697940503432,4.1960732760342357e-11,TRUE,Clade_A
VFG024170(gb|WP_014381773),105,1,8635,2838,8740,2839,0.012013729977116704,3.522367030644593e-4,34.50571571026979,4.865542682759838e-12,0.011661493274052245,0.011661493274052245,34.10697940503432,4.1960732760342357e-11,TRUE,Clade_A
VFG024171(gb|WP_014710887),105,1,8635,2838,8740,2839,0.012013729977116704,3.522367030644593e-4,34.50571571026979,4.865542682759838e-12,0.011661493274052245,0.011661493274052245,34.10697940503432,4.1960732760342357e-11,TRUE,Clade_A
VFG027154(gb|WP_020821555),105,1,8635,2838,8740,2839,0.012013729977116704,3.522367030644593e-4,34.50571571026979,4.865542682759838e-12,0.011661493274052245,0.011661493274052245,34.10697940503432,4.1960732760342357e-11,TRUE,Clade_A
VFG015049(gb|WP_003119559),8181,2543,559,296,8740,2839,0.9360411899313501,0.8957379358929201,1.7033946186203357,5.5867184873794366e-12,0.04030325403843005,0.04030325403843005,1.044994470395243,4.7999746105050294e-11,TRUE,Clade_A
VFG044081(gb|NP_250946),8353,2787,387,52,8740,2839,0.955720823798627,0.9816836914406482,0.40276539457104993,1.6486943972505272e-11,-0.02596286764202116,0.02596286764202116,1.0271657444261062,1.4112331892883244e-10,TRUE,Clade_B
VFG051636(gb|WP_012614150.1),8181,2548,559,291,8740,2839,0.9360411899313501,0.8974991194082423,1.6713461920948494,3.7300398813939894e-11,0.03854207052310776,0.03854207052310776,1.0429438533026307,3.169152402932523e-10,TRUE,Clade_A
VFG051637(gb|WP_012075688.1),8181,2548,559,291,8740,2839,0.9360411899313501,0.8974991194082423,1.6713461920948494,3.7300398813939894e-11,0.03854207052310776,0.03854207052310776,1.0429438533026307,3.169152402932523e-10,TRUE,Clade_A
VFG041040(gb|NP_251058),8180,2548,560,291,8740,2839,0.9359267734553776,0.8974991194082423,1.6681580286427715,4.96226590105201e-11,0.03842765404713522,0.03842765404713522,1.0428163696388606,4.185087491549011e-10,TRUE,Clade_A
VFG051639(gb|WP_003089496.1),8180,2548,560,291,8740,2839,0.9359267734553776,0.8974991194082423,1.6681580286427715,4.96226590105201e-11,0.03842765404713522,0.03842765404713522,1.0428163696388606,4.185087491549011e-10,TRUE,Clade_A
VFG051837(gb|WP_003083691.1),8182,2746,558,93,8740,2839,0.9361556064073226,0.9672419866150053,0.4966263728673477,5.4793509186148107e-11,-0.031086380207682618,0.031086380207682618,1.0332064242257573,4.6042604422353026e-10,TRUE,Clade_B
VFG041039(gb|NP_251057),8182,2550,558,289,8740,2839,0.9361556064073226,0.8982035928143712,1.661733781082228,7.895247608025725e-11,0.03795201359295142,0.03795201359295142,1.0422532418001527,6.538519138198923e-10,TRUE,Clade_A
VFG051631(gb|WP_003089495.1),8182,2550,558,289,8740,2839,0.9361556064073226,0.8982035928143712,1.661733781082228,7.895247608025725e-11,0.03795201359295142,0.03795201359295142,1.0422532418001527,6.538519138198923e-10,TRUE,Clade_A
VFG051632(gb|WP_003089495.1),8182,2550,558,289,8740,2839,0.9361556064073226,0.8982035928143712,1.661733781082228,7.895247608025725e-11,0.03795201359295142,0.03795201359295142,1.0422532418001527,6.538519138198923e-10,TRUE,Clade_A
VFG051634(gb|WP_003089495.1),8182,2550,558,289,8740,2839,0.9361556064073226,0.8982035928143712,1.661733781082228,7.895247608025725e-11,0.03795201359295142,0.03795201359295142,1.0422532418001527,6.538519138198923e-10,TRUE,Clade_A
VFG015438(gb|WP_003111627),8612,2834,128,5,8740,2839,0.9853546910755149,0.9982388164846777,0.11871475302609699,8.9509485980238e-11,-0.012884125409162839,0.012884125409162839,1.0130756219317327,7.386142476211006e-10,TRUE,Clade_B
VFG041036(gb|NP_251054),8180,2551,560,288,8740,2839,0.9359267734553776,0.8985558295174357,1.6490208337224768,1.4181224940674427e-10,0.037370943937941825,0.037370943937941825,1.0415900077772704,1.1660118284554529e-9,TRUE,Clade_A
VFG041037(gb|NP_251055),8187,2554,553,285,8740,2839,0.9367276887871854,0.8996125396266291,1.6519708578721695,1.4838360498292566e-10,0.03711514916055625,0.03711514916055625,1.041256816157721,1.2156856779672553e-9,TRUE,Clade_A
VFG051829(gb|WP_003138819.1),8182,2553,558,286,8740,2839,0.9361556064073226,0.8992603029235646,1.6425533928537055,2.2345058509838433e-10,0.036895303483758024,0.036895303483758024,1.0410285023855812,1.8241837801270236e-9,TRUE,Clade_A
VFG020046(gb|WP_012613422),8333,2616,407,223,8740,2839,0.9534324942791762,0.9214512152166255,1.7451988684155106,3.4912697527183086e-10,0.03198127906255066,0.03198127906255066,1.034707511948999,2.8400612811119856e-9,TRUE,Clade_A
VFG041034(gb|NP_251052),8205,2564,535,275,8740,2839,0.9387871853546911,0.9031349066572737,1.6448200861345446,4.0357860730156714e-10,0.03565227869741738,0.03565227869741738,1.0394761385421092,3.259891989964067e-9,TRUE,Clade_A
VFG051611(gb|WP_003104706.1),8205,2564,535,275,8740,2839,0.9387871853546911,0.9031349066572737,1.6448200861345446,4.0357860730156714e-10,0.03565227869741738,0.03565227869741738,1.0394761385421092,3.259891989964067e-9,TRUE,Clade_A
VFG051612(gb|WP_012075691.1),8203,2563,537,276,8740,2839,0.938558352402746,0.9027826699542092,1.6448936571748771,4.284846882207634e-10,0.035775682448536794,0.035775682448536794,1.0396282335042513,3.448925876415548e-9,TRUE,Clade_A
VFG015551(gb|NP_248741),8652,2838,88,1,8740,2839,0.9899313501144165,0.9996477632969355,0.03464728956957472,5.134702662142149e-10,-0.009716413182519035,0.009716413182519035,1.0098152393914952,4.0899333010257254e-9,TRUE,Clade_B
VFG015552(gb|WP_003111526),8652,2838,88,1,8740,2839,0.9899313501144165,0.9996477632969355,0.03464728956957472,5.134702662142149e-10,-0.009716413182519035,0.009716413182519035,1.0098152393914952,4.0899333010257254e-9,TRUE,Clade_B
VFG020038(gb|WP_012613433),8652,2838,88,1,8740,2839,0.9899313501144165,0.9996477632969355,0.03464728956957472,5.134702662142149e-10,-0.009716413182519035,0.009716413182519035,1.0098152393914952,4.0899333010257254e-9,TRUE,Clade_B
VFG023254(gb|WP_013826991),85,1,8655,2838,8740,2839,0.009725400457665904,3.522367030644593e-4,27.868688415497576,1.2971098874672232e-9,0.009373163754601444,0.009373163754601444,27.6104118993135,1.029609024861526e-8,TRUE,Clade_A
VFG051614(gb|WP_003131567.1),8203,2567,537,272,8740,2839,0.938558352402746,0.9041916167664671,1.6185323253679518,1.5340943266002663e-9,0.0343667356362789,0.0343667356362789,1.03800824404807,1.2135215121451761e-8,TRUE,Clade_A
VFG015504(gb|WP_041025452),250,29,8490,2810,8740,2839,0.028604118993135013,0.010214864388869321,2.853232456216856,2.122701344731496e-9,0.018389254604265694,0.018389254604265694,2.800244614534838,1.6733597542316332e-8,TRUE,Clade_A
VFG038755(gb|WP_011706626),70,0,8670,2839,8740,2839,0.008009153318077803,0,Inf,3.843603593913002e-9,0.008009153318077803,0.008009153318077803,Inf,3.0195981659028855e-8,TRUE,Clade_A
VFG014707(gb|NP_250151),8244,2586,496,253,8740,2839,0.9432494279176201,0.9108841141246918,1.6260278948996811,4.446417081724943e-9,0.032365313792928285,0.032365313792928285,1.0355317578724375,3.4694152331554485e-8,TRUE,Clade_A
VFG019877(gb|WP_003159935),8244,2586,496,253,8740,2839,0.9432494279176201,0.9108841141246918,1.6260278948996811,4.446417081724943e-9,0.032365313792928285,0.032365313792928285,1.0355317578724375,3.4694152331554485e-8,TRUE,Clade_A
VFG014709(gb|WP_003083089),8242,2586,498,253,8740,2839,0.943020594965675,0.9108841141246918,1.6191054914743181,4.791034571372232e-9,0.032136480840983195,0.032136480840983195,1.0352805371645597,3.7256384090603054e-8,TRUE,Clade_A
VFG014629(gb|NP_250146),8243,2587,497,252,8740,2839,0.9431350114416476,0.9112363508277562,1.615522459087724,5.968134601280367e-9,0.03189866061389135,0.03189866061389135,1.0350059132133118,4.6253043159922846e-8,TRUE,Clade_A
VFG001265(gb|NP_250145),8249,2589,491,250,8740,2839,0.9438215102974828,0.9119408242338851,1.6222118034515307,6.3538037817161045e-9,0.03188068606359773,0.03188068606359773,1.0349591609635203,4.9076181398170856e-8,TRUE,Clade_A
VFG014618(gb|WP_003083064),8248,2589,492,250,8740,2839,0.9437070938215103,0.9119408242338851,1.618718732974085,6.53797976725751e-9,0.031766269587625184,0.031766269587625184,1.034833696160397,5.032928049023063e-8,TRUE,Clade_A
VFG043013(gb|NP_250148),8247,2589,493,250,8740,2839,0.9435926773455378,0.9119408242338851,1.6152398322581685,6.83302586153566e-9,0.03165185311165264,0.03165185311165264,1.0347082313572737,5.242461982061138e-8,TRUE,Clade_A
VFG014630(gb|WP_003083070),8237,2585,503,254,8740,2839,0.9424485125858123,0.9105318774216273,1.6089939550360903,7.05143081754756e-9,0.03191663516418497,0.03191663516418497,1.03505273780701,5.391994098484701e-8,TRUE,Clade_A
VFG014617(gb|WP_003083064),8242,2587,498,252,8740,2839,0.943020594965675,0.9112363508277562,1.6120832023971292,7.764089484998102e-9,0.031784244137918805,0.031784244137918805,1.0348803514138196,5.8976229399290215e-8,TRUE,Clade_A
VFG019865(gb|WP_003083070),8242,2587,498,252,8740,2839,0.943020594965675,0.9112363508277562,1.6120832023971292,7.764089484998102e-9,0.031784244137918805,0.031784244137918805,1.0348803514138196,5.8976229399290215e-8,TRUE,Clade_A
VFG014631(gb|WP_003083070),8241,2587,499,252,8740,2839,0.9429061784897025,0.9112363508277562,1.60865772941618,8.072897958430886e-9,0.03166982766194626,0.03166982766194626,1.0347547896143277,6.111956408132162e-8,TRUE,Clade_A
VFG022941(gb|WP_013827874),8128,2543,612,296,8740,2839,0.9299771167048055,0.8957379358929201,1.5458225383380748,1.0416061634173573e-8,0.034239180811885483,0.034239180811885483,1.0382245514451212,7.8600149305244e-8,TRUE,Clade_A
VFG000176(gb|NP_251787),8491,2692,249,147,8740,2839,0.9715102974828376,0.9482212046495245,1.861895077686238,1.3069338192356905e-8,0.02328909283331304,0.02328909283331304,1.0245608226425615,9.829856332218603e-8,TRUE,Clade_A
VFG016114(gb|WP_012074238),8257,2595,483,244,8740,2839,0.9447368421052632,0.9140542444522719,1.6073402315765788,1.3856205375371881e-8,0.030682597652991306,0.030682597652991306,1.0335675894939662,1.0387625859837613e-7,TRUE,Clade_A
VFG042747(gb|NP_252990),8289,2608,451,231,8740,2839,0.9483981693363844,0.9186333215921099,1.627832063250768,1.4706116619059524e-8,0.02976484774427457,0.02976484774427457,1.0324012280467774,1.0988870203297247e-7,TRUE,Clade_A
VFG016036(gb|WP_010954974),16,29,8724,2810,8740,2839,0.0018306636155606408,0.010214864388869321,0.17774304563609217,1.5868459728197667e-8,-0.00838420077330868,0.00838420077330868,5.579869672419866,1.1818911239118652e-7,TRUE,Clade_B
VFG041019(gb|NP_250352),8492,2693,248,146,8740,2839,0.9716247139588101,0.9485734413525889,1.8562188928683934,1.7042661288503694e-8,0.023051272606221196,0.023051272606221196,1.0243009888336658,1.26523834937953e-7,TRUE,Clade_A
VFG015094(gb|WP_003087668),8674,2839,66,0,8740,2839,0.9924485125858123,1,0,1.7680234527797742e-8,-0.007551487414187652,0.007551487414187652,1.0076089462762279,1.308337355057033e-7,TRUE,Clade_B
VFG051483(gb|NP_251464.1),8148,2553,592,286,8740,2839,0.9322654462242563,0.8992603029235646,1.541795059172903,2.0574870212499198e-8,0.03300514330069171,0.03300514330069171,1.0367025467413489,1.5176447674428667e-7,TRUE,Clade_A
VFG042693(gb|NP_250818),8160,2558,580,281,8740,2839,0.9336384439359268,0.9010214864388869,1.5454321824416297,2.4472559177626788e-8,0.032616957497039856,0.032616957497039856,1.0361999774566444,1.799360601072944e-7,TRUE,Clade_A
VFG015080(gb|NP_251276),8243,2591,497,248,8740,2839,0.9431350114416476,0.9126452976400141,1.5874276625219295,2.5765398958235404e-8,0.030489713801633456,0.030489713801633456,1.0334080654121334,1.8763754034981593e-7,TRUE,Clade_A
VFG015082(gb|WP_003090351),8243,2591,497,248,8740,2839,0.9431350114416476,0.9126452976400141,1.5874276625219295,2.5765398958235404e-8,0.030489713801633456,0.030489713801633456,1.0334080654121334,1.8763754034981593e-7,TRUE,Clade_A
VFG019943(gb|WP_003090351),8243,2591,497,248,8740,2839,0.9431350114416476,0.9126452976400141,1.5874276625219295,2.5765398958235404e-8,0.030489713801633456,0.030489713801633456,1.0334080654121334,1.8763754034981593e-7,TRUE,Clade_A
VFG043012(gb|NP_250147),8194,2572,546,267,8740,2839,0.9375286041189931,0.9059528002817894,1.557848595292456,2.7709009209832808e-8,0.03157580383720371,0.03157580383720371,1.0348536963817345,2.0115337698530524e-7,TRUE,Clade_A
VFG022385(gb|WP_041319509),432,74,8308,2765,8740,2839,0.0494279176201373,0.02606551602676999,1.942849740511519,3.2761932046166185e-8,0.023362401593367308,0.023362401593367308,1.8962953800482403,2.3708477007541083e-7,TRUE,Clade_A
VFG000135(gb|NP_249455),8291,2611,449,228,8740,2839,0.9486270022883295,0.9196900317013033,1.6123843938981064,3.746889382942613e-8,0.028936970587026267,0.028936970587026267,1.0314638297573986,2.70294473096552e-7,TRUE,Clade_A
VFG000170(gb|NP_252920),8207,2578,533,261,8740,2839,0.9390160183066362,0.9080662205001762,1.558821607899004,4.0161625086171873e-08,0.03094979780646001,0.03094979780646001,1.034083194713941,2.87011738154761e-7,TRUE,Clade_A
VFG016139(gb|WP_003137464),8207,2578,533,261,8740,2839,0.9390160183066362,0.9080662205001762,1.558821607899004,4.0161625086171873e-08,0.03094979780646001,0.03094979780646001,1.034083194713941,2.87011738154761e-7,TRUE,Clade_A
VFG020094(gb|WP_003106950),8207,2578,533,261,8740,2839,0.9390160183066362,0.9080662205001762,1.558821607899004,4.0161625086171873e-08,0.03094979780646001,0.03094979780646001,1.034083194713941,2.87011738154761e-7,TRUE,Clade_A
VFG013948(gb|NP_251650),8215,2581,525,258,8740,2839,0.9399313501144165,0.9091229306093696,1.564088811484207,4.170211991277277e-8,0.03080841950504698,0.03080841950504698,1.0338880677934243,2.9709522695621346e-7,TRUE,Clade_A
VFG013949(gb|WP_003091119),8214,2581,526,258,8740,2839,0.939816933638444,0.9091229306093696,1.560925553575472,4.273276950784609e-8,0.030694003029074435,0.030694003029074435,1.0337622141028835,3.0349527322290693e-7,TRUE,Clade_A
VFG043018(gb|NP_252039),8284,2609,456,230,8740,2839,0.9478260869565217,0.9189855582951744,1.6014351330508578,4.5859479199031035e-8,0.028840528661347342,0.028840528661347342,1.0313830053160464,3.24696436057337e-7,TRUE,Clade_A
VFG019913(gb|WP_003085548),8291,2612,449,227,8740,2839,0.9486270022883295,0.9200422684043678,1.6046987365877152,4.8175204936349354e-8,0.028584733883961766,0.028584733883961766,1.0310689354887317,3.400428311507244e-7,TRUE,Clade_A
VFG000140(gb|NP_253696),8263,2601,477,238,8740,2839,0.9454233409610984,0.9161676646706587,1.5850274970179248,5.0431837927267715e-8,0.02925567629043968,0.02925567629043968,1.0319326662778001,3.5487925216304336e-7,TRUE,Clade_A
VFG014668(gb|NP_252042),8225,2586,515,253,8740,2839,0.9410755148741419,0.9108841141246918,1.562435737375888,5.199995152807782e-8,0.030191400749450037,0.030191400749450037,1.0331451611475981,3.625771696213086e-7,TRUE,Clade_A
VFG014670(gb|WP_003091733),8225,2586,515,253,8740,2839,0.9410755148741419,0.9108841141246918,1.562435737375888,5.199995152807782e-8,0.030191400749450037,0.030191400749450037,1.0331451611475981,3.625771696213086e-7,TRUE,Clade_A
VFG019871(gb|WP_003091733),8225,2586,515,253,8740,2839,0.9410755148741419,0.9108841141246918,1.562435737375888,5.199995152807782e-8,0.030191400749450037,0.030191400749450037,1.0331451611475981,3.625771696213086e-7,TRUE,Clade_A
VFG019869(gb|WP_003098742),8215,2582,525,257,8740,2839,0.9399313501144165,0.9094751673124339,1.557423718067661,5.256207477311828e-8,0.03045618280198259,0.03045618280198259,1.0334876463883922,3.65386059180404e-7,TRUE,Clade_A
VFG014655(gb|NP_252041),8214,2582,526,257,8740,2839,0.939816933638444,0.9094751673124339,1.5542739395929437,5.45029005965622e-8,0.030341766326010045,0.030341766326010045,1.0333618414405665,3.754953562251839e-7,TRUE,Clade_A
VFG014657(gb|WP_003091732),8214,2582,526,257,8740,2839,0.939816933638444,0.9094751673124339,1.5542739395929437,5.45029005965622e-8,0.030341766326010045,0.030341766326010045,1.0333618414405665,3.754953562251839e-7,TRUE,Clade_A
VFG000179(gb|NP_251790),8223,2585,517,254,8740,2839,0.9408466819221968,0.9105318774216273,1.5627675818728328,5.4507390419784756e-8,0.030314804500569448,0.030314804500569448,1.0332935125636815,3.754953562251839e-7,TRUE,Clade_A
VFG000180(gb|NP_251791),8222,2585,518,254,8740,2839,0.9407322654462242,0.9105318774216273,1.5595613063177696,5.592884654481361e-8,0.030200388024596903,0.030200388024596903,1.0331678536177293,3.8298738499642516e-7,TRUE,Clade_A
VFG042743(gb|NP_252986),8268,2603,472,236,8740,2839,0.9459954233409611,0.9168721380767876,1.588097041632436,5.5814321737645325e-8,0.029123285264173515,0.029123285264173515,1.0317637367902377,3.8298738499642516e-7,TRUE,Clade_A
VFG044102(gb|NP_253396),8277,2607,463,232,8740,2839,0.947025171624714,0.9182810848890455,1.5908146019534628,5.625513811656804e-8,0.028744086735668528,0.028744086735668528,1.031302056863277,3.840752584506163e-7,TRUE,Clade_A
VFG014642(gb|NP_252040),8246,2595,494,244,8740,2839,0.9434782608695652,0.9140542444522719,1.5694595235937048,6.24113930761914e-8,0.02942401641729331,0.02942401641729331,1.0321906676719443,4.235832876854558e-7,TRUE,Clade_A
VFG019867(gb|WP_003098745),8246,2595,494,244,8740,2839,0.9434782608695652,0.9140542444522719,1.5694595235937048,6.24113930761914e-8,0.02942401641729331,0.02942401641729331,1.0321906676719443,4.235832876854558e-7,TRUE,Clade_A
VFG013835(gb|WP_003110888),8291,2613,449,226,8740,2839,0.9486270022883295,0.9203945051074321,1.5970189575906375,6.25957866283215e-8,0.028232497180897376,0.028232497180897376,1.0306743434736194,4.235832876854558e-7,TRUE,Clade_A
VFG044085(gb|NP_251074),8161,2562,579,277,8740,2839,0.9337528604118993,0.9024304332511448,1.523870596285084,7.337351290746484e-8,0.03132242716075451,0.03132242716075451,1.0347089659287205,4.950554076756598e-7,TRUE,Clade_A
VFG014694(gb|NP_253641),8266,2603,474,236,8740,2839,0.945766590389016,0.9168721380767876,1.5810144108688047,7.490489655138127e-8,0.028894452312228425,0.028894452312228425,1.031514156786176,5.039056677092922e-7,TRUE,Clade_A
VFG000183(gb|NP_251794),8247,2596,493,243,8740,2839,0.9435926773455378,0.9144064811553364,1.565784679194824,7.688716199668176e-8,0.029186196190201352,0.029186196190201352,1.0319181860492996,5.15728507661953e-7,TRUE,Clade_A
VFG044225(gb|WP_011533698),8235,2591,505,248,8740,2839,0.9422196796338673,0.9126452976400141,1.5607668119133384,8.140178491713644e-8,0.029574381993853205,0.029574381993853205,1.0324051217601502,5.44418934693618e-7,TRUE,Clade_A
VFG044449(gb|NP_253342),8289,2613,451,226,8740,2839,0.9483981693363844,0.9203945051074321,1.5895540760189328,8.407009738408679e-8,0.028003664228952285,0.028003664228952285,1.0304257186169137,5.606302424392299e-7,TRUE,Clade_A
VFG000132(gb|NP_252240),8242,2594,498,245,8740,2839,0.943020594965675,0.9137020077492075,1.5630786770164622,8.6350076822172345e-08,0.029318587216467518,0.029318587216467518,1.0320876904809373,5.692157362932855e-7,TRUE,Clade_A
VFG014869(gb|WP_012074762),8242,2594,498,245,8740,2839,0.943020594965675,0.9137020077492075,1.5630786770164622,8.6350076822172345e-08,0.029318587216467518,0.029318587216467518,1.0320876904809373,5.692157362932855e-7,TRUE,Clade_A
VFG014870(gb|WP_003138083),8242,2594,498,245,8740,2839,0.943020594965675,0.9137020077492075,1.5630786770164622,8.6350076822172345e-08,0.029318587216467518,0.029318587216467518,1.0320876904809373,5.692157362932855e-7,TRUE,Clade_A
VFG019903(gb|WP_003092112),8242,2594,498,245,8740,2839,0.943020594965675,0.9137020077492075,1.5630786770164622,8.6350076822172345e-08,0.029318587216467518,0.029318587216467518,1.0320876904809373,5.692157362932855e-7,TRUE,Clade_A
VFG014934(gb|WP_003140937),8287,2612,453,227,8740,2839,0.9481693363844393,0.9200422684043678,1.5897634078333103,8.765020728136231e-8,0.028127067980071585,0.028127067980071585,1.030571495404067,5.761305888350864e-7,TRUE,Clade_A
VFG020091(gb|WP_003106955),8269,2605,471,234,8740,2839,0.9461098398169336,0.9175766114829165,1.5769621245575518,8.812856625445821e-8,0.02853322833401717,0.02853322833401717,1.0310962899194913,5.776198028220775e-7,TRUE,Clade_A
VFG038916(gb|WP_011705263),8211,2582,529,257,8740,2839,0.9394736842105263,0.9094751673124339,1.544896050045539,9.133411538810505e-8,0.02999851689809241,0.02999851689809241,1.0329844265970891,5.969243894595811e-7,TRUE,Clade_A
VFG000162(gb|NP_251116),8179,2570,561,269,8740,2839,0.935812356979405,0.9052483268756605,1.5259456523600339,9.669913276810247e-8,0.030564030103744533,0.030564030103744533,1.0337631445387279,6.301926436648496e-7,TRUE,Clade_A
VFG044445(gb|NP_253338),8236,2592,504,247,8740,2839,0.9423340961098399,0.9129975343430785,1.5571461969451799,1.0016964015075134e-7,0.02933656176676136,0.02933656176676136,1.0321321369042575,6.495319765202037e-7,TRUE,Clade_A
VFG014720(gb|NP_250152),8264,2603,476,236,8740,2839,0.9455377574370709,0.9168721380767876,1.5739912941877334,1.0023292052665742e-7,0.028665619360283334,0.028665619360283334,1.0312645767821147,6.495319765202037e-7,TRUE,Clade_A
VFG000211(gb|NP_250407),8682,2839,58,0,8740,2839,0.9933638443935927,1,0,1.0916438361928527e-7,-0.00663615560640729,0.00663615560640729,1.0066804883667357,7.014652549653793e-7,TRUE,Clade_B
VFG015146(gb|WP_003140040),8682,2839,58,0,8740,2839,0.9933638443935927,1,0,1.0916438361928527e-7,-0.00663615560640729,0.00663615560640729,1.0066804883667357,7.014652549653793e-7,TRUE,Clade_B
VFG019968(gb|WP_012614295),8682,2839,58,0,8740,2839,0.9933638443935927,1,0,1.0916438361928527e-7,-0.00663615560640729,0.00663615560640729,1.0066804883667357,7.014652549653793e-7,TRUE,Clade_B
VFG000167(gb|NP_252917),8268,2605,472,234,8740,2839,0.9459954233409611,0.9175766114829165,1.5734311658325062,1.1447635118330635e-7,0.028418811858044624,0.028418811858044624,1.0309715957255234,7.335439933366055e-7,TRUE,Clade_A
VFG000119(gb|NP_253948),8259,2602,481,237,8740,2839,0.9449656750572082,0.9165199013737232,1.563885202064514,1.1502877068084525e-7,0.028445773683485,0.028445773683485,1.0310367223241406,7.35030640506571e-7,TRUE,Clade_A
VFG042741(gb|NP_252984),8246,2597,494,242,8740,2839,0.9434782608695652,0.9147587178584008,1.555397780711511,1.2513050098531944e-7,0.028719543011164417,0.028719543011164417,1.0313957576467832,7.973593590564521e-7,TRUE,Clade_A
VFG044100(gb|NP_253394),8264,2604,476,235,8740,2839,0.9455377574370709,0.9172243747798521,1.566720698576596,1.2672940215126799e-7,0.028313382657218833,0.028313382657218833,1.03086854583865,8.053109377701074e-7,TRUE,Clade_A
VFG050296(gb|NP_250645),8223,2588,517,251,8740,2839,0.9408466819221968,0.9115885875308207,1.5425216089861207,1.364035223810242e-7,0.029258094391376055,0.029258094391376055,1.0320957225568457,8.635200312185416e-7,TRUE,Clade_A
VFG019879(gb|WP_012614339),8261,2603,479,236,8740,2839,0.9451945080091533,0.9168721380767876,1.5635665773861804,1.3664244609081542e-7,0.0283223699323657,0.0283223699323657,1.0308902067760224,8.635200312185416e-7,TRUE,Clade_A
VFG050298(gb|NP_250643),8232,2592,508,247,8740,2839,0.9418764302059497,0.9129975343430785,1.5441362355247963,1.404740372029532e-7,0.02887889586287118,0.02887889586287118,1.0316308585473346,8.852951685263039e-7,TRUE,Clade_A
VFG000134(gb|NP_249454),8240,2595,500,244,8740,2839,0.9427917620137299,0.9140542444522719,1.5494997893443816,1.4434925936415329e-7,0.028737517561458037,0.028737517561458037,1.031439619405387,9.04746450768764e-7,TRUE,Clade_A
VFG019911(gb|WP_003101958),8240,2595,500,244,8740,2839,0.9427917620137299,0.9140542444522719,1.5494997893443816,1.4434925936415329e-7,0.028737517561458037,0.028737517561458037,1.031439619405387,9.04746450768764e-7,TRUE,Clade_A
VFG044099(gb|NP_253393),8268,2606,472,233,8740,2839,0.9459954233409611,0.917928848185981,1.5661066634969283,1.4481414374095105e-7,0.028066575154980122,0.028066575154980122,1.0305759811454291,9.051870456178247e-7,TRUE,Clade_A
VFG014733(gb|NP_252216),8295,2617,445,222,8740,2839,0.9490846681922197,0.92180345191969,1.581199050109688,1.4706602354182371e-7,0.027281216272529663,0.027281216272529663,1.0295954807022207,9.167648315351728e-7,TRUE,Clade_A
VFG016077(gb|WP_003113068),8179,2571,561,268,8740,2839,0.935812356979405,0.9056005635787249,1.5196823160529283,1.490747056267817e-7,0.030211793400680143,0.030211793400680143,1.0333610585237383,9.267679531377702e-7,TRUE,Clade_A
VFG000121(gb|NP_249453),8239,2595,501,244,8740,2839,0.9426773455377574,0.9140542444522719,1.5462196437024653,1.500005155294921e-7,0.02862310108548549,0.02862310108548549,1.0313144446942941,9.27496449123059e-7,TRUE,Clade_A
VFG014908(gb|WP_003085543),8239,2595,501,244,8740,2839,0.9426773455377574,0.9140542444522719,1.5462196437024653,1.500005155294921e-7,0.02862310108548549,0.02862310108548549,1.0313144446942941,9.27496449123059e-7,TRUE,Clade_A
VFG042734(gb|NP_249343),8247,2598,493,241,8740,2839,0.9435926773455378,0.9151109545614653,1.5517035513168735,1.5368041090058466e-7,0.02848172278407246,0.02848172278407246,1.0311237917567289,9.476958672202722e-7,TRUE,Clade_A
VFG014644(gb|WP_003091731),8245,2597,495,242,8740,2839,0.9433638443935927,0.9147587178584008,1.5520676640334081,1.6072813337582925e-7,0.02860512653519187,0.02860512653519187,1.0312706793351596,9.884995655875397e-7,TRUE,Clade_A
VFG014696(gb|WP_003095674),8264,2605,476,234,8740,2839,0.9455377574370709,0.9175766114829165,1.5594556810040257,1.6180520058562804e-7,0.027961145954154443,0.027961145954154443,1.0304728189496524,9.898163470491486e-7,TRUE,Clade_A
VFG042739(gb|NP_254019),8264,2605,476,234,8740,2839,0.9455377574370709,0.9175766114829165,1.5594556810040257,1.6180520058562804e-7,0.027961145954154443,0.027961145954154443,1.0304728189496524,9.898163470491486e-7,TRUE,Clade_A
VFG000114(gb|NP_253218),8271,2608,469,231,8740,2839,0.9463386727688787,0.9186333215921099,1.5619640953475693,1.7196105984232124e-7,0.027705351176768866,0.027705351176768866,1.0301593144136683,1.0463625232845753e-6,TRUE,Clade_A
VFG019731(gb|WP_003107301),8271,2608,469,231,8740,2839,0.9463386727688787,0.9186333215921099,1.5619640953475693,1.7196105984232124e-7,0.027705351176768866,0.027705351176768866,1.0301593144136683,1.0463625232845753e-6,TRUE,Clade_A
VFG013797(gb|WP_003141356),8269,2607,471,232,8740,2839,0.9461098398169336,0.9182810848890455,1.5622858740642134,1.7837910309670082e-7,0.027828754927888166,0.027828754927888166,1.0303052686000285,1.0755960047092292e-6,TRUE,Clade_A
VFG000212(gb|NP_250408),8683,2839,57,0,8740,2839,0.9934782608695653,1,0,1.7864083600445352e-7,-0.006521739130434745,0.006521739130434745,1.0065645514223194,1.0755960047092292e-6,TRUE,Clade_B
VFG015148(gb|WP_003132859),8683,2839,57,0,8740,2839,0.9934782608695653,1,0,1.7864083600445352e-7,-0.006521739130434745,0.006521739130434745,1.0065645514223194,1.0755960047092292e-6,TRUE,Clade_B
VFG019969(gb|WP_012614294),8683,2839,57,0,8740,2839,0.9934782608695653,1,0,1.7864083600445352e-7,-0.006521739130434745,0.006521739130434745,1.0065645514223194,1.0755960047092292e-6,TRUE,Clade_B
VFG014965(gb|WP_003096397),8259,2603,481,236,8740,2839,0.9449656750572082,0.9168721380767876,1.556689004880079,1.8115196584334829e-7,0.028093536980420608,0.028093536980420608,1.0306406267719608,1.087860234671835e-6,TRUE,Clade_A
VFG041012(gb|NP_250202),8650,2835,90,4,8740,2839,0.9897025171624714,0.9985910531877422,0.13561857443993933,1.9388503615548035e-7,-0.008888536025270843,0.008888536025270843,1.0089810179029903,1.1582611274496664e-6,TRUE,Clade_B
VFG051491(gb|WP_011666716.1),8650,2835,90,4,8740,2839,0.9897025171624714,0.9985910531877422,0.13561857443993933,1.9388503615548035e-7,-0.008888536025270843,0.008888536025270843,1.0089810179029903,1.1582611274496664e-6,TRUE,Clade_B
VFG044447(gb|NP_253340),8256,2602,484,237,8740,2839,0.9446224256292907,0.9165199013737232,1.5536282138011022,1.94956188187762e-7,0.028102524255567474,0.028102524255567474,1.03066220844026,1.1616350537733142e-6,TRUE,Clade_A
VFG014921(gb|WP_003101958),8237,2595,503,244,8740,2839,0.9424485125858123,0.9140542444522719,1.53969847684483,1.966582308958031e-7,0.0283942681335404,0.0283942681335404,1.0310640952721084,1.168740885168322e-6,TRUE,Clade_A
VFG042694(gb|NP_250819),8176,2571,564,268,8740,2839,0.9354691075514874,0.9056005635787249,1.5110453412227267,1.977191275443321e-7,0.029868543972762507,0.029868543972762507,1.0329820289143028,1.172009505391984e-6,TRUE,Clade_A
VFG000174(gb|NP_251785),8206,2583,534,256,8740,2839,0.9389016018306636,0.9098274040154984,1.5229598422785773,2.0304016537548702e-7,0.02907419781516518,0.02907419781516518,1.031955728841368,1.2004488128128022e-6,TRUE,Clade_A
VFG042697(gb|NP_250822),8175,2571,565,268,8740,2839,0.9353546910755148,0.9056005635787249,1.508186730485212,2.0446269200797854e-7,0.02975412749678996,0.02975412749678996,1.0328556857111577,1.2057517107102898e-6,TRUE,Clade_A
VFG051489(gb|WP_003083217.1),8649,2835,91,4,8740,2839,0.9895881006864988,0.9985910531877422,0.13411280603801687,2.074331760772399e-7,-0.009002952501243389,0.009002952501243389,1.0090976765939261,1.2201325792850985e-6,TRUE,Clade_B
VFG013950(gb|WP_003091119),8214,2586,526,253,8740,2839,0.939816933638444,0.9108841141246918,1.5277188929611998,2.1005059888141524e-7,0.02893281951375215,0.02893281951375215,1.03176344725427,1.2249028226130202e-6,TRUE,Clade_A
VFG014080(gb|WP_003084602),8224,2590,516,249,8740,2839,0.9409610983981693,0.9122930609369496,1.5321995916049085,2.1037999656038794e-7,0.02866803746121971,0.02866803746121971,1.0314241538040165,1.2249028226130202e-6,TRUE,Clade_A
VFG019774(gb|WP_012613503),8224,2590,516,249,8740,2839,0.9409610983981693,0.9122930609369496,1.5321995916049085,2.1037999656038794e-7,0.02866803746121971,0.02866803746121971,1.0314241538040165,1.2249028226130202e-6,TRUE,Clade_A
VFG043017(gb|NP_252038),8253,2601,487,238,8740,2839,0.944279176201373,0.9161676646706587,1.5506054297119183,2.0968904637534185e-7,0.02811151153071434,0.02811151153071434,1.0306838067034594,1.2249028226130202e-6,TRUE,Clade_A
VFG013796(gb|WP_012077297),8262,2605,478,234,8740,2839,0.9453089244851258,0.9175766114829165,1.5525556451757265,2.136870588712384e-7,0.027732313002209352,0.027732313002209352,1.0302234305617168,1.2410078811408124e-6,TRUE,Clade_A
VFG014907(gb|WP_003085543),8232,2593,508,246,8740,2839,0.9418764302059497,0.913349771046143,1.5372922831154192,2.1808266283439032e-7,0.028526659159806678,0.028526659159806678,1.0312330063072468,1.2633374458133621e-6,TRUE,Clade_A
VFG014030(gb|WP_003148849),8221,2589,519,250,8740,2839,0.9406178489702517,0.9119408242338851,1.5294936844309066,2.2477830971550185e-7,0.028677024736366574,0.028677024736366574,1.0314461464760698,1.2988449432931014e-6,TRUE,Clade_A
VFG019778(gb|WP_003084610),8239,2596,501,243,8740,2839,0.9426773455377574,0.9144064811553364,1.5392902141138545,2.3257103238706167e-7,0.02827086438242099,0.02827086438242099,1.0309171741069696,1.3404973575274357e-6,TRUE,Clade_A
VFG041030(gb|NP_250535),8218,2588,522,251,8740,2839,0.94027459954233406,0.9115885875308207,1.526819163565749,2.4004757713980785e-7,0.02868601201151333,0.02868601201151333,1.0314681561440056,1.3801231628038077e-6,TRUE,Clade_A
VFG014149(gb|WP_012076728),8197,2580,543,259,8740,2839,0.9378718535469107,0.908770693906305,1.5153677042457954,2.4516997123760414e-7,0.029101159640605667,0.029101159640605667,1.0320225551239068,1.4060497850476598e-6,TRUE,Clade_A
VFG016135(gb|WP_003137465),8246,2599,494,240,8740,2839,0.9434782608695652,0.9154631912645298,1.5413576645189961,2.479313440968864e-7,0.028015069605035414,0.028015069605035414,1.0306020710306638,1.4183404073772005e-6,TRUE,Clade_A
VFG050299(gb|NP_250642),8236,2595,504,244,8740,2839,0.9423340961098399,0.9140542444522719,1.5364573003772959,2.491396122015907e-7,0.028279851657567967,0.028279851657567967,1.0309389205610155,1.421707140274749e-6,TRUE,Clade_A
VFG014462(gb|WP_003082220),8216,2587,524,252,8740,2839,0.940045766590389,0.9112363508277562,1.5272697935026684,2.5033435133705537e-7,0.02880941576263274,0.02880941576263274,1.0316157446270253,1.4249801537647767e-6,TRUE,Clade_A
VFG001255(gb|NP_249796),8215,2587,525,252,8740,2839,0.9399313501144165,0.9112363508277562,1.5241754912946568,2.562328183691306e-7,0.028694999286660305,0.028694999286660305,1.0314901828275334,1.4549457557890733e-6,TRUE,Clade_A
VFG015524(gb|NP_250590),8235,2595,505,244,8740,2839,0.9422196796338673,0.9140542444522719,1.533228959407534,2.5717060901030416e-7,0.028165435181595422,0.028165435181595422,1.0308137458499227,1.4566651285670067e-6,TRUE,Clade_A
VFG015081(gb|WP_003090351),8214,2587,526,252,8740,2839,0.939816933638444,0.9112363508277562,1.5210929537125044,2.6540103393422845e-7,0.02858058281068776,0.02858058281068776,1.0313646210280412,1.4995812114411823e-6,TRUE,Clade_A
VFG001233(gb|NP_249106),8223,2590,517,249,8740,2839,0.9408466819221968,0.9122930609369496,1.529050332766782,2.6736049969886766e-7,0.028553620985247163,0.028553620985247163,1.0312987374429021,1.5069409983027086e-6,TRUE,Clade_A
VFG001253(gb|NP_249794),8250,2601,490,238,8740,2839,0.9439359267734554,0.9161676646706587,1.5405527634348646,2.8326116533794915e-7,0.027768262102796704,0.027768262102796704,1.030309148831157,1.5887557782035584e-6,TRUE,Clade_A
VFG014436(gb|WP_003140589),8250,2601,490,238,8740,2839,0.9439359267734554,0.9161676646706587,1.5405527634348646,2.8326116533794915e-7,0.027768262102796704,0.027768262102796704,1.030309148831157,1.5887557782035584e-6,TRUE,Clade_A
VFG044088(gb|NP_251102),8147,2561,593,278,8740,2839,0.9321510297482838,0.9020781965480803,1.491289074623794,2.853197741465581e-7,0.030072833200203486,0.030072833200203486,1.0333372797561022,1.5963989314444004e-6,TRUE,Clade_A
VFG001241(gb|NP_249774),8239,2597,501,242,8740,2839,0.9426773455377574,0.9147587178584008,1.5323661172815668,2.9393378663395663e-7,0.0279186276793566,0.0279186276793566,1.0305202094654191,1.6366119090735354e-6,TRUE,Clade_A
VFG019835(gb|WP_003449045),8249,2601,491,238,8740,2839,0.9438215102974828,0.9161676646706587,1.5372291713742217,2.9384856768500125e-7,0.02765384562682416,0.02765384562682416,1.030184262873723,1.6366119090735354e-6,TRUE,Clade_A
VFG001235(gb|NP_249108),8237,2596,503,243,8740,2839,0.9424485125858123,0.9144064811553364,1.5327982715063406,3.046699098168607e-7,0.0280420314304759,0.0280420314304759,1.0306669211213872,1.6841271641442852e-6,TRUE,Clade_A
VFG044030(gb|NP_253337),8237,2596,503,243,8740,2839,0.9424485125858123,0.9144064811553364,1.5327982715063406,3.046699098168607e-7,0.0280420314304759,0.0280420314304759,1.0306669211213872,1.6841271641442852e-6,TRUE,Clade_A
VFG044446(gb|NP_253339),8237,2596,503,243,8740,2839,0.9424485125858123,0.9144064811553364,1.5327982715063406,3.046699098168607e-7,0.0280420314304759,0.0280420314304759,1.0306669211213872,1.6841271641442852e-6,TRUE,Clade_A
VFG051810(gb|WP_003088027.1),8216,2588,524,251,8740,2839,0.940045766590389,0.9115885875308207,1.5206220860610828,3.1230312953224637e-7,0.02845717905956824,0.02845717905956824,1.0312171295788695,1.7221715844879162e-6,TRUE,Clade_A
VFG040873(gb|NP_249372),8185,2576,555,263,8740,2839,0.9364988558352403,0.9073617470940472,1.5056316855141443,3.1337555765540275e-7,0.02913710874119313,0.02913710874119313,1.0321118989581706,1.7239413171738465e-6,TRUE,Clade_A
VFG019923(gb|WP_003093256),8193,2579,547,260,8740,2839,0.9374141876430206,0.9084184572032405,1.5099433688278787,3.28784120789204e-7,0.0289957304397801,0.0289957304397801,1.031918913810987,1.8043798399292678e-6,TRUE,Clade_A
VFG001236(gb|NP_249769),8213,2587,527,252,8740,2839,0.9397025171624714,0.9112363508277562,1.5180221137864243,3.329988326649576e-7,0.028466166334715215,0.028466166334715215,1.0312390592285492,1.8231487401752093e-6,TRUE,Clade_A
VFG015526(gb|WP_009877875),8233,2595,507,244,8740,2839,0.9419908466819222,0.9140542444522719,1.5268104801696079,3.3543742998983136e-7,0.02793660222965033,0.02793660222965033,1.030563396427737,1.8304145112516684e-6,TRUE,Clade_A
VFG014214(gb|WP_003082164),8243,2599,497,240,8740,2839,0.9431350114416476,0.9154631912645298,1.531497329873162,3.359217564241292e-7,0.02767182017711778,0.02767182017711778,1.0302271248491102,1.8304145112516684e-6,TRUE,Clade_A
VFG014997(gb|NP_252722),8192,2579,548,260,8740,2839,0.9372997711670481,0.9084184572032405,1.5070043390773744,3.3688125793630846e-7,0.028881313963807553,0.028881313963807553,1.0317929625216167,1.8312929045163308e-6,TRUE,Clade_A
VFG043016(gb|NP_250155),8220,2590,520,249,8740,2839,0.9405034324942791,0.9122930609369496,1.519675226653022,3.567329264774749e-7,0.028210371557329528,0.028210371557329528,1.0309224883595594,1.93005974844181e-6,TRUE,Clade_A
VFG044084(gb|NP_251073),8220,2590,520,249,8740,2839,0.9405034324942791,0.9122930609369496,1.519675226653022,3.567329264774749e-7,0.028210371557329528,0.028210371557329528,1.0309224883595594,1.93005974844181e-6,TRUE,Clade_A
VFG000169(gb|NP_252919),8248,2601,492,238,8740,2839,0.9437070938215103,0.9161676646706587,1.533919088963701,3.7126470197200886e-7,0.027539429150851613,0.027539429150851613,1.030059376916289,1.994569616683345e-6,TRUE,Clade_A
VFG001217(gb|NP_252494),8248,2601,492,238,8740,2839,0.9437070938215103,0.9161676646706587,1.533919088963701,3.7126470197200886e-7,0.027539429150851613,0.027539429150851613,1.030059376916289,1.994569616683345e-6,TRUE,Clade_A
VFG020093(gb|WP_003106952),8248,2601,492,238,8740,2839,0.9437070938215103,0.9161676646706587,1.533919088963701,3.7126470197200886e-7,0.027539429150851613,0.027539429150851613,1.030059376916289,1.994569616683345e-6,TRUE,Clade_A
VFG014227(gb|WP_012076725),8238,2597,502,242,8740,2839,0.9425629290617848,0.9147587178584008,1.529128310284722,3.7225041921080135e-7,0.027804211203384055,0.027804211203384055,1.0303951311537958,1.9951926674522857e-6,TRUE,Clade_A
VFG016071(gb|WP_003139216),8197,2581,543,258,8740,2839,0.9378718535469107,0.9091229306093696,1.5089326634439362,3.7534086765612844e-7,0.028748922937541166,0.028748922937541166,1.0316227013636883,2.0070674834572463e-6,TRUE,Clade_A
VFG001240(gb|NP_249773),8247,2601,493,238,8740,2839,0.9435926773455378,0.9161676646706587,1.5306224339962982,3.838727783384463e-7,0.027425012674879068,0.027425012674879068,1.029934490958855,2.043165089346626e-6,TRUE,Clade_A
VFG014215(gb|WP_003082164),8247,2601,493,238,8740,2839,0.9435926773455378,0.9161676646706587,1.5306224339962982,3.838727783384463e-7,0.027425012674879068,0.027425012674879068,1.029934490958855,2.043165089346626e-6,TRUE,Clade_A
VFG001239(gb|NP_249772),8245,2600,495,239,8740,2839,0.9433638443935927,0.9158154279675942,1.5310606558963504,3.9734863095320106e-7,0.02754841642599848,0.02754841642599848,1.0300807516282344,2.1099948134413036e-6,TRUE,Clade_A
VFG001259(gb|NP_250137),8244,2600,496,239,8740,2839,0.9432494279176201,0.9158154279675942,1.5277888562939168,4.100718935785028e-7,0.027433999950025934,0.027433999950025934,1.02995581763774,2.1675228660578004e-6,TRUE,Clade_A
VFG019851(gb|WP_003083052),8244,2600,496,239,8740,2839,0.9432494279176201,0.9158154279675942,1.5277888562939168,4.100718935785028e-7,0.027433999950025934,0.027433999950025934,1.02995581763774,2.1675228660578004e-6,TRUE,Clade_A
VFG014999(gb|WP_003093256),8191,2579,549,260,8740,2839,0.9371853546910756,0.9084184572032405,1.50407601545388,4.247276459422841e-7,0.028766897487835008,0.028766897487835008,1.0316670112322464,2.2398280914749416e-6,TRUE,Clade_A
VFG015482(gb|WP_011979137),8290,2618,450,221,8740,2839,0.948512585812357,0.9221556886227545,1.5550570013499334,4.26521281977296e-7,0.026356897189602435,0.026356897189602435,1.0285818300692442,2.2441280294860484e-6,TRUE,Clade_A
VFG015601(gb|WP_003100265),8251,2603,489,236,8740,2839,0.9440503432494279,0.9168721380767876,1.5297412611831291,4.3862883510345244e-7,0.027178205172640357,0.027178205172640357,1.029642306755715,2.2972934879619175e-6,TRUE,Clade_A
VFG019939(gb|WP_012613418),8251,2603,489,236,8740,2839,0.9440503432494279,0.9168721380767876,1.5297412611831291,4.3862883510345244e-7,0.027178205172640357,0.027178205172640357,1.029642306755715,2.2972934879619175e-6,TRUE,Clade_A
VFG014176(gb|WP_003111390),8239,2598,501,241,8740,2839,0.9426773455377574,0.9151109545614653,1.5254473470221983,4.5441780303480653e-7,0.0275663909762921,0.0275663909762921,1.0301235504163562,2.3691691821860143e-6,TRUE,Clade_A
VFG019803(gb|WP_003082166),8239,2598,501,241,8740,2839,0.9426773455377574,0.9151109545614653,1.5254473470221983,4.5441780303480653e-7,0.0275663909762921,0.0275663909762921,1.0301235504163562,2.3691691821860143e-6,TRUE,Clade_A
VFG016069(gb|NP_251115),8198,2582,542,257,8740,2839,0.9379862700228833,0.9094751673124339,1.5054580821908872,4.557909649237191e-7,0.02851110271044932,0.02851110271044932,1.0313489622753547,2.3709398492857407e-6,TRUE,Clade_A
VFG014148(gb|NP_249768),8208,2586,532,253,8740,2839,0.9391304347826087,0.9108841141246918,1.5093875053132542,4.5954843535504243e-7,0.02824632065791688,0.02824632065791688,1.0310097851306366,2.385077173539519e-6,TRUE,Clade_A
VFG001225(gb|NP_249099),8218,2590,522,249,8740,2839,0.94027459954233406,0.9122930609369496,1.5134850185166413,4.6273865435840814e-7,0.027981538605384437,0.027981538605384437,1.0306716556373308,2.396213257557987e-6,TRUE,Clade_A
VFG014228(gb|WP_003086407),8238,2598,502,241,8740,2839,0.9425629290617848,0.9151109545614653,1.5222241587232879,4.6725667784047986e-7,0.027451974500319554,0.027451974500319554,1.0299985202488096,2.4141595021758127e-6,TRUE,Clade_A
VFG019735(gb|WP_003092804),8248,2602,492,237,8740,2839,0.9437070938215103,0.9165199013737232,1.5268877333799098,4.685024201780557e-7,0.027187192447787112,0.027187192447787112,1.0296635047499108,2.415156296378561e-6,TRUE,Clade_A
VFG019770(gb|WP_003100938),8257,2605,483,234,8740,2839,0.9447368421052632,0.9175766114829165,1.5355555407167767,4.7352419457292333e-7,0.027160230622346737,0.027160230622346737,1.0295999595918781,2.4355706330723905e-6,TRUE,Clade_A
VFG001227(gb|NP_249101),8226,2593,514,246,8740,2839,0.9411899313501144,0.913349771046143,1.5182417945999123,4.851057775172848e-7,0.027840160303971406,0.027840160303971406,1.0304813787516294,2.4808557924071374e-6,TRUE,Clade_A
VFG019766(gb|WP_003084590),8226,2593,514,246,8740,2839,0.9411899313501144,0.913349771046143,1.5182417945999123,4.851057775172848e-7,0.027840160303971406,0.027840160303971406,1.0304813787516294,2.4808557924071374e-6,TRUE,Clade_A
VFG014096(gb|WP_003084610),8236,2597,504,242,8740,2839,0.9423340961098399,0.9147587178584008,1.5226912390691136,4.855729079297318e-7,0.027575378251439076,0.027575378251439076,1.0301449745305489,2.4808557924071374e-6,TRUE,Clade_A
VFG019847(gb|WP_003083049),8215,2589,525,250,8740,2839,0.9399313501144165,0.9119408242338851,1.5109121342763294,4.927908614240018e-7,0.027990525880531414,0.027990525880531414,1.0306933576573305,2.5121383024592446e-6,TRUE,Clade_A
VFG014486(gb|NP_250133),8225,2593,515,246,8740,2839,0.9410755148741419,0.913349771046143,1.515109866773677,4.959338906762478e-7,0.02772574382799886,0.02772574382799886,1.0303561074923597,2.5169742150692754e-6,TRUE,Clade_A
VFG014488(gb|WP_003083042),8225,2593,515,246,8740,2839,0.9410755148741419,0.913349771046143,1.515109866773677,4.959338906762478e-7,0.02772574382799886,0.02772574382799886,1.0303561074923597,2.5169742150692754e-6,TRUE,Clade_A
VFG014162(gb|WP_003082150),8204,2585,536,254,8740,2839,0.9386727688787185,0.9105318774216273,1.503894009659362,5.01843374907557e-7,0.0281408914570912,0.0281408914570912,1.0309059925905926,2.535746039731136e-6,TRUE,Clade_A
VFG001229(gb|NP_249103),8255,2605,485,234,8740,2839,0.9445080091533181,0.9175766114829165,1.528853637465098,5.011501242560044e-7,0.026931397670401647,0.026931397670401647,1.0293505712039426,2.535746039731136e-6,TRUE,Clade_A
VFG014202(gb|WP_003082159),8243,2600,497,239,8740,2839,0.9431350114416476,0.9158154279675942,1.5245302220180397,5.187397560463357e-7,0.02731958347405339,0.02731958347405339,1.0298308836472452,2.6153604403742726e-6,TRUE,Clade_A
VFG014004(gb|WP_003148848),8212,2588,528,251,8740,2839,0.9395881006864989,0.9115885875308207,1.5083687643774952,5.245503140467941e-7,0.02799951315567817,0.02799951315567817,1.0307150764485975,2.6330818827644324e-6,TRUE,Clade_A
VFG014527(gb|WP_003083051),8212,2588,528,251,8740,2839,0.9395881006864989,0.9115885875308207,1.5083687643774952,5.245503140467941e-7,0.02799951315567817,0.02799951315567817,1.0307150764485975,2.6330818827644324e-6,TRUE,Clade_A
VFG016126(gb|WP_003106955),8262,2608,478,231,8740,2839,0.9453089244851258,0.9186333215921099,1.5308902820468804,5.35891649717464e-7,0.02667560289301596,0.02667560289301596,1.0290383575971136,2.6841385250040663e-6,TRUE,Clade_A
VFG000178(gb|NP_251789),8198,2583,542,256,8740,2839,0.9379862700228833,0.9098274040154984,1.4990203598959841,5.656803111624155e-7,0.02815886600738482,0.02815886600738482,1.0309496788985542,2.8210231169708283e-6,TRUE,Clade_A
VFG020076(gb|WP_003116905),8198,2583,542,256,8740,2839,0.9379862700228833,0.9098274040154984,1.4990203598959841,5.656803111624155e-7,0.02815886600738482,0.02815886600738482,1.0309496788985542,2.8210231169708283e-6,TRUE,Clade_A
VFG051652(gb|WP_012075685.1),8569,2820,171,19,8740,2839,0.9804347826086957,0.9933075026417753,0.3376347014978907,5.717856058902396e-7,-0.012872720033079599,0.012872720033079599,1.0131296035814115,2.8452845551240993e-6,TRUE,Clade_B
VFG020071(gb|WP_012723748),8185,2578,555,261,8740,2839,0.9364988558352403,0.9080662205001762,1.493024117660596,5.914575249302739e-7,0.028432635335064127,0.028432635335064127,1.0313111915113449,2.9368042471646067e-6,TRUE,Clade_A
VFG000118(gb|NP_253942),8234,2597,506,242,8740,2839,0.9421052631578948,0.9147587178584008,1.516305050426012,6.316496999301368e-7,0.027346545299493985,0.027346545299493985,1.029894817907302,3.10709878622576e-6,TRUE,Clade_A
VFG015028(gb|WP_003120370),8234,2597,506,242,8740,2839,0.9421052631578948,0.9147587178584008,1.516305050426012,6.316496999301368e-7,0.027346545299493985,0.027346545299493985,1.029894817907302,3.10709878622576e-6,TRUE,Clade_A
VFG019928(gb|WP_003120370),8234,2597,506,242,8740,2839,0.9421052631578948,0.9147587178584008,1.516305050426012,6.316496999301368e-7,0.027346545299493985,0.027346545299493985,1.029894817907302,3.10709878622576e-6,TRUE,Clade_A
VFG020029(gb|WP_012614267),8234,2597,506,242,8740,2839,0.9421052631578948,0.9147587178584008,1.516305050426012,6.316496999301368e-7,0.027346545299493985,0.027346545299493985,1.029894817907302,3.10709878622576e-6,TRUE,Clade_A
VFG014540(gb|WP_003083052),8244,2601,496,238,8740,2839,0.9432494279176201,0.9161676646706587,1.52081222162865,6.325262132377637e-7,0.027081763246961432,0.027081763246961432,1.0295598330865527,3.10709878622576e-6,TRUE,Clade_A
VFG015599(gb|NP_064725),8251,2604,489,235,8740,2839,0.9440503432494279,0.9172243747798521,1.5226750620445615,6.758094418775124e-7,0.026825968469575856,0.026825968469575856,1.0292468988038117,3.312621495014986e-6,TRUE,Clade_A
VFG029696(gb|WP_014942395),2296,883,6444,1956,8740,2839,0.26270022883295197,0.3110250088059176,0.7893117914881366,6.900122411443791e-7,-0.04832477997296564,0.04832477997296564,1.183954084043432,3.3394263316143577e-6,TRUE,Clade_B
VFG029699(gb|WP_014385156),2296,883,6444,1956,8740,2839,0.26270022883295197,0.3110250088059176,0.7893117914881366,6.900122411443791e-7,-0.04832477997296564,0.04832477997296564,1.183954084043432,3.3394263316143577e-6,TRUE,Clade_B
VFG029700(gb|WP_014380392),2296,883,6444,1956,8740,2839,0.26270022883295197,0.3110250088059176,0.7893117914881366,6.900122411443791e-7,-0.04832477997296564,0.04832477997296564,1.183954084043432,3.3394263316143577e-6,TRUE,Clade_B
VFG015503(gb|NP_252899),8230,2596,510,243,8740,2839,0.9416475972540046,0.9144064811553364,1.510477419020503,6.884378669256992e-7,0.027241116098668194,0.027241116098668194,1.0297910356718487,3.3394263316143577e-6,TRUE,Clade_A
VFG020022(gb|WP_012613549),8230,2596,510,243,8740,2839,0.9416475972540046,0.9144064811553364,1.510477419020503,6.884378669256992e-7,0.027241116098668194,0.027241116098668194,1.0297910356718487,3.3394263316143577e-6,TRUE,Clade_A
VFG041028(gb|NP_250361),8230,2596,510,243,8740,2839,0.9416475972540046,0.9144064811553364,1.510477419020503,6.884378669256992e-7,0.027241116098668194,0.027241116098668194,1.0297910356718487,3.3394263316143577e-6,TRUE,Clade_A
VFG014017(gb|WP_003084587),8209,2588,531,251,8740,2839,0.9392448512585813,0.9115885875308207,1.4992999136910323,6.945172803450338e-7,0.027656263727760533,0.027656263727760533,1.0303385366008935,3.3541529286558054e-6,TRUE,Clade_A
VFG015505(gb|WP_003137497),8229,2596,511,243,8740,2839,0.941533180778032,0.9144064811553364,1.507338643332624,7.114639003997752e-7,0.02712669962269565,0.02712669962269565,1.0296659091790574,3.428777704867824e-6,TRUE,Clade_A
VFG001234(gb|NP_249107),8248,2603,492,236,8740,2839,0.9437070938215103,0.9168721380767876,1.5198617763979465,7.218271031493514e-7,0.02683495574472272,0.02683495574472272,1.0292679367496227,3.4497320304679418e-6,TRUE,Clade_A
VFG014093(gb|WP_003128976),8248,2603,492,236,8740,2839,0.9437070938215103,0.9168721380767876,1.5198617763979465,7.218271031493514e-7,0.02683495574472272,0.02683495574472272,1.0292679367496227,3.4497320304679418e-6,TRUE,Clade_A
VFG019776(gb|WP_003117898),8248,2603,492,236,8740,2839,0.9437070938215103,0.9168721380767876,1.5198617763979465,7.218271031493514e-7,0.02683495574472272,0.02683495574472272,1.0292679367496227,3.4497320304679418e-6,TRUE,Clade_A
VFG014500(gb|WP_012076412),8258,2607,482,232,8740,2839,0.9448512585812358,0.9182810848890455,1.5246050674208123,7.218141721311791e-7,0.02657017369219028,0.02657017369219028,1.0289346847380623,3.4497320304679418e-6,TRUE,Clade_A
VFG013823(gb|WP_003092804),8247,2603,493,236,8740,2839,0.9435926773455378,0.9168721380767876,1.5165953324009902,7.420988429679881e-7,0.026720539268750176,0.026720539268750176,1.029143146747592,3.5392406356934816e-6,TRUE,Clade_A
VFG001257(gb|NP_250135),8216,2591,524,248,8740,2839,0.940045766590389,0.9126452976400141,1.5007097309036543,7.468746599848768e-7,0.027400468950374846,0.027400468950374846,1.0300231305866903,3.5399389876142715e-6,TRUE,Clade_A
VFG041024(gb|NP_250357),8216,2591,524,248,8740,2839,0.940045766590389,0.9126452976400141,1.5007097309036543,7.468746599848768e-7,0.027400468950374846,0.027400468950374846,1.0300231305866903,3.5399389876142715e-6,TRUE,Clade_A
VFG051511(gb|WP_003097811.1),8216,2591,524,248,8740,2839,0.940045766590389,0.9126452976400141,1.5007097309036543,7.468746599848768e-7,0.027400468950374846,0.027400468950374846,1.0300231305866903,3.5399389876142715e-6,TRUE,Clade_A
VFG001258(gb|NP_250136),8213,2590,527,249,8740,2839,0.9397025171624714,0.9122930609369496,1.4982150416907416,7.927280843245882e-7,0.027409456225521822,0.027409456225521822,1.0300445738317592,3.7495221143105263e-6,TRUE,Clade_A
VFG001226(gb|NP_249100),8211,2589,529,250,8740,2839,0.9394736842105263,0.9119408242338851,1.498758590651522,8.209318528726292e-7,0.027532859976641233,0.027532859976641233,1.0301914984448375,3.859052603462728e-6,TRUE,Clade_A
VFG002073(gb|NP_248777),8211,2589,529,250,8740,2839,0.9394736842105263,0.9119408242338851,1.498758590651522,8.209318528726292e-7,0.027532859976641233,0.027532859976641233,1.0301914984448375,3.859052603462728e-6,TRUE,Clade_A
VFG015467(gb|WP_003111625),8211,2589,529,250,8740,2839,0.9394736842105263,0.9119408242338851,1.498758590651522,8.209318528726292e-7,0.027532859976641233,0.027532859976641233,1.0301914984448375,3.859052603462728e-6,TRUE,Clade_A
VFG014018(gb|WP_003084587),8210,2589,530,250,8740,2839,0.9393592677345538,0.9119408242338851,1.495748866836559,8.41031948111333e-7,0.027418443500668688,0.027418443500668688,1.0300660336417142,3.945454578665436e-6,TRUE,Clade_A
VFG041015(gb|NP_250348),8215,2591,525,248,8740,2839,0.9399313501144165,0.9126452976400141,1.497669239180943,9.362963314671082e-7,0.02728605247440241,0.02728605247440241,1.0298977626301924,4.383395478337849e-6,TRUE,Clade_A
VFG000177(gb|NP_251788),8225,2595,515,244,8740,2839,0.9410755148741419,0.9140542444522719,1.5016350530913276,9.458388041954254e-7,0.02702127042186997,0.02702127042186997,1.0295619987389937,4.419051358094309e-6,TRUE,Clade_A
VFG002069(gb|NP_248773),8212,2590,528,249,8740,2839,0.9395881006864989,0.9122930609369496,1.4951957484885912,9.942970718908997e-7,0.027295039749549277,0.027295039749549277,1.029919157470645,4.617241868254502e-6,TRUE,Clade_A
VFG014514(gb|WP_003083049),8212,2590,528,249,8740,2839,0.9395881006864989,0.9122930609369496,1.4951957484885912,9.942970718908997e-7,0.027295039749549277,0.027295039749549277,1.029919157470645,4.617241868254502e-6,TRUE,Clade_A
VFG020005(gb|WP_003083666),8212,2590,528,249,8740,2839,0.9395881006864989,0.9122930609369496,1.4951957484885912,9.942970718908997e-7,0.027295039749549277,0.027295039749549277,1.029919157470645,4.617241868254502e-6,TRUE,Clade_A
VFG015857(gb|WP_011979056),8253,2606,487,233,8740,2839,0.944279176201373,0.917928848185981,1.5151207257191686,1.0029369541151014e-6,0.026350328015392055,0.026350328015392055,1.0287062859691858,4.647954288363722e-6,TRUE,Clade_A
VFG015443(gb|WP_003083666),8211,2590,529,249,8740,2839,0.9394736842105263,0.9122930609369496,1.492187869611797,1.017555952613853e-6,0.02718062327357673,0.02718062327357673,1.0297937411095306,4.70619628083907e-6,TRUE,Clade_A
VFG044094(gb|NP_252099),8271,2613,469,226,8740,2839,0.9463386727688787,0.9203945051074321,1.5252349485257408,1.0500369830205707e-6,0.025944167661446582,0.025944167661446582,1.028188094906562,4.846649575551688e-6,TRUE,Clade_A
VFG002071(gb|NP_248775),8209,2589,531,250,8740,2839,0.9392448512585813,0.9119408242338851,1.4927504783148378,1.055408056135083e-6,0.027304027024696143,0.027304027024696143,1.0299405688385912,4.8616587967347e-6,TRUE,Clade_A
VFG015452(gb|WP_003151423),8208,2589,532,250,8740,2839,0.9391304347826087,0.9119408242338851,1.4897633611665975,1.0784436131951535e-6,0.027189610548723597,0.027189610548723597,1.029815104035468,4.957814927193752e-6,TRUE,Clade_A
VFG015914(gb|NP_250883),8025,2520,715,319,8740,2839,0.9181922196796338,0.8876364917224375,1.4207409836237042,1.2006731258675437e-6,0.0305557279571963,0.0305557279571963,1.0344236951073333,5.508688301480291e-6,TRUE,Clade_A
VFG051514(gb|WP_003087592.1),8212,2591,528,248,8740,2839,0.9395881006864989,0.9126452976400141,1.4886168614397137,1.2300326300638064e-6,0.026942803046484776,0.026942803046484776,1.0295216587606988,5.632125455821101e-6,TRUE,Clade_A
VFG015048(gb|WP_003119559),10,20,8730,2819,8740,2839,0.0011441647597254005,0.007044734061289186,0.1614862363171316,1.2636777982590447e-6,-0.005900569301563786,0.005900569301563786,6.157097569566749,5.774655117940735e-6,TRUE,Clade_B
VFG000136(gb|NP_249456),8210,2590,530,249,8740,2839,0.9393592677345538,0.9122930609369496,1.4891913404522887,1.2763074420338748e-6,0.027066206797604186,0.027066206797604186,1.0296683247484164,5.7977213307439775e-6,TRUE,Clade_A
VFG014947(gb|WP_003140935),8210,2590,530,249,8740,2839,0.9393592677345538,0.9122930609369496,1.4891913404522887,1.2763074420338748e-6,0.027066206797604186,0.027066206797604186,1.0296683247484164,5.7977213307439775e-6,TRUE,Clade_A
VFG019915(gb|WP_003110245),8210,2590,530,249,8740,2839,0.9393592677345538,0.9122930609369496,1.4891913404522887,1.2763074420338748e-6,0.027066206797604186,0.027066206797604186,1.0296683247484164,5.7977213307439775e-6,TRUE,Clade_A
VFG041032(gb|NP_251050),8694,2796,46,43,8740,2839,0.9947368421052631,0.9848538217682282,2.906307534299963,1.2948595947555043e-6,0.00988302033703492,0.00988302033703492,1.0100350124237634,5.835771926069011e-6,TRUE,Clade_A
VFG051601(gb|WP_012614152.1),8694,2796,46,43,8740,2839,0.9947368421052631,0.9848538217682282,2.906307534299963,1.2948595947555043e-6,0.00988302033703492,0.00988302033703492,1.0100350124237634,5.835771926069011e-6,TRUE,Clade_A
VFG051602(gb|WP_012075693.1),8694,2796,46,43,8740,2839,0.9947368421052631,0.9848538217682282,2.906307534299963,1.2948595947555043e-6,0.00988302033703492,0.00988302033703492,1.0100350124237634,5.835771926069011e-6,TRUE,Clade_A
VFG051604(gb|WP_003139323.1),8694,2796,46,43,8740,2839,0.9947368421052631,0.9848538217682282,2.906307534299963,1.2948595947555043e-6,0.00988302033703492,0.00988302033703492,1.0100350124237634,5.835771926069011e-6,TRUE,Clade_A
VFG015442(gb|WP_011979134),8208,2590,532,249,8740,2839,0.9391304347826087,0.9122930609369496,1.4832320752809225,1.3439774980605466e-6,0.026837373845659096,0.026837373845659096,1.0294174920261878,6.0452634912762625e-6,TRUE,Clade_A
VFG015466(gb|WP_003151421),8206,2589,534,250,8740,2839,0.9389016018306636,0.9119408242338851,1.4838226877064937,1.3793761696711564e-6,0.026960777596778507,0.026960777596778507,1.0295641744292214,6.1923462489738414e-6,TRUE,Clade_A
VFG051487(gb|NP_248953.1),8651,2834,89,5,8740,2839,0.9898169336384439,0.9982388164846777,0.17150659063949894,1.4268929109607155e-6,-0.008421882846233797,0.008421882846233797,1.0085085257283648,6.36827303063012e-6,TRUE,Clade_B
VFG051593(gb|WP_012613476.1),8651,2834,89,5,8740,2839,0.9898169336384439,0.9982388164846777,0.17150659063949894,1.4268929109607155e-6,-0.008421882846233797,0.008421882846233797,1.0085085257283648,6.36827303063012e-6,TRUE,Clade_B
VFG051596(gb|WP_003137141.1),8651,2834,89,5,8740,2839,0.9898169336384439,0.9982388164846777,0.17150659063949894,1.4268929109607155e-6,-0.008421882846233797,0.008421882846233797,1.0085085257283648,6.36827303063012e-6,TRUE,Clade_B
VFG042748(gb|NP_252991),8244,2604,496,235,8740,2839,0.9432494279176201,0.9172243747798521,1.4999144447170247,1.5062301802145997e-6,0.02602505313776804,0.02602505313776804,1.0283737042465912,6.7093049192471685e-6,TRUE,Clade_A
VFG040870(gb|NP_249369),8168,2575,572,264,8740,2839,0.9345537757437071,0.9070095103909828,1.4639653498102685,1.5187224683908696e-6,0.027544265352724362,0.027544265352724362,1.0303682211015086,6.751839811024525e-6,TRUE,Clade_A
VFG051562(gb|WP_003110438.1),8211,2591,529,248,8740,2839,0.9394736842105263,0.9126452976400141,1.4856222169742672,1.542009621884207e-6,0.02682838657051223,0.02682838657051223,1.0293962908042007,6.842108457644817e-6,TRUE,Clade_A
VFG015398(gb|WP_011979126),8210,2591,530,248,8740,2839,0.9393592677345538,0.9126452976400141,1.4826388722848654,1.572511333468424e-6,0.026713970094539685,0.026713970094539685,1.0292709228477028,6.963978762503021e-6,TRUE,Clade_A
VFG014057(gb|WP_003084594),8252,2607,488,232,8740,2839,0.9441647597254005,0.9182810848890455,1.5047678452004944,1.5794569459289532e-6,0.02588367483635501,0.02588367483635501,1.0281870935406259,6.9812605663988795e-6,TRUE,Clade_A
VFG002066(gb|NP_248770),8207,2590,533,249,8740,2839,0.9390160183066362,0.9122930609369496,1.480269212468103,1.6638712477374161e-6,0.02672295736968655,0.02672295736968655,1.0292920756650734,7.32614326738893e-6,TRUE,Clade_A
VFG015427(gb|WP_003083660),8207,2590,533,249,8740,2839,0.9390160183066362,0.9122930609369496,1.480269212468103,1.6638712477374161e-6,0.02672295736968655,0.02672295736968655,1.0292920756650734,7.32614326738893e-6,TRUE,Clade_A
VFG002062(gb|NP_248766),8228,2598,512,241,8740,2839,0.9414187643020595,0.9151109545614653,1.4906847119694193,1.6795219155711585e-6,0.026307809740594212,0.026307809740594212,1.0287482185733436,7.366774903097969e-6,TRUE,Clade_A
VFG019991(gb|WP_003106966),8228,2598,512,241,8740,2839,0.9414187643020595,0.9151109545614653,1.4906847119694193,1.6795219155711585e-6,0.026307809740594212,0.026307809740594212,1.0287482185733436,7.366774903097969e-6,TRUE,Clade_A
VFG015916(gb|WP_003089025),8024,2521,716,318,8740,2839,0.9180778032036613,0.8879887284255019,1.4135727324514087,1.7533305293415003e-6,0.030089074778159364,0.030089074778159364,1.0338845233221716,7.675840141811835e-6,TRUE,Clade_A
VFG051575(gb|WP_003087622.1),8245,2605,495,234,8740,2839,0.9433638443935927,0.9175766114829165,1.4961564200205735,1.8248388611610526e-6,0.025787232910676194,0.025787232910676194,1.0281036292642647,7.973676852387533e-6,TRUE,Clade_A
VFG020001(gb|WP_012613438),8395,2664,345,175,8740,2839,0.9605263157894737,0.9383585769637196,1.598401228554806,1.872058016382075e-6,0.02216773882575407,0.02216773882575407,1.0236239529002686,8.1644507406473008e-06,TRUE,Clade_A
VFG014722(gb|WP_003083090),8252,2608,488,231,8740,2839,0.9441647597254005,0.9186333215921099,1.4977080038775128,1.9587967222296924e-6,0.025531438133290618,0.025531438133290618,1.0277928500231641,8.526526908529248e-6,TRUE,Clade_A
VFG051560(gb|WP_012076238.1),8208,2591,532,248,8740,2839,0.9391304347826087,0.9126452976400141,1.4767058273569103,2.005205486885627e-6,0.026485137142594595,0.026485137142594595,1.029020186934707,8.71201020249172e-6,TRUE,Clade_A
VFG019989(gb|WP_012613435),8229,2599,511,240,8740,2839,0.941533180778032,0.9154631912645298,1.4870131633447048,2.030010167403894e-6,0.026069989513502256,0.026069989513502256,1.0284773760018595,8.803106472636167e-6,TRUE,Clade_A
VFG051576(gb|WP_003087622.1),8239,2603,501,236,8740,2839,0.9426773455377574,0.9168721380767876,1.490933178476834,2.0564425408186854e-6,0.025805207460969815,0.025805207460969815,1.0281448267313458,8.90090412950578e-6,TRUE,Clade_A
VFG015399(gb|WP_003083642),8228,2599,512,240,8740,2839,0.9414187643020595,0.9154631912645298,1.4839288057536397,2.079275402523897e-6,0.02595557303752971,0.02595557303752971,1.0283523939413417,8.982783000734125e-6,TRUE,Clade_A
VFG044091(gb|NP_252096),8682,2838,58,1,8740,2839,0.9933638443935927,0.9996477632969355,0.0527503978232728,2.0918232716499087e-6,-0.006283918903342789,0.006283918903342789,1.0063258985504742,9.0200048593325e-6,TRUE,Clade_B
VFG014397(gb|WP_003140591),8170,2577,570,262,8740,2839,0.9347826086956522,0.9077139837971117,1.4571983838084546,2.183046726620809e-6,0.02706862489854056,0.02706862489854056,1.0298206542828703,9.36057792685633e-6,TRUE,Clade_A
VFG002072(gb|NP_248776),8236,2602,504,237,8740,2839,0.9423340961098399,0.9165199013737232,1.4883686047045366,2.1814718058392677e-6,0.02581419473611668,0.02581419473611668,1.028165449214387,9.36057792685633e-6,TRUE,Clade_A
VFG020011(gb|WP_003119488),8236,2602,504,237,8740,2839,0.9423340961098399,0.9165199013737232,1.4883686047045366,2.1814718058392677e-6,0.02581419473611668,0.02581419473611668,1.028165449214387,9.36057792685633e-6,TRUE,Clade_A
VFG015393(gb|WP_003157819),8225,2598,515,241,8740,2839,0.9410755148741419,0.9151109545614653,1.4814617044112293,2.200725427270487e-6,0.025964560312676577,0.025964560312676577,1.028373128070704,9.418776362236001e-6,TRUE,Clade_A
VFG042746(gb|NP_252989),8233,2601,507,238,8740,2839,0.9419908466819222,0.9161676646706587,1.4858346536703768,2.313004188951471e-6,0.025823182011263546,0.025823182011263546,1.028186087554778,9.880878229896973e-6,TRUE,Clade_A
VFG050295(gb|NP_250646),8185,2583,555,256,8740,2839,0.9364988558352403,0.9098274040154984,1.461590557729014,2.488233448655017e-6,0.026671451819741843,0.026671451819741843,1.0293148477414817,1.0609679426049458e-5,TRUE,Clade_A
VFG002061(gb|NP_248765),8229,2600,511,239,8740,2839,0.941533180778032,0.9158154279675942,1.4802484191028216,2.5081990122922922e-6,0.025717752810437866,0.025717752810437866,1.0280818077803204,1.0655200989256516e-5,TRUE,Clade_A
VFG015394(gb|WP_003083639),8229,2600,511,239,8740,2839,0.941533180778032,0.9158154279675942,1.4802484191028216,2.5081990122922922e-6,0.025717752810437866,0.025717752810437866,1.0280818077803204,1.0655200989256516e-5,TRUE,Clade_A
VFG019949(gb|WP_012614297),8249,2608,491,231,8740,2839,0.9438215102974828,0.9186333215921099,1.4880168689404134,2.5942196679186877e-6,0.025188188705372982,0.025188188705372982,1.0274191977509792,1.10002586288456e-5,TRUE,Clade_A
VFG041010(gb|NP_248760),8246,2607,494,232,8740,2839,0.9434782608695652,0.9182810848890455,1.4854124669509876,2.7479109807891548e-6,0.025197175980519737,0.025197175980519737,1.0274395023431897,1.1630457176993212e-5,TRUE,Clade_A
VFG014201(gb|WP_012076726),8221,2597,519,242,8740,2839,0.9406178489702517,0.9147587178584008,1.4759944626350996,2.9097628759415718e-6,0.025859131111850897,0.025859131111850897,1.0282687998561975,1.2292810381970469e-5,TRUE,Clade_A
VFG040869(gb|NP_249368),8187,2584,553,255,8740,2839,0.9367276887871854,0.9101796407185628,1.4609381094247387,2.930613374765113e-6,0.026548048068622543,0.026548048068622543,1.0291679212332892,1.2358138017851414e-5,TRUE,Clade_A
VFG041026(gb|NP_250359),8241,2605,499,234,8740,2839,0.9429061784897025,0.9175766114829165,1.483444451439532,3.0018912633508857e-6,0.025329567006786013,0.025329567006786013,1.0276048524883936,1.2612341681551158e-5,TRUE,Clade_A
VFG051578(gb|WP_003120354.1),8241,2605,499,234,8740,2839,0.9429061784897025,0.9175766114829165,1.483444451439532,3.0018912633508857e-6,0.025329567006786013,0.025329567006786013,1.0276048524883936,1.2612341681551158e-5,TRUE,Clade_A
VFG015045(gb|NP_249821),8262,2613,478,226,8740,2839,0.9453089244851258,0.9203945051074321,1.4948918130489877,3.015238913895461e-6,0.024914419377693675,0.024914419377693675,1.0270692830513863,1.2645261551144768e-5,TRUE,Clade_A
VFG000189(gb|NP_250385),8250,2609,490,230,8740,2839,0.9439359267734554,0.9189855582951744,1.484210121980601,3.1325582442770658e-6,0.024950368478281026,0.024950368478281026,1.0271499026867918,1.3089414594483769e-5,TRUE,Clade_A
VFG042752(gb|NP_252995),8250,2609,490,230,8740,2839,0.9439359267734554,0.9189855582951744,1.484210121980601,3.1325582442770658e-6,0.024950368478281026,0.024950368478281026,1.0271499026867918,1.3089414594483769e-5,TRUE,Clade_A
VFG030408(gb|WP_015355418),0,9,8740,2830,8740,2839,0,0.0031701303275801338,0,3.1716630891228027e-6,-0.0031701303275801338,0.0031701303275801338,Inf,1.3228718411723109e-5,TRUE,Clade_B
VFG019829(gb|WP_003086454),8166,2577,574,262,8740,2839,0.934324942791762,0.9077139837971117,1.446336325538865,3.448779229825633e-6,0.02661095899465038,0.02661095899465038,1.0293164581241026,1.433242672684783e-5,TRUE,Clade_A
VFG015463(gb|WP_003119488),8234,2603,506,236,8740,2839,0.9421052631578948,0.9168721380767876,1.4753063699948912,3.4436556744487327e-6,0.0252331250811072,0.0252331250811072,1.0275208767211923,1.433242672684783e-5,TRUE,Clade_A
VFG015600(gb|WP_003150817),8226,2600,514,239,8740,2839,0.9411899313501144,0.9158154279675942,1.471073277485774,3.986946484475087e-6,0.02537450338252023,0.02537450338252023,1.0277070058088364,1.6538978725833363e-5,TRUE,Clade_A
VFG019985(gb|WP_003114657),8222,2599,518,240,8740,2839,0.9407322654462242,0.9154631912645298,1.4656727263005227,4.285265988217628e-6,0.02526907418169444,0.02526907418169444,1.0276025015782342,1.7744404651572634e-5,TRUE,Clade_A
VFG002059(gb|NP_248763),8221,2599,519,240,8740,2839,0.9406178489702517,0.9154631912645298,1.4626710816553754,4.401029757364836e-6,0.025154657705721895,0.025154657705721895,1.0274775195177162,1.819092299710799e-5,TRUE,Clade_A
VFG000203(gb|NP_250399),8695,2839,45,0,8740,2839,0.9948512585812357,1,0,5.003172774994941e-6,-0.005148741418764313,0.005148741418764313,1.0051753881541117,2.056859918609031e-5,TRUE,Clade_B
VFG015130(gb|WP_003087710),8695,2839,45,0,8740,2839,0.9948512585812357,1,0,5.003172774994941e-6,-0.005148741418764313,0.005148741418764313,1.0051753881541117,2.056859918609031e-5,TRUE,Clade_B
VFG019961(gb|WP_004342870),8695,2839,45,0,8740,2839,0.9948512585812357,1,0,5.003172774994941e-6,-0.005148741418764313,0.005148741418764313,1.0051753881541117,2.056859918609031e-5,TRUE,Clade_B
VFG001250(gb|NP_249791),8163,2577,577,262,8740,2839,0.9339816933638444,0.9077139837971117,1.4382886064677187,5.30887404236398e-6,0.026267709566732744,0.026267709566732744,1.028938311005027,2.1786327465443594e-5,TRUE,Clade_A
VFG015379(gb|WP_011979124),8220,2599,520,240,8740,2839,0.9405034324942791,0.9154631912645298,1.4596809809998172,5.4246586209172665e-6,0.02504024122974935,0.02504024122974935,1.0273525374571983,2.2182115644178626e-5,TRUE,Clade_A
VFG015380(gb|WP_003136959),8220,2599,520,240,8740,2839,0.9405034324942791,0.9154631912645298,1.4596809809998172,5.4246586209172665e-6,0.02504024122974935,0.02504024122974935,1.0273525374571983,2.2182115644178626e-5,TRUE,Clade_A
VFG041046(gb|NP_251392),8169,2580,571,259,8740,2839,0.9346681922196797,0.908770693906305,1.436144347901582,5.852600649769893e-6,0.025897498313374623,0.025897498313374623,1.028497285934756,2.3847008686629013e-5,TRUE,Clade_A
VFG051814(gb|WP_003119469.1),8169,2580,571,259,8740,2839,0.9346681922196797,0.908770693906305,1.436144347901582,5.852600649769893e-6,0.025897498313374623,0.025897498313374623,1.028497285934756,2.3847008686629013e-5,TRUE,Clade_A
VFG016123(gb|WP_011061773),8150,2573,590,266,8740,2839,0.9324942791762014,0.9063050369848539,1.428015594781558,6.494683825045511e-6,0.02618924219134755,0.02618924219134755,1.0288967192309506,2.641632038059291e-5,TRUE,Clade_A
VFG044095(gb|NP_252100),8173,2582,567,257,8740,2839,0.9351258581235697,0.9094751673124339,1.4346984055437697,6.650594913678529e-6,0.0256506908111358,0.0256506908111358,1.0282038385797112,2.696598192292315e-5,TRUE,Clade_A
VFG000188(gb|NP_250384),8208,2595,532,244,8740,2839,0.9391304347826087,0.9140542444522719,1.4506510982108007,6.6768429521448775e-6,0.02507619033033681,0.02507619033033681,1.0274340286504147,2.696598192292315e-5,TRUE,Clade_A
VFG015100(gb|WP_003087674),8208,2595,532,244,8740,2839,0.9391304347826087,0.9140542444522719,1.4506510982108007,6.6768429521448775e-6,0.02507619033033681,0.02507619033033681,1.0274340286504147,2.696598192292315e-5,TRUE,Clade_A
VFG019948(gb|WP_012614298),8208,2595,532,244,8740,2839,0.9391304347826087,0.9140542444522719,1.4506510982108007,6.6768429521448775e-6,0.02507619033033681,0.02507619033033681,1.0274340286504147,2.696598192292315e-5,TRUE,Clade_A
VFG015426(gb|WP_011979130),8193,2590,547,249,8740,2839,0.9374141876430206,0.9122930609369496,1.4399265351897639,7.112110714517799e-6,0.02512112670607103,0.02512112670607103,1.0275362466094733,2.8673430543240475e-5,TRUE,Clade_A
VFG051817(gb|WP_003090565.1),8168,2580,572,259,8740,2839,0.9345537757437071,0.908770693906305,1.4334583813887283,7.180509765210591e-6,0.025783081837402078,0.025783081837402078,1.028371383463715,2.8898402458584376e-5,TRUE,Clade_A
VFG014396(gb|WP_003158014),8129,2566,611,273,8740,2839,0.9300915331807781,0.9038393800634026,1.4154280725713324,7.443742518751575e-6,0.0262521531173755,0.0262521531173755,1.02904515303984,2.9905333341534347e-5,TRUE,Clade_A
VFG015973(gb|NP_251082),3051,1124,5689,1715,8740,2839,0.34908466819221967,0.39591405424445225,0.8183090149264464,7.5293409436943375e-6,-0.04682938605223258,0.04682938605223258,1.1341490770555598,3.0143644196919393e-5,TRUE,Clade_B
VFG015975(gb|WP_003139293),3051,1124,5689,1715,8740,2839,0.34908466819221967,0.39591405424445225,0.8183090149264464,7.5293409436943375e-6,-0.04682938605223258,0.04682938605223258,1.1341490770555598,3.0143644196919393e-5,TRUE,Clade_B
VFG044090(gb|NP_252095),8687,2838,53,1,8740,2839,0.9939359267734553,0.9996477632969355,0.0577600416379289,8.301733945414427e-6,-0.005711836523480174,0.005711836523480174,1.005746684841167,3.3178009879408875e-5,TRUE,Clade_B
VFG014240(gb|WP_003082169),8631,2829,109,10,8740,2839,0.9875286041189931,0.9964776329693554,0.27991138908550584,8.35614250102857e-6,-0.008949028850362306,0.008949028850362306,1.0090620452035879,3.333737547366876e-5,TRUE,Clade_B
VFG020061(gb|WP_012614136),8182,2586,558,253,8740,2839,0.9361556064073226,0.9108841141246918,1.4345066630952492,8.41976025451268e-6,0.025271492282630814,0.025271492282630814,1.0277439159282247,3.3532864624743204e-05,TRUE,Clade_A
VFG042745(gb|NP_252988),8194,2591,546,248,8740,2839,0.9375286041189931,0.9126452976400141,1.4363914650082261,8.476997968034347e-6,0.02488330647897896,0.02488330647897896,1.0272650355437365,3.370231081225441e-5,TRUE,Clade_A
VFG016005(gb|NP_251085),8181,2586,559,253,8740,2839,0.9360411899313501,0.9108841141246918,1.4317657282814764,8.583807997322533e-6,0.02515707580665827,0.02515707580665827,1.0276183055742858,3.406791616930431e-5,TRUE,Clade_A
VFG040874(gb|NP_249373),8216,2599,524,240,8740,2839,0.940045766590389,0.9154631912645298,1.4478346964665987,8.623815610248725e-6,0.02458257532585917,0.02458257532585917,1.0268526092151267,3.41086776032941e-5,TRUE,Clade_A
VFG000201(gb|NP_250397),8228,2604,512,235,8740,2839,0.9414187643020595,0.9172243747798521,1.4502270500537222,8.61274651783929e-6,0.024194389522207427,0.024194389522207427,1.0263778309729443,3.41086776032941e-5,TRUE,Clade_A
VFG000198(gb|NP_250394),8696,2839,44,0,8740,2839,0.9949656750572082,1,0,8.672821596139983e-6,-0.005034324942791768,0.005034324942791768,1.0050597976080957,3.412599098035184e-5,TRUE,Clade_B
VFG015120(gb|WP_003087696),8696,2839,44,0,8740,2839,0.9949656750572082,1,0,8.672821596139983e-6,-0.005034324942791768,0.005034324942791768,1.0050597976080957,3.412599098035184e-5,TRUE,Clade_B
VFG019957(gb|WP_003087696),8696,2839,44,0,8740,2839,0.9949656750572082,1,0,8.672821596139983e-6,-0.005034324942791768,0.005034324942791768,1.0050597976080957,3.412599098035184e-5,TRUE,Clade_B
VFG016032(gb|WP_011666646),2948,1088,5792,1751,8740,2839,0.33729977116704807,0.38323353293413176,0.8191621073140467,8.858057857429236e-6,-0.04593376176708369,0.04593376176708369,1.1361808269485452,3.4795179323531964e-5,TRUE,Clade_B
VFG042742(gb|NP_252985),8209,2597,531,242,8740,2839,0.9392448512585813,0.9147587178584008,1.4405364446750588,9.70334916616048e-6,0.024486133400180465,0.024486133400180465,1.0267678601167163,3.8050398268670325e-5,TRUE,Clade_A
VFG000161(gb|NP_251089),2949,1088,5791,1751,8740,2839,0.3374141876430206,0.38323353293413176,0.8195813678447402,9.813130791712376e-6,-0.045819345291111147,0.045819345291111147,1.1357955503032593,3.8352496282109444e-5,TRUE,Clade_B
VFG043014(gb|NP_250149),8737,2827,3,12,8740,2839,0.9996567505720824,0.9957731595632265,12.35862967625505,9.813825334611266e-6,0.0038835910088558245,0.0038835910088558245,1.0039000760078323,3.8352496282109444e-5,TRUE,Clade_A
VFG040876(gb|NP_249375),8171,2583,569,256,8740,2839,0.9348970251716248,0.9098274040154984,1.4231941402925532,1.0092173027294353e-5,0.02506962115612632,0.02506962115612632,1.0275542603415573,3.9373205654104156e-5,TRUE,Clade_A
VFG044092(gb|NP_252097),8193,2591,547,248,8740,2839,0.9374141876430206,0.9126452976400141,1.4335908274071059,1.0351899783420018e-5,0.024768890003006527,0.024768890003006527,1.0271396675872386,4.031792547226744e-5,TRUE,Clade_A
VFG016006(gb|WP_012075667),8180,2586,560,253,8740,2839,0.9359267734553776,0.9108841141246918,1.4290345818252959,1.0500131723702586e-5,0.025042659330685724,0.025042659330685724,1.0274926952203467,4.082593588843006e-5,TRUE,Clade_A
VFG014539(gb|WP_003155632),8192,2591,548,248,8740,2839,0.9372997711670481,0.9126452976400141,1.430800410387104,1.057362122459117e-5,0.024654473527033982,0.024654473527033982,1.0270142996307408,4.10421101340307e-5,TRUE,Clade_A
VFG040871(gb|NP_249370),8152,2576,588,263,8740,2839,0.9327231121281464,0.9073617470940472,1.4154111888461647,1.1055742059559426e-5,0.025361365034099248,0.025361365034099248,1.0279506658896769,4.284100048079278e-5,TRUE,Clade_A
VFG002067(gb|NP_248771),8418,2679,322,160,8740,2839,0.9631578947368421,0.9436421275096865,1.5612833876110275,1.1204897268217362e-5,0.019515767227155645,0.019515767227155645,1.0206813225673366,4.334575772898926e-5,TRUE,Clade_A
VFG015096(gb|WP_003132884),8218,2601,522,238,8740,2839,0.94027459954233406,0.9161676646706587,1.4405135092783368,1.2298260737181025e-5,0.024106934871675367,0.024106934871675367,1.0263127981932665,4.7415479211921466e-5,TRUE,Clade_A
VFG019946(gb|WP_003103206),8218,2601,522,238,8740,2839,0.94027459954233406,0.9161676646706587,1.4405135092783368,1.2298260737181025e-5,0.024106934871675367,0.024106934871675367,1.0263127981932665,4.7415479211921466e-5,TRUE,Clade_A
VFG000186(gb|NP_250382),8217,2601,523,238,8740,2839,0.9401601830663615,0.9161676646706587,1.4375845264690799,1.2524372450742847e-5,0.023992518395702822,0.023992518395702822,1.0261879122358324,4.820622550671827e-5,TRUE,Clade_A
VFG016007(gb|WP_003139292),8180,2587,560,252,8740,2839,0.9359267734553776,0.9112363508277562,1.4228366404232295,1.2686747357962919e-5,0.024690422627621333,0.024690422627621333,1.02709551984531,4.8749411120882635e-5,TRUE,Clade_A
VFG013733(gb|WP_003854229),0,8,8740,2831,8740,2839,0,0.0028178936245156746,0,1.2963374639434812e-5,-0.0028178936245156746,0.0028178936245156746,Inf,4.972906592452083e-5,TRUE,Clade_B
VFG000163(gb|NP_251088),2945,1085,5795,1754,8740,2839,0.33695652173913043,0.38217682282493837,0.8215709855990909,1.3294850970525633e-5,-0.045220301085807935,0.045220301085807935,1.1342021838675591,5.078722184579306e-5,TRUE,Clade_B
VFG016095(gb|WP_003139291),2945,1085,5795,1754,8740,2839,0.33695652173913043,0.38217682282493837,0.8215709855990909,1.3294850970525633e-5,-0.045220301085807935,0.045220301085807935,1.1342021838675591,5.078722184579306e-5,TRUE,Clade_B
VFG000160(gb|NP_251087),2946,1085,5794,1754,8740,2839,0.337070938215103,0.38217682282493837,0.8219916903338086,1.3327771382374639e-5,-0.04510588460983539,0.04510588460983539,1.133817186520693,5.078722184579306e-5,TRUE,Clade_B
VFG016022(gb|WP_003103601),2946,1085,5794,1754,8740,2839,0.337070938215103,0.38217682282493837,0.8219916903338086,1.3327771382374639e-5,-0.04510588460983539,0.04510588460983539,1.133817186520693,5.078722184579306e-5,TRUE,Clade_B
VFG000192(gb|NP_250388),8698,2839,42,0,8740,2839,0.9951945080091533,1,0,1.3411005969448273e-5,-0.0048054919908466776,0.0048054919908466776,1.0048286962520119,5.085098792382535e-5,TRUE,Clade_B
VFG015108(gb|WP_003100796),8698,2839,42,0,8740,2839,0.9951945080091533,1,0,1.3411005969448273e-5,-0.0048054919908466776,0.0048054919908466776,1.0048286962520119,5.085098792382535e-5,TRUE,Clade_B
VFG019951(gb|WP_012614296),8698,2839,42,0,8740,2839,0.9951945080091533,1,0,1.3411005969448273e-5,-0.0048054919908466776,0.0048054919908466776,1.0048286962520119,5.085098792382535e-5,TRUE,Clade_B
VFG000204(gb|NP_250400),8213,2600,527,239,8740,2839,0.9397025171624714,0.9158154279675942,1.4325213511517039,1.3483852614261632e-5,0.023887089194877253,0.023887089194877253,1.0260828639324064,5.0958744476303436e-5,TRUE,Clade_A
VFG019962(gb|WP_003113550),8213,2600,527,239,8740,2839,0.9397025171624714,0.9158154279675942,1.4325213511517039,1.3483852614261632e-5,0.023887089194877253,0.023887089194877253,1.0260828639324064,5.0958744476303436e-5,TRUE,Clade_A
VFG015521(gb|NP_252906),7410,2308,1330,531,8740,2839,0.8478260869565217,0.8129623106727721,1.2818092629199191,1.5140984577970076e-5,0.03486377628374959,0.03486377628374959,1.042884861728581,5.675395199650875e-5,TRUE,Clade_A
VFG015523(gb|WP_003112073),7410,2308,1330,531,8740,2839,0.8478260869565217,0.8129623106727721,1.2818092629199191,1.5140984577970076e-5,0.03486377628374959,0.03486377628374959,1.042884861728581,5.675395199650875e-5,TRUE,Clade_A
VFG015542(gb|NP_252905),7410,2308,1330,531,8740,2839,0.8478260869565217,0.8129623106727721,1.2818092629199191,1.5140984577970076e-5,0.03486377628374959,0.03486377628374959,1.042884861728581,5.675395199650875e-5,TRUE,Clade_A
VFG015544(gb|WP_093945134),7410,2308,1330,531,8740,2839,0.8478260869565217,0.8129623106727721,1.2818092629199191,1.5140984577970076e-5,0.03486377628374959,0.03486377628374959,1.042884861728581,5.675395199650875e-5,TRUE,Clade_A
VFG020028(gb|WP_003112073),7410,2308,1330,531,8740,2839,0.8478260869565217,0.8129623106727721,1.2818092629199191,1.5140984577970076e-5,0.03486377628374959,0.03486377628374959,1.042884861728581,5.675395199650875e-5,TRUE,Clade_A
VFG000202(gb|NP_250398),8189,2591,551,248,8740,2839,0.9369565217391305,0.9126452976400141,1.4224899263509045,1.6049366303759716e-5,0.024311224099116346,0.024311224099116346,1.0266381957612472,6.0060760686500475e-5,TRUE,Clade_A
VFG015128(gb|WP_003087708),8190,2592,550,247,8740,2839,0.937070938215103,0.9129975343430785,1.4189560247939412,1.9037169412192798e-5,0.0240734038720245,0.0240734038720245,1.0263674357996442,7.112584141949557e-5,TRUE,Clade_A
VFG040872(gb|NP_249371),8136,2572,604,267,8740,2839,0.9308924485125858,0.9059528002817894,1.3983011761959296,1.9789347481731038e-5,0.02493964823079642,0.02493964823079642,1.0275286397073216,7.381587499689594e-5,TRUE,Clade_A
VFG000199(gb|NP_250395),8175,2587,565,252,8740,2839,0.9353546910755148,0.9112363508277562,1.4093845107276861,1.9871833012084343e-5,0.024118340247758607,0.024118340247758607,1.0264677108478495,7.40032222885089e-5,TRUE,Clade_A
VFG014683(gb|WP_003095673),8723,2817,17,22,8740,2839,0.9980549199084668,0.9922507925325819,4.006525790363663,1.9959802685260578e-5,0.005804127375884982,0.005804127375884982,1.005849456024188,7.421035228523139e-5,TRUE,Clade_A
VFG019930(gb|WP_003092013),8223,2605,517,234,8740,2839,0.9408466819221968,0.9175766114829165,1.428674636548075,2.0157657391421807e-5,0.02327007043928031,0.02327007043928031,1.0253603569969738,7.482470235586024e-5,TRUE,Clade_A
VFG019952(gb|WP_003087692),8221,2604,519,235,8740,2839,0.9406178489702517,0.9172243747798521,1.4294521009005539,2.078539286645981e-5,0.02339347419039961,0.02339347419039961,1.0255046364157236,7.703019585728402e-5,TRUE,Clade_A
VFG000193(gb|NP_250389),8219,2604,521,235,8740,2839,0.9403890160183066,0.9172243747798521,1.4236189300263455,2.1639088281638046e-5,0.02316464123845452,0.02316464123845452,1.0252551522565179,8.006462664206078e-5,TRUE,Clade_A
VFG015102(gb|WP_003140061),8237,2611,503,228,8740,2839,0.9424485125858123,0.9196900317013033,1.429928988481703,2.364361812401208e-5,0.022758480884509047,0.022758480884509047,1.0247458166339032,8.734051526003818e-5,TRUE,Clade_A
VFG015122(gb|WP_003100791),8174,2587,566,252,8740,2839,0.9352402745995423,0.9112363508277562,1.4067226031553597,2.400340431039231e-5,0.024003923771786062,0.024003923771786062,1.0263421490483575,8.852702490038578e-5,TRUE,Clade_A
VFG014735(gb|WP_003138116),8293,2632,447,207,8740,2839,0.9488558352402746,0.9270870024656569,1.459059851009953,2.4181051069259977e-5,0.02176883277461772,0.02176883277461772,1.0234808952306762,8.903905482003593e-5,TRUE,Clade_A
VFG016038(gb|NP_251090),2964,1087,5776,1752,8740,2839,0.3391304347826087,0.38288129623106726,0.8271193155872366,2.510739702299428e-5,-0.04375086144845858,0.04375086144845858,1.1290089504249419,9.21541900331982e-5,TRUE,Clade_B
VFG016040(gb|WP_078463717),2964,1087,5776,1752,8740,2839,0.3391304347826087,0.38288129623106726,0.8271193155872366,2.510739702299428e-5,-0.04375086144845858,0.04375086144845858,1.1290089504249419,9.21541900331982e-5,TRUE,Clade_B
VFG015116(gb|WP_003140044),8157,2581,583,258,8740,2839,0.9332951945080091,0.9091229306093696,1.3985565105428943,2.5437835145969193e-5,0.02417226389863958,0.02417226389863958,1.0265885537420525,9.321788150935036e-5,TRUE,Clade_A
VFG014487(gb|WP_003156948),8181,2590,559,249,8740,2839,0.9360411899313501,0.9122930609369496,1.406955332678904,2.6060456984423418e-5,0.023748128994400486,0.023748128994400486,1.0260312502761015,9.534719030664645e-5,TRUE,Clade_A
VFG015110(gb|WP_003087692),8218,2604,522,235,8740,2839,0.94027459954233406,0.9172243747798521,1.420719105383456,2.6253286297193585e-5,0.023050224762481974,0.023050224762481974,1.025130410176915,9.589974325758293e-5,TRUE,Clade_A
VFG041031(gb|NP_251049),8695,2801,45,38,8740,2839,0.9948512585812357,0.9866150052835505,2.6211040431847836,2.7453501140592775e-5,0.008236253297685181,0.008236253297685181,1.0083479911146478,1.0012453357157365e-4,TRUE,Clade_A
VFG015164(gb|WP_003087735),8190,2594,550,245,8740,2839,0.937070938215103,0.9137020077492075,1.4063825914680799,2.7751538042243147e-5,0.0233689304658955,0.0233689304658955,1.025576096219228,1.0105083852207266e-4,TRUE,Clade_A
VFG019954(gb|WP_003087694),8162,2583,578,256,8740,2839,0.9338672768878719,0.9098274040154984,1.3994928721295679,2.8349733207235543e-5,0.024039872872373413,0.024039872872373413,1.0264224541558917,1.0306543261077391e-4,TRUE,Clade_A
VFG015114(gb|WP_003087694),8161,2583,579,256,8740,2839,0.9337528604118993,0.9098274040154984,1.3969048777567636,2.879284936779513e-5,0.023925456396400868,0.023925456396400868,1.02629669791304,1.0451075387614245e-4,TRUE,Clade_A
VFG014513(gb|WP_012076411),8174,2588,566,251,8740,2839,0.9352402745995423,0.9115885875308207,1.4005995850456912,2.887983711090577e-5,0.02365168706872156,0.02365168706872156,1.0259455717110126,1.0466089467996499e-4,TRUE,Clade_A
VFG000148(gb|NP_248734),8692,2838,48,1,8740,2839,0.994508009153318,0.9996477632969355,0.06381334808607295,3.284795790096813e-5,-0.005139754143617448,0.005139754143617448,1.005168137507503,1.1847989846669953e-4,TRUE,Clade_B
VFG015168(gb|WP_003136948),8692,2838,48,1,8740,2839,0.994508009153318,0.9996477632969355,0.06381334808607295,3.284795790096813e-5,-0.005139754143617448,0.005139754143617448,1.005168137507503,1.1847989846669953e-4,TRUE,Clade_B
VFG019979(gb|WP_012613430),8692,2838,48,1,8740,2839,0.994508009153318,0.9996477632969355,0.06381334808607295,3.284795790096813e-5,-0.005139754143617448,0.005139754143617448,1.005168137507503,1.1847989846669953e-4,TRUE,Clade_B
VFG000220(gb|NP_250416),8189,2594,551,245,8740,2839,0.9369565217391305,0.9137020077492075,1.4036590395434425,3.341788620804968e-5,0.023254513989922954,0.023254513989922954,1.0254508732526566,1.2034635943683825e-4,TRUE,Clade_A
VFG019976(gb|WP_003087734),8188,2594,552,245,8740,2839,0.9368421052631579,0.9137020077492075,1.400945354845732,3.414024412833133e-5,0.02314009751395041,0.02314009751395041,1.0253256502860852,1.2275504706958006e-4,TRUE,Clade_A
VFG000196(gb|NP_250392),8160,2583,580,256,8740,2839,0.9336384439359268,0.9098274040154984,1.3943258068511215,3.477383503614642e-5,0.023811039920428323,0.023811039920428323,1.026170941670188,1.2483752358829402e-4,TRUE,Clade_A
VFG000195(gb|NP_250391),8159,2583,581,256,8740,2839,0.9335240274599542,0.9098274040154984,1.3917556133374798,3.526269963397573e-5,0.023696623444455778,0.023696623444455778,1.0260451854273365,1.2639473900053174e-4,TRUE,Clade_A
VFG015041(gb|WP_003092013),8217,2605,523,234,8740,2839,0.9401601830663615,0.9175766114829165,1.4112557530222891,3.85392152581009e-5,0.02258357158344504,0.02258357158344504,1.0246121918331672,1.3792349423101945e-4,TRUE,Clade_A
VFG014832(gb|WP_012074764),8661,2833,79,6,8740,2839,0.9909610983981694,0.9978865797816132,0.23220520309537723,3.9478204249698064e-5,-0.006925481383443843,0.006925481383443843,1.0069886511131854,1.4106386378318905e-4,TRUE,Clade_B
VFG015547(gb|WP_003093617),8604,2822,136,17,8740,2839,0.9844393592677345,0.9940119760479041,0.38111618674803915,3.993455802167099e-5,-0.00957261678016963,0.00957261678016963,1.009723927319698,1.4247259113796775e-4,TRUE,Clade_B
VFG015162(gb|WP_003087734),8186,2594,554,245,8740,2839,0.9366132723112128,0.9137020077492075,1.3955473734050425,4.1899205816069455e-5,0.022911264562005318,0.022911264562005318,1.0250752043529425,1.4924965550009833e-4,TRUE,Clade_A
VFG019975(gb|WP_004342903),8197,2598,543,241,8740,2839,0.9378718535469107,0.9151109545614653,1.4002943792557339,4.2820748964212054e-5,0.02276089898544542,0.02276089898544542,1.0248722833793993,1.5229581104481e-4,TRUE,Clade_A
VFG009819(gb|WP_041799901),8004,2527,736,312,8740,2839,0.9157894736842105,0.8901021486438887,1.3426623953425048,4.7004559945681984e-5,0.025687325040321785,0.025687325040321785,1.0288588507279277,1.669171215408583e-4,TRUE,Clade_A
VFG000205(gb|NP_250401),8160,2585,580,254,8740,2839,0.9336384439359268,0.9105318774216273,1.3823634732676708,4.9672405914129045e-5,0.02310656651429943,0.02310656651429943,1.0253769989687025,1.7503609703074045e-4,TRUE,Clade_A
VFG000208(gb|NP_250404),8200,2600,540,239,8740,2839,0.9382151029748284,0.9158154279675942,1.3958255003965354,4.95471378086546e-5,0.022399675007234165,0.022399675007234165,1.024458722055976,1.7503609703074045e-4,TRUE,Clade_A
VFG000209(gb|NP_250405),8200,2600,540,239,8740,2839,0.9382151029748284,0.9158154279675942,1.3958255003965354,4.95471378086546e-5,0.022399675007234165,0.022399675007234165,1.024458722055976,1.7503609703074045e-4,TRUE,Clade_A
VFG019965(gb|WP_003120334),8200,2600,540,239,8740,2839,0.9382151029748284,0.9158154279675942,1.3958255003965354,4.95471378086546e-5,0.022399675007234165,0.022399675007234165,1.024458722055976,1.7503609703074045e-4,TRUE,Clade_A
VFG000156(gb|NP_252169),8212,2604,528,235,8740,2839,0.9395881006864989,0.9172243747798521,1.4035508089863546,4.9653005537262205e-5,0.022363725906646814,0.022363725906646814,1.0243819576992974,1.7503609703074045e-4,TRUE,Clade_A
VFG000219(gb|NP_250415),8184,2594,556,245,8740,2839,0.9363844393592677,0.9137020077492075,1.390188223538007,5.1298440249671594e-5,0.022682431610060227,0.022682431610060227,1.0248247584197998,1.804886839459304e-4,TRUE,Clade_A
VFG000151(gb|NP_250121),8112,2567,628,272,8740,2839,0.9281464530892448,0.9041916167664671,1.3686698247173457,5.3225870780725276e-5,0.02395483632277773,0.02395483632277773,1.0264930971251913,1.869833806600058e-4,TRUE,Clade_A
VFG014075(gb|WP_004365048),8687,2837,53,2,8740,2839,0.9939359267734553,0.9992955265938711,0.11555943912205971,5.345311543103705e-5,-0.0053595998204157835,0.0053595998204157835,1.0053922991171214,1.8749456697064067e-4,TRUE,Clade_B
VFG024169(gb|WP_099961986),8003,2527,737,312,8740,2839,0.9156750572082379,0.8901021486438887,1.3406732755567157,5.5263025732935174e-5,0.02557290856434924,0.02557290856434924,1.0287303076431291,1.9354714661275313e-4,TRUE,Clade_A
VFG019973(gb|WP_003122856),8164,2587,576,252,8740,2839,0.934096109839817,0.9112363508277562,1.3806118412132788,5.613658628071147e-5,0.02285975901206072,0.02285975901206072,1.0250865310534365,1.9630690385358555e-4,TRUE,Clade_A
VFG051488(gb|NP_253776.1),8703,2839,37,0,8740,2839,0.995766590389016,1,0,5.6801885076933185e-5,-0.004233409610983951,0.004233409610983951,1.0042514075606113,1.983310873158063e-4,TRUE,Clade_B
VFG019966(gb|WP_003100755),8199,2600,541,239,8740,2839,0.9381006864988558,0.9158154279675942,1.3930757847507256,5.9448936734111236e-5,0.02228525853126162,0.02228525853126162,1.0243337880654815,2.0725814721588324e-4,TRUE,Clade_A
VFG015106(gb|WP_003140046),8172,2590,568,249,8740,2839,0.9350114416475973,0.9122930609369496,1.383141120182278,5.983853632778287e-5,0.02271838071064769,0.02271838071064769,1.024902503026073,2.0829985179959622e-4,TRUE,Clade_A
VFG015140(gb|WP_003120334),8198,2600,542,239,8740,2839,0.9379862700228833,0.9158154279675942,1.3903362149170106,6.067962859487112e-5,0.022170842055289075,0.022170842055289075,1.0242088540749867,2.109076787827793e-4,TRUE,Clade_A
VFG019964(gb|WP_003100765),8156,2584,584,255,8740,2839,0.9331807780320366,0.9101796407185628,1.3781582511517996,6.156058558074306e-5,0.023001137313473752,0.023001137313473752,1.0252709863904612,2.1364596569171647e-4,TRUE,Clade_A
VFG000218(gb|NP_250414),8196,2599,544,240,8740,2839,0.9377574370709382,0.9154631912645298,1.3912162446673495,6.1873921884225935e-05,0.022294245806408375,0.022294245806408375,1.0243529680047685,2.144090284024385e-4,TRUE,Clade_A
VFG015160(gb|WP_003120329),8195,2599,545,240,8740,2839,0.9376430205949656,0.9154631912645298,1.388494395731645,6.309353373718885e-5,0.02217982933043583,0.02217982933043583,1.0242279859442507,2.1830553000469263e-4,TRUE,Clade_A
VFG015126(gb|WP_003109502),8219,2608,521,231,8740,2839,0.9403890160183066,0.9186333215921099,1.397243451100081,6.467876858100062e-5,0.021755694426196737,0.021755694426196737,1.0236826750291306,2.2345345651327624e-4,TRUE,Clade_A
VFG000216(gb|NP_250412),8163,2587,577,252,8740,2839,0.9339816933638444,0.9112363508277562,1.3780505392687483,6.696470501977152e-5,0.022745342536088176,0.022745342536088176,1.0249609692539445,2.3100305761707647e-4,TRUE,Clade_A
VFG019963(gb|WP_003100769),8160,2586,580,253,8740,2839,0.9336384439359268,0.9108841141246918,1.3763892400291307,6.948552288184061e-5,0.02275432981123493,0.02275432981123493,1.0249804881415685,2.3933902325967322e-4,TRUE,Clade_A
VFG019950(gb|WP_003109497),8173,2591,567,248,8740,2839,0.9351258581235697,0.9126452976400141,1.3796524762156068,7.018167161785902e-5,0.022480560483555623,0.022480560483555623,1.0246323084572808,2.4137444481464558e-4,TRUE,Clade_A
VFG015134(gb|WP_003109505),8159,2586,581,253,8740,2839,0.9335240274599542,0.9108841141246918,1.3738521082429835,7.0733077726841e-5,0.022639913335262385,0.022639913335262385,1.0248548777876294,2.429067070439719e-4,TRUE,Clade_A
VFG000215(gb|NP_250411),8143,2580,597,259,8740,2839,0.9316933638443936,0.908770693906305,1.3692334324416302,7.226302524072358e-5,0.022922669938088558,0.022922669938088558,1.0252238216876874,2.4705123681403857e-4,TRUE,Clade_A
VFG015158(gb|WP_003120330),8143,2580,597,259,8740,2839,0.9316933638443936,0.908770693906305,1.3692334324416302,7.226302524072358e-5,0.022922669938088558,0.022922669938088558,1.0252238216876874,2.4705123681403857e-4,TRUE,Clade_A
VFG000210(gb|NP_250406),8157,2585,583,254,8740,2839,0.9332951945080091,0.9105318774216273,1.3747452642904068,7.208163228115856e-5,0.022763317086381796,0.022763317086381796,1.0250000221308464,2.4705123681403857e-4,TRUE,Clade_A
VFG015142(gb|WP_003109509),8197,2600,543,239,8740,2839,0.9378718535469107,0.9158154279675942,1.3876067348427001,7.274912483857896e-5,0.02205642557931653,0.02205642557931653,1.0240839200844922,2.48342994612649e-4,TRUE,Clade_A
VFG019967(gb|WP_003120332),8156,2585,584,254,8740,2839,0.9331807780320366,0.9105318774216273,1.3722232531832323,7.331239301246868e-5,0.02264890061040925,0.02264890061040925,1.0248743631848944,2.498939518136748e-4,TRUE,Clade_A
VFG000217(gb|NP_250413),8141,2579,599,260,8740,2839,0.9314645308924485,0.9084184572032405,1.3701251664907084,7.385098295982098e-5,0.02304607368920797,0.02304607368920797,1.0253694467637307,2.5135631292259544e-4,TRUE,Clade_A
VFG000207(gb|NP_250403),8154,2584,586,255,8740,2839,0.9329519450800915,0.9101796407185628,1.3731183462570429,7.475460018081525e-5,0.02277230436152866,0.02277230436152866,1.025019571239311,2.5405489305894844e-4,TRUE,Clade_A
VFG015055(gb|WP_003082999),8111,2568,629,271,8740,2839,0.9280320366132723,0.9045438534695315,1.3607728502437078,7.494305890304865e-5,0.023488183143740793,0.023488183143740793,1.0259668815985514,2.540675618475228e-4,TRUE,Clade_A
VFG015433,8414,2683,326,156,8740,2839,0.9627002288329519,0.9450510743219444,1.5006245147722312,7.497983407618698e-5,0.01764915451100757,0.01764915451100757,1.0186753446353898,2.540675618475228e-4,TRUE,Clade_A
VFG001264(gb|NP_250144),8735,2827,5,12,8740,2839,0.9994279176201373,0.9957731595632265,7.414419599089349,8.03233133454555e-5,0.003654758056910734,0.003654758056910734,1.0036702717097876,2.7057515538102045e-4,TRUE,Clade_A
VFG014605(gb|WP_003087102),8735,2827,5,12,8740,2839,0.9994279176201373,0.9957731595632265,7.414419599089349,8.03233133454555e-5,0.003654758056910734,0.003654758056910734,1.0036702717097876,2.7057515538102045e-4,TRUE,Clade_A
VFG019861(gb|WP_003083061),8735,2827,5,12,8740,2839,0.9994279176201373,0.9957731595632265,7.414419599089349,8.03233133454555e-5,0.003654758056910734,0.003654758056910734,1.0036702717097876,2.7057515538102045e-4,TRUE,Clade_A
VFG043015(gb|NP_250150),8735,2827,5,12,8740,2839,0.9994279176201373,0.9957731595632265,7.414419599089349,8.03233133454555e-5,0.003654758056910734,0.003654758056910734,1.0036702717097876,2.7057515538102045e-4,TRUE,Clade_A
VFG044093(gb|NP_252098),8689,2837,51,2,8740,2839,0.9941647597254004,0.9992955265938711,0.12011870229655833,8.218432609888475e-5,-0.005130766868470693,0.005130766868470693,1.0051608818541182,2.760334466630185e-4,TRUE,Clade_B
VFG015847(gb|WP_012074275),51,2,8689,2837,8740,2839,0.005835240274599542,7.044734061289186e-4,8.325098264295377,8.218432609888471e-5,0.005130766868470624,0.005130766868470624,8.28312356979405,2.760334466630185e-4,TRUE,Clade_A
VFG000154(gb|NP_250123),8114,2570,626,269,8740,2839,0.9283752860411899,0.9052483268756605,1.3566492059745792,8.559148353017548e-5,0.023126959165529426,0.023126959165529426,1.0255476408836335,2.8659965679413173e-4,TRUE,Clade_A
VFG015058(gb|WP_003083017),8114,2570,626,269,8740,2839,0.9283752860411899,0.9052483268756605,1.3566492059745792,8.559148353017548e-5,0.023126959165529426,0.023126959165529426,1.0255476408836335,2.8659965679413173e-4,TRUE,Clade_A
VFG015144(gb|WP_003109510),8157,2586,583,253,8740,2839,0.9332951945080091,0.9108841141246918,1.3688039538693937,8.570504122091297e-5,0.022411080383317294,0.022411080383317294,1.0246036570797517,2.8659965679413173e-4,TRUE,Clade_A
VFG049835(gb|WP_012076956),35,0,8705,2839,8740,2839,0.004004576659038902,0,Inf,8.904789583921908e-5,0.004004576659038902,0.004004576659038902,Inf,2.9648167351983845e-4,TRUE,Clade_A
VFG049843(gb|WP_003155066),35,0,8705,2839,8740,2839,0.004004576659038902,0,Inf,8.904789583921908e-5,0.004004576659038902,0.004004576659038902,Inf,2.9648167351983845e-4,TRUE,Clade_A
VFG014423(gb|WP_003082212),8705,2839,35,0,8740,2839,0.9959954233409611,1,0,8.904789583921913e-5,-0.004004576659038861,0.004004576659038861,1.0040206777713958,2.9648167351983845e-4,TRUE,Clade_B
VFG019956(gb|WP_003087695),8134,2578,606,261,8740,2839,0.9306636155606407,0.9080662205001762,1.3588665282322454,9.5212474876256e-5,0.022597395060464542,0.022597395060464542,1.0248851840871447,3.1654698169004535e-4,TRUE,Clade_A
VFG049248(gb|WP_123809090),3,10,8737,2829,8740,2839,3.4324942791762013e-4,0.003522367030644593,0.09717028883829543,1.0457012204715482e-4,-0.003179117602726973,0.003179117602726973,10.261829282611249,3.471546454069076e-4,TRUE,Clade_B
VFG051815(gb|WP_012076490.1),8139,2580,601,259,8740,2839,0.9312356979405034,0.908770693906305,1.3594532513063198,1.0537259074492639e-4,0.022465004034198377,0.022465004034198377,1.024720211803523,3.493131837700305e-4,TRUE,Clade_A
VFG048839(gb|WP_041937831),2,9,8738,2830,8740,2839,2.288329519450801e-4,0.0031701303275801338,0.07199214526364417,1.0617567157647108e-4,-0.0029412973756350537,0.0029412973756350537,13.853469531525183,3.514675188981597e-4,TRUE,Clade_B
VFG015138(gb|WP_003117721),8149,2584,591,255,8740,2839,0.9323798627002289,0.9101796407185628,1.360667808748664,1.1093827575565353e-4,0.022200221981666046,0.022200221981666046,1.0243910333614357,3.66703753002117e-4,TRUE,Clade_A
VFG001261(gb|NP_250139),8189,2599,551,240,8740,2839,0.9369565217391305,0.9154631912645298,1.3723707600345205,1.1392137231965157e-4,0.02149333047460067,0.02149333047460067,1.0234780935811432,3.749435123404314e-4,TRUE,Clade_A
VFG014566(gb|WP_003083054),8189,2599,551,240,8740,2839,0.9369565217391305,0.9154631912645298,1.3723707600345205,1.1392137231965157e-4,0.02149333047460067,0.02149333047460067,1.0234780935811432,3.749435123404314e-4,TRUE,Clade_A
VFG019855(gb|WP_003083054),8189,2599,551,240,8740,2839,0.9369565217391305,0.9154631912645298,1.3723707600345205,1.1392137231965157e-4,0.02149333047460067,0.02149333047460067,1.0234780935811432,3.749435123404314e-4,TRUE,Clade_A
VFG015154(gb|WP_003140037),8140,2581,600,258,8740,2839,0.931350114416476,0.9091229306093696,1.3561027761511035,1.2268970509129223e-4,0.02222718380710642,0.02222718380710642,1.0244490410028575,4.032237585665105e-4,TRUE,Clade_A
VFG015372(gb|WP_011979123),8697,2838,43,1,8740,2839,0.9950800915331808,0.9996477632969355,0.07127437958378512,1.2946875452019582e-4,-0.0045676717637547215,0.0045676717637547215,1.004590255400163,4.2428760409904176e-4,TRUE,Clade_B
VFG019833(gb|WP_003082212),8697,2838,43,1,8740,2839,0.9950800915331808,0.9996477632969355,0.07127437958378512,1.2946875452019582e-4,-0.0045676717637547215,0.0045676717637547215,1.004590255400163,4.2428760409904176e-4,TRUE,Clade_B
VFG000197(gb|NP_250393),8134,2579,606,260,8740,2839,0.9306636155606407,0.9084184572032405,1.3531358316285615,1.3105160701441785e-4,0.022245158357400152,0.022245158357400152,1.0244877877381384,4.274135659355755e-4,TRUE,Clade_A
VFG041033(gb|NP_251051),8698,2805,42,34,8740,2839,0.9951945080091533,0.9880239520958084,2.5100104324895374,1.3135421272213632e-4,0.007170555913344923,0.007170555913344923,1.0072574717425975,4.274135659355755e-4,TRUE,Clade_A
VFG051606(gb|WP_012614151.1),8698,2805,42,34,8740,2839,0.9951945080091533,0.9880239520958084,2.5100104324895374,1.3135421272213632e-4,0.007170555913344923,0.007170555913344923,1.0072574717425975,4.274135659355755e-4,TRUE,Clade_A
VFG051607(gb|WP_012075692.1),8698,2805,42,34,8740,2839,0.9951945080091533,0.9880239520958084,2.5100104324895374,1.3135421272213632e-4,0.007170555913344923,0.007170555913344923,1.0072574717425975,4.274135659355755e-4,TRUE,Clade_A
VFG051609(gb|WP_003139320.1),8698,2805,42,34,8740,2839,0.9951945080091533,0.9880239520958084,2.5100104324895374,1.3135421272213632e-4,0.007170555913344923,0.007170555913344923,1.0072574717425975,4.274135659355755e-4,TRUE,Clade_A
VFG015118(gb|WP_003113547),8133,2579,607,260,8740,2839,0.9305491990846682,0.9084184572032405,1.3507407688516608,1.3314104007491827e-4,0.022130741881427607,0.022130741881427607,1.024361836448768,4.326140877221849e-4,TRUE,Clade_A
VFG051497(gb|WP_012074519.1),7300,2454,1440,385,8740,2839,0.8352402745995423,0.8643888693201832,0.7953720095590736,1.8664837544901262e-4,-0.029148594720640908,0.029148594720640908,1.0348984545011508,6.056172182178712e-4,TRUE,Clade_B
VFG000191(gb|NP_250387),8156,2589,584,250,8740,2839,0.9331807780320366,0.9119408242338851,1.3485290744523921,1.9665214577316756e-4,0.021239953798151467,0.021239953798151467,1.0232909342730598,6.371751728865061e-4,TRUE,Clade_A
VFG038432(gb|WP_016352168),0,6,8740,2833,8740,2839,0,0.0021134202183867557,0,2.1638772791485072e-4,-0.0021134202183867557,0.0021134202183867557,Inf,6.99145701178405e-4,TRUE,Clade_B
VFG038433(gb|WP_005314160),0,6,8740,2833,8740,2839,0,0.0021134202183867557,0,2.1638772791485072e-4,-0.0021134202183867557,0.0021134202183867557,Inf,6.99145701178405e-4,TRUE,Clade_B
VFG014365(gb|WP_011059970),31,0,8709,2839,8740,2839,0.0035469107551487416,0,Inf,2.2912372360086545e-4,0.0035469107551487416,0.0035469107551487416,Inf,7.382160420511029e-4,TRUE,Clade_A
VFG014452(gb|WP_004664459),31,0,8709,2839,8740,2839,0.0035469107551487416,0,Inf,2.2912372360086545e-4,0.0035469107551487416,0.0035469107551487416,Inf,7.382160420511029e-4,TRUE,Clade_A
VFG015132(gb|WP_003109504),8200,2606,540,233,8740,2839,0.9382151029748284,0.917928848185981,1.357654574579397,2.3033656700585775e-4,0.02028625478884738,0.02028625478884738,1.022100029679792,7.410828677579771e-4,TRUE,Clade_A
VFG014964(gb|WP_003157680),8162,2592,578,247,8740,2839,0.9338672768878719,0.9129975343430785,1.345608698519634,2.534893824038896e-4,0.020869742544793346,0.020869742544793346,1.0228584873011837,8.14432273437707e-4,TRUE,Clade_A
VFG042705(gb|NP_249684),7727,2578,1013,261,8740,2839,0.8840961098398169,0.9080662205001762,0.7722913992355979,3.292117794867407e-4,-0.023970110660359256,0.023970110660359256,1.0271125620773314,0.0010562403106889277,TRUE,Clade_B
VFG007914(gb|WP_011780329),30,0,8710,2839,8740,2839,0.003432494279176201,0,Inf,3.7751212858999714e-4,0.003432494279176201,0.003432494279176201,Inf,0.0012095151159014713,TRUE,Clade_A
VFG044089(gb|NP_252094),8689,2836,51,3,8740,2839,0.9941647597254004,0.9989432898908066,0.180238746710486,3.88437789039235e-4,-0.004778530165406192,0.004778530165406192,1.0048065777011912,0.0012427842232301325,TRUE,Clade_B
VFG001230(gb|NP_251805),8684,2835,56,4,8740,2839,0.9935926773455378,0.9985910531877422,0.21881001103938996,4.61760016046517e-4,-0.004998375842204417,0.004998375842204417,1.0050306085744896,0.0014712187177926526,TRUE,Clade_B
VFG013973(gb|WP_003138501),8684,2835,56,4,8740,2839,0.9935926773455378,0.9985910531877422,0.21881001103938996,4.61760016046517e-4,-0.004998375842204417,0.004998375842204417,1.0050306085744896,0.0014712187177926526,TRUE,Clade_B
VFG019758(gb|WP_012613878),8684,2835,56,4,8740,2839,0.9935926773455378,0.9985910531877422,0.21881001103938996,4.61760016046517e-4,-0.004998375842204417,0.004998375842204417,1.0050306085744896,0.0014712187177926526,TRUE,Clade_B
VFG002058(gb|NP_248762),8703,2838,37,1,8740,2839,0.995766590389016,0.9996477632969355,0.08288934290490224,4.740338650558424e-4,-0.00388117290791945,0.00388117290791945,1.0038976733557643,0.0015040576575907365,TRUE,Clade_B
VFG015373(gb|WP_003136958),8703,2838,37,1,8740,2839,0.995766590389016,0.9996477632969355,0.08288934290490224,4.740338650558424e-4,-0.00388117290791945,0.00388117290791945,1.0038976733557643,0.0015040576575907365,TRUE,Clade_B
VFG019983(gb|WP_003083634),8703,2838,37,1,8740,2839,0.995766590389016,0.9996477632969355,0.08288934290490224,4.740338650558424e-4,-0.00388117290791945,0.00388117290791945,1.0038976733557643,0.0015040576575907365,TRUE,Clade_B
VFG016016(gb|NP_251086),2760,997,5980,1842,8740,2839,0.3157894736842105,0.3511799929552659,0.8527322418299853,4.942567630505816e-4,-0.03539051927105541,0.03539051927105541,1.1120699776916754,0.0015638965716386678,TRUE,Clade_B
VFG016018(gb|WP_003114501),2760,997,5980,1842,8740,2839,0.3157894736842105,0.3511799929552659,0.8527322418299853,4.942567630505816e-4,-0.03539051927105541,0.03539051927105541,1.1120699776916754,0.0015638965716386678,TRUE,Clade_B
VFG041038(gb|NP_251056),8695,2806,45,33,8740,2839,0.9948512585812357,0.9883761887988728,2.272225557484026,5.180082297511917e-4,0.006475069782362897,0.006475069782362897,1.0065512199259188,0.0016300560755133523,TRUE,Clade_A
VFG051626(gb|WP_003089494.1),8695,2806,45,33,8740,2839,0.9948512585812357,0.9883761887988728,2.272225557484026,5.180082297511917e-4,0.006475069782362897,0.006475069782362897,1.0065512199259188,0.0016300560755133523,TRUE,Clade_A
VFG051627(gb|WP_003089494.1),8695,2806,45,33,8740,2839,0.9948512585812357,0.9883761887988728,2.272225557484026,5.180082297511917e-4,0.006475069782362897,0.006475069782362897,1.0065512199259188,0.0016300560755133523,TRUE,Clade_A
VFG051629(gb|WP_003139317.1),8695,2806,45,33,8740,2839,0.9948512585812357,0.9883761887988728,2.272225557484026,5.180082297511917e-4,0.006475069782362897,0.006475069782362897,1.0065512199259188,0.0016300560755133523,TRUE,Clade_A
VFG048735,8011,2541,729,298,8740,2839,0.9165903890160183,0.8950334624867912,1.2887297397339361,5.418401663792481e-4,0.02155692652922714,0.02155692652922714,1.0240850509313166,0.0016934350704005381,TRUE,Clade_A
VFG048736(gb|YP_005226611),8011,2541,729,298,8740,2839,0.9165903890160183,0.8950334624867912,1.2887297397339361,5.418401663792481e-4,0.02155692652922714,0.02155692652922714,1.0240850509313166,0.0016934350704005381,TRUE,Clade_A
VFG048737,8011,2541,729,298,8740,2839,0.9165903890160183,0.8950334624867912,1.2887297397339361,5.418401663792481e-4,0.02155692652922714,0.02155692652922714,1.0240850509313166,0.0016934350704005381,TRUE,Clade_A
VFG048738(gb|WP_004224376),8011,2541,729,298,8740,2839,0.9165903890160183,0.8950334624867912,1.2887297397339361,5.418401663792481e-4,0.02155692652922714,0.02155692652922714,1.0240850509313166,0.0016934350704005381,TRUE,Clade_A
VFG048739(gb|WP_012968403),8011,2541,729,298,8740,2839,0.9165903890160183,0.8950334624867912,1.2887297397339361,5.418401663792481e-4,0.02155692652922714,0.02155692652922714,1.0240850509313166,0.0016934350704005381,TRUE,Clade_A
VFG001252(gb|NP_249793),8712,2839,28,0,8740,2839,0.9967963386727688,1,0,5.994784750548583e-4,-0.0032036613272311554,0.0032036613272311554,1.0032139577594124,0.0018710253357494488,TRUE,Clade_B
VFG002057(gb|NP_248761),8705,2838,35,1,8740,2839,0.9959954233409611,0.9996477632969355,0.08764592924911488,7.421908512416037e-4,-0.0036523399559743597,0.0036523399559743597,1.0036670248380488,0.0022976866568802145,TRUE,Clade_B
VFG015365(gb|WP_011979122),8705,2838,35,1,8740,2839,0.9959954233409611,0.9996477632969355,0.08764592924911488,7.421908512416037e-4,-0.0036523399559743597,0.0036523399559743597,1.0036670248380488,0.0022976866568802145,TRUE,Clade_B
VFG015366(gb|WP_003083632),8705,2838,35,1,8740,2839,0.9959954233409611,0.9996477632969355,0.08764592924911488,7.421908512416037e-4,-0.0036523399559743597,0.0036523399559743597,1.0036670248380488,0.0022976866568802145,TRUE,Clade_B
VFG015412(gb|WP_011979128),8705,2838,35,1,8740,2839,0.9959954233409611,0.9996477632969355,0.08764592924911488,7.421908512416037e-4,-0.0036523399559743597,0.0036523399559743597,1.0036670248380488,0.0022976866568802145,TRUE,Clade_B
VFG019981(gb|WP_003106615),8705,2838,35,1,8740,2839,0.9959954233409611,0.9996477632969355,0.08764592924911488,7.421908512416037e-4,-0.0036523399559743597,0.0036523399559743597,1.0036670248380488,0.0022976866568802145,TRUE,Clade_B
VFG042740(gb|NP_252983),8705,2838,35,1,8740,2839,0.9959954233409611,0.9996477632969355,0.08764592924911488,7.421908512416037e-4,-0.0036523399559743597,0.0036523399559743597,1.0036670248380488,0.0022976866568802145,TRUE,Clade_B
VFG009423(gb|WP_011856686),36,1,8704,2838,8740,2839,0.004118993135011442,3.522367030644593e-4,11.736872414483406,7.701365313855284e-4,0.0037667564319469825,0.0037667564319469825,11.693821510297482,0.0023745876384387134,TRUE,Clade_A
VFG009424(gb|WP_011561489),36,1,8704,2838,8740,2839,0.004118993135011442,3.522367030644593e-4,11.736872414483406,7.701365313855284e-4,0.0037667564319469825,0.0037667564319469825,11.693821510297482,0.0023745876384387134,TRUE,Clade_A
VFG019945(gb|WP_003103203),8704,2838,36,1,8740,2839,0.9958810068649886,0.9996477632969355,0.08520157369750746,7.701365313855286e-4,-0.003766756431946905,0.003766756431946905,1.0037823358473363,0.0023745876384387134,TRUE,Clade_B
VFG020077(gb|WP_015885148),8116,2581,624,258,8740,2839,0.928604118993135,0.9091229306093696,1.3001058222784179,8.331173210878186e-4,0.019481188383765446,0.019481188383765446,1.021428552429876,0.002565330381980478,TRUE,Clade_A
VFG015513(gb|WP_003157855),7425,2337,1315,502,8740,2839,0.8495423340961098,0.8231771750616415,1.2128103762575524,8.7984697996757e-4,0.026365159034468344,0.026365159034468344,1.0320285350872296,0.002705588434377487,TRUE,Clade_A
VFG029750(gb|WP_011857547),0,5,8740,2834,8740,2839,0,0.0017611835153222965,0,8.837232049705316e-4,-0.0017611835153222965,0.0017611835153222965,Inf,0.0027066235409911876,TRUE,Clade_B
VFG029751(gb|WP_011562667),0,5,8740,2834,8740,2839,0,0.0017611835153222965,0,8.837232049705316e-4,-0.0017611835153222965,0.0017611835153222965,Inf,0.0027066235409911876,TRUE,Clade_B
VFG036265,0,5,8740,2834,8740,2839,0,0.0017611835153222965,0,8.837232049705316e-4,-0.0017611835153222965,0.0017611835153222965,Inf,0.0027066235409911876,TRUE,Clade_B
VFG041035(gb|NP_251053),8693,2806,47,33,8740,2839,0.9946224256292906,0.9883761887988728,2.1750630741910153,9.698228874595173e-4,0.006246236830417806,0.006246236830417806,1.006319695781025,0.002954546751437095,TRUE,Clade_A
VFG051616(gb|WP_003122697.1),8693,2806,47,33,8740,2839,0.9946224256292906,0.9883761887988728,2.1750630741910153,9.698228874595173e-4,0.006246236830417806,0.006246236830417806,1.006319695781025,0.002954546751437095,TRUE,Clade_A
VFG051617(gb|WP_041025349.1),8693,2806,47,33,8740,2839,0.9946224256292906,0.9883761887988728,2.1750630741910153,9.698228874595173e-4,0.006246236830417806,0.006246236830417806,1.006319695781025,0.002954546751437095,TRUE,Clade_A
VFG051619(gb|WP_003139318.1),8693,2806,47,33,8740,2839,0.9946224256292906,0.9883761887988728,2.1750630741910153,9.698228874595173e-4,0.006246236830417806,0.006246236830417806,1.006319695781025,0.002954546751437095,TRUE,Clade_A
VFG015040(gb|WP_012074800),2,7,8738,2832,8740,2839,2.288329519450801e-4,0.0024656569214512153,0.09262928688667309,0.0011790483454933273,-0.0022368239695061353,0.0022368239695061353,10.774920746741811,0.0035682544915061915,TRUE,Clade_B
VFG000165(gb|NP_252915),8738,2832,2,7,8740,2839,0.9997711670480549,0.9975343430785488,10.79572167304695,0.0011790483454933273,0.0022368239695060854,0.0022368239695060854,1.0022423528423121,0.0035682544915061915,TRUE,Clade_A
VFG016117(gb|WP_012074237),8738,2832,2,7,8740,2839,0.9997711670480549,0.9975343430785488,10.79572167304695,0.0011790483454933273,0.0022368239695060854,0.0022368239695060854,1.0022423528423121,0.0035682544915061915,TRUE,Clade_A
VFG016118(gb|WP_011666540),8738,2832,2,7,8740,2839,0.9997711670480549,0.9975343430785488,10.79572167304695,0.0011790483454933273,0.0022368239695060854,0.0022368239695060854,1.0022423528423121,0.0035682544915061915,TRUE,Clade_A
VFG020089(gb|WP_012613543),8738,2832,2,7,8740,2839,0.9997711670480549,0.9975343430785488,10.79572167304695,0.0011790483454933273,0.0022368239695060854,0.0022368239695060854,1.0022423528423121,0.0035682544915061915,TRUE,Clade_A
VFG015560(gb|WP_012076619),1,6,8739,2833,8740,2839,1.1441647597254005e-4,0.0021134202183867557,0.054025024877558094,0.0011968916985235756,-0.0019990037424142157,0.0019990037424142157,18.471292708700243,0.0036174829465258004,TRUE,Clade_B
VFG019772(gb|WP_015886333),25,0,8715,2839,8740,2839,0.002860411899313501,0,Inf,0.0016085772167391032,0.002860411899313501,0.002860411899313501,Inf,0.004855363335788819,TRUE,Clade_A
VFG002065(gb|NP_248769),8708,2838,32,1,8740,2839,0.9963386727688787,0.9996477632969355,0.09589560810884545,0.0018146204231884802,-0.003309090528056835,0.003309090528056835,1.0033212507137363,0.00544861158480939,TRUE,Clade_B
VFG015417(gb|WP_011979129),8708,2838,32,1,8740,2839,0.9963386727688787,0.9996477632969355,0.09589560810884545,0.0018146204231884802,-0.003309090528056835,0.003309090528056835,1.0033212507137363,0.00544861158480939,TRUE,Clade_B
VFG015418(gb|WP_003115052),8708,2838,32,1,8740,2839,0.9963386727688787,0.9996477632969355,0.09589560810884545,0.0018146204231884802,-0.003309090528056835,0.003309090528056835,1.0033212507137363,0.00544861158480939,TRUE,Clade_B
VFG019997(gb|WP_003115052),8708,2838,32,1,8740,2839,0.9963386727688787,0.9996477632969355,0.09589560810884545,0.0018146204231884802,-0.003309090528056835,0.003309090528056835,1.0033212507137363,0.00544861158480939,TRUE,Clade_B
VFG015512(gb|NP_252902),7679,2430,1061,409,8740,2839,0.8786041189931351,0.8559351884466362,1.218185489593584,0.0018355145659465647,0.022668930546498878,0.022668930546498878,1.0264844007495928,0.0054826437685955975,TRUE,Clade_A
VFG015514(gb|WP_003093625),7679,2430,1061,409,8740,2839,0.8786041189931351,0.8559351884466362,1.218185489593584,0.0018355145659465647,0.022668930546498878,0.022668930546498878,1.0264844007495928,0.0054826437685955975,TRUE,Clade_A
VFG015535(gb|WP_011666698),7679,2430,1061,409,8740,2839,0.8786041189931351,0.8559351884466362,1.218185489593584,0.0018355145659465647,0.022668930546498878,0.022668930546498878,1.0264844007495928,0.0054826437685955975,TRUE,Clade_A
VFG020025(gb|WP_012613548),7679,2430,1061,409,8740,2839,0.8786041189931351,0.8559351884466362,1.218185489593584,0.0018355145659465647,0.022668930546498878,0.022668930546498878,1.0264844007495928,0.0054826437685955975,TRUE,Clade_A
VFG016106(gb|WP_012074240),108,59,8632,2780,8740,2839,0.012356979405034324,0.020781965480803098,0.5895597696033856,0.0019409770294627135,-0.008424986075768774,0.008424986075768774,1.6817997990946212,0.005790118732883569,TRUE,Clade_B
VFG015124(gb|WP_003109501),8062,2566,678,273,8740,2839,0.9224256292906179,0.9038393800634026,1.2650700339191001,0.0021320102187864097,0.0185862492272153,0.0185862492272153,1.0205636638955824,0.006351729145319511,TRUE,Clade_A
VFG015908(gb|WP_164920478),89,12,8651,2827,8740,2839,0.010183066361556064,0.004226840436773511,2.4236285676565092,0.0023127717177820507,0.0059562259247825525,0.0059562259247825525,2.4091437833714724,0.006881320778977983,TRUE,Clade_A
VFG000200(gb|NP_250396),8063,2567,677,272,8740,2839,0.9225400457665904,0.9041916167664671,1.2619644931480325,0.0024078699563040776,0.018348429000123345,0.018348429000123345,1.0202926333974873,0.007154991813162635,TRUE,Clade_A
VFG015046(gb|WP_003140566),8242,2632,498,207,8740,2839,0.943020594965675,0.9270870024656569,1.3015990108668438,0.002453449177613065,0.015933592500018134,0.015933592500018134,1.017186728384328,0.007280999241195823,TRUE,Clade_A
VFG051823(gb|WP_011979148.1),23,0,8717,2839,8740,2839,0.002631578947368421,0,Inf,0.0025489466427692053,0.002631578947368421,0.002631578947368421,Inf,0.007554629972238445,TRUE,Clade_A
VFG041022(gb|NP_250355),8011,2549,729,290,8740,2839,0.9165903890160183,0.8978513561113068,1.2502195638805649,0.002579494602340554,0.01873903290471146,0.01873903290471146,1.0208709746631919,0.0076353040229280396,TRUE,Clade_A
VFG002060(gb|NP_248764),8710,2838,30,1,8740,2839,0.9965675057208238,0.9996477632969355,0.1023120017288089,0.0028136802859346955,-0.0030802575761117446,0.0030802575761117446,1.003090866959267,0.008285728595550951,TRUE,Clade_B
VFG015386(gb|WP_011979125),8710,2838,30,1,8740,2839,0.9965675057208238,0.9996477632969355,0.1023120017288089,0.0028136802859346955,-0.0030802575761117446,0.0030802575761117446,1.003090866959267,0.008285728595550951,TRUE,Clade_B
VFG015387(gb|WP_003136961),8710,2838,30,1,8740,2839,0.9965675057208238,0.9996477632969355,0.1023120017288089,0.0028136802859346955,-0.0030802575761117446,0.0030802575761117446,1.003090866959267,0.008285728595550951,TRUE,Clade_B
VFG019987(gb|WP_004351957),8710,2838,30,1,8740,2839,0.9965675057208238,0.9996477632969355,0.1023120017288089,0.0028136802859346955,-0.0030802575761117446,0.0030802575761117446,1.003090866959267,0.008285728595550951,TRUE,Clade_B
VFG019947(gb|WP_003087672),8044,2562,696,277,8740,2839,0.9203661327231121,0.9024304332511448,1.249574835929774,0.0030827103460020935,0.01793569947196727,0.01793569947196727,1.0198748832165945,0.009066330171447184,TRUE,Clade_A
VFG000187(gb|NP_250383),8038,2560,702,279,8740,2839,0.9196796338672769,0.9017259598450158,1.2478843000908357,0.003191007349284868,0.017953674022261112,0.017953674022261112,1.019910343964531,0.00937281800161266,TRUE,Clade_A
VFG051822(gb|WP_012613443.1),3750,1307,4990,1532,8740,2839,0.4290617848970252,0.4603733709052483,0.880885910563824,0.003523456492987534,-0.03131158600822315,0.03131158600822315,1.072976869789832,0.010336073139275452,TRUE,Clade_B
VFG016121(gb|WP_012074236),397,168,8343,2671,8740,2839,0.045423340961098395,0.059175766114829165,0.7565611977109999,0.003623037335807774,-0.01375242515373077,0.01375242515373077,1.3027611985985061,0.010614620240540273,TRUE,Clade_B
VFG000194(gb|NP_250390),8050,2566,690,273,8740,2839,0.9210526315789473,0.9038393800634026,1.2412327733825912,0.0042940186392765745,0.01721325151554476,0.01721325151554476,1.0190445912130286,0.012564386171556712,TRUE,Clade_A
VFG044098(gb|NP_252910),8091,2580,649,259,8740,2839,0.9257437070938215,0.908770693906305,1.2515137072088252,0.004301766863832592,0.016973013187516428,0.016973013187516428,1.0186768931935501,0.012571023166410147,TRUE,Clade_A
VFG002063(gb|NP_248767),8712,2838,28,1,8740,2839,0.9967963386727688,0.9996477632969355,0.1096449970851851,0.0043862497799655314,-0.002851424624166654,0.002851424624166654,1.0028605889824629,0.012640775119649408,TRUE,Clade_B
VFG002064(gb|NP_248768),8712,2838,28,1,8740,2839,0.9967963386727688,0.9996477632969355,0.1096449970851851,0.0043862497799655314,-0.002851424624166654,0.002851424624166654,1.0028605889824629,0.012640775119649408,TRUE,Clade_B
VFG002070(gb|NP_248774),8712,2838,28,1,8740,2839,0.9967963386727688,0.9996477632969355,0.1096449970851851,0.0043862497799655314,-0.002851424624166654,0.002851424624166654,1.0028605889824629,0.012640775119649408,TRUE,Clade_B
VFG015403(gb|WP_011979127),8712,2838,28,1,8740,2839,0.9967963386727688,0.9996477632969355,0.1096449970851851,0.0043862497799655314,-0.002851424624166654,0.002851424624166654,1.0028605889824629,0.012640775119649408,TRUE,Clade_B
VFG015404(gb|WP_003111851),8712,2838,28,1,8740,2839,0.9967963386727688,0.9996477632969355,0.1096449970851851,0.0043862497799655314,-0.002851424624166654,0.002851424624166654,1.0028605889824629,0.012640775119649408,TRUE,Clade_B
VFG015413(gb|WP_003115051),8712,2838,28,1,8740,2839,0.9967963386727688,0.9996477632969355,0.1096449970851851,0.0043862497799655314,-0.002851424624166654,0.002851424624166654,1.0028605889824629,0.012640775119649408,TRUE,Clade_B
VFG015447(gb|WP_003151425),8712,2838,28,1,8740,2839,0.9967963386727688,0.9996477632969355,0.1096449970851851,0.0043862497799655314,-0.002851424624166654,0.002851424624166654,1.0028605889824629,0.012640775119649408,TRUE,Clade_B
VFG015448(gb|WP_003111626),8712,2838,28,1,8740,2839,0.9967963386727688,0.9996477632969355,0.1096449970851851,0.0043862497799655314,-0.002851424624166654,0.002851424624166654,1.0028605889824629,0.012640775119649408,TRUE,Clade_B
VFG019993(gb|WP_024082388),8712,2838,28,1,8740,2839,0.9967963386727688,0.9996477632969355,0.1096449970851851,0.0043862497799655314,-0.002851424624166654,0.002851424624166654,1.0028605889824629,0.012640775119649408,TRUE,Clade_B
VFG019995(gb|WP_012613437),8712,2838,28,1,8740,2839,0.9967963386727688,0.9996477632969355,0.1096449970851851,0.0043862497799655314,-0.002851424624166654,0.002851424624166654,1.0028605889824629,0.012640775119649408,TRUE,Clade_B
VFG020007(gb|WP_003104973),8712,2838,28,1,8740,2839,0.9967963386727688,0.9996477632969355,0.1096449970851851,0.0043862497799655314,-0.002851424624166654,0.002851424624166654,1.0028605889824629,0.012640775119649408,TRUE,Clade_B
VFG051647(gb|WP_012075686.1),8477,2782,263,57,8740,2839,0.9699084668192219,0.9799225079253259,0.6604391420490877,0.004508152079854462,-0.010014041106103932,0.010014041106103932,1.0103247280013388,0.01297578528379691,TRUE,Clade_B
VFG050297(gb|NP_250644),8694,2835,46,4,8740,2839,0.9947368421052631,0.9985910531877422,0.2666802539692048,0.004563355179741944,-0.0038542110824790754,0.0038542110824790754,1.0038746037337092,0.013118216519208047,TRUE,Clade_B
VFG015054(gb|WP_012076422),22,18,8718,2821,8740,2839,0.002517162471395881,0.0063402606551602675,0.39552823216837146,0.004898909614423398,-0.0038230981837643866,0.0038230981837643866,2.518812642095488,0.014065204825390835,TRUE,Clade_B
VFG041041(gb|NP_251059),8682,2804,58,35,8740,2839,0.9933638443935927,0.9876717153927439,1.8682606360386076,0.005029550904764075,0.005692129000848811,0.005692129000848811,1.005763179113199,0.014368355884842823,TRUE,Clade_A
VFG051641(gb|WP_012614149.1),8682,2804,58,35,8740,2839,0.9933638443935927,0.9876717153927439,1.8682606360386076,0.005029550904764075,0.005692129000848811,0.005692129000848811,1.005763179113199,0.014368355884842823,TRUE,Clade_A
VFG051642(gb|WP_012075687.1),8682,2804,58,35,8740,2839,0.9933638443935927,0.9876717153927439,1.8682606360386076,0.005029550904764075,0.005692129000848811,0.005692129000848811,1.005763179113199,0.014368355884842823,TRUE,Clade_A
VFG051644(gb|WP_003089497.1),8682,2804,58,35,8740,2839,0.9933638443935927,0.9876717153927439,1.8682606360386076,0.005029550904764075,0.005692129000848811,0.005692129000848811,1.005763179113199,0.014368355884842823,TRUE,Clade_A
VFG015516(gb|WP_012074247),8641,2787,99,52,8740,2839,0.9886727688787186,0.9816836914406482,1.628450527101201,0.005651353036312564,0.0069890774380704235,0.0069890774380704235,1.0071194800311023,0.016124631673259976,TRUE,Clade_A
VFG041020(gb|NP_250353),8721,2839,19,0,8740,2839,0.9978260869565218,1,0,0.006667735297633261,-0.0021739130434782483,0.0021739130434782483,1.0021786492374727,0.01893042669897364,TRUE,Clade_B
VFG041021(gb|NP_250354),8721,2839,19,0,8740,2839,0.9978260869565218,1,0,0.006667735297633261,-0.0021739130434782483,0.0021739130434782483,1.0021786492374727,0.01893042669897364,TRUE,Clade_B
VFG051551(gb|WP_012614304.1),8721,2839,19,0,8740,2839,0.9978260869565218,1,0,0.006667735297633261,-0.0021739130434782483,0.0021739130434782483,1.0021786492374727,0.01893042669897364,TRUE,Clade_B
VFG051554(gb|WP_003140083.1),8721,2839,19,0,8740,2839,0.9978260869565218,1,0,0.006667735297633261,-0.0021739130434782483,0.0021739130434782483,1.0021786492374727,0.01893042669897364,TRUE,Clade_B
VFG015534(gb|WP_003157855),7556,2396,1184,443,8740,2839,0.8645308924485126,0.8439591405424445,1.1798848455827164,0.006832000573622364,0.02057175190606808,0.02057175190606808,1.0243752936816892,0.019372817448565765,TRUE,Clade_A
VFG000214(gb|NP_250410),8019,2558,721,281,8740,2839,0.9175057208237987,0.9010214864388869,1.2217861832647972,0.0071610167301550676,0.016484234384911756,0.016484234384911756,1.018295051375592,0.02028070664071077,TRUE,Clade_A
VFG013774(gb|WP_033998207),33,23,8707,2816,8740,2839,0.0037757437070938217,0.008101444170482565,0.46406084935224184,0.007271350403590573,-0.004325700463388743,0.004325700463388743,2.1456552136368976,0.02056779016749294,TRUE,Clade_B
VFG043648(gb|NP_252312),8637,2822,103,17,8740,2839,0.9882151029748284,0.9940119760479041,0.5051413749802429,0.007352178337109845,-0.005796873073075748,0.005796873073075748,1.0058660033181293,0.020770809243017222,TRUE,Clade_B
VFG000115(gb|NP_249839),8588,2766,152,73,8740,2839,0.9826086956521739,0.9742867206762945,1.4910855037241033,0.007599520582866148,0.008321974975879387,0.008321974975879387,1.0085416077210851,0.02139055241361343,TRUE,Clade_A
VFG015862(gb|WP_003140553),8588,2766,152,73,8740,2839,0.9826086956521739,0.9742867206762945,1.4910855037241033,0.007599520582866148,0.008321974975879387,0.008321974975879387,1.0085416077210851,0.02139055241361343,TRUE,Clade_A
VFG020047(gb|WP_012614391),8588,2766,152,73,8740,2839,0.9826086956521739,0.9742867206762945,1.4910855037241033,0.007599520582866148,0.008321974975879387,0.008321974975879387,1.0085416077210851,0.02139055241361343,TRUE,Clade_A
VFG001268(gb|NP_252914),8702,2814,38,25,8740,2839,0.9956521739130435,0.9911940824233885,2.0344023834346245,0.007682825113233279,0.004458091489655036,0.004458091489655036,1.004497697846173,0.021572094014390628,TRUE,Clade_A
VFG020088(gb|WP_003115080),8702,2814,38,25,8740,2839,0.9956521739130435,0.9911940824233885,2.0344023834346245,0.007682825113233279,0.004458091489655036,0.004458091489655036,1.004497697846173,0.021572094014390628,TRUE,Clade_A
VFG015075(gb|WP_011532652),62,8,8678,2831,8740,2839,0.007093821510297483,0.0028178936245156746,2.528231455033236,0.008014006445715476,0.004275927885781809,0.004275927885781809,2.5174199084668194,0.022474487514023596,TRUE,Clade_A
VFG041017(gb|NP_250350),8092,2585,648,254,8740,2839,0.925858123569794,0.9105318774216273,1.2270352739106425,0.008796799314327416,0.015326246148166689,0.015326246148166689,1.0168321906439632,0.02463963080227972,TRUE,Clade_A
VFG013897(gb|WP_003084552),8374,2751,366,88,8740,2839,0.9581235697940503,0.9690031701303276,0.7319204616153802,0.008866225175375485,-0.010879600336277218,0.010879600336277218,1.0113551118866806,0.024803805551599223,TRUE,Clade_B
VFG000120(gb|NP_253949),8737,2833,3,6,8740,2839,0.9996567505720824,0.9978865797816132,6.166822060350581,0.009007427531016108,0.00177017079046915,0.00177017079046915,1.0017739198285005,0.025137516734976828,TRUE,Clade_A
VFG014978(gb|WP_003096404),8737,2833,3,6,8740,2839,0.9996567505720824,0.9978865797816132,6.166822060350581,0.009007427531016108,0.00177017079046915,0.00177017079046915,1.0017739198285005,0.025137516734976828,TRUE,Clade_A
VFG051527(gb|WP_003120359.1),8090,2585,650,254,8740,2839,0.9256292906178489,0.9105318774216273,1.2229597448088128,0.009964685433500823,0.015097413196221598,0.015097413196221598,1.0165808727520593,0.027741490757828748,TRUE,Clade_A
VFG051530(gb|WP_003140089.1),8090,2585,650,254,8740,2839,0.9256292906178489,0.9105318774216273,1.2229597448088128,0.009964685433500823,0.015097413196221598,0.015097413196221598,1.0165808727520593,0.027741490757828748,TRUE,Clade_A
VFG041013(gb|NP_250203),7385,2455,1355,384,8740,2839,0.8449656750572082,0.8647411060232476,0.8525152028252581,0.01017178016105602,-0.019775430966039398,0.019775430966039398,1.023403827575245,0.02828371356298486,TRUE,Clade_B
VFG000206(gb|NP_250402),7987,2549,753,290,8740,2839,0.9138443935926773,0.8978513561113068,1.2067695519703028,0.010307425366297151,0.015993037481370487,0.015993037481370487,1.0178125670496707,0.02862619102940153,TRUE,Clade_A
VFG042700(gb|NP_252772),8126,2598,614,241,8740,2839,0.9297482837528604,0.9151109545614653,1.2276908200122514,0.010427219789525469,0.014637329191395154,0.014637329191395154,1.0159951414835915,0.02892387206429435,TRUE,Clade_A
VFG014343(gb|NP_249787),7844,2499,896,340,8740,2839,0.8974828375286041,0.8802395209580839,1.19102680803584,0.01064307897285922,0.01724331657052025,0.01724331657052025,1.0195893460358971,0.029486984497269386,TRUE,Clade_A
VFG051663(gb|WP_003141825.1),8722,2839,18,0,8740,2839,0.9979405034324943,1,0,0.010932841419566524,-0.002059496567505703,0.002059496567505703,1.0020637468470535,0.030253242721936798,TRUE,Clade_B
VFG014345(gb|WP_003082194),7843,2499,897,340,8740,2839,0.8973684210526316,0.8802395209580839,1.189548137756347,0.011776175505320844,0.017128900094547705,0.017128900094547705,1.0194593626924453,0.03251675384846685,TRUE,Clade_A
VFG043589(gb|WP_000044536),2,5,8738,2834,8740,2839,2.288329519450801e-4,0.0017611835153222965,0.1297424392620233,0.011779172819562317,-0.0015323505633772164,0.0015323505633772164,7.696371961958436,0.03251675384846685,TRUE,Clade_B
VFG016115(gb|WP_003137472),8701,2814,39,25,8740,2839,0.995537757437071,0.9911940824233885,1.9820356782356705,0.01228899424249778,0.004343675013682491,0.004343675013682491,1.0043822648769882,0.03388335672150229,TRUE,Clade_A
VFG041042(gb|NP_251060),8589,2769,151,70,8740,2839,0.9827231121281464,0.9753434307854878,1.4378904061190736,0.014347739172648538,0.0073796813426586505,0.0073796813426586505,1.0075662388341668,0.03951226129898649,TRUE,Clade_A
VFG042749(gb|NP_252992),8740,2836,0,3,8740,2839,1,0.9989432898908066,Inf,0.01472775283083116,0.0010567101091933928,0.0010567101091933928,1.0010578279266573,0.040461634723265485,TRUE,Clade_A
VFG042750(gb|NP_252993),8740,2836,0,3,8740,2839,1,0.9989432898908066,Inf,0.01472775283083116,0.0010567101091933928,0.0010567101091933928,1.0010578279266573,0.040461634723265485,TRUE,Clade_A
VFG051543(gb|WP_003097804.1),8618,2816,122,23,8740,2839,0.9860411899313501,0.9918985558295175,0.5770051361793321,0.014805669540218586,-0.0058573658981673216,0.0058573658981673216,1.0059402852111838,0.04062704058045626,TRUE,Clade_B
VFG001256(gb|NP_250134),8299,2662,441,177,8740,2839,0.9495423340961099,0.9376541035575907,1.2512638225090749,0.01620402688197941,0.011888230538519173,0.011888230538519173,1.0126786951535898,0.04441103663949913,TRUE,Clade_A
VFG015152(gb|WP_003087729),8015,2562,725,277,8740,2839,0.9170480549199085,0.9024304332511448,1.1952090821304933,0.017208898457954,0.01461762166876368,0.01461762166876368,1.016198059296495,0.04710884613669031,TRUE,Clade_A
VFG015905(gb|WP_164920559),2670,935,6070,1904,8740,2839,0.30549199084668194,0.32934131736526945,0.8957439742083496,0.017360843275014765,-0.02384932651858751,0.02384932651858751,1.078068581937249,0.0474611039992304,TRUE,Clade_B
VFG015057(gb|WP_003151020),16,0,8724,2839,8740,2839,0.0018306636155606408,0,Inf,0.017544470876786126,0.0018306636155606408,0.0018306636155606408,Inf,0.0474611039992304,TRUE,Clade_A
VFG043625(gb|WP_000813718),16,0,8724,2839,8740,2839,0.0018306636155606408,0,Inf,0.017544470876786126,0.0018306636155606408,0.0018306636155606408,Inf,0.0474611039992304,TRUE,Clade_A
VFG048375(gb|YP_005228645),16,0,8724,2839,8740,2839,0.0018306636155606408,0,Inf,0.017544470876786126,0.0018306636155606408,0.0018306636155606408,Inf,0.0474611039992304,TRUE,Clade_A
VFG048377(gb|WP_000813718),16,0,8724,2839,8740,2839,0.0018306636155606408,0,Inf,0.017544470876786126,0.0018306636155606408,0.0018306636155606408,Inf,0.0474611039992304,TRUE,Clade_A
VFG048379,16,0,8724,2839,8740,2839,0.0018306636155606408,0,Inf,0.017544470876786126,0.0018306636155606408,0.0018306636155606408,Inf,0.0474611039992304,TRUE,Clade_A
VFG048380(gb|WP_012967266),16,0,8724,2839,8740,2839,0.0018306636155606408,0,Inf,0.017544470876786126,0.0018306636155606408,0.0018306636155606408,Inf,0.0474611039992304,TRUE,Clade_A
VFG041018(gb|NP_250351),8724,2839,16,0,8740,2839,0.9981693363844394,1,0,0.01754447087678613,-0.0018306636155606126,0.0018306636155606126,1.0018340210912424,0.0474611039992304,TRUE,Clade_B
VFG051535(gb|WP_010794013.1),8724,2839,16,0,8740,2839,0.9981693363844394,1,0,0.01754447087678613,-0.0018306636155606126,0.0018306636155606126,1.0018340210912424,0.0474611039992304,TRUE,Clade_B
VFG051538(gb|WP_003087605.1),8724,2839,16,0,8740,2839,0.9981693363844394,1,0,0.01754447087678613,-0.0018306636155606126,0.0018306636155606126,1.0018340210912424,0.0474611039992304,TRUE,Clade_B
VFG019970(gb|WP_003100751),7978,2549,762,290,8740,2839,0.9128146453089245,0.8978513561113068,1.1910937233869185,0.0178474280520195,0.01496328919761769,0.01496328919761769,1.0166656641946006,0.04822379263996788,TRUE,Clade_A
VFG000213(gb|NP_250409),7977,2549,763,290,8740,2839,0.912700228832952,0.8978513561113068,1.1893844961955073,0.017934337279174806,0.014848872721645145,0.014848872721645145,1.0165382305440371,0.04834473527429731,TRUE,Clade_A
VFG015150(gb|WP_003100751),7977,2549,763,290,8740,2839,0.912700228832952,0.8978513561113068,1.1893844961955073,0.017934337279174806,0.014848872721645145,0.014848872721645145,1.0165382305440371,0.04834473527429731,TRUE,Clade_A
VFG051661(gb|WP_012614635.1),8723,2839,17,0,8740,2839,0.9980549199084668,1,0,0.019152184778760212,-0.0019450800915331579,0.0019450800915331579,1.0019488708013298,0.05156703272591071,FALSE,Not_significant
VFG001260(gb|NP_250138),8016,2564,724,275,8740,2839,0.917162471395881,0.9031349066572737,1.187443880259986,0.023162192738392456,0.014027564738607334,0.014027564738607334,1.0155320812374828,0.0622178807281877,FALSE,Not_significant
VFG014553(gb|WP_003083053),8016,2564,724,275,8740,2839,0.917162471395881,0.9031349066572737,1.187443880259986,0.023162192738392456,0.014027564738607334,0.014027564738607334,1.0155320812374828,0.0622178807281877,FALSE,Not_significant
VFG042703(gb|NP_252775),8078,2586,662,253,8740,2839,0.9242562929061785,0.9108841141246918,1.193756076987937,0.02487742019724365,0.013372178781486665,0.013372178781486665,1.0146804391185773,0.06674713676313092,FALSE,Not_significant
VFG015462(gb|WP_011979135),14,0,8726,2839,8740,2839,0.0016018306636155606,0,Inf,0.028511423623058002,0.0016018306636155606,0.0016018306636155606,Inf,0.07640795069076525,FALSE,Not_significant
VFG019942(gb|WP_012724914),64,10,8676,2829,8740,2839,0.007322654462242563,0.003522367030644593,2.0866212872690033,0.029205910724347684,0.0038002874315979703,0.0038002874315979703,2.0789016018306636,0.0781777820322679,FALSE,Not_significant
VFG041014(gb|NP_250347),8725,2839,15,0,8740,2839,0.9982837528604119,1,0,0.029976957028120137,-0.0017162471395880674,0.0017162471395880674,1.0017191977077364,0.079133647206568,FALSE,Not_significant
VFG041023(gb|NP_250356),8725,2839,15,0,8740,2839,0.9982837528604119,1,0,0.029976957028120137,-0.0017162471395880674,0.0017162471395880674,1.0017191977077364,0.079133647206568,FALSE,Not_significant
VFG041025(gb|NP_250358),8725,2839,15,0,8740,2839,0.9982837528604119,1,0,0.029976957028120137,-0.0017162471395880674,0.0017162471395880674,1.0017191977077364,0.079133647206568,FALSE,Not_significant
VFG041027(gb|NP_250360),8725,2839,15,0,8740,2839,0.9982837528604119,1,0,0.029976957028120137,-0.0017162471395880674,0.0017162471395880674,1.0017191977077364,0.079133647206568,FALSE,Not_significant
VFG051504(gb|WP_003097814.1),8725,2839,15,0,8740,2839,0.9982837528604119,1,0,0.029976957028120137,-0.0017162471395880674,0.0017162471395880674,1.0017191977077364,0.079133647206568,FALSE,Not_significant
VFG051507(gb|WP_003140090.1),8725,2839,15,0,8740,2839,0.9982837528604119,1,0,0.029976957028120137,-0.0017162471395880674,0.0017162471395880674,1.0017191977077364,0.079133647206568,FALSE,Not_significant
VFG051567(gb|WP_003097790.1),8725,2839,15,0,8740,2839,0.9982837528604119,1,0,0.029976957028120137,-0.0017162471395880674,0.0017162471395880674,1.0017191977077364,0.079133647206568,FALSE,Not_significant
VFG051568(gb|WP_012076237.1),8725,2839,15,0,8740,2839,0.9982837528604119,1,0,0.029976957028120137,-0.0017162471395880674,0.0017162471395880674,1.0017191977077364,0.079133647206568,FALSE,Not_significant
VFG051570(gb|WP_003087620.1),8725,2839,15,0,8740,2839,0.9982837528604119,1,0,0.029976957028120137,-0.0017162471395880674,0.0017162471395880674,1.0017191977077364,0.079133647206568,FALSE,Not_significant
VFG051583(gb|WP_012614302.1),8725,2839,15,0,8740,2839,0.9982837528604119,1,0,0.029976957028120137,-0.0017162471395880674,0.0017162471395880674,1.0017191977077364,0.079133647206568,FALSE,Not_significant
VFG051584(gb|WP_012076236.1),8725,2839,15,0,8740,2839,0.9982837528604119,1,0,0.029976957028120137,-0.0017162471395880674,0.0017162471395880674,1.0017191977077364,0.079133647206568,FALSE,Not_significant
VFG051586(gb|WP_003140078.1),8725,2839,15,0,8740,2839,0.9982837528604119,1,0,0.029976957028120137,-0.0017162471395880674,0.0017162471395880674,1.0017191977077364,0.079133647206568,FALSE,Not_significant
VFG001237(gb|NP_249770),8107,2598,633,241,8740,2839,0.9275743707093822,0.9151109545614653,1.1879909957981658,0.030240642431922708,0.012463416147916906,0.012463416147916906,1.0136195683002063,0.07964642220302032,FALSE,Not_significant
VFG019795(gb|WP_003082153),8107,2598,633,241,8740,2839,0.9275743707093822,0.9151109545614653,1.1879909957981658,0.030240642431922708,0.012463416147916906,0.012463416147916906,1.0136195683002063,0.07964642220302032,FALSE,Not_significant
VFG016059(gb|WP_012075639),8690,2832,50,7,8740,2839,0.994279176201373,0.9975343430785488,0.42964504066344394,0.030366599260050534,-0.0032551668771758635,0.0032551668771758635,1.003273896260819,0.07988644346623386,FALSE,Not_significant
VFG016044(gb|WP_011534374),8015,2566,725,273,8740,2839,0.9170480549199085,0.9038393800634026,1.1761236877045667,0.03111507578995444,0.013208674856505898,0.013208674856505898,1.0146139625555808,0.08176172263706241,FALSE,Not_significant
VFG015136(gb|WP_003109506),7977,2553,763,286,8740,2839,0.912700228832952,0.8992603029235646,1.171150793503662,0.03193433245173752,0.013439925909387362,0.013439925909387362,1.0149455345306504,0.08381848815135683,FALSE,Not_significant
VFG033146(gb|WP_001521270),2,4,8738,2835,8740,2839,2.288329519450801e-4,0.0014089468122578373,0.1622539651496463,0.03507672193410917,-0.0011801138603127572,0.0011801138603127572,6.157097569566749,0.09196114299068164,FALSE,Not_significant
VFG051649(gb|WP_003139313.1),8526,2789,214,50,8740,2839,0.9755148741418764,0.982388164846777,0.7142881196132476,0.035578363562879196,-0.006873290704900614,0.006873290704900614,1.0070458082055866,0.09316982421603295,FALSE,Not_significant
VFG051484(gb|NP_251374.1),8736,2834,4,5,8740,2839,0.9995423340961098,0.9982388164846777,3.8525367306281177,0.04520884722610037,0.0013035176114321034,0.0013035176114321034,1.0013058173955032,0.11798531915435069,FALSE,Not_significant
VFG051830(gb|WP_012613984.1),8736,2834,4,5,8740,2839,0.9995423340961098,0.9982388164846777,3.8525367306281177,0.04520884722610037,0.0013035176114321034,0.0013035176114321034,1.0013058173955032,0.11798531915435069,FALSE,Not_significant
VFG051833(gb|WP_003138894.1),8736,2834,4,5,8740,2839,0.9995423340961098,0.9982388164846777,3.8525367306281177,0.04520884722610037,0.0013035176114321034,0.0013035176114321034,1.0013058173955032,0.11798531915435069,FALSE,Not_significant
VFG014552(gb|WP_003155633),21,14,8719,2825,8740,2839,0.002402745995423341,0.004931313842902431,0.48602611197307105,0.046655484895372586,-0.0025285678474790897,0.0025285678474790897,2.0523658565222496,0.12162236630680082,FALSE,Not_significant
VFG042140(gb|NP_252531),8061,2585,679,254,8740,2839,0.9223112128146453,0.9105318774216273,1.1664750348050834,0.04722188129575178,0.011779335393018009,0.011779335393018009,1.01293676331945,0.1229591324545455,FALSE,Not_significant
VFG000146(gb|NP_252413),8739,2836,1,3,8740,2839,0.9998855835240275,0.9989432898908066,9.240939762985919,0.048086571008474,9.422936332208476e-4,9.422936332208476e-4,1.000943290417741,0.12464473886264336,FALSE,Not_significant
VFG015558(gb|WP_003092588),8739,2836,1,3,8740,2839,0.9998855835240275,0.9989432898908066,9.240939762985919,0.048086571008474,9.422936332208476e-4,9.422936332208476e-4,1.000943290417741,0.12464473886264336,FALSE,Not_significant
VFG020040(gb|WP_003113835),8739,2836,1,3,8740,2839,0.9998855835240275,0.9989432898908066,9.240939762985919,0.048086571008474,9.422936332208476e-4,9.422936332208476e-4,1.000943290417741,0.12464473886264336,FALSE,Not_significant
VFG051493(gb|WP_011333754.1),1,3,8739,2836,8740,2839,1.1441647597254005e-4,0.0010567101091933778,0.1082141022072842,0.04808657100847401,-9.422936332208378e-4,9.422936332208378e-4,9.235646354350122,0.12464473886264336,FALSE,Not_significant
VFG042702(gb|NP_252774),8097,2598,643,241,8740,2839,0.9264302059496567,0.9151109545614653,1.1680832078750343,0.05086586854726751,0.011319251388191454,0.011319251388191454,1.0123692666247404,0.13170011562915537,FALSE,Not_significant
VFG014501(gb|WP_003083045),8314,2726,426,113,8740,2839,0.951258581235698,0.9601972525537161,0.8090295993945329,0.05131503296504662,-0.008938671318018176,0.008938671318018176,1.009396678773091,0.1327132870595456,FALSE,Not_significant
VFG002068(gb|NP_248772),8676,2828,64,11,8740,2839,0.9926773455377574,0.9961253962662909,0.52734640840497915,0.05810003431401355,-0.0034480507285334916,0.0034480507285334916,1.0034734858653045,0.1500917553112017,FALSE,Not_significant
VFG016047(gb|WP_012075653),3888,1205,4852,1634,8740,2839,0.4448512585812357,0.42444522719267347,1.0865721954450935,0.05834466025085901,0.02040603138856223,0.02040603138856223,1.0480769486407702,0.15055416267207036,FALSE,Not_significant
VFG015846(gb|NP_252864),8712,2836,28,3,8740,2839,0.9967963386727688,0.9989432898908066,0.32914638661167694,0.05941359836048251,-0.0021469512180377626,0.0021469512180377626,1.002153851428564,0.15250636278215152,FALSE,Not_significant
VFG015848(gb|WP_003110541),8712,2836,28,3,8740,2839,0.9967963386727688,0.9989432898908066,0.32914638661167694,0.05941359836048251,-0.0021469512180377626,0.0021469512180377626,1.002153851428564,0.15250636278215152,FALSE,Not_significant
VFG020043(gb|WP_003101348),8712,2836,28,3,8740,2839,0.9967963386727688,0.9989432898908066,0.32914638661167694,0.05941359836048251,-0.0021469512180377626,0.0021469512180377626,1.002153851428564,0.15250636278215152,FALSE,Not_significant
VFG041016(gb|NP_250349),8722,2838,18,1,8740,2839,0.9979405034324943,0.9996477632969355,0.1707520938894341,0.059500084869235234,-0.0017072598644412018,0.0017072598644412018,1.0017107832166035,0.15250636278215152,FALSE,Not_significant
VFG051519(gb|WP_003087596.1),8722,2838,18,1,8740,2839,0.9979405034324943,0.9996477632969355,0.1707520938894341,0.059500084869235234,-0.0017072598644412018,0.0017072598644412018,1.0017107832166035,0.15250636278215152,FALSE,Not_significant
VFG051522(gb|WP_003087596.1),8722,2838,18,1,8740,2839,0.9979405034324943,0.9996477632969355,0.1707520938894341,0.059500084869235234,-0.0017072598644412018,0.0017072598644412018,1.0017107832166035,0.15250636278215152,FALSE,Not_significant
VFG044066(gb|WP_000447001),0,2,8740,2837,8740,2839,0,7.044734061289186e-4,0,0.0600998218267651,-7.044734061289186e-4,7.044734061289186e-4,Inf,0.15250994609579552,FALSE,Not_significant
VFG050581(gb|WP_001046420.1),0,2,8740,2837,8740,2839,0,7.044734061289186e-4,0,0.0600998218267651,-7.044734061289186e-4,7.044734061289186e-4,Inf,0.15250994609579552,FALSE,Not_significant
VFG050582(gb|YP_001086165.1),0,2,8740,2837,8740,2839,0,7.044734061289186e-4,0,0.0600998218267651,-7.044734061289186e-4,7.044734061289186e-4,Inf,0.15250994609579552,FALSE,Not_significant
VFG050587(gb|WP_001046490.1),0,2,8740,2837,8740,2839,0,7.044734061289186e-4,0,0.0600998218267651,-7.044734061289186e-4,7.044734061289186e-4,Inf,0.15250994609579552,FALSE,Not_significant
VFG050590(gb|YP_005800452.1),0,2,8740,2837,8740,2839,0,7.044734061289186e-4,0,0.0600998218267651,-7.044734061289186e-4,7.044734061289186e-4,Inf,0.15250994609579552,FALSE,Not_significant
VFG000166(gb|NP_252916),8740,2837,0,2,8740,2839,1,0.9992955265938711,Inf,0.0600998218267651,7.044734061288915e-4,7.044734061288915e-4,1.0007049700387733,0.15250994609579552,FALSE,Not_significant
VFG016122(gb|WP_003137469),8740,2837,0,2,8740,2839,1,0.9992955265938711,Inf,0.0600998218267651,7.044734061288915e-4,7.044734061288915e-4,1.0007049700387733,0.15250994609579552,FALSE,Not_significant
VFG020090(gb|WP_012613542),8740,2837,0,2,8740,2839,1,0.9992955265938711,Inf,0.0600998218267651,7.044734061288915e-4,7.044734061288915e-4,1.0007049700387733,0.15250994609579552,FALSE,Not_significant
VFG042744(gb|NP_252987),8740,2837,0,2,8740,2839,1,0.9992955265938711,Inf,0.0600998218267651,7.044734061288915e-4,7.044734061288915e-4,1.0007049700387733,0.15250994609579552,FALSE,Not_significant
VFG000175(gb|NP_251786),8716,2837,24,2,8740,2839,0.997254004576659,0.9992955265938711,0.2560357455302292,0.06397702551015463,-0.002041522017212083,0.002041522017212083,1.0020471434637945,0.16216938842021517,FALSE,Not_significant
VFG015826(gb|WP_012273396),8046,2582,694,257,8740,2839,0.9205949656750572,0.9094751673124339,1.153939006664579,0.06440800560766469,0.011119798362623223,0.011119798362623223,1.0122266102058433,0.1630816389227183,FALSE,Not_significant
VFG020003(gb|WP_003104975),8690,2831,50,8,8740,2839,0.994279176201373,0.9971821063754843,0.4911876663607876,0.0653498249154907,-0.0029029301741113622,0.0029029301741113622,1.002919632879371,0.16528390116442743,FALSE,Not_significant
VFG020027(gb|WP_003117652),7667,2453,1073,386,8740,2839,0.8772311212814645,0.8640366326171187,1.1243620071252145,0.06833196694916681,0.013194488664345805,0.013194488664345805,1.0152707514545771,0.17263604865791704,FALSE,Not_significant
VFG015518(gb|NP_252904),7666,2453,1074,386,8740,2839,0.877116704805492,0.8640366326171187,1.1231690080761827,0.06851869167008934,0.01308007218837326,0.01308007218837326,1.015138330592251,0.17272733922108235,FALSE,Not_significant
VFG015520(gb|WP_003093628),7666,2453,1074,386,8740,2839,0.877116704805492,0.8640366326171187,1.1231690080761827,0.06851869167008934,0.01308007218837326,0.01308007218837326,1.015138330592251,0.17272733922108235,FALSE,Not_significant
VFG000185(gb|NP_250381),8704,2834,36,5,8740,2839,0.9958810068649886,0.9982388164846777,0.4265690507904337,0.06978438264720657,-0.002357809619689122,0.002357809619689122,1.0023675615896235,0.17572488890526003,FALSE,Not_significant
VFG015519(gb|WP_012074246),7665,2453,1075,386,8740,2839,0.8770022883295194,0.8640366326171187,1.121978224046366,0.07357787167291173,0.012965655712400714,0.012965655712400714,1.0150059097299249,0.1848714541266807,FALSE,Not_significant
VFG015540(gb|WP_012074246),7665,2453,1075,386,8740,2839,0.8770022883295194,0.8640366326171187,1.121978224046366,0.07357787167291173,0.012965655712400714,0.012965655712400714,1.0150059097299249,0.1848714541266807,FALSE,Not_significant
VFG040875(gb|NP_249374),8659,2823,81,16,8740,2839,0.9907322654462243,0.9943642127509686,0.6059326928073183,0.0747338155206068,-0.003631947304744365,0.003631947304744365,1.00366592209764,0.18757042976397373,FALSE,Not_significant
VFG051552(gb|WP_079262185.1),21,2,8719,2837,8740,2839,0.002402745995423341,7.044734061289186e-4,3.4163535587874274,0.09019837522044255,0.0016982725892944223,0.0016982725892944223,3.4106979405034323,0.22613669153627894,FALSE,Not_significant
VFG015383(gb|WP_011064245),16,1,8724,2838,8740,2839,0.0018306636155606408,3.522367030644593e-4,5.204564767891454,0.09053578883024589,0.0014784269124961816,0.0014784269124961816,5.197254004576659,0.22673482486526644,FALSE,Not_significant
VFG013972(gb|WP_034028141),22,2,8718,2837,8740,2839,0.002517162471395881,7.044734061289186e-4,3.5794332119213625,0.09253918760845634,0.0018126890652669623,0.0018126890652669623,3.573112128146453,0.23149934173805764,FALSE,Not_significant
VFG013985(gb|WP_012077306),17,1,8723,2838,8740,2839,0.0019450800915331808,3.522367030644593e-4,5.530466610093767,0.09441986333040084,0.0015928433884687216,0.0015928433884687216,5.522082379862701,0.23569006145804092,FALSE,Not_significant
VFG000181(gb|NP_251792),8723,2838,17,1,8740,2839,0.9980549199084668,0.9996477632969355,0.1808165694686536,0.09441986333040087,-0.0015928433884686566,0.0015928433884686566,1.0015959476344396,0.23569006145804092,FALSE,Not_significant
VFG014072(gb|WP_011914954),2,3,8738,2836,8740,2839,2.288329519450801e-4,0.0010567101091933778,0.21642980650759236,0.09845766596388143,-8.278771572482978e-4,8.278771572482978e-4,4.617823177175061,0.24550204969689565,FALSE,Not_significant
VFG014894(gb|WP_012077935),7,6,8733,2833,8740,2839,8.009153318077803e-4,0.0021134202183867557,0.37850676292736896,0.0995643429789848,-0.0013125048865789755,0.0013125048865789755,2.638756101242892,0.24799196828858974,FALSE,Not_significant
VFG004508(gb|WP_001109390),4,4,8736,2835,8740,2839,4.576659038901602e-4,0.0014089468122578373,0.3245755781372934,0.10718329411151212,-9.512809083676771e-4,9.512809083676771e-4,3.0785487847833743,0.26667947580456486,FALSE,Not_significant
VFG029697(gb|WP_014711950),1515,455,7225,2384,8740,2839,0.17334096109839817,0.16026769989432899,1.0986755986341905,0.11384346086086036,0.013073261204069181,0.013073261204069181,1.0815714034249504,0.2829435527787797,FALSE,Not_significant
VFG014473(gb|NP_250132),8731,2839,9,0,8740,2839,0.9989702517162471,1,0,0.12466445564787183,-0.001029748283752907,0.001029748283752907,1.0010308097583325,0.3088339754386803,FALSE,Not_significant
VFG019841(gb|WP_003083038),8731,2839,9,0,8740,2839,0.9989702517162471,1,0,0.12466445564787183,-0.001029748283752907,0.001029748283752907,1.0010308097583325,0.3088339754386803,FALSE,Not_significant
VFG044448(gb|NP_253341),8731,2839,9,0,8740,2839,0.9989702517162471,1,0,0.12466445564787183,-0.001029748283752907,0.001029748283752907,1.0010308097583325,0.3088339754386803,FALSE,Not_significant
VFG014475(gb|WP_003140280),8730,2839,10,0,8740,2839,0.9988558352402745,1,0,0.13250206413074556,-0.0011441647597254523,0.0011441647597254523,1.0011454753722795,0.3271902423207,FALSE,Not_significant
VFG015070(gb|WP_011103673),10,0,8730,2839,8740,2839,0.0011441647597254005,0,Inf,0.13250206413074553,0.0011441647597254005,0.0011441647597254005,Inf,0.3271902423207,FALSE,Not_significant
VFG028200(gb|WP_015303218),10,0,8730,2839,8740,2839,0.0011441647597254005,0,Inf,0.13250206413074553,0.0011441647597254005,0.0011441647597254005,Inf,0.3271902423207,FALSE,Not_significant
VFG044315(gb|WP_012492605),27,4,8713,2835,8740,2839,0.003089244851258581,0.0014089468122578373,2.1960286077458595,0.1482254139763044,0.0016802980390007438,0.0016802980390007438,2.192591533180778,0.36562268780821755,FALSE,Not_significant
VFG050583(gb|WP_001046489.1),1,2,8739,2837,8740,2839,1.1441647597254005e-4,7.044734061289186e-4,0.16234983240619513,0.1508439598186329,-5.900569301563786e-4,5.900569301563786e-4,6.157097569566749,0.3696966280170341,FALSE,Not_significant
VFG050585(gb|WP_020753490.1),1,2,8739,2837,8740,2839,1.1441647597254005e-4,7.044734061289186e-4,0.16234983240619513,0.1508439598186329,-5.900569301563786e-4,5.900569301563786e-4,6.157097569566749,0.3696966280170341,FALSE,Not_significant
VFG000139(gb|NP_253697),8739,2837,1,2,8740,2839,0.9998855835240275,0.9992955265938711,6.159538234066719,0.1508439598186329,5.900569301563463e-4,5.900569301563463e-4,1.0005904729026134,0.3696966280170341,FALSE,Not_significant
VFG000142(gb|NP_253698),8739,2837,1,2,8740,2839,0.9998855835240275,0.9992955265938711,6.159538234066719,0.1508439598186329,5.900569301563463e-4,5.900569301563463e-4,1.0005904729026134,0.3696966280170341,FALSE,Not_significant
VFG000143(gb|NP_253699),8739,2837,1,2,8740,2839,0.9998855835240275,0.9992955265938711,6.159538234066719,0.1508439598186329,5.900569301563463e-4,5.900569301563463e-4,1.0005904729026134,0.3696966280170341,FALSE,Not_significant
VFG042751(gb|NP_252994),8739,2837,1,2,8740,2839,0.9998855835240275,0.9992955265938711,6.159538234066719,0.1508439598186329,5.900569301563463e-4,5.900569301563463e-4,1.0005904729026134,0.3696966280170341,FALSE,Not_significant
VFG020023(gb|WP_003123955),7617,2445,1123,394,8740,2839,0.8715102974828375,0.861218738992603,1.0929892430139332,0.15906079932182243,0.010291558490234443,0.010291558490234443,1.0119499936825258,0.3894188619469164,FALSE,Not_significant
VFG015858(gb|WP_003097316),8296,2714,444,125,8740,2839,0.94919908466819225,0.9559704121169426,0.8605834189596607,0.1616402405858777,-0.006771327448750308,0.006771327448750308,1.0071337273266727,0.3953120595991508,FALSE,Not_significant
VFG051646(gb|WP_003114517.1),8572,2772,168,67,8740,2839,0.9807780320366133,0.9764001408946812,1.2332554420629005,0.16757066886784203,0.0043778911419321,0.0043778911419321,1.0044837059711202,0.4093792485440145,FALSE,Not_significant
VFG044079(gb|NP_250944),7954,2608,786,231,8740,2839,0.9100686498855836,0.9186333215921099,0.89633931905892406,0.16950490412700261,-0.008564671706526306,0.008564671706526306,1.0094110171882122,0.4136640958163234,FALSE,Not_significant
VFG009930(gb|WP_011779804),7,0,8733,2839,8740,2839,8.009153318077803e-4,0,Inf,0.2056569793289058,8.009153318077803e-4,8.009153318077803e-4,Inf,0.5013571844638788,FALSE,Not_significant
VFG015515(gb|NP_252903),8675,2811,65,28,8740,2839,0.9925629290617849,0.9901373723141952,1.3293575349091744,0.22574987441658256,0.0024255567475897077,0.0024255567475897077,1.0024497173982239,0.5030903055173133,FALSE,Not_significant
VFG015517(gb|WP_003137488),8675,2811,65,28,8740,2839,0.9925629290617849,0.9901373723141952,1.3293575349091744,0.22574987441658256,0.0024255567475897077,0.0024255567475897077,1.0024497173982239,0.5030903055173133,FALSE,Not_significant
VFG015538(gb|WP_011666697),8675,2811,65,28,8740,2839,0.9925629290617849,0.9901373723141952,1.3293575349091744,0.22574987441658256,0.0024255567475897077,0.0024255567475897077,1.0024497173982239,0.5030903055173133,FALSE,Not_significant
VFG020026(gb|WP_012613547),8675,2811,65,28,8740,2839,0.9925629290617849,0.9901373723141952,1.3293575349091744,0.22574987441658256,0.0024255567475897077,0.0024255567475897077,1.0024497173982239,0.5030903055173133,FALSE,Not_significant
VFG030675(gb|WP_003875535),8,0,8732,2839,8740,2839,9.153318077803204e-4,0,Inf,0.212471984565969,9.153318077803204e-4,9.153318077803204e-4,Inf,0.5030903055173133,FALSE,Not_significant
VFG048580(gb|WP_014838502),8,0,8732,2839,8740,2839,9.153318077803204e-4,0,Inf,0.212471984565969,9.153318077803204e-4,9.153318077803204e-4,Inf,0.5030903055173133,FALSE,Not_significant
VFG051819(gb|WP_012074797.1),8740,2838,0,1,8740,2839,1,0.9996477632969355,Inf,0.24518524915795828,3.522367030645013e-4,3.522367030645013e-4,1.0003523608174771,0.5030903055173133,FALSE,Not_significant
VFG002055(gb|WP_000097229),0,1,8740,2838,8740,2839,0,3.522367030644593e-4,0,0.24518524915795828,-3.522367030644593e-4,3.522367030644593e-4,Inf,0.5030903055173133,FALSE,Not_significant
VFG002056,0,1,8740,2838,8740,2839,0,3.522367030644593e-4,0,0.24518524915795828,-3.522367030644593e-4,3.522367030644593e-4,Inf,0.5030903055173133,FALSE,Not_significant
VFG002101(gb|WP_010948213),0,1,8740,2838,8740,2839,0,3.522367030644593e-4,0,0.24518524915795828,-3.522367030644593e-4,3.522367030644593e-4,Inf,0.5030903055173133,FALSE,Not_significant
VFG002409(gb|WP_000549274),0,1,8740,2838,8740,2839,0,3.522367030644593e-4,0,0.24518524915795828,-3.522367030644593e-4,3.522367030644593e-4,Inf,0.5030903055173133,FALSE,Not_significant
VFG002420(gb|WP_000645781),0,1,8740,2838,8740,2839,0,3.522367030644593e-4,0,0.24518524915795828,-3.522367030644593e-4,3.522367030644593e-4,Inf,0.5030903055173133,FALSE,Not_significant
VFG004853(gb|WP_000473596),0,1,8740,2838,8740,2839,0,3.522367030644593e-4,0,0.24518524915795828,-3.522367030644593e-4,3.522367030644593e-4,Inf,0.5030903055173133,FALSE,Not_significant
VFG004854(gb|WP_000473600),0,1,8740,2838,8740,2839,0,3.522367030644593e-4,0,0.24518524915795828,-3.522367030644593e-4,3.522367030644593e-4,Inf,0.5030903055173133,FALSE,Not_significant
VFG004855(gb|YP_500454),0,1,8740,2838,8740,2839,0,3.522367030644593e-4,0,0.24518524915795828,-3.522367030644593e-4,3.522367030644593e-4,Inf,0.5030903055173133,FALSE,Not_significant
VFG004856(gb|WP_000473596),0,1,8740,2838,8740,2839,0,3.522367030644593e-4,0,0.24518524915795828,-3.522367030644593e-4,3.522367030644593e-4,Inf,0.5030903055173133,FALSE,Not_significant
VFG004978(gb|WP_010922839),0,1,8740,2838,8740,2839,0,3.522367030644593e-4,0,0.24518524915795828,-3.522367030644593e-4,3.522367030644593e-4,Inf,0.5030903055173133,FALSE,Not_significant
VFG008258(gb|NP_216932),0,1,8740,2838,8740,2839,0,3.522367030644593e-4,0,0.24518524915795828,-3.522367030644593e-4,3.522367030644593e-4,Inf,0.5030903055173133,FALSE,Not_significant
VFG008259(gb|WP_003412375),0,1,8740,2838,8740,2839,0,3.522367030644593e-4,0,0.24518524915795828,-3.522367030644593e-4,3.522367030644593e-4,Inf,0.5030903055173133,FALSE,Not_significant
VFG008261(gb|WP_010950714),0,1,8740,2838,8740,2839,0,3.522367030644593e-4,0,0.24518524915795828,-3.522367030644593e-4,3.522367030644593e-4,Inf,0.5030903055173133,FALSE,Not_significant
VFG010698(gb|WP_080020091),0,1,8740,2838,8740,2839,0,3.522367030644593e-4,0,0.24518524915795828,-3.522367030644593e-4,3.522367030644593e-4,Inf,0.5030903055173133,FALSE,Not_significant
VFG010699(gb|WP_011216393),0,1,8740,2838,8740,2839,0,3.522367030644593e-4,0,0.24518524915795828,-3.522367030644593e-4,3.522367030644593e-4,Inf,0.5030903055173133,FALSE,Not_significant
VFG010939(gb|WP_148265616),0,1,8740,2838,8740,2839,0,3.522367030644593e-4,0,0.24518524915795828,-3.522367030644593e-4,3.522367030644593e-4,Inf,0.5030903055173133,FALSE,Not_significant
VFG010940(gb|WP_041937492),0,1,8740,2838,8740,2839,0,3.522367030644593e-4,0,0.24518524915795828,-3.522367030644593e-4,3.522367030644593e-4,Inf,0.5030903055173133,FALSE,Not_significant
VFG011288(gb|WP_012417360),0,1,8740,2838,8740,2839,0,3.522367030644593e-4,0,0.24518524915795828,-3.522367030644593e-4,3.522367030644593e-4,Inf,0.5030903055173133,FALSE,Not_significant
VFG012518(gb|WP_000973517),0,1,8740,2838,8740,2839,0,3.522367030644593e-4,0,0.24518524915795828,-3.522367030644593e-4,3.522367030644593e-4,Inf,0.5030903055173133,FALSE,Not_significant
VFG012912(gb|WP_000094969),0,1,8740,2838,8740,2839,0,3.522367030644593e-4,0,0.24518524915795828,-3.522367030644593e-4,3.522367030644593e-4,Inf,0.5030903055173133,FALSE,Not_significant
VFG012914(gb|WP_000942800),0,1,8740,2838,8740,2839,0,3.522367030644593e-4,0,0.24518524915795828,-3.522367030644593e-4,3.522367030644593e-4,Inf,0.5030903055173133,FALSE,Not_significant
VFG013919(gb|WP_012077309),0,1,8740,2838,8740,2839,0,3.522367030644593e-4,0,0.24518524915795828,-3.522367030644593e-4,3.522367030644593e-4,Inf,0.5030903055173133,FALSE,Not_significant
VFG014849(gb|WP_010952409),0,1,8740,2838,8740,2839,0,3.522367030644593e-4,0,0.24518524915795828,-3.522367030644593e-4,3.522367030644593e-4,Inf,0.5030903055173133,FALSE,Not_significant
VFG014851(gb|WP_011535591),0,1,8740,2838,8740,2839,0,3.522367030644593e-4,0,0.24518524915795828,-3.522367030644593e-4,3.522367030644593e-4,Inf,0.5030903055173133,FALSE,Not_significant
VFG015554(gb|WP_012076121),0,1,8740,2838,8740,2839,0,3.522367030644593e-4,0,0.24518524915795828,-3.522367030644593e-4,3.522367030644593e-4,Inf,0.5030903055173133,FALSE,Not_significant
VFG015753(gb|WP_012312809),0,1,8740,2838,8740,2839,0,3.522367030644593e-4,0,0.24518524915795828,-3.522367030644593e-4,3.522367030644593e-4,Inf,0.5030903055173133,FALSE,Not_significant
VFG015921(gb|WP_012075861),0,1,8740,2838,8740,2839,0,3.522367030644593e-4,0,0.24518524915795828,-3.522367030644593e-4,3.522367030644593e-4,Inf,0.5030903055173133,FALSE,Not_significant
VFG015927(gb|WP_012075860),0,1,8740,2838,8740,2839,0,3.522367030644593e-4,0,0.24518524915795828,-3.522367030644593e-4,3.522367030644593e-4,Inf,0.5030903055173133,FALSE,Not_significant
VFG016070(gb|WP_012075638),0,1,8740,2838,8740,2839,0,3.522367030644593e-4,0,0.24518524915795828,-3.522367030644593e-4,3.522367030644593e-4,Inf,0.5030903055173133,FALSE,Not_significant
VFG016138(gb|WP_041025451),0,1,8740,2838,8740,2839,0,3.522367030644593e-4,0,0.24518524915795828,-3.522367030644593e-4,3.522367030644593e-4,Inf,0.5030903055173133,FALSE,Not_significant
VFG016155(gb|WP_041025357),0,1,8740,2838,8740,2839,0,3.522367030644593e-4,0,0.24518524915795828,-3.522367030644593e-4,3.522367030644593e-4,Inf,0.5030903055173133,FALSE,Not_significant
VFG016158(gb|WP_012075848),0,1,8740,2838,8740,2839,0,3.522367030644593e-4,0,0.24518524915795828,-3.522367030644593e-4,3.522367030644593e-4,Inf,0.5030903055173133,FALSE,Not_significant
VFG016163(gb|WP_012075853),0,1,8740,2838,8740,2839,0,3.522367030644593e-4,0,0.24518524915795828,-3.522367030644593e-4,3.522367030644593e-4,Inf,0.5030903055173133,FALSE,Not_significant
VFG017085(gb|WP_000473593),0,1,8740,2838,8740,2839,0,3.522367030644593e-4,0,0.24518524915795828,-3.522367030644593e-4,3.522367030644593e-4,Inf,0.5030903055173133,FALSE,Not_significant
VFG017626(gb|WP_041180119),0,1,8740,2838,8740,2839,0,3.522367030644593e-4,0,0.24518524915795828,-3.522367030644593e-4,3.522367030644593e-4,Inf,0.5030903055173133,FALSE,Not_significant
VFG017627(gb|WP_003412375),0,1,8740,2838,8740,2839,0,3.522367030644593e-4,0,0.24518524915795828,-3.522367030644593e-4,3.522367030644593e-4,Inf,0.5030903055173133,FALSE,Not_significant
VFG017629(gb|WP_003412375),0,1,8740,2838,8740,2839,0,3.522367030644593e-4,0,0.24518524915795828,-3.522367030644593e-4,3.522367030644593e-4,Inf,0.5030903055173133,FALSE,Not_significant
VFG017634(gb|WP_024753930),0,1,8740,2838,8740,2839,0,3.522367030644593e-4,0,0.24518524915795828,-3.522367030644593e-4,3.522367030644593e-4,Inf,0.5030903055173133,FALSE,Not_significant
VFG018143(gb|WP_000549278),0,1,8740,2838,8740,2839,0,3.522367030644593e-4,0,0.24518524915795828,-3.522367030644593e-4,3.522367030644593e-4,Inf,0.5030903055173133,FALSE,Not_significant
VFG018154(gb|WP_000549287),0,1,8740,2838,8740,2839,0,3.522367030644593e-4,0,0.24518524915795828,-3.522367030644593e-4,3.522367030644593e-4,Inf,0.5030903055173133,FALSE,Not_significant
VFG018161(gb|WP_000549309),0,1,8740,2838,8740,2839,0,3.522367030644593e-4,0,0.24518524915795828,-3.522367030644593e-4,3.522367030644593e-4,Inf,0.5030903055173133,FALSE,Not_significant
VFG018165(gb|WP_000549269),0,1,8740,2838,8740,2839,0,3.522367030644593e-4,0,0.24518524915795828,-3.522367030644593e-4,3.522367030644593e-4,Inf,0.5030903055173133,FALSE,Not_significant
VFG018166(gb|WP_000549278),0,1,8740,2838,8740,2839,0,3.522367030644593e-4,0,0.24518524915795828,-3.522367030644593e-4,3.522367030644593e-4,Inf,0.5030903055173133,FALSE,Not_significant
VFG020161(gb|WP_000942800),0,1,8740,2838,8740,2839,0,3.522367030644593e-4,0,0.24518524915795828,-3.522367030644593e-4,3.522367030644593e-4,Inf,0.5030903055173133,FALSE,Not_significant
VFG022563(gb|WP_041180119),0,1,8740,2838,8740,2839,0,3.522367030644593e-4,0,0.24518524915795828,-3.522367030644593e-4,3.522367030644593e-4,Inf,0.5030903055173133,FALSE,Not_significant
VFG025785(gb|WP_006477362),0,1,8740,2838,8740,2839,0,3.522367030644593e-4,0,0.24518524915795828,-3.522367030644593e-4,3.522367030644593e-4,Inf,0.5030903055173133,FALSE,Not_significant
VFG025788(gb|WP_006477362),0,1,8740,2838,8740,2839,0,3.522367030644593e-4,0,0.24518524915795828,-3.522367030644593e-4,3.522367030644593e-4,Inf,0.5030903055173133,FALSE,Not_significant
VFG033944(gb|WP_000973519),0,1,8740,2838,8740,2839,0,3.522367030644593e-4,0,0.24518524915795828,-3.522367030644593e-4,3.522367030644593e-4,Inf,0.5030903055173133,FALSE,Not_significant
VFG033945(gb|WP_000973516),0,1,8740,2838,8740,2839,0,3.522367030644593e-4,0,0.24518524915795828,-3.522367030644593e-4,3.522367030644593e-4,Inf,0.5030903055173133,FALSE,Not_significant
VFG033947(gb|WP_000973516),0,1,8740,2838,8740,2839,0,3.522367030644593e-4,0,0.24518524915795828,-3.522367030644593e-4,3.522367030644593e-4,Inf,0.5030903055173133,FALSE,Not_significant
VFG033951(gb|WP_000973511),0,1,8740,2838,8740,2839,0,3.522367030644593e-4,0,0.24518524915795828,-3.522367030644593e-4,3.522367030644593e-4,Inf,0.5030903055173133,FALSE,Not_significant
VFG034627,0,1,8740,2838,8740,2839,0,3.522367030644593e-4,0,0.24518524915795828,-3.522367030644593e-4,3.522367030644593e-4,Inf,0.5030903055173133,FALSE,Not_significant
VFG035206(gb|WP_000512742),0,1,8740,2838,8740,2839,0,3.522367030644593e-4,0,0.24518524915795828,-3.522367030644593e-4,3.522367030644593e-4,Inf,0.5030903055173133,FALSE,Not_significant
VFG035833(gb|WP_000103282),0,1,8740,2838,8740,2839,0,3.522367030644593e-4,0,0.24518524915795828,-3.522367030644593e-4,3.522367030644593e-4,Inf,0.5030903055173133,FALSE,Not_significant
VFG035834(gb|NP_310087),0,1,8740,2838,8740,2839,0,3.522367030644593e-4,0,0.24518524915795828,-3.522367030644593e-4,3.522367030644593e-4,Inf,0.5030903055173133,FALSE,Not_significant
VFG035838(gb|WP_000103278),0,1,8740,2838,8740,2839,0,3.522367030644593e-4,0,0.24518524915795828,-3.522367030644593e-4,3.522367030644593e-4,Inf,0.5030903055173133,FALSE,Not_significant
VFG035840(gb|WP_000103276),0,1,8740,2838,8740,2839,0,3.522367030644593e-4,0,0.24518524915795828,-3.522367030644593e-4,3.522367030644593e-4,Inf,0.5030903055173133,FALSE,Not_significant
VFG035850(gb|WP_000103397),0,1,8740,2838,8740,2839,0,3.522367030644593e-4,0,0.24518524915795828,-3.522367030644593e-4,3.522367030644593e-4,Inf,0.5030903055173133,FALSE,Not_significant
VFG037440(gb|WP_000910246),0,1,8740,2838,8740,2839,0,3.522367030644593e-4,0,0.24518524915795828,-3.522367030644593e-4,3.522367030644593e-4,Inf,0.5030903055173133,FALSE,Not_significant
VFG037442(gb|WP_000910253),0,1,8740,2838,8740,2839,0,3.522367030644593e-4,0,0.24518524915795828,-3.522367030644593e-4,3.522367030644593e-4,Inf,0.5030903055173133,FALSE,Not_significant
VFG037443(gb|YP_001085412),0,1,8740,2838,8740,2839,0,3.522367030644593e-4,0,0.24518524915795828,-3.522367030644593e-4,3.522367030644593e-4,Inf,0.5030903055173133,FALSE,Not_significant
VFG037448(gb|WP_000910262),0,1,8740,2838,8740,2839,0,3.522367030644593e-4,0,0.24518524915795828,-3.522367030644593e-4,3.522367030644593e-4,Inf,0.5030903055173133,FALSE,Not_significant
VFG037853(gb|YP_001083146),0,1,8740,2838,8740,2839,0,3.522367030644593e-4,0,0.24518524915795828,-3.522367030644593e-4,3.522367030644593e-4,Inf,0.5030903055173133,FALSE,Not_significant
VFG037857(gb|WP_001075969),0,1,8740,2838,8740,2839,0,3.522367030644593e-4,0,0.24518524915795828,-3.522367030644593e-4,3.522367030644593e-4,Inf,0.5030903055173133,FALSE,Not_significant
VFG037861(gb|WP_001075971),0,1,8740,2838,8740,2839,0,3.522367030644593e-4,0,0.24518524915795828,-3.522367030644593e-4,3.522367030644593e-4,Inf,0.5030903055173133,FALSE,Not_significant
VFG040946(gb|WP_000942795),0,1,8740,2838,8740,2839,0,3.522367030644593e-4,0,0.24518524915795828,-3.522367030644593e-4,3.522367030644593e-4,Inf,0.5030903055173133,FALSE,Not_significant
VFG040947(gb|WP_000094974),0,1,8740,2838,8740,2839,0,3.522367030644593e-4,0,0.24518524915795828,-3.522367030644593e-4,3.522367030644593e-4,Inf,0.5030903055173133,FALSE,Not_significant
VFG041051(gb|WP_000103125),0,1,8740,2838,8740,2839,0,3.522367030644593e-4,0,0.24518524915795828,-3.522367030644593e-4,3.522367030644593e-4,Inf,0.5030903055173133,FALSE,Not_significant
VFG042030(gb|WP_011003508),0,1,8740,2838,8740,2839,0,3.522367030644593e-4,0,0.24518524915795828,-3.522367030644593e-4,3.522367030644593e-4,Inf,0.5030903055173133,FALSE,Not_significant
VFG042399(gb|WP_001303867),0,1,8740,2838,8740,2839,0,3.522367030644593e-4,0,0.24518524915795828,-3.522367030644593e-4,3.522367030644593e-4,Inf,0.5030903055173133,FALSE,Not_significant
VFG042400,0,1,8740,2838,8740,2839,0,3.522367030644593e-4,0,0.24518524915795828,-3.522367030644593e-4,3.522367030644593e-4,Inf,0.5030903055173133,FALSE,Not_significant
VFG042725(gb|WP_001189321),0,1,8740,2838,8740,2839,0,3.522367030644593e-4,0,0.24518524915795828,-3.522367030644593e-4,3.522367030644593e-4,Inf,0.5030903055173133,FALSE,Not_significant
VFG042726(gb|WP_001267015),0,1,8740,2838,8740,2839,0,3.522367030644593e-4,0,0.24518524915795828,-3.522367030644593e-4,3.522367030644593e-4,Inf,0.5030903055173133,FALSE,Not_significant
VFG042800(gb|WP_000360900),0,1,8740,2838,8740,2839,0,3.522367030644593e-4,0,0.24518524915795828,-3.522367030644593e-4,3.522367030644593e-4,Inf,0.5030903055173133,FALSE,Not_significant
VFG043074(gb|WP_000884708),0,1,8740,2838,8740,2839,0,3.522367030644593e-4,0,0.24518524915795828,-3.522367030644593e-4,3.522367030644593e-4,Inf,0.5030903055173133,FALSE,Not_significant
VFG043075(gb|WP_001196460),0,1,8740,2838,8740,2839,0,3.522367030644593e-4,0,0.24518524915795828,-3.522367030644593e-4,3.522367030644593e-4,Inf,0.5030903055173133,FALSE,Not_significant
VFG043079(gb|WP_000625837),0,1,8740,2838,8740,2839,0,3.522367030644593e-4,0,0.24518524915795828,-3.522367030644593e-4,3.522367030644593e-4,Inf,0.5030903055173133,FALSE,Not_significant
VFG044273(gb|WP_001214661),0,1,8740,2838,8740,2839,0,3.522367030644593e-4,0,0.24518524915795828,-3.522367030644593e-4,3.522367030644593e-4,Inf,0.5030903055173133,FALSE,Not_significant
VFG044274(gb|WP_000951636),0,1,8740,2838,8740,2839,0,3.522367030644593e-4,0,0.24518524915795828,-3.522367030644593e-4,3.522367030644593e-4,Inf,0.5030903055173133,FALSE,Not_significant
VFG044304(gb|WP_000588838),0,1,8740,2838,8740,2839,0,3.522367030644593e-4,0,0.24518524915795828,-3.522367030644593e-4,3.522367030644593e-4,Inf,0.5030903055173133,FALSE,Not_significant
VFG044305(gb|WP_000071884),0,1,8740,2838,8740,2839,0,3.522367030644593e-4,0,0.24518524915795828,-3.522367030644593e-4,3.522367030644593e-4,Inf,0.5030903055173133,FALSE,Not_significant
VFG045788(gb|WP_001189322),0,1,8740,2838,8740,2839,0,3.522367030644593e-4,0,0.24518524915795828,-3.522367030644593e-4,3.522367030644593e-4,Inf,0.5030903055173133,FALSE,Not_significant
VFG045789(gb|WP_001264082),0,1,8740,2838,8740,2839,0,3.522367030644593e-4,0,0.24518524915795828,-3.522367030644593e-4,3.522367030644593e-4,Inf,0.5030903055173133,FALSE,Not_significant
VFG045806(gb|WP_000354273),0,1,8740,2838,8740,2839,0,3.522367030644593e-4,0,0.24518524915795828,-3.522367030644593e-4,3.522367030644593e-4,Inf,0.5030903055173133,FALSE,Not_significant
VFG045807(gb|WP_001576295),0,1,8740,2838,8740,2839,0,3.522367030644593e-4,0,0.24518524915795828,-3.522367030644593e-4,3.522367030644593e-4,Inf,0.5030903055173133,FALSE,Not_significant
VFG045878(gb|WP_001295349),0,1,8740,2838,8740,2839,0,3.522367030644593e-4,0,0.24518524915795828,-3.522367030644593e-4,3.522367030644593e-4,Inf,0.5030903055173133,FALSE,Not_significant
VFG045881(gb|WP_014640508),0,1,8740,2838,8740,2839,0,3.522367030644593e-4,0,0.24518524915795828,-3.522367030644593e-4,3.522367030644593e-4,Inf,0.5030903055173133,FALSE,Not_significant
VFG045887(gb|WP_000845152),0,1,8740,2838,8740,2839,0,3.522367030644593e-4,0,0.24518524915795828,-3.522367030644593e-4,3.522367030644593e-4,Inf,0.5030903055173133,FALSE,Not_significant
VFG045894(gb|WP_001330060),0,1,8740,2838,8740,2839,0,3.522367030644593e-4,0,0.24518524915795828,-3.522367030644593e-4,3.522367030644593e-4,Inf,0.5030903055173133,FALSE,Not_significant
VFG045896(gb|WP_014639881),0,1,8740,2838,8740,2839,0,3.522367030644593e-4,0,0.24518524915795828,-3.522367030644593e-4,3.522367030644593e-4,Inf,0.5030903055173133,FALSE,Not_significant
VFG045897(gb|WP_074151099),0,1,8740,2838,8740,2839,0,3.522367030644593e-4,0,0.24518524915795828,-3.522367030644593e-4,3.522367030644593e-4,Inf,0.5030903055173133,FALSE,Not_significant
VFG045899(gb|WP_000845152),0,1,8740,2838,8740,2839,0,3.522367030644593e-4,0,0.24518524915795828,-3.522367030644593e-4,3.522367030644593e-4,Inf,0.5030903055173133,FALSE,Not_significant
VFG045900(gb|WP_000286312),0,1,8740,2838,8740,2839,0,3.522367030644593e-4,0,0.24518524915795828,-3.522367030644593e-4,3.522367030644593e-4,Inf,0.5030903055173133,FALSE,Not_significant
VFG045902,0,1,8740,2838,8740,2839,0,3.522367030644593e-4,0,0.24518524915795828,-3.522367030644593e-4,3.522367030644593e-4,Inf,0.5030903055173133,FALSE,Not_significant
VFG045904(gb|WP_000286318),0,1,8740,2838,8740,2839,0,3.522367030644593e-4,0,0.24518524915795828,-3.522367030644593e-4,3.522367030644593e-4,Inf,0.5030903055173133,FALSE,Not_significant
VFG045906(gb|WP_000286318),0,1,8740,2838,8740,2839,0,3.522367030644593e-4,0,0.24518524915795828,-3.522367030644593e-4,3.522367030644593e-4,Inf,0.5030903055173133,FALSE,Not_significant
VFG045910(gb|WP_012602403),0,1,8740,2838,8740,2839,0,3.522367030644593e-4,0,0.24518524915795828,-3.522367030644593e-4,3.522367030644593e-4,Inf,0.5030903055173133,FALSE,Not_significant
VFG045911(gb|WP_000286337),0,1,8740,2838,8740,2839,0,3.522367030644593e-4,0,0.24518524915795828,-3.522367030644593e-4,3.522367030644593e-4,Inf,0.5030903055173133,FALSE,Not_significant
VFG045912(gb|WP_000286305),0,1,8740,2838,8740,2839,0,3.522367030644593e-4,0,0.24518524915795828,-3.522367030644593e-4,3.522367030644593e-4,Inf,0.5030903055173133,FALSE,Not_significant
VFG045913(gb|WP_000286336),0,1,8740,2838,8740,2839,0,3.522367030644593e-4,0,0.24518524915795828,-3.522367030644593e-4,3.522367030644593e-4,Inf,0.5030903055173133,FALSE,Not_significant
VFG045915(gb|WP_000286313),0,1,8740,2838,8740,2839,0,3.522367030644593e-4,0,0.24518524915795828,-3.522367030644593e-4,3.522367030644593e-4,Inf,0.5030903055173133,FALSE,Not_significant
VFG045936(gb|WP_000360904),0,1,8740,2838,8740,2839,0,3.522367030644593e-4,0,0.24518524915795828,-3.522367030644593e-4,3.522367030644593e-4,Inf,0.5030903055173133,FALSE,Not_significant
VFG045937(gb|WP_000360914),0,1,8740,2838,8740,2839,0,3.522367030644593e-4,0,0.24518524915795828,-3.522367030644593e-4,3.522367030644593e-4,Inf,0.5030903055173133,FALSE,Not_significant
VFG045939(gb|WP_000360919),0,1,8740,2838,8740,2839,0,3.522367030644593e-4,0,0.24518524915795828,-3.522367030644593e-4,3.522367030644593e-4,Inf,0.5030903055173133,FALSE,Not_significant
VFG045947(gb|WP_000360894),0,1,8740,2838,8740,2839,0,3.522367030644593e-4,0,0.24518524915795828,-3.522367030644593e-4,3.522367030644593e-4,Inf,0.5030903055173133,FALSE,Not_significant
VFG045948(gb|WP_000360902),0,1,8740,2838,8740,2839,0,3.522367030644593e-4,0,0.24518524915795828,-3.522367030644593e-4,3.522367030644593e-4,Inf,0.5030903055173133,FALSE,Not_significant
VFG045950(gb|WP_000360895),0,1,8740,2838,8740,2839,0,3.522367030644593e-4,0,0.24518524915795828,-3.522367030644593e-4,3.522367030644593e-4,Inf,0.5030903055173133,FALSE,Not_significant
VFG045954(gb|WP_000360907),0,1,8740,2838,8740,2839,0,3.522367030644593e-4,0,0.24518524915795828,-3.522367030644593e-4,3.522367030644593e-4,Inf,0.5030903055173133,FALSE,Not_significant
VFG045955(gb|WP_000360915),0,1,8740,2838,8740,2839,0,3.522367030644593e-4,0,0.24518524915795828,-3.522367030644593e-4,3.522367030644593e-4,Inf,0.5030903055173133,FALSE,Not_significant
VFG045956(gb|WP_000360914),0,1,8740,2838,8740,2839,0,3.522367030644593e-4,0,0.24518524915795828,-3.522367030644593e-4,3.522367030644593e-4,Inf,0.5030903055173133,FALSE,Not_significant
VFG045958(gb|WP_000360914),0,1,8740,2838,8740,2839,0,3.522367030644593e-4,0,0.24518524915795828,-3.522367030644593e-4,3.522367030644593e-4,Inf,0.5030903055173133,FALSE,Not_significant
VFG045962(gb|WP_000360904),0,1,8740,2838,8740,2839,0,3.522367030644593e-4,0,0.24518524915795828,-3.522367030644593e-4,3.522367030644593e-4,Inf,0.5030903055173133,FALSE,Not_significant
VFG045972(gb|WP_000360891),0,1,8740,2838,8740,2839,0,3.522367030644593e-4,0,0.24518524915795828,-3.522367030644593e-4,3.522367030644593e-4,Inf,0.5030903055173133,FALSE,Not_significant
VFG045974(gb|WP_001025145),0,1,8740,2838,8740,2839,0,3.522367030644593e-4,0,0.24518524915795828,-3.522367030644593e-4,3.522367030644593e-4,Inf,0.5030903055173133,FALSE,Not_significant
VFG045975,0,1,8740,2838,8740,2839,0,3.522367030644593e-4,0,0.24518524915795828,-3.522367030644593e-4,3.522367030644593e-4,Inf,0.5030903055173133,FALSE,Not_significant
VFG045977(gb|WP_001025182),0,1,8740,2838,8740,2839,0,3.522367030644593e-4,0,0.24518524915795828,-3.522367030644593e-4,3.522367030644593e-4,Inf,0.5030903055173133,FALSE,Not_significant
VFG045984(gb|WP_001025155),0,1,8740,2838,8740,2839,0,3.522367030644593e-4,0,0.24518524915795828,-3.522367030644593e-4,3.522367030644593e-4,Inf,0.5030903055173133,FALSE,Not_significant
VFG045985(gb|WP_001025155),0,1,8740,2838,8740,2839,0,3.522367030644593e-4,0,0.24518524915795828,-3.522367030644593e-4,3.522367030644593e-4,Inf,0.5030903055173133,FALSE,Not_significant
VFG045991(gb|WP_001025168),0,1,8740,2838,8740,2839,0,3.522367030644593e-4,0,0.24518524915795828,-3.522367030644593e-4,3.522367030644593e-4,Inf,0.5030903055173133,FALSE,Not_significant
VFG045992(gb|WP_001025180),0,1,8740,2838,8740,2839,0,3.522367030644593e-4,0,0.24518524915795828,-3.522367030644593e-4,3.522367030644593e-4,Inf,0.5030903055173133,FALSE,Not_significant
VFG045993(gb|WP_001025180),0,1,8740,2838,8740,2839,0,3.522367030644593e-4,0,0.24518524915795828,-3.522367030644593e-4,3.522367030644593e-4,Inf,0.5030903055173133,FALSE,Not_significant
VFG045994(gb|WP_001025178),0,1,8740,2838,8740,2839,0,3.522367030644593e-4,0,0.24518524915795828,-3.522367030644593e-4,3.522367030644593e-4,Inf,0.5030903055173133,FALSE,Not_significant
VFG045995(gb|WP_001025161),0,1,8740,2838,8740,2839,0,3.522367030644593e-4,0,0.24518524915795828,-3.522367030644593e-4,3.522367030644593e-4,Inf,0.5030903055173133,FALSE,Not_significant
VFG045998(gb|WP_001025179),0,1,8740,2838,8740,2839,0,3.522367030644593e-4,0,0.24518524915795828,-3.522367030644593e-4,3.522367030644593e-4,Inf,0.5030903055173133,FALSE,Not_significant
VFG045999(gb|WP_001025168),0,1,8740,2838,8740,2839,0,3.522367030644593e-4,0,0.24518524915795828,-3.522367030644593e-4,3.522367030644593e-4,Inf,0.5030903055173133,FALSE,Not_significant
VFG046000(gb|WP_001025158),0,1,8740,2838,8740,2839,0,3.522367030644593e-4,0,0.24518524915795828,-3.522367030644593e-4,3.522367030644593e-4,Inf,0.5030903055173133,FALSE,Not_significant
VFG046001(gb|WP_001025145),0,1,8740,2838,8740,2839,0,3.522367030644593e-4,0,0.24518524915795828,-3.522367030644593e-4,3.522367030644593e-4,Inf,0.5030903055173133,FALSE,Not_significant
VFG046004(gb|WP_001025178),0,1,8740,2838,8740,2839,0,3.522367030644593e-4,0,0.24518524915795828,-3.522367030644593e-4,3.522367030644593e-4,Inf,0.5030903055173133,FALSE,Not_significant
VFG046009(gb|WP_001025178),0,1,8740,2838,8740,2839,0,3.522367030644593e-4,0,0.24518524915795828,-3.522367030644593e-4,3.522367030644593e-4,Inf,0.5030903055173133,FALSE,Not_significant
VFG046068(gb|WP_001189321),0,1,8740,2838,8740,2839,0,3.522367030644593e-4,0,0.24518524915795828,-3.522367030644593e-4,3.522367030644593e-4,Inf,0.5030903055173133,FALSE,Not_significant
VFG046069(gb|WP_001264088),0,1,8740,2838,8740,2839,0,3.522367030644593e-4,0,0.24518524915795828,-3.522367030644593e-4,3.522367030644593e-4,Inf,0.5030903055173133,FALSE,Not_significant
VFG048371(gb|WP_014839452),0,1,8740,2838,8740,2839,0,3.522367030644593e-4,0,0.24518524915795828,-3.522367030644593e-4,3.522367030644593e-4,Inf,0.5030903055173133,FALSE,Not_significant
VFG048372(gb|WP_014226698),0,1,8740,2838,8740,2839,0,3.522367030644593e-4,0,0.24518524915795828,-3.522367030644593e-4,3.522367030644593e-4,Inf,0.5030903055173133,FALSE,Not_significant
VFG048381(gb|WP_000820820),0,1,8740,2838,8740,2839,0,3.522367030644593e-4,0,0.24518524915795828,-3.522367030644593e-4,3.522367030644593e-4,Inf,0.5030903055173133,FALSE,Not_significant
VFG048382(gb|WP_000820820),0,1,8740,2838,8740,2839,0,3.522367030644593e-4,0,0.24518524915795828,-3.522367030644593e-4,3.522367030644593e-4,Inf,0.5030903055173133,FALSE,Not_significant
VFG048414(gb|WP_012542485),0,1,8740,2838,8740,2839,0,3.522367030644593e-4,0,0.24518524915795828,-3.522367030644593e-4,3.522367030644593e-4,Inf,0.5030903055173133,FALSE,Not_significant
VFG048415(gb|YP_005225748),0,1,8740,2838,8740,2839,0,3.522367030644593e-4,0,0.24518524915795828,-3.522367030644593e-4,3.522367030644593e-4,Inf,0.5030903055173133,FALSE,Not_significant
VFG048417(gb|WP_014599080),0,1,8740,2838,8740,2839,0,3.522367030644593e-4,0,0.24518524915795828,-3.522367030644593e-4,3.522367030644593e-4,Inf,0.5030903055173133,FALSE,Not_significant
VFG048418(gb|WP_012068427),0,1,8740,2838,8740,2839,0,3.522367030644593e-4,0,0.24518524915795828,-3.522367030644593e-4,3.522367030644593e-4,Inf,0.5030903055173133,FALSE,Not_significant
VFG048419(gb|WP_004210873),0,1,8740,2838,8740,2839,0,3.522367030644593e-4,0,0.24518524915795828,-3.522367030644593e-4,3.522367030644593e-4,Inf,0.5030903055173133,FALSE,Not_significant
VFG048420(gb|WP_012968725),0,1,8740,2838,8740,2839,0,3.522367030644593e-4,0,0.24518524915795828,-3.522367030644593e-4,3.522367030644593e-4,Inf,0.5030903055173133,FALSE,Not_significant
VFG048454(gb|WP_012542489),0,1,8740,2838,8740,2839,0,3.522367030644593e-4,0,0.24518524915795828,-3.522367030644593e-4,3.522367030644593e-4,Inf,0.5030903055173133,FALSE,Not_significant
VFG048455(gb|YP_005225744),0,1,8740,2838,8740,2839,0,3.522367030644593e-4,0,0.24518524915795828,-3.522367030644593e-4,3.522367030644593e-4,Inf,0.5030903055173133,FALSE,Not_significant
VFG048456(gb|WP_004147525),0,1,8740,2838,8740,2839,0,3.522367030644593e-4,0,0.24518524915795828,-3.522367030644593e-4,3.522367030644593e-4,Inf,0.5030903055173133,FALSE,Not_significant
VFG048457(gb|WP_004223589),0,1,8740,2838,8740,2839,0,3.522367030644593e-4,0,0.24518524915795828,-3.522367030644593e-4,3.522367030644593e-4,Inf,0.5030903055173133,FALSE,Not_significant
VFG048458(gb|WP_004147525),0,1,8740,2838,8740,2839,0,3.522367030644593e-4,0,0.24518524915795828,-3.522367030644593e-4,3.522367030644593e-4,Inf,0.5030903055173133,FALSE,Not_significant
VFG048459(gb|WP_004147525),0,1,8740,2838,8740,2839,0,3.522367030644593e-4,0,0.24518524915795828,-3.522367030644593e-4,3.522367030644593e-4,Inf,0.5030903055173133,FALSE,Not_significant
VFG048460(gb|WP_008805583),0,1,8740,2838,8740,2839,0,3.522367030644593e-4,0,0.24518524915795828,-3.522367030644593e-4,3.522367030644593e-4,Inf,0.5030903055173133,FALSE,Not_significant
VFG048599(gb|WP_004213920),0,1,8740,2838,8740,2839,0,3.522367030644593e-4,0,0.24518524915795828,-3.522367030644593e-4,3.522367030644593e-4,Inf,0.5030903055173133,FALSE,Not_significant
VFG048600(gb|WP_004213920),0,1,8740,2838,8740,2839,0,3.522367030644593e-4,0,0.24518524915795828,-3.522367030644593e-4,3.522367030644593e-4,Inf,0.5030903055173133,FALSE,Not_significant
VFG048601(gb|WP_032451968),0,1,8740,2838,8740,2839,0,3.522367030644593e-4,0,0.24518524915795828,-3.522367030644593e-4,3.522367030644593e-4,Inf,0.5030903055173133,FALSE,Not_significant
VFG048603(gb|WP_004213921),0,1,8740,2838,8740,2839,0,3.522367030644593e-4,0,0.24518524915795828,-3.522367030644593e-4,3.522367030644593e-4,Inf,0.5030903055173133,FALSE,Not_significant
VFG048604(gb|WP_004145302),0,1,8740,2838,8740,2839,0,3.522367030644593e-4,0,0.24518524915795828,-3.522367030644593e-4,3.522367030644593e-4,Inf,0.5030903055173133,FALSE,Not_significant
VFG048605(gb|WP_004213922),0,1,8740,2838,8740,2839,0,3.522367030644593e-4,0,0.24518524915795828,-3.522367030644593e-4,3.522367030644593e-4,Inf,0.5030903055173133,FALSE,Not_significant
VFG048606(gb|WP_004213922),0,1,8740,2838,8740,2839,0,3.522367030644593e-4,0,0.24518524915795828,-3.522367030644593e-4,3.522367030644593e-4,Inf,0.5030903055173133,FALSE,Not_significant
VFG048607(gb|WP_004145303),0,1,8740,2838,8740,2839,0,3.522367030644593e-4,0,0.24518524915795828,-3.522367030644593e-4,3.522367030644593e-4,Inf,0.5030903055173133,FALSE,Not_significant
VFG048608(gb|WP_014599302),0,1,8740,2838,8740,2839,0,3.522367030644593e-4,0,0.24518524915795828,-3.522367030644593e-4,3.522367030644593e-4,Inf,0.5030903055173133,FALSE,Not_significant
VFG048609(gb|WP_004213923),0,1,8740,2838,8740,2839,0,3.522367030644593e-4,0,0.24518524915795828,-3.522367030644593e-4,3.522367030644593e-4,Inf,0.5030903055173133,FALSE,Not_significant
VFG048610(gb|WP_004145304),0,1,8740,2838,8740,2839,0,3.522367030644593e-4,0,0.24518524915795828,-3.522367030644593e-4,3.522367030644593e-4,Inf,0.5030903055173133,FALSE,Not_significant
VFG048614(gb|WP_022065355),0,1,8740,2838,8740,2839,0,3.522367030644593e-4,0,0.24518524915795828,-3.522367030644593e-4,3.522367030644593e-4,Inf,0.5030903055173133,FALSE,Not_significant
VFG048618(gb|WP_004213924),0,1,8740,2838,8740,2839,0,3.522367030644593e-4,0,0.24518524915795828,-3.522367030644593e-4,3.522367030644593e-4,Inf,0.5030903055173133,FALSE,Not_significant
VFG048621(gb|WP_004213924),0,1,8740,2838,8740,2839,0,3.522367030644593e-4,0,0.24518524915795828,-3.522367030644593e-4,3.522367030644593e-4,Inf,0.5030903055173133,FALSE,Not_significant
VFG048623(gb|WP_012968568),0,1,8740,2838,8740,2839,0,3.522367030644593e-4,0,0.24518524915795828,-3.522367030644593e-4,3.522367030644593e-4,Inf,0.5030903055173133,FALSE,Not_significant
VFG048998(gb|WP_011154608),0,1,8740,2838,8740,2839,0,3.522367030644593e-4,0,0.24518524915795828,-3.522367030644593e-4,3.522367030644593e-4,Inf,0.5030903055173133,FALSE,Not_significant
VFG049850(gb|WP_000645747),0,1,8740,2838,8740,2839,0,3.522367030644593e-4,0,0.24518524915795828,-3.522367030644593e-4,3.522367030644593e-4,Inf,0.5030903055173133,FALSE,Not_significant
VFG049851(gb|WP_000645780),0,1,8740,2838,8740,2839,0,3.522367030644593e-4,0,0.24518524915795828,-3.522367030644593e-4,3.522367030644593e-4,Inf,0.5030903055173133,FALSE,Not_significant
VFG049852(gb|WP_000645787),0,1,8740,2838,8740,2839,0,3.522367030644593e-4,0,0.24518524915795828,-3.522367030644593e-4,3.522367030644593e-4,Inf,0.5030903055173133,FALSE,Not_significant
VFG049854(gb|WP_000645753),0,1,8740,2838,8740,2839,0,3.522367030644593e-4,0,0.24518524915795828,-3.522367030644593e-4,3.522367030644593e-4,Inf,0.5030903055173133,FALSE,Not_significant
VFG049857(gb|WP_000645791),0,1,8740,2838,8740,2839,0,3.522367030644593e-4,0,0.24518524915795828,-3.522367030644593e-4,3.522367030644593e-4,Inf,0.5030903055173133,FALSE,Not_significant
VFG049916(gb|WP_000103365),0,1,8740,2838,8740,2839,0,3.522367030644593e-4,0,0.24518524915795828,-3.522367030644593e-4,3.522367030644593e-4,Inf,0.5030903055173133,FALSE,Not_significant
VFG015915(gb|WP_012075862),2,2,8738,2837,8740,2839,2.288329519450801e-4,7.044734061289186e-4,0.3247293506641275,0.25360134862879163,-4.7564045418383853e-4,4.7564045418383853e-4,3.0785487847833743,0.5171213277817316,FALSE,Not_significant
VFG051811(gb|WP_003154271.1),2,2,8738,2837,8740,2839,2.288329519450801e-4,7.044734061289186e-4,0.3247293506641275,0.25360134862879163,-4.7564045418383853e-4,4.7564045418383853e-4,3.0785487847833743,0.5171213277817316,FALSE,Not_significant
VFG000171(gb|NP_252921),8738,2837,2,2,8740,2839,0.9997711670480549,0.9992955265938711,3.079487573128159,0.25360134862879163,4.756404541838011e-4,4.756404541838011e-4,1.0004759757664532,0.5171213277817316,FALSE,Not_significant
VFG001222(gb|NP_253731),8738,2837,2,2,8740,2839,0.9997711670480549,0.9992955265938711,3.079487573128159,0.25360134862879163,4.756404541838011e-4,4.756404541838011e-4,1.0004759757664532,0.5171213277817316,FALSE,Not_significant
VFG013836(gb|WP_003110888),8738,2837,2,2,8740,2839,0.9997711670480549,0.9992955265938711,3.079487573128159,0.25360134862879163,4.756404541838011e-4,4.756404541838011e-4,1.0004759757664532,0.5171213277817316,FALSE,Not_significant
VFG014857(gb|WP_003157810),8738,2837,2,2,8740,2839,0.9997711670480549,0.9992955265938711,3.079487573128159,0.25360134862879163,4.756404541838011e-4,4.756404541838011e-4,1.0004759757664532,0.5171213277817316,FALSE,Not_significant
VFG019737(gb|WP_003110888),8738,2837,2,2,8740,2839,0.9997711670480549,0.9992955265938711,3.079487573128159,0.25360134862879163,4.756404541838011e-4,4.756404541838011e-4,1.0004759757664532,0.5171213277817316,FALSE,Not_significant
VFG000172(gb|NP_252898),8630,2795,110,44,8740,2839,0.9874141876430206,0.9845015850651638,1.2350563029881096,0.257489980237641,0.002912602577856749,0.002912602577856749,1.0029584539243417,0.5245843824734889,FALSE,Not_significant
VFG014061(gb|WP_012074001),108,27,8632,2812,8740,2839,0.012356979405034324,0.009510390982740402,1.3030173510151737,0.2678490265703801,0.0028465884222939226,0.0028465884222939226,1.2993135011441648,0.5452046734271979,FALSE,Not_significant
VFG016045(gb|WP_011062374),7915,2551,825,288,8740,2839,0.9056064073226545,0.8985558295174357,1.0831138276382029,0.2716732099667296,0.007050577805218783,0.007050577805218783,1.007846566205024,0.5524985316167356,FALSE,Not_significant
VFG015522(gb|WP_012074245),6935,2280,1805,559,8740,2839,0.7934782608695652,0.8030996829869672,0.9419904370994647,0.2720681431740261,-0.009621422117402023,0.009621422117402023,1.012125627873986,0.5528116212942568,FALSE,Not_significant
VFG015950(gb|NP_251075),8664,2821,76,18,8740,2839,0.991304347826087,0.9936597393448398,0.7274308259034397,0.27806275918532325,-0.0023553915187527474,0.0023553915187527474,1.0023760528478647,0.5634946727660173,FALSE,Not_significant
VFG015952(gb|WP_003139299),8664,2821,76,18,8740,2839,0.991304347826087,0.9936597393448398,0.7274308259034397,0.27806275918532325,-0.0023553915187527474,0.0023553915187527474,1.0023760528478647,0.5634946727660173,FALSE,Not_significant
VFG020051(gb|WP_003103624),8664,2821,76,18,8740,2839,0.991304347826087,0.9936597393448398,0.7274308259034397,0.27806275918532325,-0.0023553915187527474,0.0023553915187527474,1.0023760528478647,0.5634946727660173,FALSE,Not_significant
VFG042695(gb|NP_250820),8664,2808,76,31,8740,2839,0.991304347826087,0.9890806622050018,1.2585236532101385,0.30910222952885147,0.002223685621085214,0.002223685621085214,1.0022482348569306,0.6258433491078423,FALSE,Not_significant
VFG001263(gb|NP_250143),8735,2839,5,0,8740,2839,0.9994279176201373,1,0,0.3434091207865424,-5.720823798627261e-4,5.720823798627261e-4,1.0005724098454494,0.6916422502935279,FALSE,Not_significant
VFG014591(gb|WP_003155638),8735,2839,5,0,8740,2839,0.9994279176201373,1,0,0.3434091207865424,-5.720823798627261e-4,5.720823798627261e-4,1.0005724098454494,0.6916422502935279,FALSE,Not_significant
VFG014592(gb|WP_003083059),8735,2839,5,0,8740,2839,0.9994279176201373,1,0,0.3434091207865424,-5.720823798627261e-4,5.720823798627261e-4,1.0005724098454494,0.6916422502935279,FALSE,Not_significant
VFG019859(gb|WP_003083059),8735,2839,5,0,8740,2839,0.9994279176201373,1,0,0.3434091207865424,-5.720823798627261e-4,5.720823798627261e-4,1.0005724098454494,0.6916422502935279,FALSE,Not_significant
VFG042297(gb|NP_253799),8735,2839,5,0,8740,2839,0.9994279176201373,1,0,0.3434091207865424,-5.720823798627261e-4,5.720823798627261e-4,1.0005724098454494,0.6916422502935279,FALSE,Not_significant
VFG044362(gb|WP_033111968),5,0,8735,2839,8740,2839,5.720823798627002e-4,0,Inf,0.3434091207865424,5.720823798627002e-4,5.720823798627002e-4,Inf,0.6916422502935279,FALSE,Not_significant
VFG009865(gb|WP_041307013),6,0,8734,2839,8740,2839,6.864988558352403e-4,0,Inf,0.34670563590310066,6.864988558352403e-4,6.864988558352403e-4,Inf,0.6976690603172919,FALSE,Not_significant
VFG051499(gb|WP_003083317.1),7510,2460,1230,379,8740,2839,0.8592677345537757,0.8665022895385699,0.9406759623685855,0.3488697269178929,-0.007234554984794195,0.007234554984794195,1.0084194421527433,0.7014085482468417,FALSE,Not_significant
VFG015508(gb|WP_003123955),7652,2467,1088,372,8740,2839,0.8755148741418765,0.8689679464600212,1.060521187059465,0.362348140486842,0.006546927681855275,0.006546927681855275,1.0075341417465695,0.7278692068973867,FALSE,Not_significant
VFG024439(gb|WP_170320649),22,4,8718,2835,8740,2839,0.002517162471395881,0.0014089468122578373,1.7883868948441317,0.3642272232503028,0.0011082156591380437,0.0011082156591380437,1.7865560640732265,0.7303647291400304,FALSE,Not_significant
VFG024441(gb|WP_170320649),22,4,8718,2835,8740,2839,0.002517162471395881,0.0014089468122578373,1.7883868948441317,0.3642272232503028,0.0011082156591380437,0.0011082156591380437,1.7865560640732265,0.7303647291400304,FALSE,Not_significant
VFG012865,4,3,8736,2836,8740,2839,4.576659038901602e-4,0.0010567101091933778,0.4328783308945084,0.3731293354991658,-5.990442053032176e-4,5.990442053032176e-4,2.3089115885875304,0.7462586709983317,FALSE,Not_significant
VFG000145(gb|NP_250562),8736,2836,4,3,8740,2839,0.9995423340961098,0.9989432898908066,2.310117944536161,0.3731293354991658,5.990442053032119e-4,5.990442053032119e-4,1.000599677890993,0.7462586709983317,FALSE,Not_significant
VFG015555(gb|WP_003139897),8736,2836,4,3,8740,2839,0.9995423340961098,0.9989432898908066,2.310117944536161,0.3731293354991658,5.990442053032119e-4,5.990442053032119e-4,1.000599677890993,0.7462586709983317,FALSE,Not_significant
VFG015506(gb|NP_252900),7662,2471,1078,368,8740,2839,0.8766590389016018,0.870376893272279,1.058517246137477,0.3778263326386833,0.006282145629322833,0.006282145629322833,1.0072177302475303,0.7549944312483794,FALSE,Not_significant
VFG041043(gb|NP_251061),8695,2820,45,19,8740,2839,0.9948512585812357,0.9933075026417753,1.3018200554557644,0.38124900468979694,0.0015437559394604339,0.0015437559394604339,1.0015541571319604,0.759848146618935,FALSE,Not_significant
VFG051651(gb|WP_012614148.1),8695,2820,45,19,8740,2839,0.9948512585812357,0.9933075026417753,1.3018200554557644,0.38124900468979694,0.0015437559394604339,0.0015437559394604339,1.0015541571319604,0.759848146618935,FALSE,Not_significant
VFG051654(gb|WP_003139311.1),8695,2820,45,19,8740,2839,0.9948512585812357,0.9933075026417753,1.3018200554557644,0.38124900468979694,0.0015437559394604339,0.0015437559394604339,1.0015541571319604,0.759848146618935,FALSE,Not_significant
VFG015984(gb|WP_012075668),2961,936,5779,1903,8740,2839,0.3387871853546911,0.3296935540683339,1.04171703986825,0.3850690730186703,0.009093631286357207,0.009093631286357207,1.027582071818342,0.7667955325562757,FALSE,Not_significant
VFG044082(gb|NP_250947),7869,2540,871,299,8740,2839,0.9003432494279177,0.8946812257837267,1.063502533028853,0.3897567853299911,0.005662023644190994,0.005662023644190994,1.0063285374511253,0.7754571253660014,FALSE,Not_significant
VFG015527(gb|NP_250591),7459,2405,1281,434,8740,2839,0.8534324942791762,0.8471292708700247,1.0507607206211569,0.4117405195273866,0.00630322340915157,0.00630322340915157,1.0074406865940047,0.8174024099556929,FALSE,Not_significant
VFG015529(gb|WP_003115119),7459,2405,1281,434,8740,2839,0.8534324942791762,0.8471292708700247,1.0507607206211569,0.4117405195273866,0.00630322340915157,0.00630322340915157,1.0074406865940047,0.8174024099556929,FALSE,Not_significant
VFG004502(gb|WP_001109328),5,3,8735,2836,8740,2839,5.720823798627002e-4,0.0010567101091933778,0.541167844402059,0.4147586770655739,-4.846277293306776e-4,4.846277293306776e-4,1.8471292708700244,0.8174024099556929,FALSE,Not_significant
VFG004504(gb|YP_499969),5,3,8735,2836,8740,2839,5.720823798627002e-4,0.0010567101091933778,0.541167844402059,0.4147586770655739,-4.846277293306776e-4,4.846277293306776e-4,1.8471292708700244,0.8174024099556929,FALSE,Not_significant
VFG004505,5,3,8735,2836,8740,2839,5.720823798627002e-4,0.0010567101091933778,0.541167844402059,0.4147586770655739,-4.846277293306776e-4,4.846277293306776e-4,1.8471292708700244,0.8174024099556929,FALSE,Not_significant
VFG004510,5,3,8735,2836,8740,2839,5.720823798627002e-4,0.0010567101091933778,0.541167844402059,0.4147586770655739,-4.846277293306776e-4,4.846277293306776e-4,1.8471292708700244,0.8174024099556929,FALSE,Not_significant
VFG004511(gb|WP_001109341),5,3,8735,2836,8740,2839,5.720823798627002e-4,0.0010567101091933778,0.541167844402059,0.4147586770655739,-4.846277293306776e-4,4.846277293306776e-4,1.8471292708700244,0.8174024099556929,FALSE,Not_significant
VFG004512(gb|WP_001109333),5,3,8735,2836,8740,2839,5.720823798627002e-4,0.0010567101091933778,0.541167844402059,0.4147586770655739,-4.846277293306776e-4,4.846277293306776e-4,1.8471292708700244,0.8174024099556929,FALSE,Not_significant
VFG017120(gb|WP_001109369),5,3,8735,2836,8740,2839,5.720823798627002e-4,0.0010567101091933778,0.541167844402059,0.4147586770655739,-4.846277293306776e-4,4.846277293306776e-4,1.8471292708700244,0.8174024099556929,FALSE,Not_significant
VFG017242,5,3,8735,2836,8740,2839,5.720823798627002e-4,0.0010567101091933778,0.541167844402059,0.4147586770655739,-4.846277293306776e-4,4.846277293306776e-4,1.8471292708700244,0.8174024099556929,FALSE,Not_significant
VFG020039(gb|WP_003120216),8735,2836,5,3,8740,2839,0.9994279176201373,0.9989432898908066,1.8478555412053075,0.4147586770655739,4.8462772933066667e-4,4.8462772933066667e-4,1.0004851403820767,0.8174024099556929,FALSE,Not_significant
VFG051496(gb|WP_003083317.1),7516,2459,1224,380,8740,2839,0.859954233409611,0.8661500528355055,0.9489241689745194,0.4163657798403614,-0.006195819425894533,0.006195819425894533,1.007204824611804,0.8184419003864964,FALSE,Not_significant
VFG044101(gb|NP_253395),8360,2726,380,113,8740,2839,0.9565217391304348,0.9601972525537161,0.9119668265153876,0.4224635062882137,-0.003675513423281318,0.003675513423281318,1.0038425822152486,0.8184419003864964,FALSE,Not_significant
VFG000182(gb|NP_251793),8739,2838,1,1,8740,2839,0.9998855835240275,0.9996477632969355,3.078758789569252,0.430270676489152,2.3782022709195605e-4,2.3782022709195605e-4,1.0002379040256215,0.8184419003864964,FALSE,Not_significant
VFG014950(gb|NP_249457),8739,2838,1,1,8740,2839,0.9998855835240275,0.9996477632969355,3.078758789569252,0.430270676489152,2.3782022709195605e-4,2.3782022709195605e-4,1.0002379040256215,0.8184419003864964,FALSE,Not_significant
VFG014952(gb|WP_003140933),8739,2838,1,1,8740,2839,0.9998855835240275,0.9996477632969355,3.078758789569252,0.430270676489152,2.3782022709195605e-4,2.3782022709195605e-4,1.0002379040256215,0.8184419003864964,FALSE,Not_significant
VFG019916(gb|WP_009315254),8739,2838,1,1,8740,2839,0.9998855835240275,0.9996477632969355,3.078758789569252,0.430270676489152,2.3782022709195605e-4,2.3782022709195605e-4,1.0002379040256215,0.8184419003864964,FALSE,Not_significant
VFG000876(gb|WP_000120946),1,1,8739,2838,8740,2839,1.1441647597254005e-4,3.522367030644593e-4,0.3248062184633807,0.430270676489152,-2.3782022709191927e-4,2.3782022709191927e-4,3.0785487847833743,0.8184419003864964,FALSE,Not_significant
VFG002044(gb|WP_010930609),1,1,8739,2838,8740,2839,1.1441647597254005e-4,3.522367030644593e-4,0.3248062184633807,0.430270676489152,-2.3782022709191927e-4,2.3782022709191927e-4,3.0785487847833743,0.8184419003864964,FALSE,Not_significant
VFG011118(gb|WP_010930609),1,1,8739,2838,8740,2839,1.1441647597254005e-4,3.522367030644593e-4,0.3248062184633807,0.430270676489152,-2.3782022709191927e-4,2.3782022709191927e-4,3.0785487847833743,0.8184419003864964,FALSE,Not_significant
VFG011119(gb|WP_010930609),1,1,8739,2838,8740,2839,1.1441647597254005e-4,3.522367030644593e-4,0.3248062184633807,0.430270676489152,-2.3782022709191927e-4,2.3782022709191927e-4,3.0785487847833743,0.8184419003864964,FALSE,Not_significant
VFG012298(gb|NP_418737),1,1,8739,2838,8740,2839,1.1441647597254005e-4,3.522367030644593e-4,0.3248062184633807,0.430270676489152,-2.3782022709191927e-4,2.3782022709191927e-4,3.0785487847833743,0.8184419003864964,FALSE,Not_significant
VFG012299(gb|WP_000120982),1,1,8739,2838,8740,2839,1.1441647597254005e-4,3.522367030644593e-4,0.3248062184633807,0.430270676489152,-2.3782022709191927e-4,2.3782022709191927e-4,3.0785487847833743,0.8184419003864964,FALSE,Not_significant
VFG012300(gb|NP_313303),1,1,8739,2838,8740,2839,1.1441647597254005e-4,3.522367030644593e-4,0.3248062184633807,0.430270676489152,-2.3782022709191927e-4,2.3782022709191927e-4,3.0785487847833743,0.8184419003864964,FALSE,Not_significant
VFG012302(gb|WP_000120951),1,1,8739,2838,8740,2839,1.1441647597254005e-4,3.522367030644593e-4,0.3248062184633807,0.430270676489152,-2.3782022709191927e-4,2.3782022709191927e-4,3.0785487847833743,0.8184419003864964,FALSE,Not_significant
VFG012303(gb|WP_000120954),1,1,8739,2838,8740,2839,1.1441647597254005e-4,3.522367030644593e-4,0.3248062184633807,0.430270676489152,-2.3782022709191927e-4,2.3782022709191927e-4,3.0785487847833743,0.8184419003864964,FALSE,Not_significant
VFG014526(gb|WP_012076410),1,1,8739,2838,8740,2839,1.1441647597254005e-4,3.522367030644593e-4,0.3248062184633807,0.430270676489152,-2.3782022709191927e-4,2.3782022709191927e-4,3.0785487847833743,0.8184419003864964,FALSE,Not_significant
VFG015557(gb|WP_012074626),1,1,8739,2838,8740,2839,1.1441647597254005e-4,3.522367030644593e-4,0.3248062184633807,0.430270676489152,-2.3782022709191927e-4,2.3782022709191927e-4,3.0785487847833743,0.8184419003864964,FALSE,Not_significant
VFG015822(gb|WP_190273339),1,1,8739,2838,8740,2839,1.1441647597254005e-4,3.522367030644593e-4,0.3248062184633807,0.430270676489152,-2.3782022709191927e-4,2.3782022709191927e-4,3.0785487847833743,0.8184419003864964,FALSE,Not_significant
VFG016152(gb|WP_034000074),1,1,8739,2838,8740,2839,1.1441647597254005e-4,3.522367030644593e-4,0.3248062184633807,0.430270676489152,-2.3782022709191927e-4,2.3782022709191927e-4,3.0785487847833743,0.8184419003864964,FALSE,Not_significant
VFG033271(gb|WP_000120907),1,1,8739,2838,8740,2839,1.1441647597254005e-4,3.522367030644593e-4,0.3248062184633807,0.430270676489152,-2.3782022709191927e-4,2.3782022709191927e-4,3.0785487847833743,0.8184419003864964,FALSE,Not_significant
VFG033272(gb|WP_000120976),1,1,8739,2838,8740,2839,1.1441647597254005e-4,3.522367030644593e-4,0.3248062184633807,0.430270676489152,-2.3782022709191927e-4,2.3782022709191927e-4,3.0785487847833743,0.8184419003864964,FALSE,Not_significant
VFG033273(gb|WP_000120973),1,1,8739,2838,8740,2839,1.1441647597254005e-4,3.522367030644593e-4,0.3248062184633807,0.430270676489152,-2.3782022709191927e-4,2.3782022709191927e-4,3.0785487847833743,0.8184419003864964,FALSE,Not_significant
VFG033277(gb|WP_000120957),1,1,8739,2838,8740,2839,1.1441647597254005e-4,3.522367030644593e-4,0.3248062184633807,0.430270676489152,-2.3782022709191927e-4,2.3782022709191927e-4,3.0785487847833743,0.8184419003864964,FALSE,Not_significant
VFG033278,1,1,8739,2838,8740,2839,1.1441647597254005e-4,3.522367030644593e-4,0.3248062184633807,0.430270676489152,-2.3782022709191927e-4,2.3782022709191927e-4,3.0785487847833743,0.8184419003864964,FALSE,Not_significant
VFG033279(gb|WP_000120930),1,1,8739,2838,8740,2839,1.1441647597254005e-4,3.522367030644593e-4,0.3248062184633807,0.430270676489152,-2.3782022709191927e-4,2.3782022709191927e-4,3.0785487847833743,0.8184419003864964,FALSE,Not_significant
VFG033285(gb|WP_000120940),1,1,8739,2838,8740,2839,1.1441647597254005e-4,3.522367030644593e-4,0.3248062184633807,0.430270676489152,-2.3782022709191927e-4,2.3782022709191927e-4,3.0785487847833743,0.8184419003864964,FALSE,Not_significant
VFG033286,1,1,8739,2838,8740,2839,1.1441647597254005e-4,3.522367030644593e-4,0.3248062184633807,0.430270676489152,-2.3782022709191927e-4,2.3782022709191927e-4,3.0785487847833743,0.8184419003864964,FALSE,Not_significant
VFG033288(gb|WP_000120918),1,1,8739,2838,8740,2839,1.1441647597254005e-4,3.522367030644593e-4,0.3248062184633807,0.430270676489152,-2.3782022709191927e-4,2.3782022709191927e-4,3.0785487847833743,0.8184419003864964,FALSE,Not_significant
VFG033289(gb|WP_000121002),1,1,8739,2838,8740,2839,1.1441647597254005e-4,3.522367030644593e-4,0.3248062184633807,0.430270676489152,-2.3782022709191927e-4,2.3782022709191927e-4,3.0785487847833743,0.8184419003864964,FALSE,Not_significant
VFG033290(gb|WP_000120922),1,1,8739,2838,8740,2839,1.1441647597254005e-4,3.522367030644593e-4,0.3248062184633807,0.430270676489152,-2.3782022709191927e-4,2.3782022709191927e-4,3.0785487847833743,0.8184419003864964,FALSE,Not_significant
VFG033291(gb|WP_000120948),1,1,8739,2838,8740,2839,1.1441647597254005e-4,3.522367030644593e-4,0.3248062184633807,0.430270676489152,-2.3782022709191927e-4,2.3782022709191927e-4,3.0785487847833743,0.8184419003864964,FALSE,Not_significant
VFG033294(gb|WP_000120942),1,1,8739,2838,8740,2839,1.1441647597254005e-4,3.522367030644593e-4,0.3248062184633807,0.430270676489152,-2.3782022709191927e-4,2.3782022709191927e-4,3.0785487847833743,0.8184419003864964,FALSE,Not_significant
VFG033296(gb|WP_000120952),1,1,8739,2838,8740,2839,1.1441647597254005e-4,3.522367030644593e-4,0.3248062184633807,0.430270676489152,-2.3782022709191927e-4,2.3782022709191927e-4,3.0785487847833743,0.8184419003864964,FALSE,Not_significant
VFG037852(gb|WP_001075965),1,1,8739,2838,8740,2839,1.1441647597254005e-4,3.522367030644593e-4,0.3248062184633807,0.430270676489152,-2.3782022709191927e-4,2.3782022709191927e-4,3.0785487847833743,0.8184419003864964,FALSE,Not_significant
VFG037855(gb|WP_001075978),1,1,8739,2838,8740,2839,1.1441647597254005e-4,3.522367030644593e-4,0.3248062184633807,0.430270676489152,-2.3782022709191927e-4,2.3782022709191927e-4,3.0785487847833743,0.8184419003864964,FALSE,Not_significant
VFG037858(gb|WP_001075975),1,1,8739,2838,8740,2839,1.1441647597254005e-4,3.522367030644593e-4,0.3248062184633807,0.430270676489152,-2.3782022709191927e-4,2.3782022709191927e-4,3.0785487847833743,0.8184419003864964,FALSE,Not_significant
VFG046058(gb|WP_000121003),1,1,8739,2838,8740,2839,1.1441647597254005e-4,3.522367030644593e-4,0.3248062184633807,0.430270676489152,-2.3782022709191927e-4,2.3782022709191927e-4,3.0785487847833743,0.8184419003864964,FALSE,Not_significant
VFG048615(gb|YP_005226287),1,1,8739,2838,8740,2839,1.1441647597254005e-4,3.522367030644593e-4,0.3248062184633807,0.430270676489152,-2.3782022709191927e-4,2.3782022709191927e-4,3.0785487847833743,0.8184419003864964,FALSE,Not_significant
VFG048617(gb|WP_004150817),1,1,8739,2838,8740,2839,1.1441647597254005e-4,3.522367030644593e-4,0.3248062184633807,0.430270676489152,-2.3782022709191927e-4,2.3782022709191927e-4,3.0785487847833743,0.8184419003864964,FALSE,Not_significant
VFG048619(gb|WP_041937604),1,1,8739,2838,8740,2839,1.1441647597254005e-4,3.522367030644593e-4,0.3248062184633807,0.430270676489152,-2.3782022709191927e-4,2.3782022709191927e-4,3.0785487847833743,0.8184419003864964,FALSE,Not_significant
VFG048620(gb|WP_014907843),1,1,8739,2838,8740,2839,1.1441647597254005e-4,3.522367030644593e-4,0.3248062184633807,0.430270676489152,-2.3782022709191927e-4,2.3782022709191927e-4,3.0785487847833743,0.8184419003864964,FALSE,Not_significant
VFG051831(gb|WP_012076472.1),1,1,8739,2838,8740,2839,1.1441647597254005e-4,3.522367030644593e-4,0.3248062184633807,0.430270676489152,-2.3782022709191927e-4,2.3782022709191927e-4,3.0785487847833743,0.8184419003864964,FALSE,Not_significant
VFG044083(gb|NP_250948),7911,2556,829,283,8740,2839,0.9051487414187643,0.900317013032758,1.0565791444434822,0.4416604216306226,0.004831728386006318,0.004831728386006318,1.0053666967479937,0.8394109421877781,FALSE,Not_significant
VFG001266(gb|NP_252912),8722,2836,18,3,8740,2839,0.9979405034324943,0.9989432898908066,0.5126277345416286,0.4447102447598508,-0.0010027864583123103,0.0010027864583123103,1.0010048559557039,0.8431118194042131,FALSE,Not_significant
VFG016107(gb|WP_003137474),8722,2836,18,3,8740,2839,0.9979405034324943,0.9989432898908066,0.5126277345416286,0.4447102447598508,-0.0010027864583123103,0.0010027864583123103,1.0010048559557039,0.8431118194042131,FALSE,Not_significant
VFG020086(gb|WP_012613545),8722,2836,18,3,8740,2839,0.9979405034324943,0.9989432898908066,0.5126277345416286,0.4447102447598508,-0.0010027864583123103,0.0010027864583123103,1.0010048559557039,0.8431118194042131,FALSE,Not_significant
VFG013884(gb|WP_012077720),9,1,8731,2838,8740,2839,0.0010297482837528604,3.522367030644593e-4,2.92534945095665,0.46783353377001147,6.775115806884011e-4,6.775115806884011e-4,2.9234553775743706,0.8862181060845634,FALSE,Not_significant
VFG002077(gb|NP_248781),8692,2820,48,19,8740,2839,0.994508009153318,0.9933075026417753,1.2200674117740038,0.4767360000040919,0.0012005065115427982,0.0012005065115427982,1.0012085950305922,0.900850398689775,FALSE,Not_significant
VFG015501(gb|WP_011666527),8692,2820,48,19,8740,2839,0.994508009153318,0.9933075026417753,1.2200674117740038,0.4767360000040919,0.0012005065115427982,0.0012005065115427982,1.0012085950305922,0.900850398689775,FALSE,Not_significant
VFG020020(gb|WP_003142374),8692,2820,48,19,8740,2839,0.994508009153318,0.9933075026417753,1.2200674117740038,0.4767360000040919,0.0012005065115427982,0.0012005065115427982,1.0012085950305922,0.900850398689775,FALSE,Not_significant
VFG015500(gb|WP_079262221),8689,2819,51,20,8740,2839,0.9941647597254004,0.9929552659387109,1.2087540949795166,0.48920489817071994,0.0012094937866895528,0.0012094937866895528,1.0012180747997204,0.923651058768421,FALSE,Not_significant
VFG020036(gb|WP_003093617),8682,2824,58,15,8740,2839,0.9933638443935927,0.9947164494540331,0.7951139491376075,0.4961881607591816,-0.0013526050604404372,0.0013526050604404372,1.0013616411228115,0.936065494063785,FALSE,Not_significant
VFG014578(gb|WP_003155636),4799,1538,3941,1301,8740,2839,0.5490846681922197,0.5417400493131385,1.030076537044692,0.5011772057774189,0.007344618879081222,0.007344618879081222,1.0135574596864185,0.9447005012764166,FALSE,Not_significant
VFG014734(gb|WP_012074781),8,4,8732,2835,8740,2839,9.153318077803204e-4,0.0014089468122578373,0.6493628571074944,0.5037096818453733,-4.936150044775169e-4,4.936150044775169e-4,1.5392743923916872,0.9486945896168197,FALSE,Not_significant
VFG016048(gb|WP_003089638),8673,2821,67,18,8740,2839,0.9923340961098398,0.9936597393448398,0.8259859510718662,0.5285111932462717,-0.0013256432349999514,0.0013256432349999514,1.001335883993301,0.9945895630081603,FALSE,Not_significant
VFG015528(gb|WP_012076100),7076,2313,1664,526,8740,2839,0.8096109839816934,0.8147234941880944,0.967041897417438,0.5624758376288392,-0.005112510206401022,0.005112510206401022,1.0063147737710494,1,FALSE,Not_significant
VFG015525(gb|WP_003154207),7262,2349,1478,490,8740,2839,0.8308924485125858,0.8274040154984149,1.024930131685847,0.6662816485673342,0.0034884330141708997,0.0034884330141708997,1.0042161180618268,1,FALSE,Not_significant
VFG042753(gb|NP_252996),7855,2545,885,294,8740,2839,0.898741418764302,0.896442409299049,1.0253258760139834,0.7210654614705716,0.002299009465253077,0.002299009465253077,1.002564592484029,1,FALSE,Not_significant
VFG044080(gb|NP_250945),7846,2545,894,294,8740,2839,0.8977116704805492,0.896442409299049,1.0138412064045628,0.858740207864436,0.0012692611815002808,0.0012692611815002808,1.001415887031151,1,FALSE,Not_significant
VFG025902(gb|WP_011546713),7937,2581,803,258,8740,2839,0.9081235697940503,0.9091229306093696,0.9880331002323293,0.9105746534624555,-9.993608153192612e-4,9.993608153192612e-4,1.001100467875254,1,FALSE,Not_significant
VFG001267(gb|NP_252913),8713,2833,27,6,8740,2839,0.9969107551487414,0.9978865797816132,0.6834871639497229,0.5431153606575874,-9.758246328718245e-4,9.758246328718245e-4,1.0009788485356708,1,FALSE,Not_significant
VFG016111(gb|WP_003137473),8713,2833,27,6,8740,2839,0.9969107551487414,0.9978865797816132,0.6834871639497229,0.5431153606575874,-9.758246328718245e-4,9.758246328718245e-4,1.0009788485356708,1,FALSE,Not_significant
VFG020087(gb|WP_012613544),8713,2833,27,6,8740,2839,0.9969107551487414,0.9978865797816132,0.6834871639497229,0.5431153606575874,-9.758246328718245e-4,9.758246328718245e-4,1.0009788485356708,1,FALSE,Not_significant
VFG016046(gb|NP_251103),8673,2820,67,19,8740,2839,0.9923340961098398,0.9933075026417753,0.8721772779470259,0.7059532571905447,-9.734065319354501e-4,9.734065319354501e-4,1.0009809262180462,1,FALSE,Not_significant
VFG020072(gb|WP_012614127),8673,2820,67,19,8740,2839,0.9923340961098398,0.9933075026417753,0.8721772779470259,0.7059532571905447,-9.734065319354501e-4,9.734065319354501e-4,1.0009809262180462,1,FALSE,Not_significant
VFG015926(gb|NP_250885),8554,2776,186,63,8740,2839,0.9787185354691076,0.9778090877069391,1.043703389201211,0.7660404416883572,9.094477621685026e-4,9.094477621685026e-4,1.0009300872466846,1,FALSE,Not_significant
VFG015928(gb|WP_011666673),8554,2776,186,63,8740,2839,0.9787185354691076,0.9778090877069391,1.043703389201211,0.7660404416883572,9.094477621685026e-4,9.094477621685026e-4,1.0009300872466846,1,FALSE,Not_significant
VFG015437(gb|WP_011979133),16,3,8724,2836,8740,2839,0.0018306636155606408,0.0010567101091933778,1.7336220115081244,0.592862976011024,7.73953506367263e-4,7.73953506367263e-4,1.7324180015255533,1,FALSE,Not_significant
VFG000164(gb|NP_252911),8724,2836,16,3,8740,2839,0.9981693363844394,0.9989432898908066,0.5768270092094453,0.5928629760110241,-7.739535063672198e-4,7.739535063672198e-4,1.0007753729534214,1,FALSE,Not_significant
VFG016153(gb|WP_003111969),8724,2836,16,3,8740,2839,0.9981693363844394,0.9989432898908066,0.5768270092094453,0.5928629760110241,-7.739535063672198e-4,7.739535063672198e-4,1.0007753729534214,1,FALSE,Not_significant
VFG020096(gb|WP_003118950),8724,2836,16,3,8740,2839,0.9981693363844394,0.9989432898908066,0.5768270092094453,0.5928629760110241,-7.739535063672198e-4,7.739535063672198e-4,1.0007753729534214,1,FALSE,Not_significant
VFG025905(gb|WP_012327701),7939,2581,801,258,8740,2839,0.9083524027459954,0.9091229306093696,0.9907508288990349,0.9402628020238255,-7.705278633741708e-4,7.705278633741708e-4,1.0008482697475614,1,FALSE,Not_significant
VFG015537(gb|WP_012074247),8645,2806,95,33,8740,2839,0.9891304347826086,0.9883761887988728,1.0702077329050101,0.7566594470498296,7.542459837358573e-4,7.542459837358573e-4,1.000763116303573,1,FALSE,Not_significant
VFG040877(gb|NP_249376),8694,2822,46,17,8740,2839,0.9947368421052631,0.9940119760479041,1.1385191193889357,0.659921807365329,7.248660573589971e-4,7.248660573589971e-4,1.0007292327203552,1,FALSE,Not_significant
VFG051657(gb|WP_012075684.1),108,37,8632,2802,8740,2839,0.012356979405034324,0.013032758013384995,0.9474989667214971,0.7710955999933549,-6.757786083506703e-4,6.757786083506703e-4,1.0546880096017117,1,FALSE,Not_significant
VFG015920(gb|NP_250884),8555,2777,185,62,8740,2839,0.9788329519450801,0.9781613244100035,1.0324372587336552,0.8227299106465196,6.716275350766576e-4,6.716275350766576e-4,1.0006866224602387,1,FALSE,Not_significant
VFG015922(gb|WP_009315733),8555,2777,185,62,8740,2839,0.9788329519450801,0.9781613244100035,1.0324372587336552,0.8227299106465196,6.716275350766576e-4,6.716275350766576e-4,1.0006866224602387,1,FALSE,Not_significant
VFG020049(gb|WP_003113685),8555,2777,185,62,8740,2839,0.9788329519450801,0.9781613244100035,1.0324372587336552,0.8227299106465196,6.716275350766576e-4,6.716275350766576e-4,1.0006866224602387,1,FALSE,Not_significant
VFG002074(gb|NP_248778),8728,2837,12,2,8740,2839,0.9986270022883296,0.9992955265938711,0.5127992814521448,0.5394442115973812,-6.685243055415402e-4,6.685243055415402e-4,1.0006694434498662,1,FALSE,Not_significant
VFG002076(gb|NP_248780),8728,2837,12,2,8740,2839,0.9986270022883296,0.9992955265938711,0.5127992814521448,0.5394442115973812,-6.685243055415402e-4,6.685243055415402e-4,1.0006694434498662,1,FALSE,Not_significant
VFG015473(gb|WP_011979136),8728,2837,12,2,8740,2839,0.9986270022883296,0.9992955265938711,0.5127992814521448,0.5394442115973812,-6.685243055415402e-4,6.685243055415402e-4,1.0006694434498662,1,FALSE,Not_significant
VFG015474(gb|WP_003083676),8728,2837,12,2,8740,2839,0.9986270022883296,0.9992955265938711,0.5127992814521448,0.5394442115973812,-6.685243055415402e-4,6.685243055415402e-4,1.0006694434498662,1,FALSE,Not_significant
VFG015491(gb|WP_011979138),8728,2837,12,2,8740,2839,0.9986270022883296,0.9992955265938711,0.5127992814521448,0.5394442115973812,-6.685243055415402e-4,6.685243055415402e-4,1.0006694434498662,1,FALSE,Not_significant
VFG015492(gb|WP_003136970),8728,2837,12,2,8740,2839,0.9986270022883296,0.9992955265938711,0.5127992814521448,0.5394442115973812,-6.685243055415402e-4,6.685243055415402e-4,1.0006694434498662,1,FALSE,Not_significant
VFG020014(gb|WP_003083676),8728,2837,12,2,8740,2839,0.9986270022883296,0.9992955265938711,0.5127992814521448,0.5394442115973812,-6.685243055415402e-4,6.685243055415402e-4,1.0006694434498662,1,FALSE,Not_significant
VFG020018(gb|WP_012613439),8728,2837,12,2,8740,2839,0.9986270022883296,0.9992955265938711,0.5127992814521448,0.5394442115973812,-6.685243055415402e-4,6.685243055415402e-4,1.0006694434498662,1,FALSE,Not_significant
VFG015549(gb|WP_012074243),8716,2833,24,6,8740,2839,0.997254004576659,0.9978865797816132,0.7691724184786728,0.6745405044369898,-6.325752049541888e-4,6.325752049541888e-4,1.0006343170366336,1,FALSE,Not_significant
VFG019773(gb|WP_003084598),8716,2833,24,6,8740,2839,0.997254004576659,0.9978865797816132,0.7691724184786728,0.6745405044369898,-6.325752049541888e-4,6.325752049541888e-4,1.0006343170366336,1,FALSE,Not_significant
VFG040879(gb|NP_249378),8690,2821,50,18,8740,2839,0.994279176201373,0.9936597393448398,1.1089732148688005,0.6735942500808884,6.194368565332065e-4,6.194368565332065e-4,1.0006233893072307,1,FALSE,Not_significant
VFG016598(gb|WP_011113852),8,1,8732,2838,8740,2839,9.153318077803204e-4,3.522367030644593e-4,2.600042701341376,0.6977769008226951,5.630951047158611e-4,5.630951047158611e-4,2.5986270022883295,1,FALSE,Not_significant
VFG000144(gb|NP_249940),8729,2837,11,2,8740,2839,0.9987414187643021,0.9992955265938711,0.5594734988970116,0.7467884552029265,-5.54107829568995e-4,5.54107829568995e-4,1.0005548060981135,1,FALSE,Not_significant
VFG015561(gb|WP_003086731),8729,2837,11,2,8740,2839,0.9987414187643021,0.9992955265938711,0.5594734988970116,0.7467884552029265,-5.54107829568995e-4,5.54107829568995e-4,1.0005548060981135,1,FALSE,Not_significant
VFG020041(gb|WP_003159842),8729,2837,11,2,8740,2839,0.9987414187643021,0.9992955265938711,0.5594734988970116,0.7467884552029265,-5.54107829568995e-4,5.54107829568995e-4,1.0005548060981135,1,FALSE,Not_significant
VFG044097(gb|NP_252909),8720,2834,20,5,8740,2839,0.9977116704805492,0.9982388164846777,0.7692538283430415,0.8160868897204953,-5.271460041285092e-4,5.271460041285092e-4,1.0005283550545967,1,FALSE,Not_significant
VFG001248(gb|NP_249788),8736,2839,4,0,8740,2839,0.9995423340961098,1,0,0.5781564184058408,-4.576659038901809e-4,4.576659038901809e-4,1.0004578754578755,1,FALSE,Not_significant
VFG014358(gb|WP_003086448),8736,2839,4,0,8740,2839,0.9995423340961098,1,0,0.5781564184058408,-4.576659038901809e-4,4.576659038901809e-4,1.0004578754578755,1,FALSE,Not_significant
VFG019823(gb|WP_003086448),8736,2839,4,0,8740,2839,0.9995423340961098,1,0,0.5781564184058408,-4.576659038901809e-4,4.576659038901809e-4,1.0004578754578755,1,FALSE,Not_significant
VFG009489(gb|WP_011724535),4,0,8736,2839,8740,2839,4.576659038901602e-4,0,Inf,0.5781564184058408,4.576659038901602e-4,4.576659038901602e-4,Inf,1,FALSE,Not_significant
VFG016103(gb|WP_011333998),4,0,8736,2839,8740,2839,4.576659038901602e-4,0,Inf,0.5781564184058408,4.576659038901602e-4,4.576659038901602e-4,Inf,1,FALSE,Not_significant
VFG024002(gb|WP_008255566),4,0,8736,2839,8740,2839,4.576659038901602e-4,0,Inf,0.5781564184058408,4.576659038901602e-4,4.576659038901602e-4,Inf,1,FALSE,Not_significant
VFG024003(gb|WP_008255566),4,0,8736,2839,8740,2839,4.576659038901602e-4,0,Inf,0.5781564184058408,4.576659038901602e-4,4.576659038901602e-4,Inf,1,FALSE,Not_significant
VFG024004(gb|WP_014382296),4,0,8736,2839,8740,2839,4.576659038901602e-4,0,Inf,0.5781564184058408,4.576659038901602e-4,4.576659038901602e-4,Inf,1,FALSE,Not_significant
VFG001262(gb|NP_250140),8733,2838,7,1,8740,2839,0.9991990846681922,0.9996477632969355,0.4396479763550215,0.6885840220331251,-4.486786287433153e-4,4.486786287433153e-4,1.0004490382703786,1,FALSE,Not_significant
VFG014579(gb|WP_003083056),8733,2838,7,1,8740,2839,0.9991990846681922,0.9996477632969355,0.4396479763550215,0.6885840220331251,-4.486786287433153e-4,4.486786287433153e-4,1.0004490382703786,1,FALSE,Not_significant
VFG029687,1400,456,7340,2383,8740,2839,0.16018306636155608,0.16061993659739346,0.9967615824979379,0.9530592292467026,-4.3687023583738327e-4,4.3687023583738327e-4,1.0027273184722991,1,FALSE,Not_significant
VFG000173(gb|NP_252907),8718,2833,22,6,8740,2839,0.9974828375286041,0.9978865797816132,0.839279376299107,0.8282069732797763,-4.037422530090984e-4,4.037422530090984e-4,1.000404761102466,1,FALSE,Not_significant
VFG015550(gb|WP_003093633),8718,2833,22,6,8740,2839,0.9974828375286041,0.9978865797816132,0.839279376299107,0.8282069732797763,-4.037422530090984e-4,4.037422530090984e-4,1.000404761102466,1,FALSE,Not_significant
VFG020037(gb|WP_003093633),8718,2833,22,6,8740,2839,0.9974828375286041,0.9978865797816132,0.839279376299107,0.8282069732797763,-4.037422530090984e-4,4.037422530090984e-4,1.000404761102466,1,FALSE,Not_significant
VFG000155(gb|NP_252168),8685,2820,55,19,8740,2839,0.9937070938215103,0.9933075026417753,1.063927128907109,0.7874126996263457,3.995911797350926e-4,3.995911797350926e-4,1.0004022834607333,1,FALSE,Not_significant
VFG015044(gb|WP_003092007),8685,2820,55,19,8740,2839,0.9937070938215103,0.9933075026417753,1.063927128907109,0.7874126996263457,3.995911797350926e-4,3.995911797350926e-4,1.0004022834607333,1,FALSE,Not_significant
VFG019932(gb|WP_012613761),8685,2820,55,19,8740,2839,0.9937070938215103,0.9933075026417753,1.063927128907109,0.7874126996263457,3.995911797350926e-4,3.995911797350926e-4,1.0004022834607333,1,FALSE,Not_significant
VFG014357(gb|WP_003152329),9,4,8731,2835,8740,2839,0.0010297482837528604,0.0014089468122578373,0.7306079577169983,0.5342845183222472,-3.7919852850497684e-4,3.7919852850497684e-4,1.3682439043481665,1,FALSE,Not_significant
VFG001232(gb|NP_249105),8709,2830,31,9,8740,2839,0.9964530892448512,0.9968298696724198,0.8934437523500218,0.8557438595984729,-3.7678042756861263e-4,3.7678042756861263e-4,1.000378121591107,1,FALSE,Not_significant
VFG016146(gb|WP_003129314),8737,2837,3,2,8740,2839,0.9996567505720824,0.9992955265938711,2.0530324201664003,0.6019819252280595,3.6122397821125585e-4,3.6122397821125585e-4,1.0003614786302932,1,FALSE,Not_significant
VFG020095(gb|WP_012613541),8737,2837,3,2,8740,2839,0.9996567505720824,0.9992955265938711,2.0530324201664003,0.6019819252280595,3.6122397821125585e-4,3.6122397821125585e-4,1.0003614786302932,1,FALSE,Not_significant
VFG001214(gb|NP_253237),8737,2839,3,0,8740,2839,0.9996567505720824,1,0,1,-3.432494279176357e-4,3.432494279176357e-4,1.000343367288543,1,FALSE,Not_significant
VFG001242(gb|NP_249775),8737,2839,3,0,8740,2839,0.9996567505720824,1,0,1,-3.432494279176357e-4,3.432494279176357e-4,1.000343367288543,1,FALSE,Not_significant
VFG013986(gb|WP_003094694),8737,2839,3,0,8740,2839,0.9996567505720824,1,0,1,-3.432494279176357e-4,3.432494279176357e-4,1.000343367288543,1,FALSE,Not_significant
VFG014241(gb|WP_003082169),8737,2839,3,0,8740,2839,0.9996567505720824,1,0,1,-3.432494279176357e-4,3.432494279176357e-4,1.000343367288543,1,FALSE,Not_significant
VFG019759(gb|WP_003110427),8737,2839,3,0,8740,2839,0.9996567505720824,1,0,1,-3.432494279176357e-4,3.432494279176357e-4,1.000343367288543,1,FALSE,Not_significant
VFG019805(gb|WP_003082169),8737,2839,3,0,8740,2839,0.9996567505720824,1,0,1,-3.432494279176357e-4,3.432494279176357e-4,1.000343367288543,1,FALSE,Not_significant
VFG001308(gb|WP_001291010),3,0,8737,2839,8740,2839,3.4324942791762013e-4,0,Inf,1,3.4324942791762013e-4,3.4324942791762013e-4,Inf,1,FALSE,Not_significant
VFG005085(gb|WP_001291022),3,0,8737,2839,8740,2839,3.4324942791762013e-4,0,Inf,1,3.4324942791762013e-4,3.4324942791762013e-4,Inf,1,FALSE,Not_significant
VFG005090(gb|WP_001291020),3,0,8737,2839,8740,2839,3.4324942791762013e-4,0,Inf,1,3.4324942791762013e-4,3.4324942791762013e-4,Inf,1,FALSE,Not_significant
VFG005091(gb|WP_001291014),3,0,8737,2839,8740,2839,3.4324942791762013e-4,0,Inf,1,3.4324942791762013e-4,3.4324942791762013e-4,Inf,1,FALSE,Not_significant
VFG005095(gb|WP_001291016),3,0,8737,2839,8740,2839,3.4324942791762013e-4,0,Inf,1,3.4324942791762013e-4,3.4324942791762013e-4,Inf,1,FALSE,Not_significant
VFG014946(gb|WP_003150212),3,0,8737,2839,8740,2839,3.4324942791762013e-4,0,Inf,1,3.4324942791762013e-4,3.4324942791762013e-4,Inf,1,FALSE,Not_significant
VFG015027(gb|WP_003154610),3,0,8737,2839,8740,2839,3.4324942791762013e-4,0,Inf,1,3.4324942791762013e-4,3.4324942791762013e-4,Inf,1,FALSE,Not_significant
VFG015819(gb|WP_012315373),3,0,8737,2839,8740,2839,3.4324942791762013e-4,0,Inf,1,3.4324942791762013e-4,3.4324942791762013e-4,Inf,1,FALSE,Not_significant
VFG026573(gb|WP_020822197),3,0,8737,2839,8740,2839,3.4324942791762013e-4,0,Inf,1,3.4324942791762013e-4,3.4324942791762013e-4,Inf,1,FALSE,Not_significant
VFG029266(gb|YP_007962812),3,0,8737,2839,8740,2839,3.4324942791762013e-4,0,Inf,1,3.4324942791762013e-4,3.4324942791762013e-4,Inf,1,FALSE,Not_significant
VFG036181(gb|WP_015815989),3,0,8737,2839,8740,2839,3.4324942791762013e-4,0,Inf,1,3.4324942791762013e-4,3.4324942791762013e-4,Inf,1,FALSE,Not_significant
VFG037636(gb|WP_001187640),3,0,8737,2839,8740,2839,3.4324942791762013e-4,0,Inf,1,3.4324942791762013e-4,3.4324942791762013e-4,Inf,1,FALSE,Not_significant
VFG037639(gb|YP_001085711),3,0,8737,2839,8740,2839,3.4324942791762013e-4,0,Inf,1,3.4324942791762013e-4,3.4324942791762013e-4,Inf,1,FALSE,Not_significant
VFG037642(gb|WP_020753413),3,0,8737,2839,8740,2839,3.4324942791762013e-4,0,Inf,1,3.4324942791762013e-4,3.4324942791762013e-4,Inf,1,FALSE,Not_significant
VFG037643(gb|WP_158318336),3,0,8737,2839,8740,2839,3.4324942791762013e-4,0,Inf,1,3.4324942791762013e-4,3.4324942791762013e-4,Inf,1,FALSE,Not_significant
VFG044310(gb|WP_006486076),3,0,8737,2839,8740,2839,3.4324942791762013e-4,0,Inf,1,3.4324942791762013e-4,3.4324942791762013e-4,Inf,1,FALSE,Not_significant
VFG050564(gb|WP_000768968.1),3,0,8737,2839,8740,2839,3.4324942791762013e-4,0,Inf,1,3.4324942791762013e-4,3.4324942791762013e-4,Inf,1,FALSE,Not_significant
VFG050567(gb|WP_000768964.1),3,0,8737,2839,8740,2839,3.4324942791762013e-4,0,Inf,1,3.4324942791762013e-4,3.4324942791762013e-4,Inf,1,FALSE,Not_significant
VFG050568(gb|YP_001086166.1),3,0,8737,2839,8740,2839,3.4324942791762013e-4,0,Inf,1,3.4324942791762013e-4,3.4324942791762013e-4,Inf,1,FALSE,Not_significant
VFG050570(gb|WP_000768970.1),3,0,8737,2839,8740,2839,3.4324942791762013e-4,0,Inf,1,3.4324942791762013e-4,3.4324942791762013e-4,Inf,1,FALSE,Not_significant
VFG050571(gb|WP_020753491.1),3,0,8737,2839,8740,2839,3.4324942791762013e-4,0,Inf,1,3.4324942791762013e-4,3.4324942791762013e-4,Inf,1,FALSE,Not_significant
VFG050572(gb|WP_020752638.1),3,0,8737,2839,8740,2839,3.4324942791762013e-4,0,Inf,1,3.4324942791762013e-4,3.4324942791762013e-4,Inf,1,FALSE,Not_significant
VFG050576(gb|YP_005800453.1),3,0,8737,2839,8740,2839,3.4324942791762013e-4,0,Inf,1,3.4324942791762013e-4,3.4324942791762013e-4,Inf,1,FALSE,Not_significant
VFG016110(gb|WP_012074239),6,1,8734,2838,8740,2839,6.864988558352403e-4,3.522367030644593e-4,1.9494290441729156,1,3.3426215277078094e-4,3.3426215277078094e-4,1.948970251716247,1,FALSE,Not_significant
VFG002075(gb|NP_248779),8728,2836,12,3,8740,2839,0.9986270022883296,0.9989432898908066,0.7694164764883664,1,-3.162876024770389e-4,3.162876024770389e-4,1.0003167224616922,1,FALSE,Not_significant
VFG020016(gb|WP_003104969),8728,2836,12,3,8740,2839,0.9986270022883296,0.9989432898908066,0.7694164764883664,1,-3.162876024770389e-4,3.162876024770389e-4,1.0003167224616922,1,FALSE,Not_significant
VFG015782(gb|WP_012270935),22,8,8718,2831,8740,2839,0.002517162471395881,0.0028178936245156746,0.8930039467305797,0.8317108017604791,-3.007311531197936e-4,3.007311531197936e-4,1.1194722853757726,1,FALSE,Not_significant
VFG044096(gb|NP_252908),8719,2833,21,6,8740,2839,0.9975972540045767,0.9978865797816132,0.8793410477603933,1,-2.8932577703655316e-4,2.8932577703655316e-4,1.000290022627744,1,FALSE,Not_significant
VFG040878(gb|NP_249377),8690,2822,50,17,8740,2839,0.994279176201373,0.9940119760479041,1.04698752326235,0.8868453716051119,2.672001534688162e-4,2.672001534688162e-4,1.0002688097929475,1,FALSE,Not_significant
VFG014188(gb|WP_012076727),4,2,8736,2837,8740,2839,4.576659038901602e-4,7.044734061289186e-4,0.6495234103418204,0.639493426520718,-2.4680750223875843e-4,2.4680750223875843e-4,1.5392743923916872,1,FALSE,Not_significant
VFG044250(gb|WP_005311724),4,2,8736,2837,8740,2839,4.576659038901602e-4,7.044734061289186e-4,0.6495234103418204,0.639493426520718,-2.4680750223875843e-4,2.4680750223875843e-4,1.5392743923916872,1,FALSE,Not_significant
VFG001213(gb|NP_253236),8738,2839,2,0,8740,2839,0.9997711670480549,1,0,1,-2.2883295194509046e-4,2.2883295194509046e-4,1.0002288853284504,1,FALSE,Not_significant
VFG001243(gb|NP_249776),8738,2839,2,0,8740,2839,0.9997711670480549,1,0,1,-2.2883295194509046e-4,2.2883295194509046e-4,1.0002288853284504,1,FALSE,Not_significant
VFG013996(gb|WP_003094692),8738,2839,2,0,8740,2839,0.9997711670480549,1,0,1,-2.2883295194509046e-4,2.2883295194509046e-4,1.0002288853284504,1,FALSE,Not_significant
VFG014254(gb|WP_003116316),8738,2839,2,0,8740,2839,0.9997711670480549,1,0,1,-2.2883295194509046e-4,2.2883295194509046e-4,1.0002288853284504,1,FALSE,Not_significant
VFG014409(gb|WP_012076711),8738,2839,2,0,8740,2839,0.9997711670480549,1,0,1,-2.2883295194509046e-4,2.2883295194509046e-4,1.0002288853284504,1,FALSE,Not_significant
VFG019761(gb|WP_012614544),8738,2839,2,0,8740,2839,0.9997711670480549,1,0,1,-2.2883295194509046e-4,2.2883295194509046e-4,1.0002288853284504,1,FALSE,Not_significant
VFG019807(gb|WP_003116316),8738,2839,2,0,8740,2839,0.9997711670480549,1,0,1,-2.2883295194509046e-4,2.2883295194509046e-4,1.0002288853284504,1,FALSE,Not_significant
VFG000358(gb|WP_002212885),2,0,8738,2839,8740,2839,2.288329519450801e-4,0,Inf,1,2.288329519450801e-4,2.288329519450801e-4,Inf,1,FALSE,Not_significant
VFG000931(gb|WP_001336900),2,0,8738,2839,8740,2839,2.288329519450801e-4,0,Inf,1,2.288329519450801e-4,2.288329519450801e-4,Inf,1,FALSE,Not_significant
VFG001282(gb|WP_000841389),2,0,8738,2839,8740,2839,2.288329519450801e-4,0,Inf,1,2.288329519450801e-4,2.288329519450801e-4,Inf,1,FALSE,Not_significant
VFG001283(gb|WP_000794648),2,0,8738,2839,8740,2839,2.288329519450801e-4,0,Inf,1,2.288329519450801e-4,2.288329519450801e-4,Inf,1,FALSE,Not_significant
VFG001291(gb|WP_001039417),2,0,8738,2839,8740,2839,2.288329519450801e-4,0,Inf,1,2.288329519450801e-4,2.288329519450801e-4,Inf,1,FALSE,Not_significant
VFG003114(gb|WP_000784549),2,0,8738,2839,8740,2839,2.288329519450801e-4,0,Inf,1,2.288329519450801e-4,2.288329519450801e-4,Inf,1,FALSE,Not_significant
VFG003499(gb|WP_011816644),2,0,8738,2839,8740,2839,2.288329519450801e-4,0,Inf,1,2.288329519450801e-4,2.288329519450801e-4,Inf,1,FALSE,Not_significant
VFG004610(gb|WP_001039419),2,0,8738,2839,8740,2839,2.288329519450801e-4,0,Inf,1,2.288329519450801e-4,2.288329519450801e-4,Inf,1,FALSE,Not_significant
VFG004611(gb|WP_001039406),2,0,8738,2839,8740,2839,2.288329519450801e-4,0,Inf,1,2.288329519450801e-4,2.288329519450801e-4,Inf,1,FALSE,Not_significant
VFG004613(gb|WP_000841422),2,0,8738,2839,8740,2839,2.288329519450801e-4,0,Inf,1,2.288329519450801e-4,2.288329519450801e-4,Inf,1,FALSE,Not_significant
VFG004614(gb|YP_501261),2,0,8738,2839,8740,2839,2.288329519450801e-4,0,Inf,1,2.288329519450801e-4,2.288329519450801e-4,Inf,1,FALSE,Not_significant
VFG004616(gb|WP_000841390),2,0,8738,2839,8740,2839,2.288329519450801e-4,0,Inf,1,2.288329519450801e-4,2.288329519450801e-4,Inf,1,FALSE,Not_significant
VFG004732(gb|WP_001548082),2,0,8738,2839,8740,2839,2.288329519450801e-4,0,Inf,1,2.288329519450801e-4,2.288329519450801e-4,Inf,1,FALSE,Not_significant
VFG004733(gb|WP_011382230),2,0,8738,2839,8740,2839,2.288329519450801e-4,0,Inf,1,2.288329519450801e-4,2.288329519450801e-4,Inf,1,FALSE,Not_significant
VFG004736(gb|WP_001793574),2,0,8738,2839,8740,2839,2.288329519450801e-4,0,Inf,1,2.288329519450801e-4,2.288329519450801e-4,Inf,1,FALSE,Not_significant
VFG004737(gb|WP_001643461),2,0,8738,2839,8740,2839,2.288329519450801e-4,0,Inf,1,2.288329519450801e-4,2.288329519450801e-4,Inf,1,FALSE,Not_significant
VFG004738(gb|WP_000141557),2,0,8738,2839,8740,2839,2.288329519450801e-4,0,Inf,1,2.288329519450801e-4,2.288329519450801e-4,Inf,1,FALSE,Not_significant
VFG005074(gb|WP_001085819),2,0,8738,2839,8740,2839,2.288329519450801e-4,0,Inf,1,2.288329519450801e-4,2.288329519450801e-4,Inf,1,FALSE,Not_significant
VFG005079(gb|WP_000239647),2,0,8738,2839,8740,2839,2.288329519450801e-4,0,Inf,1,2.288329519450801e-4,2.288329519450801e-4,Inf,1,FALSE,Not_significant
VFG007775(gb|WP_011894256),2,0,8738,2839,8740,2839,2.288329519450801e-4,0,Inf,1,2.288329519450801e-4,2.288329519450801e-4,Inf,1,FALSE,Not_significant
VFG012567(gb|WP_000784549),2,0,8738,2839,8740,2839,2.288329519450801e-4,0,Inf,1,2.288329519450801e-4,2.288329519450801e-4,Inf,1,FALSE,Not_significant
VFG012569(gb|WP_000784554),2,0,8738,2839,8740,2839,2.288329519450801e-4,0,Inf,1,2.288329519450801e-4,2.288329519450801e-4,Inf,1,FALSE,Not_significant
VFG012570(gb|WP_000784540),2,0,8738,2839,8740,2839,2.288329519450801e-4,0,Inf,1,2.288329519450801e-4,2.288329519450801e-4,Inf,1,FALSE,Not_significant
VFG012991(gb|WP_000381303),2,0,8738,2839,8740,2839,2.288329519450801e-4,0,Inf,1,2.288329519450801e-4,2.288329519450801e-4,Inf,1,FALSE,Not_significant
VFG012992,2,0,8738,2839,8740,2839,2.288329519450801e-4,0,Inf,1,2.288329519450801e-4,2.288329519450801e-4,Inf,1,FALSE,Not_significant
VFG012993,2,0,8738,2839,8740,2839,2.288329519450801e-4,0,Inf,1,2.288329519450801e-4,2.288329519450801e-4,Inf,1,FALSE,Not_significant
VFG012994,2,0,8738,2839,8740,2839,2.288329519450801e-4,0,Inf,1,2.288329519450801e-4,2.288329519450801e-4,Inf,1,FALSE,Not_significant
VFG012995(gb|WP_004980869),2,0,8738,2839,8740,2839,2.288329519450801e-4,0,Inf,1,2.288329519450801e-4,2.288329519450801e-4,Inf,1,FALSE,Not_significant
VFG012996(gb|WP_005141144),2,0,8738,2839,8740,2839,2.288329519450801e-4,0,Inf,1,2.288329519450801e-4,2.288329519450801e-4,Inf,1,FALSE,Not_significant
VFG013907(gb|WP_004373763),2,0,8738,2839,8740,2839,2.288329519450801e-4,0,Inf,1,2.288329519450801e-4,2.288329519450801e-4,Inf,1,FALSE,Not_significant
VFG013992(gb|WP_011921055),2,0,8738,2839,8740,2839,2.288329519450801e-4,0,Inf,1,2.288329519450801e-4,2.288329519450801e-4,Inf,1,FALSE,Not_significant
VFG014069(gb|WP_011063997),2,0,8738,2839,8740,2839,2.288329519450801e-4,0,Inf,1,2.288329519450801e-4,2.288329519450801e-4,Inf,1,FALSE,Not_significant
VFG014548(gb|WP_011333059),2,0,8738,2839,8740,2839,2.288329519450801e-4,0,Inf,1,2.288329519450801e-4,2.288329519450801e-4,Inf,1,FALSE,Not_significant
VFG016072(gb|WP_044390135),2,0,8738,2839,8740,2839,2.288329519450801e-4,0,Inf,1,2.288329519450801e-4,2.288329519450801e-4,Inf,1,FALSE,Not_significant
VFG016073(gb|WP_011267336),2,0,8738,2839,8740,2839,2.288329519450801e-4,0,Inf,1,2.288329519450801e-4,2.288329519450801e-4,Inf,1,FALSE,Not_significant
VFG017218,2,0,8738,2839,8740,2839,2.288329519450801e-4,0,Inf,1,2.288329519450801e-4,2.288329519450801e-4,Inf,1,FALSE,Not_significant
VFG020079(gb|WP_015885149),2,0,8738,2839,8740,2839,2.288329519450801e-4,0,Inf,1,2.288329519450801e-4,2.288329519450801e-4,Inf,1,FALSE,Not_significant
VFG020172(gb|WP_012421470),2,0,8738,2839,8740,2839,2.288329519450801e-4,0,Inf,1,2.288329519450801e-4,2.288329519450801e-4,Inf,1,FALSE,Not_significant
VFG023837(gb|WP_011894256),2,0,8738,2839,8740,2839,2.288329519450801e-4,0,Inf,1,2.288329519450801e-4,2.288329519450801e-4,Inf,1,FALSE,Not_significant
VFG024006(gb|WP_014379795),2,0,8738,2839,8740,2839,2.288329519450801e-4,0,Inf,1,2.288329519450801e-4,2.288329519450801e-4,Inf,1,FALSE,Not_significant
VFG034177(gb|WP_000784557),2,0,8738,2839,8740,2839,2.288329519450801e-4,0,Inf,1,2.288329519450801e-4,2.288329519450801e-4,Inf,1,FALSE,Not_significant
VFG034181(gb|WP_000784546),2,0,8738,2839,8740,2839,2.288329519450801e-4,0,Inf,1,2.288329519450801e-4,2.288329519450801e-4,Inf,1,FALSE,Not_significant
VFG034182(gb|WP_000784550),2,0,8738,2839,8740,2839,2.288329519450801e-4,0,Inf,1,2.288329519450801e-4,2.288329519450801e-4,Inf,1,FALSE,Not_significant
VFG034183(gb|WP_001304267),2,0,8738,2839,8740,2839,2.288329519450801e-4,0,Inf,1,2.288329519450801e-4,2.288329519450801e-4,Inf,1,FALSE,Not_significant
VFG034185(gb|WP_000784549),2,0,8738,2839,8740,2839,2.288329519450801e-4,0,Inf,1,2.288329519450801e-4,2.288329519450801e-4,Inf,1,FALSE,Not_significant
VFG034186(gb|WP_000784549),2,0,8738,2839,8740,2839,2.288329519450801e-4,0,Inf,1,2.288329519450801e-4,2.288329519450801e-4,Inf,1,FALSE,Not_significant
VFG034187(gb|WP_000784545),2,0,8738,2839,8740,2839,2.288329519450801e-4,0,Inf,1,2.288329519450801e-4,2.288329519450801e-4,Inf,1,FALSE,Not_significant
VFG034189(gb|WP_000784549),2,0,8738,2839,8740,2839,2.288329519450801e-4,0,Inf,1,2.288329519450801e-4,2.288329519450801e-4,Inf,1,FALSE,Not_significant
VFG034192(gb|WP_000784549),2,0,8738,2839,8740,2839,2.288329519450801e-4,0,Inf,1,2.288329519450801e-4,2.288329519450801e-4,Inf,1,FALSE,Not_significant
VFG037647(gb|WP_000913306),2,0,8738,2839,8740,2839,2.288329519450801e-4,0,Inf,1,2.288329519450801e-4,2.288329519450801e-4,Inf,1,FALSE,Not_significant
VFG037648(gb|WP_000913301),2,0,8738,2839,8740,2839,2.288329519450801e-4,0,Inf,1,2.288329519450801e-4,2.288329519450801e-4,Inf,1,FALSE,Not_significant
VFG037650,2,0,8738,2839,8740,2839,2.288329519450801e-4,0,Inf,1,2.288329519450801e-4,2.288329519450801e-4,Inf,1,FALSE,Not_significant
VFG037651(gb|YP_001085191),2,0,8738,2839,8740,2839,2.288329519450801e-4,0,Inf,1,2.288329519450801e-4,2.288329519450801e-4,Inf,1,FALSE,Not_significant
VFG037654(gb|WP_038346670),2,0,8738,2839,8740,2839,2.288329519450801e-4,0,Inf,1,2.288329519450801e-4,2.288329519450801e-4,Inf,1,FALSE,Not_significant
VFG037656(gb|WP_000913297),2,0,8738,2839,8740,2839,2.288329519450801e-4,0,Inf,1,2.288329519450801e-4,2.288329519450801e-4,Inf,1,FALSE,Not_significant
VFG037659(gb|YP_005799438),2,0,8738,2839,8740,2839,2.288329519450801e-4,0,Inf,1,2.288329519450801e-4,2.288329519450801e-4,Inf,1,FALSE,Not_significant
VFG038092(gb|YP_001083162),2,0,8738,2839,8740,2839,2.288329519450801e-4,0,Inf,1,2.288329519450801e-4,2.288329519450801e-4,Inf,1,FALSE,Not_significant
VFG038121(gb|WP_001062922),2,0,8738,2839,8740,2839,2.288329519450801e-4,0,Inf,1,2.288329519450801e-4,2.288329519450801e-4,Inf,1,FALSE,Not_significant
VFG038139(gb|WP_001062905),2,0,8738,2839,8740,2839,2.288329519450801e-4,0,Inf,1,2.288329519450801e-4,2.288329519450801e-4,Inf,1,FALSE,Not_significant
VFG038144(gb|WP_001062908),2,0,8738,2839,8740,2839,2.288329519450801e-4,0,Inf,1,2.288329519450801e-4,2.288329519450801e-4,Inf,1,FALSE,Not_significant
VFG038151(gb|YP_005796988),2,0,8738,2839,8740,2839,2.288329519450801e-4,0,Inf,1,2.288329519450801e-4,2.288329519450801e-4,Inf,1,FALSE,Not_significant
VFG038152(gb|WP_001062915),2,0,8738,2839,8740,2839,2.288329519450801e-4,0,Inf,1,2.288329519450801e-4,2.288329519450801e-4,Inf,1,FALSE,Not_significant
VFG038153(gb|WP_001062906),2,0,8738,2839,8740,2839,2.288329519450801e-4,0,Inf,1,2.288329519450801e-4,2.288329519450801e-4,Inf,1,FALSE,Not_significant
VFG038168(gb|WP_001062920),2,0,8738,2839,8740,2839,2.288329519450801e-4,0,Inf,1,2.288329519450801e-4,2.288329519450801e-4,Inf,1,FALSE,Not_significant
VFG042096(gb|NP_311735),2,0,8738,2839,8740,2839,2.288329519450801e-4,0,Inf,1,2.288329519450801e-4,2.288329519450801e-4,Inf,1,FALSE,Not_significant
VFG043094(gb|WP_001322280),2,0,8738,2839,8740,2839,2.288329519450801e-4,0,Inf,1,2.288329519450801e-4,2.288329519450801e-4,Inf,1,FALSE,Not_significant
VFG043614(gb|WP_074194464),2,0,8738,2839,8740,2839,2.288329519450801e-4,0,Inf,1,2.288329519450801e-4,2.288329519450801e-4,Inf,1,FALSE,Not_significant
VFG043668(gb|AAA26616),2,0,8738,2839,8740,2839,2.288329519450801e-4,0,Inf,1,2.288329519450801e-4,2.288329519450801e-4,Inf,1,FALSE,Not_significant
VFG044333(gb|WP_015874968),2,0,8738,2839,8740,2839,2.288329519450801e-4,0,Inf,1,2.288329519450801e-4,2.288329519450801e-4,Inf,1,FALSE,Not_significant
VFG046117(gb|WP_000784549),2,0,8738,2839,8740,2839,2.288329519450801e-4,0,Inf,1,2.288329519450801e-4,2.288329519450801e-4,Inf,1,FALSE,Not_significant
VFG048293(gb|YP_005228660),2,0,8738,2839,8740,2839,2.288329519450801e-4,0,Inf,1,2.288329519450801e-4,2.288329519450801e-4,Inf,1,FALSE,Not_significant
VFG048297(gb|WP_014906961),2,0,8738,2839,8740,2839,2.288329519450801e-4,0,Inf,1,2.288329519450801e-4,2.288329519450801e-4,Inf,1,FALSE,Not_significant
VFG048298(gb|WP_072196423),2,0,8738,2839,8740,2839,2.288329519450801e-4,0,Inf,1,2.288329519450801e-4,2.288329519450801e-4,Inf,1,FALSE,Not_significant
VFG048597(gb|WP_000784549),2,0,8738,2839,8740,2839,2.288329519450801e-4,0,Inf,1,2.288329519450801e-4,2.288329519450801e-4,Inf,1,FALSE,Not_significant
VFG048598(gb|YP_005227771),2,0,8738,2839,8740,2839,2.288329519450801e-4,0,Inf,1,2.288329519450801e-4,2.288329519450801e-4,Inf,1,FALSE,Not_significant
VFG049191(gb|WP_014907101),2,0,8738,2839,8740,2839,2.288329519450801e-4,0,Inf,1,2.288329519450801e-4,2.288329519450801e-4,Inf,1,FALSE,Not_significant
VFG049193(gb|YP_005228284),2,0,8738,2839,8740,2839,2.288329519450801e-4,0,Inf,1,2.288329519450801e-4,2.288329519450801e-4,Inf,1,FALSE,Not_significant
VFG049194(gb|WP_004150973),2,0,8738,2839,8740,2839,2.288329519450801e-4,0,Inf,1,2.288329519450801e-4,2.288329519450801e-4,Inf,1,FALSE,Not_significant
VFG049195(gb|WP_004150973),2,0,8738,2839,8740,2839,2.288329519450801e-4,0,Inf,1,2.288329519450801e-4,2.288329519450801e-4,Inf,1,FALSE,Not_significant
VFG049196(gb|WP_004890358),2,0,8738,2839,8740,2839,2.288329519450801e-4,0,Inf,1,2.288329519450801e-4,2.288329519450801e-4,Inf,1,FALSE,Not_significant
VFG049197(gb|WP_032452026),2,0,8738,2839,8740,2839,2.288329519450801e-4,0,Inf,1,2.288329519450801e-4,2.288329519450801e-4,Inf,1,FALSE,Not_significant
VFG049198(gb|WP_008806080),2,0,8738,2839,8740,2839,2.288329519450801e-4,0,Inf,1,2.288329519450801e-4,2.288329519450801e-4,Inf,1,FALSE,Not_significant
VFG050455(gb|WP_001274987.1),2,0,8738,2839,8740,2839,2.288329519450801e-4,0,Inf,1,2.288329519450801e-4,2.288329519450801e-4,Inf,1,FALSE,Not_significant
VFG050456(gb|WP_001274994.1),2,0,8738,2839,8740,2839,2.288329519450801e-4,0,Inf,1,2.288329519450801e-4,2.288329519450801e-4,Inf,1,FALSE,Not_significant
VFG050457(gb|WP_001274990.1),2,0,8738,2839,8740,2839,2.288329519450801e-4,0,Inf,1,2.288329519450801e-4,2.288329519450801e-4,Inf,1,FALSE,Not_significant
VFG050458(gb|YP_001083395.1),2,0,8738,2839,8740,2839,2.288329519450801e-4,0,Inf,1,2.288329519450801e-4,2.288329519450801e-4,Inf,1,FALSE,Not_significant
VFG050461(gb|WP_001274989.1),2,0,8738,2839,8740,2839,2.288329519450801e-4,0,Inf,1,2.288329519450801e-4,2.288329519450801e-4,Inf,1,FALSE,Not_significant
VFG050463(gb|WP_001274986.1),2,0,8738,2839,8740,2839,2.288329519450801e-4,0,Inf,1,2.288329519450801e-4,2.288329519450801e-4,Inf,1,FALSE,Not_significant
VFG051026(gb|WP_000471444.1),2,0,8738,2839,8740,2839,2.288329519450801e-4,0,Inf,1,2.288329519450801e-4,2.288329519450801e-4,Inf,1,FALSE,Not_significant
VFG051028(gb|WP_000471445.1),2,0,8738,2839,8740,2839,2.288329519450801e-4,0,Inf,1,2.288329519450801e-4,2.288329519450801e-4,Inf,1,FALSE,Not_significant
VFG051032(gb|WP_000471441.1),2,0,8738,2839,8740,2839,2.288329519450801e-4,0,Inf,1,2.288329519450801e-4,2.288329519450801e-4,Inf,1,FALSE,Not_significant
VFG051036(gb|WP_000471440.1),2,0,8738,2839,8740,2839,2.288329519450801e-4,0,Inf,1,2.288329519450801e-4,2.288329519450801e-4,Inf,1,FALSE,Not_significant
VFG051097(gb|WP_000096545.1),2,0,8738,2839,8740,2839,2.288329519450801e-4,0,Inf,1,2.288329519450801e-4,2.288329519450801e-4,Inf,1,FALSE,Not_significant
VFG051098(gb|WP_002001416.1),2,0,8738,2839,8740,2839,2.288329519450801e-4,0,Inf,1,2.288329519450801e-4,2.288329519450801e-4,Inf,1,FALSE,Not_significant
VFG051099(gb|YP_001084337.1),2,0,8738,2839,8740,2839,2.288329519450801e-4,0,Inf,1,2.288329519450801e-4,2.288329519450801e-4,Inf,1,FALSE,Not_significant
VFG051100(gb|WP_000987834.1),2,0,8738,2839,8740,2839,2.288329519450801e-4,0,Inf,1,2.288329519450801e-4,2.288329519450801e-4,Inf,1,FALSE,Not_significant
VFG051102(gb|WP_002009235.1),2,0,8738,2839,8740,2839,2.288329519450801e-4,0,Inf,1,2.288329519450801e-4,2.288329519450801e-4,Inf,1,FALSE,Not_significant
VFG051106(gb|WP_134815913.1),2,0,8738,2839,8740,2839,2.288329519450801e-4,0,Inf,1,2.288329519450801e-4,2.288329519450801e-4,Inf,1,FALSE,Not_significant
VFG015068(gb|WP_003156446),5,1,8735,2838,8740,2839,5.720823798627002e-4,3.522367030644593e-4,1.624388453488374,0.9999999999999999,2.198456767982409e-4,2.198456767982409e-4,1.624141876430206,1,FALSE,Not_significant
VFG013809(gb|WP_003150015),8,2,8732,2837,8740,2839,9.153318077803204e-4,7.044734061289186e-4,1.2995490183437572,1,2.1085840165140177e-4,2.1085840165140177e-4,1.2993135011441648,1,FALSE,Not_significant
VFG015951(gb|WP_041025346),11,3,8729,2836,8740,2839,0.0012585812356979405,0.0010567101091933778,1.191257104089787,1,2.0187112650456264e-4,2.0187112650456264e-4,1.1910373760488178,1,FALSE,Not_significant
VFG014951(gb|WP_012077033),8738,2838,2,1,8740,2839,0.9997711670480549,0.9996477632969355,1.5394002603967107,0.5699840348244111,1.2340375111941082e-4,1.2340375111941082e-4,1.0001234472337661,1,FALSE,Not_significant
VFG043588(gb|WP_001205093),2,1,8738,2838,8740,2839,2.288329519450801e-4,3.522367030644593e-4,0.6496036318344561,0.5699840348244111,-1.2340375111937922e-4,1.2340375111937922e-4,1.5392743923916872,1,FALSE,Not_significant
VFG050573(gb|WP_000768961.1),2,1,8738,2838,8740,2839,2.288329519450801e-4,3.522367030644593e-4,0.6496036318344561,0.5699840348244111,-1.2340375111937922e-4,1.2340375111937922e-4,1.5392743923916872,1,FALSE,Not_significant
VFG000131(gb|NP_252239),8739,2839,1,0,8740,2839,0.9998855835240275,1,0,1,-1.1441647597254523e-4,1.1441647597254523e-4,1.0001144295686006,1,FALSE,Not_significant
VFG000141(gb|NP_253675),8739,2839,1,0,8740,2839,0.9998855835240275,1,0,1,-1.1441647597254523e-4,1.1441647597254523e-4,1.0001144295686006,1,FALSE,Not_significant
VFG000157(gb|NP_249535),8739,2839,1,0,8740,2839,0.9998855835240275,1,0,1,-1.1441647597254523e-4,1.1441647597254523e-4,1.0001144295686006,1,FALSE,Not_significant
VFG001251(gb|NP_249792),8739,2839,1,0,8740,2839,0.9998855835240275,1,0,1,-1.1441647597254523e-4,1.1441647597254523e-4,1.0001144295686006,1,FALSE,Not_significant
VFG001254(gb|NP_249795),8739,2839,1,0,8740,2839,0.9998855835240275,1,0,1,-1.1441647597254523e-4,1.1441647597254523e-4,1.0001144295686006,1,FALSE,Not_significant
VFG014410(gb|WP_003109118),8739,2839,1,0,8740,2839,0.9998855835240275,1,0,1,-1.1441647597254523e-4,1.1441647597254523e-4,1.0001144295686006,1,FALSE,Not_significant
VFG014449(gb|WP_003086458),8739,2839,1,0,8740,2839,0.9998855835240275,1,0,1,-1.1441647597254523e-4,1.1441647597254523e-4,1.0001144295686006,1,FALSE,Not_significant
VFG014747(gb|WP_003154318),8739,2839,1,0,8740,2839,0.9998855835240275,1,0,1,-1.1441647597254523e-4,1.1441647597254523e-4,1.0001144295686006,1,FALSE,Not_significant
VFG014858(gb|WP_003092111),8739,2839,1,0,8740,2839,0.9998855835240275,1,0,1,-1.1441647597254523e-4,1.1441647597254523e-4,1.0001144295686006,1,FALSE,Not_significant
VFG014984(gb|NP_253136),8739,2839,1,0,8740,2839,0.9998855835240275,1,0,1,-1.1441647597254523e-4,1.1441647597254523e-4,1.0001144295686006,1,FALSE,Not_significant
VFG015001(gb|WP_012074695),8739,2839,1,0,8740,2839,0.9998855835240275,1,0,1,-1.1441647597254523e-4,1.1441647597254523e-4,1.0001144295686006,1,FALSE,Not_significant
VFG015851(gb|WP_003140852),8739,2839,1,0,8740,2839,0.9998855835240275,1,0,1,-1.1441647597254523e-4,1.1441647597254523e-4,1.0001144295686006,1,FALSE,Not_significant
VFG016058(gb|NP_251114),8739,2839,1,0,8740,2839,0.9998855835240275,1,0,1,-1.1441647597254523e-4,1.1441647597254523e-4,1.0001144295686006,1,FALSE,Not_significant
VFG016060(gb|WP_003139218),8739,2839,1,0,8740,2839,0.9998855835240275,1,0,1,-1.1441647597254523e-4,1.1441647597254523e-4,1.0001144295686006,1,FALSE,Not_significant
VFG019831(gb|WP_012614400),8739,2839,1,0,8740,2839,0.9998855835240275,1,0,1,-1.1441647597254523e-4,1.1441647597254523e-4,1.0001144295686006,1,FALSE,Not_significant
VFG019837(gb|WP_003086458),8739,2839,1,0,8740,2839,0.9998855835240275,1,0,1,-1.1441647597254523e-4,1.1441647597254523e-4,1.0001144295686006,1,FALSE,Not_significant
VFG019901(gb|WP_003092111),8739,2839,1,0,8740,2839,0.9998855835240275,1,0,1,-1.1441647597254523e-4,1.1441647597254523e-4,1.0001144295686006,1,FALSE,Not_significant
VFG019921(gb|WP_003145897),8739,2839,1,0,8740,2839,0.9998855835240275,1,0,1,-1.1441647597254523e-4,1.1441647597254523e-4,1.0001144295686006,1,FALSE,Not_significant
VFG020044(gb|WP_012614438),8739,2839,1,0,8740,2839,0.9998855835240275,1,0,1,-1.1441647597254523e-4,1.1441647597254523e-4,1.0001144295686006,1,FALSE,Not_significant
VFG020074(gb|WP_012614121),8739,2839,1,0,8740,2839,0.9998855835240275,1,0,1,-1.1441647597254523e-4,1.1441647597254523e-4,1.0001144295686006,1,FALSE,Not_significant
VFG000229,1,0,8739,2839,8740,2839,1.1441647597254005e-4,0,Inf,1,1.1441647597254005e-4,1.1441647597254005e-4,Inf,1,FALSE,Not_significant
VFG000363(gb|WP_002212775),1,0,8739,2839,8740,2839,1.1441647597254005e-4,0,Inf,1,1.1441647597254005e-4,1.1441647597254005e-4,Inf,1,FALSE,Not_significant
VFG000366(gb|WP_002212761),1,0,8739,2839,8740,2839,1.1441647597254005e-4,0,Inf,1,1.1441647597254005e-4,1.1441647597254005e-4,Inf,1,FALSE,Not_significant
VFG000433(gb|NP_490508),1,0,8739,2839,8740,2839,1.1441647597254005e-4,0,Inf,1,1.1441647597254005e-4,1.1441647597254005e-4,Inf,1,FALSE,Not_significant
VFG000434(gb|NP_490509),1,0,8739,2839,8740,2839,1.1441647597254005e-4,0,Inf,1,1.1441647597254005e-4,1.1441647597254005e-4,Inf,1,FALSE,Not_significant
VFG000452(gb|NP_462537),1,0,8739,2839,8740,2839,1.1441647597254005e-4,0,Inf,1,1.1441647597254005e-4,1.1441647597254005e-4,Inf,1,FALSE,Not_significant
VFG000453(gb|NP_462538),1,0,8739,2839,8740,2839,1.1441647597254005e-4,0,Inf,1,1.1441647597254005e-4,1.1441647597254005e-4,Inf,1,FALSE,Not_significant
VFG000454(gb|NP_462539),1,0,8739,2839,8740,2839,1.1441647597254005e-4,0,Inf,1,1.1441647597254005e-4,1.1441647597254005e-4,Inf,1,FALSE,Not_significant
VFG000465(gb|NP_460064),1,0,8739,2839,8740,2839,1.1441647597254005e-4,0,Inf,1,1.1441647597254005e-4,1.1441647597254005e-4,Inf,1,FALSE,Not_significant
VFG000478(gb|NP_459678),1,0,8739,2839,8740,2839,1.1441647597254005e-4,0,Inf,1,1.1441647597254005e-4,1.1441647597254005e-4,Inf,1,FALSE,Not_significant
VFG000538(gb|NP_461797),1,0,8739,2839,8740,2839,1.1441647597254005e-4,0,Inf,1,1.1441647597254005e-4,1.1441647597254005e-4,Inf,1,FALSE,Not_significant
VFG000543(gb|NP_461803),1,0,8739,2839,8740,2839,1.1441647597254005e-4,0,Inf,1,1.1441647597254005e-4,1.1441647597254005e-4,Inf,1,FALSE,Not_significant
VFG000546(gb|NP_461806),1,0,8739,2839,8740,2839,1.1441647597254005e-4,0,Inf,1,1.1441647597254005e-4,1.1441647597254005e-4,Inf,1,FALSE,Not_significant
VFG000574(gb|NP_462662),1,0,8739,2839,8740,2839,1.1441647597254005e-4,0,Inf,1,1.1441647597254005e-4,1.1441647597254005e-4,Inf,1,FALSE,Not_significant
VFG000618(gb|NP_709457),1,0,8739,2839,8740,2839,1.1441647597254005e-4,0,Inf,1,1.1441647597254005e-4,1.1441647597254005e-4,Inf,1,FALSE,Not_significant
VFG000872(gb|WP_000044711),1,0,8739,2839,8740,2839,1.1441647597254005e-4,0,Inf,1,1.1441647597254005e-4,1.1441647597254005e-4,Inf,1,FALSE,Not_significant
VFG000917(gb|WP_000089583),1,0,8739,2839,8740,2839,1.1441647597254005e-4,0,Inf,1,1.1441647597254005e-4,1.1441647597254005e-4,Inf,1,FALSE,Not_significant
VFG000937(gb|WP_000750139),1,0,8739,2839,8740,2839,1.1441647597254005e-4,0,Inf,1,1.1441647597254005e-4,1.1441647597254005e-4,Inf,1,FALSE,Not_significant
VFG000979(gb|WP_010921857),1,0,8739,2839,8740,2839,1.1441647597254005e-4,0,Inf,1,1.1441647597254005e-4,1.1441647597254005e-4,Inf,1,FALSE,Not_significant
VFG001280(gb|WP_000934435),1,0,8739,2839,8740,2839,1.1441647597254005e-4,0,Inf,1,1.1441647597254005e-4,1.1441647597254005e-4,Inf,1,FALSE,Not_significant
VFG001305(gb|WP_001034053),1,0,8739,2839,8740,2839,1.1441647597254005e-4,0,Inf,1,1.1441647597254005e-4,1.1441647597254005e-4,Inf,1,FALSE,Not_significant
VFG001444(gb|AAG10151),1,0,8739,2839,8740,2839,1.1441647597254005e-4,0,Inf,1,1.1441647597254005e-4,1.1441647597254005e-4,Inf,1,FALSE,Not_significant
VFG002179(gb|AAD09858),1,0,8739,2839,8740,2839,1.1441647597254005e-4,0,Inf,1,1.1441647597254005e-4,1.1441647597254005e-4,Inf,1,FALSE,Not_significant
VFG002306(gb|NP_461449),1,0,8739,2839,8740,2839,1.1441647597254005e-4,0,Inf,1,1.1441647597254005e-4,1.1441647597254005e-4,Inf,1,FALSE,Not_significant
VFG002406(gb|WP_000728972),1,0,8739,2839,8740,2839,1.1441647597254005e-4,0,Inf,1,1.1441647597254005e-4,1.1441647597254005e-4,Inf,1,FALSE,Not_significant
VFG002414(gb|WP_000730972),1,0,8739,2839,8740,2839,1.1441647597254005e-4,0,Inf,1,1.1441647597254005e-4,1.1441647597254005e-4,Inf,1,FALSE,Not_significant
VFG003250(gb|WP_002212775),1,0,8739,2839,8740,2839,1.1441647597254005e-4,0,Inf,1,1.1441647597254005e-4,1.1441647597254005e-4,Inf,1,FALSE,Not_significant
VFG003385(gb|WP_002212775),1,0,8739,2839,8740,2839,1.1441647597254005e-4,0,Inf,1,1.1441647597254005e-4,1.1441647597254005e-4,Inf,1,FALSE,Not_significant
VFG003504(gb|WP_011816641),1,0,8739,2839,8740,2839,1.1441647597254005e-4,0,Inf,1,1.1441647597254005e-4,1.1441647597254005e-4,Inf,1,FALSE,Not_significant
VFG003507(gb|WP_005168689),1,0,8739,2839,8740,2839,1.1441647597254005e-4,0,Inf,1,1.1441647597254005e-4,1.1441647597254005e-4,Inf,1,FALSE,Not_significant
VFG003676(gb|WP_001120092),1,0,8739,2839,8740,2839,1.1441647597254005e-4,0,Inf,1,1.1441647597254005e-4,1.1441647597254005e-4,Inf,1,FALSE,Not_significant
VFG003678(gb|WP_001120088),1,0,8739,2839,8740,2839,1.1441647597254005e-4,0,Inf,1,1.1441647597254005e-4,1.1441647597254005e-4,Inf,1,FALSE,Not_significant
VFG003781(gb|WP_000258814),1,0,8739,2839,8740,2839,1.1441647597254005e-4,0,Inf,1,1.1441647597254005e-4,1.1441647597254005e-4,Inf,1,FALSE,Not_significant
VFG003783(gb|WP_000258813),1,0,8739,2839,8740,2839,1.1441647597254005e-4,0,Inf,1,1.1441647597254005e-4,1.1441647597254005e-4,Inf,1,FALSE,Not_significant
VFG003784(gb|WP_001540781),1,0,8739,2839,8740,2839,1.1441647597254005e-4,0,Inf,1,1.1441647597254005e-4,1.1441647597254005e-4,Inf,1,FALSE,Not_significant
VFG003791(gb|WP_000245782),1,0,8739,2839,8740,2839,1.1441647597254005e-4,0,Inf,1,1.1441647597254005e-4,1.1441647597254005e-4,Inf,1,FALSE,Not_significant
VFG003793(gb|WP_000245781),1,0,8739,2839,8740,2839,1.1441647597254005e-4,0,Inf,1,1.1441647597254005e-4,1.1441647597254005e-4,Inf,1,FALSE,Not_significant
VFG003794(gb|WP_001540783),1,0,8739,2839,8740,2839,1.1441647597254005e-4,0,Inf,1,1.1441647597254005e-4,1.1441647597254005e-4,Inf,1,FALSE,Not_significant
VFG003801(gb|WP_001166955),1,0,8739,2839,8740,2839,1.1441647597254005e-4,0,Inf,1,1.1441647597254005e-4,1.1441647597254005e-4,Inf,1,FALSE,Not_significant
VFG003803(gb|WP_001166948),1,0,8739,2839,8740,2839,1.1441647597254005e-4,0,Inf,1,1.1441647597254005e-4,1.1441647597254005e-4,Inf,1,FALSE,Not_significant
VFG004039(gb|WP_000131278),1,0,8739,2839,8740,2839,1.1441647597254005e-4,0,Inf,1,1.1441647597254005e-4,1.1441647597254005e-4,Inf,1,FALSE,Not_significant
VFG004041(gb|WP_000131279),1,0,8739,2839,8740,2839,1.1441647597254005e-4,0,Inf,1,1.1441647597254005e-4,1.1441647597254005e-4,Inf,1,FALSE,Not_significant
VFG004042(gb|WP_001541138),1,0,8739,2839,8740,2839,1.1441647597254005e-4,0,Inf,1,1.1441647597254005e-4,1.1441647597254005e-4,Inf,1,FALSE,Not_significant
VFG004181(gb|WP_001541093),1,0,8739,2839,8740,2839,1.1441647597254005e-4,0,Inf,1,1.1441647597254005e-4,1.1441647597254005e-4,Inf,1,FALSE,Not_significant
VFG004183(gb|WP_001541094),1,0,8739,2839,8740,2839,1.1441647597254005e-4,0,Inf,1,1.1441647597254005e-4,1.1441647597254005e-4,Inf,1,FALSE,Not_significant
VFG004185,1,0,8739,2839,8740,2839,1.1441647597254005e-4,0,Inf,1,1.1441647597254005e-4,1.1441647597254005e-4,Inf,1,FALSE,Not_significant
VFG004299(gb|WP_024133661),1,0,8739,2839,8740,2839,1.1441647597254005e-4,0,Inf,1,1.1441647597254005e-4,1.1441647597254005e-4,Inf,1,FALSE,Not_significant
VFG004300(gb|WP_024131208),1,0,8739,2839,8740,2839,1.1441647597254005e-4,0,Inf,1,1.1441647597254005e-4,1.1441647597254005e-4,Inf,1,FALSE,Not_significant
VFG004301(gb|WP_000981791),1,0,8739,2839,8740,2839,1.1441647597254005e-4,0,Inf,1,1.1441647597254005e-4,1.1441647597254005e-4,Inf,1,FALSE,Not_significant
VFG004302(gb|WP_000981804),1,0,8739,2839,8740,2839,1.1441647597254005e-4,0,Inf,1,1.1441647597254005e-4,1.1441647597254005e-4,Inf,1,FALSE,Not_significant
VFG004355(gb|NP_463449),1,0,8739,2839,8740,2839,1.1441647597254005e-4,0,Inf,1,1.1441647597254005e-4,1.1441647597254005e-4,Inf,1,FALSE,Not_significant
VFG004356,1,0,8739,2839,8740,2839,1.1441647597254005e-4,0,Inf,1,1.1441647597254005e-4,1.1441647597254005e-4,Inf,1,FALSE,Not_significant
VFG004358(gb|WP_001160713),1,0,8739,2839,8740,2839,1.1441647597254005e-4,0,Inf,1,1.1441647597254005e-4,1.1441647597254005e-4,Inf,1,FALSE,Not_significant
VFG004359(gb|WP_001541508),1,0,8739,2839,8740,2839,1.1441647597254005e-4,0,Inf,1,1.1441647597254005e-4,1.1441647597254005e-4,Inf,1,FALSE,Not_significant
VFG004407(gb|WP_001038509),1,0,8739,2839,8740,2839,1.1441647597254005e-4,0,Inf,1,1.1441647597254005e-4,1.1441647597254005e-4,Inf,1,FALSE,Not_significant
VFG004409(gb|WP_001541550),1,0,8739,2839,8740,2839,1.1441647597254005e-4,0,Inf,1,1.1441647597254005e-4,1.1441647597254005e-4,Inf,1,FALSE,Not_significant
VFG004448(gb|WP_001540608),1,0,8739,2839,8740,2839,1.1441647597254005e-4,0,Inf,1,1.1441647597254005e-4,1.1441647597254005e-4,Inf,1,FALSE,Not_significant
VFG004503,1,0,8739,2839,8740,2839,1.1441647597254005e-4,0,Inf,1,1.1441647597254005e-4,1.1441647597254005e-4,Inf,1,FALSE,Not_significant
VFG004594(gb|WP_000934424),1,0,8739,2839,8740,2839,1.1441647597254005e-4,0,Inf,1,1.1441647597254005e-4,1.1441647597254005e-4,Inf,1,FALSE,Not_significant
VFG004595(gb|YP_499118),1,0,8739,2839,8740,2839,1.1441647597254005e-4,0,Inf,1,1.1441647597254005e-4,1.1441647597254005e-4,Inf,1,FALSE,Not_significant
VFG004596(gb|WP_000934467),1,0,8739,2839,8740,2839,1.1441647597254005e-4,0,Inf,1,1.1441647597254005e-4,1.1441647597254005e-4,Inf,1,FALSE,Not_significant
VFG004597(gb|WP_000934439),1,0,8739,2839,8740,2839,1.1441647597254005e-4,0,Inf,1,1.1441647597254005e-4,1.1441647597254005e-4,Inf,1,FALSE,Not_significant
VFG004598(gb|WP_000934467),1,0,8739,2839,8740,2839,1.1441647597254005e-4,0,Inf,1,1.1441647597254005e-4,1.1441647597254005e-4,Inf,1,FALSE,Not_significant
VFG004600(gb|WP_000934424),1,0,8739,2839,8740,2839,1.1441647597254005e-4,0,Inf,1,1.1441647597254005e-4,1.1441647597254005e-4,Inf,1,FALSE,Not_significant
VFG004615(gb|WP_000841404),1,0,8739,2839,8740,2839,1.1441647597254005e-4,0,Inf,1,1.1441647597254005e-4,1.1441647597254005e-4,Inf,1,FALSE,Not_significant
VFG004620(gb|WP_000794589),1,0,8739,2839,8740,2839,1.1441647597254005e-4,0,Inf,1,1.1441647597254005e-4,1.1441647597254005e-4,Inf,1,FALSE,Not_significant
VFG004621(gb|WP_000794654),1,0,8739,2839,8740,2839,1.1441647597254005e-4,0,Inf,1,1.1441647597254005e-4,1.1441647597254005e-4,Inf,1,FALSE,Not_significant
VFG004622(gb|YP_501262),1,0,8739,2839,8740,2839,1.1441647597254005e-4,0,Inf,1,1.1441647597254005e-4,1.1441647597254005e-4,Inf,1,FALSE,Not_significant
VFG004623(gb|WP_000794614),1,0,8739,2839,8740,2839,1.1441647597254005e-4,0,Inf,1,1.1441647597254005e-4,1.1441647597254005e-4,Inf,1,FALSE,Not_significant
VFG004625(gb|WP_000794580),1,0,8739,2839,8740,2839,1.1441647597254005e-4,0,Inf,1,1.1441647597254005e-4,1.1441647597254005e-4,Inf,1,FALSE,Not_significant
VFG004886(gb|WP_000673051),1,0,8739,2839,8740,2839,1.1441647597254005e-4,0,Inf,1,1.1441647597254005e-4,1.1441647597254005e-4,Inf,1,FALSE,Not_significant
VFG004904,1,0,8739,2839,8740,2839,1.1441647597254005e-4,0,Inf,1,1.1441647597254005e-4,1.1441647597254005e-4,Inf,1,FALSE,Not_significant
VFG004906(gb|WP_000778477),1,0,8739,2839,8740,2839,1.1441647597254005e-4,0,Inf,1,1.1441647597254005e-4,1.1441647597254005e-4,Inf,1,FALSE,Not_significant
VFG004936(gb|WP_000673051),1,0,8739,2839,8740,2839,1.1441647597254005e-4,0,Inf,1,1.1441647597254005e-4,1.1441647597254005e-4,Inf,1,FALSE,Not_significant
VFG005058(gb|WP_001034059),1,0,8739,2839,8740,2839,1.1441647597254005e-4,0,Inf,1,1.1441647597254005e-4,1.1441647597254005e-4,Inf,1,FALSE,Not_significant
VFG005062(gb|WP_001045642),1,0,8739,2839,8740,2839,1.1441647597254005e-4,0,Inf,1,1.1441647597254005e-4,1.1441647597254005e-4,Inf,1,FALSE,Not_significant
VFG005157(gb|WP_011529060),1,0,8739,2839,8740,2839,1.1441647597254005e-4,0,Inf,1,1.1441647597254005e-4,1.1441647597254005e-4,Inf,1,FALSE,Not_significant
VFG005158(gb|WP_011285221),1,0,8739,2839,8740,2839,1.1441647597254005e-4,0,Inf,1,1.1441647597254005e-4,1.1441647597254005e-4,Inf,1,FALSE,Not_significant
VFG005515(gb|WP_002994926),1,0,8739,2839,8740,2839,1.1441647597254005e-4,0,Inf,1,1.1441647597254005e-4,1.1441647597254005e-4,Inf,1,FALSE,Not_significant
VFG005517(gb|WP_002991468),1,0,8739,2839,8740,2839,1.1441647597254005e-4,0,Inf,1,1.1441647597254005e-4,1.1441647597254005e-4,Inf,1,FALSE,Not_significant
VFG005518(gb|WP_002994926),1,0,8739,2839,8740,2839,1.1441647597254005e-4,0,Inf,1,1.1441647597254005e-4,1.1441647597254005e-4,Inf,1,FALSE,Not_significant
VFG005520(gb|WP_002994926),1,0,8739,2839,8740,2839,1.1441647597254005e-4,0,Inf,1,1.1441647597254005e-4,1.1441647597254005e-4,Inf,1,FALSE,Not_significant
VFG005521(gb|WP_002981947),1,0,8739,2839,8740,2839,1.1441647597254005e-4,0,Inf,1,1.1441647597254005e-4,1.1441647597254005e-4,Inf,1,FALSE,Not_significant
VFG005522(gb|WP_002991468),1,0,8739,2839,8740,2839,1.1441647597254005e-4,0,Inf,1,1.1441647597254005e-4,1.1441647597254005e-4,Inf,1,FALSE,Not_significant
VFG005525(gb|WP_002981947),1,0,8739,2839,8740,2839,1.1441647597254005e-4,0,Inf,1,1.1441647597254005e-4,1.1441647597254005e-4,Inf,1,FALSE,Not_significant
VFG005526(gb|WP_011285340),1,0,8739,2839,8740,2839,1.1441647597254005e-4,0,Inf,1,1.1441647597254005e-4,1.1441647597254005e-4,Inf,1,FALSE,Not_significant
VFG005671(gb|WP_020833236),1,0,8739,2839,8740,2839,1.1441647597254005e-4,0,Inf,1,1.1441647597254005e-4,1.1441647597254005e-4,Inf,1,FALSE,Not_significant
VFG005672(gb|WP_011054152),1,0,8739,2839,8740,2839,1.1441647597254005e-4,0,Inf,1,1.1441647597254005e-4,1.1441647597254005e-4,Inf,1,FALSE,Not_significant
VFG005674,1,0,8739,2839,8740,2839,1.1441647597254005e-4,0,Inf,1,1.1441647597254005e-4,1.1441647597254005e-4,Inf,1,FALSE,Not_significant
VFG005675(gb|WP_002991212),1,0,8739,2839,8740,2839,1.1441647597254005e-4,0,Inf,1,1.1441647597254005e-4,1.1441647597254005e-4,Inf,1,FALSE,Not_significant
VFG005677(gb|WP_041174247),1,0,8739,2839,8740,2839,1.1441647597254005e-4,0,Inf,1,1.1441647597254005e-4,1.1441647597254005e-4,Inf,1,FALSE,Not_significant
VFG005678(gb|WP_010921857),1,0,8739,2839,8740,2839,1.1441647597254005e-4,0,Inf,1,1.1441647597254005e-4,1.1441647597254005e-4,Inf,1,FALSE,Not_significant
VFG006137(gb|WP_173024112),1,0,8739,2839,8740,2839,1.1441647597254005e-4,0,Inf,1,1.1441647597254005e-4,1.1441647597254005e-4,Inf,1,FALSE,Not_significant
VFG006138(gb|WP_173024113),1,0,8739,2839,8740,2839,1.1441647597254005e-4,0,Inf,1,1.1441647597254005e-4,1.1441647597254005e-4,Inf,1,FALSE,Not_significant
VFG007830(gb|WP_011894255),1,0,8739,2839,8740,2839,1.1441647597254005e-4,0,Inf,1,1.1441647597254005e-4,1.1441647597254005e-4,Inf,1,FALSE,Not_significant
VFG007849(gb|NP_217449),1,0,8739,2839,8740,2839,1.1441647597254005e-4,0,Inf,1,1.1441647597254005e-4,1.1441647597254005e-4,Inf,1,FALSE,Not_significant
VFG007851(gb|WP_003899548),1,0,8739,2839,8740,2839,1.1441647597254005e-4,0,Inf,1,1.1441647597254005e-4,1.1441647597254005e-4,Inf,1,FALSE,Not_significant
VFG007852(gb|WP_003414837),1,0,8739,2839,8740,2839,1.1441647597254005e-4,0,Inf,1,1.1441647597254005e-4,1.1441647597254005e-4,Inf,1,FALSE,Not_significant
VFG008351(gb|WP_011740948),1,0,8739,2839,8740,2839,1.1441647597254005e-4,0,Inf,1,1.1441647597254005e-4,1.1441647597254005e-4,Inf,1,FALSE,Not_significant
VFG008870(gb|YP_005361486),1,0,8739,2839,8740,2839,1.1441647597254005e-4,0,Inf,1,1.1441647597254005e-4,1.1441647597254005e-4,Inf,1,FALSE,Not_significant
VFG008874(gb|WP_015288408),1,0,8739,2839,8740,2839,1.1441647597254005e-4,0,Inf,1,1.1441647597254005e-4,1.1441647597254005e-4,Inf,1,FALSE,Not_significant
VFG008875(gb|WP_015303644),1,0,8739,2839,8740,2839,1.1441647597254005e-4,0,Inf,1,1.1441647597254005e-4,1.1441647597254005e-4,Inf,1,FALSE,Not_significant
VFG008876(gb|WP_015291057),1,0,8739,2839,8740,2839,1.1441647597254005e-4,0,Inf,1,1.1441647597254005e-4,1.1441647597254005e-4,Inf,1,FALSE,Not_significant
VFG008877(gb|WP_015294040),1,0,8739,2839,8740,2839,1.1441647597254005e-4,0,Inf,1,1.1441647597254005e-4,1.1441647597254005e-4,Inf,1,FALSE,Not_significant
VFG008881(gb|WP_003414837),1,0,8739,2839,8740,2839,1.1441647597254005e-4,0,Inf,1,1.1441647597254005e-4,1.1441647597254005e-4,Inf,1,FALSE,Not_significant
VFG008884(gb|WP_009938592),1,0,8739,2839,8740,2839,1.1441647597254005e-4,0,Inf,1,1.1441647597254005e-4,1.1441647597254005e-4,Inf,1,FALSE,Not_significant
VFG008889(gb|WP_003414837),1,0,8739,2839,8740,2839,1.1441647597254005e-4,0,Inf,1,1.1441647597254005e-4,1.1441647597254005e-4,Inf,1,FALSE,Not_significant
VFG009584(gb|WP_003873185),1,0,8739,2839,8740,2839,1.1441647597254005e-4,0,Inf,1,1.1441647597254005e-4,1.1441647597254005e-4,Inf,1,FALSE,Not_significant
VFG009585(gb|WP_011724227),1,0,8739,2839,8740,2839,1.1441647597254005e-4,0,Inf,1,1.1441647597254005e-4,1.1441647597254005e-4,Inf,1,FALSE,Not_significant
VFG009701(gb|WP_010948769),1,0,8739,2839,8740,2839,1.1441647597254005e-4,0,Inf,1,1.1441647597254005e-4,1.1441647597254005e-4,Inf,1,FALSE,Not_significant
VFG009702(gb|WP_003872294),1,0,8739,2839,8740,2839,1.1441647597254005e-4,0,Inf,1,1.1441647597254005e-4,1.1441647597254005e-4,Inf,1,FALSE,Not_significant
VFG009862(gb|WP_071498255),1,0,8739,2839,8740,2839,1.1441647597254005e-4,0,Inf,1,1.1441647597254005e-4,1.1441647597254005e-4,Inf,1,FALSE,Not_significant
VFG011158(gb|WP_012415798),1,0,8739,2839,8740,2839,1.1441647597254005e-4,0,Inf,1,1.1441647597254005e-4,1.1441647597254005e-4,Inf,1,FALSE,Not_significant
VFG011257,1,0,8739,2839,8740,2839,1.1441647597254005e-4,0,Inf,1,1.1441647597254005e-4,1.1441647597254005e-4,Inf,1,FALSE,Not_significant
VFG011258,1,0,8739,2839,8740,2839,1.1441647597254005e-4,0,Inf,1,1.1441647597254005e-4,1.1441647597254005e-4,Inf,1,FALSE,Not_significant
VFG011259(gb|WP_003811905),1,0,8739,2839,8740,2839,1.1441647597254005e-4,0,Inf,1,1.1441647597254005e-4,1.1441647597254005e-4,Inf,1,FALSE,Not_significant
VFG012252(gb|WP_001535784),1,0,8739,2839,8740,2839,1.1441647597254005e-4,0,Inf,1,1.1441647597254005e-4,1.1441647597254005e-4,Inf,1,FALSE,Not_significant
VFG012270(gb|NP_418733),1,0,8739,2839,8740,2839,1.1441647597254005e-4,0,Inf,1,1.1441647597254005e-4,1.1441647597254005e-4,Inf,1,FALSE,Not_significant
VFG012271(gb|WP_000044700),1,0,8739,2839,8740,2839,1.1441647597254005e-4,0,Inf,1,1.1441647597254005e-4,1.1441647597254005e-4,Inf,1,FALSE,Not_significant
VFG012274(gb|WP_000044708),1,0,8739,2839,8740,2839,1.1441647597254005e-4,0,Inf,1,1.1441647597254005e-4,1.1441647597254005e-4,Inf,1,FALSE,Not_significant
VFG012275(gb|WP_000044708),1,0,8739,2839,8740,2839,1.1441647597254005e-4,0,Inf,1,1.1441647597254005e-4,1.1441647597254005e-4,Inf,1,FALSE,Not_significant
VFG012454(gb|WP_000820483),1,0,8739,2839,8740,2839,1.1441647597254005e-4,0,Inf,1,1.1441647597254005e-4,1.1441647597254005e-4,Inf,1,FALSE,Not_significant
VFG012456(gb|WP_000820518),1,0,8739,2839,8740,2839,1.1441647597254005e-4,0,Inf,1,1.1441647597254005e-4,1.1441647597254005e-4,Inf,1,FALSE,Not_significant
VFG012457(gb|WP_000820443),1,0,8739,2839,8740,2839,1.1441647597254005e-4,0,Inf,1,1.1441647597254005e-4,1.1441647597254005e-4,Inf,1,FALSE,Not_significant
VFG012458(gb|YP_026164),1,0,8739,2839,8740,2839,1.1441647597254005e-4,0,Inf,1,1.1441647597254005e-4,1.1441647597254005e-4,Inf,1,FALSE,Not_significant
VFG012459(gb|WP_000820423),1,0,8739,2839,8740,2839,1.1441647597254005e-4,0,Inf,1,1.1441647597254005e-4,1.1441647597254005e-4,Inf,1,FALSE,Not_significant
VFG012460(gb|WP_000820396),1,0,8739,2839,8740,2839,1.1441647597254005e-4,0,Inf,1,1.1441647597254005e-4,1.1441647597254005e-4,Inf,1,FALSE,Not_significant
VFG012520(gb|WP_012006523),1,0,8739,2839,8740,2839,1.1441647597254005e-4,0,Inf,1,1.1441647597254005e-4,1.1441647597254005e-4,Inf,1,FALSE,Not_significant
VFG012535(gb|WP_001327263),1,0,8739,2839,8740,2839,1.1441647597254005e-4,0,Inf,1,1.1441647597254005e-4,1.1441647597254005e-4,Inf,1,FALSE,Not_significant
VFG012536(gb|WP_001295637),1,0,8739,2839,8740,2839,1.1441647597254005e-4,0,Inf,1,1.1441647597254005e-4,1.1441647597254005e-4,Inf,1,FALSE,Not_significant
VFG012537(gb|WP_001304269),1,0,8739,2839,8740,2839,1.1441647597254005e-4,0,Inf,1,1.1441647597254005e-4,1.1441647597254005e-4,Inf,1,FALSE,Not_significant
VFG012538(gb|WP_001350678),1,0,8739,2839,8740,2839,1.1441647597254005e-4,0,Inf,1,1.1441647597254005e-4,1.1441647597254005e-4,Inf,1,FALSE,Not_significant
VFG012548(gb|WP_000623031),1,0,8739,2839,8740,2839,1.1441647597254005e-4,0,Inf,1,1.1441647597254005e-4,1.1441647597254005e-4,Inf,1,FALSE,Not_significant
VFG012549(gb|WP_000623043),1,0,8739,2839,8740,2839,1.1441647597254005e-4,0,Inf,1,1.1441647597254005e-4,1.1441647597254005e-4,Inf,1,FALSE,Not_significant
VFG012550(gb|WP_000623043),1,0,8739,2839,8740,2839,1.1441647597254005e-4,0,Inf,1,1.1441647597254005e-4,1.1441647597254005e-4,Inf,1,FALSE,Not_significant
VFG012597(gb|WP_000089593),1,0,8739,2839,8740,2839,1.1441647597254005e-4,0,Inf,1,1.1441647597254005e-4,1.1441647597254005e-4,Inf,1,FALSE,Not_significant
VFG012600(gb|WP_000089598),1,0,8739,2839,8740,2839,1.1441647597254005e-4,0,Inf,1,1.1441647597254005e-4,1.1441647597254005e-4,Inf,1,FALSE,Not_significant
VFG012601(gb|WP_000089584),1,0,8739,2839,8740,2839,1.1441647597254005e-4,0,Inf,1,1.1441647597254005e-4,1.1441647597254005e-4,Inf,1,FALSE,Not_significant
VFG012602(gb|WP_000089584),1,0,8739,2839,8740,2839,1.1441647597254005e-4,0,Inf,1,1.1441647597254005e-4,1.1441647597254005e-4,Inf,1,FALSE,Not_significant
VFG012961(gb|WP_000750138),1,0,8739,2839,8740,2839,1.1441647597254005e-4,0,Inf,1,1.1441647597254005e-4,1.1441647597254005e-4,Inf,1,FALSE,Not_significant
VFG012962(gb|WP_000750143),1,0,8739,2839,8740,2839,1.1441647597254005e-4,0,Inf,1,1.1441647597254005e-4,1.1441647597254005e-4,Inf,1,FALSE,Not_significant
VFG012985(gb|WP_000026832),1,0,8739,2839,8740,2839,1.1441647597254005e-4,0,Inf,1,1.1441647597254005e-4,1.1441647597254005e-4,Inf,1,FALSE,Not_significant
VFG012986(gb|NP_706449),1,0,8739,2839,8740,2839,1.1441647597254005e-4,0,Inf,1,1.1441647597254005e-4,1.1441647597254005e-4,Inf,1,FALSE,Not_significant
VFG012988(gb|WP_000026772),1,0,8739,2839,8740,2839,1.1441647597254005e-4,0,Inf,1,1.1441647597254005e-4,1.1441647597254005e-4,Inf,1,FALSE,Not_significant
VFG012989(gb|WP_000026762),1,0,8739,2839,8740,2839,1.1441647597254005e-4,0,Inf,1,1.1441647597254005e-4,1.1441647597254005e-4,Inf,1,FALSE,Not_significant
VFG012990(gb|WP_000026810),1,0,8739,2839,8740,2839,1.1441647597254005e-4,0,Inf,1,1.1441647597254005e-4,1.1441647597254005e-4,Inf,1,FALSE,Not_significant
VFG013003(gb|WP_005019349),1,0,8739,2839,8740,2839,1.1441647597254005e-4,0,Inf,1,1.1441647597254005e-4,1.1441647597254005e-4,Inf,1,FALSE,Not_significant
VFG013004(gb|NP_706438),1,0,8739,2839,8740,2839,1.1441647597254005e-4,0,Inf,1,1.1441647597254005e-4,1.1441647597254005e-4,Inf,1,FALSE,Not_significant
VFG013005(gb|WP_001506608),1,0,8739,2839,8740,2839,1.1441647597254005e-4,0,Inf,1,1.1441647597254005e-4,1.1441647597254005e-4,Inf,1,FALSE,Not_significant
VFG013008(gb|WP_001370282),1,0,8739,2839,8740,2839,1.1441647597254005e-4,0,Inf,1,1.1441647597254005e-4,1.1441647597254005e-4,Inf,1,FALSE,Not_significant
VFG013010(gb|NP_706439),1,0,8739,2839,8740,2839,1.1441647597254005e-4,0,Inf,1,1.1441647597254005e-4,1.1441647597254005e-4,Inf,1,FALSE,Not_significant
VFG013012(gb|WP_001034936),1,0,8739,2839,8740,2839,1.1441647597254005e-4,0,Inf,1,1.1441647597254005e-4,1.1441647597254005e-4,Inf,1,FALSE,Not_significant
VFG013064(gb|WP_000089574),1,0,8739,2839,8740,2839,1.1441647597254005e-4,0,Inf,1,1.1441647597254005e-4,1.1441647597254005e-4,Inf,1,FALSE,Not_significant
VFG013848(gb|WP_003148777),1,0,8739,2839,8740,2839,1.1441647597254005e-4,0,Inf,1,1.1441647597254005e-4,1.1441647597254005e-4,Inf,1,FALSE,Not_significant
VFG013993(gb|WP_026006503),1,0,8739,2839,8740,2839,1.1441647597254005e-4,0,Inf,1,1.1441647597254005e-4,1.1441647597254005e-4,Inf,1,FALSE,Not_significant
VFG014064(gb|WP_011266435),1,0,8739,2839,8740,2839,1.1441647597254005e-4,0,Inf,1,1.1441647597254005e-4,1.1441647597254005e-4,Inf,1,FALSE,Not_significant
VFG014065(gb|WP_011167502),1,0,8739,2839,8740,2839,1.1441647597254005e-4,0,Inf,1,1.1441647597254005e-4,1.1441647597254005e-4,Inf,1,FALSE,Not_significant
VFG014070(gb|WP_011336362),1,0,8739,2839,8740,2839,1.1441647597254005e-4,0,Inf,1,1.1441647597254005e-4,1.1441647597254005e-4,Inf,1,FALSE,Not_significant
VFG014095(gb|WP_012074005),1,0,8739,2839,8740,2839,1.1441647597254005e-4,0,Inf,1,1.1441647597254005e-4,1.1441647597254005e-4,Inf,1,FALSE,Not_significant
VFG014279(gb|WP_012076722),1,0,8739,2839,8740,2839,1.1441647597254005e-4,0,Inf,1,1.1441647597254005e-4,1.1441647597254005e-4,Inf,1,FALSE,Not_significant
VFG014344(gb|WP_003152328),1,0,8739,2839,8740,2839,1.1441647597254005e-4,0,Inf,1,1.1441647597254005e-4,1.1441647597254005e-4,Inf,1,FALSE,Not_significant
VFG014364(gb|WP_011534913),1,0,8739,2839,8740,2839,1.1441647597254005e-4,0,Inf,1,1.1441647597254005e-4,1.1441647597254005e-4,Inf,1,FALSE,Not_significant
VFG014366(gb|WP_003222863),1,0,8739,2839,8740,2839,1.1441647597254005e-4,0,Inf,1,1.1441647597254005e-4,1.1441647597254005e-4,Inf,1,FALSE,Not_significant
VFG014367(gb|WP_012019027),1,0,8739,2839,8740,2839,1.1441647597254005e-4,0,Inf,1,1.1441647597254005e-4,1.1441647597254005e-4,Inf,1,FALSE,Not_significant
VFG014416(gb|WP_011534909),1,0,8739,2839,8740,2839,1.1441647597254005e-4,0,Inf,1,1.1441647597254005e-4,1.1441647597254005e-4,Inf,1,FALSE,Not_significant
VFG014419(gb|WP_012019024),1,0,8739,2839,8740,2839,1.1441647597254005e-4,0,Inf,1,1.1441647597254005e-4,1.1441647597254005e-4,Inf,1,FALSE,Not_significant
VFG014420(gb|WP_013983230),1,0,8739,2839,8740,2839,1.1441647597254005e-4,0,Inf,1,1.1441647597254005e-4,1.1441647597254005e-4,Inf,1,FALSE,Not_significant
VFG014474(gb|WP_012076415),1,0,8739,2839,8740,2839,1.1441647597254005e-4,0,Inf,1,1.1441647597254005e-4,1.1441647597254005e-4,Inf,1,FALSE,Not_significant
VFG014510(gb|WP_003243207),1,0,8739,2839,8740,2839,1.1441647597254005e-4,0,Inf,1,1.1441647597254005e-4,1.1441647597254005e-4,Inf,1,FALSE,Not_significant
VFG014511(gb|WP_013983226),1,0,8739,2839,8740,2839,1.1441647597254005e-4,0,Inf,1,1.1441647597254005e-4,1.1441647597254005e-4,Inf,1,FALSE,Not_significant
VFG014598(gb|WP_011534892),1,0,8739,2839,8740,2839,1.1441647597254005e-4,0,Inf,1,1.1441647597254005e-4,1.1441647597254005e-4,Inf,1,FALSE,Not_significant
VFG014601(gb|WP_012019015),1,0,8739,2839,8740,2839,1.1441647597254005e-4,0,Inf,1,1.1441647597254005e-4,1.1441647597254005e-4,Inf,1,FALSE,Not_significant
VFG014622(gb|WP_003254408),1,0,8739,2839,8740,2839,1.1441647597254005e-4,0,Inf,1,1.1441647597254005e-4,1.1441647597254005e-4,Inf,1,FALSE,Not_significant
VFG014623(gb|WP_003254408),1,0,8739,2839,8740,2839,1.1441647597254005e-4,0,Inf,1,1.1441647597254005e-4,1.1441647597254005e-4,Inf,1,FALSE,Not_significant
VFG014624(gb|WP_011534890),1,0,8739,2839,8740,2839,1.1441647597254005e-4,0,Inf,1,1.1441647597254005e-4,1.1441647597254005e-4,Inf,1,FALSE,Not_significant
VFG014721(gb|WP_003153720),1,0,8739,2839,8740,2839,1.1441647597254005e-4,0,Inf,1,1.1441647597254005e-4,1.1441647597254005e-4,Inf,1,FALSE,Not_significant
VFG014754(gb|WP_011535583),1,0,8739,2839,8740,2839,1.1441647597254005e-4,0,Inf,1,1.1441647597254005e-4,1.1441647597254005e-4,Inf,1,FALSE,Not_significant
VFG014755(gb|WP_011059377),1,0,8739,2839,8740,2839,1.1441647597254005e-4,0,Inf,1,1.1441647597254005e-4,1.1441647597254005e-4,Inf,1,FALSE,Not_significant
VFG014757(gb|WP_003243115),1,0,8739,2839,8740,2839,1.1441647597254005e-4,0,Inf,1,1.1441647597254005e-4,1.1441647597254005e-4,Inf,1,FALSE,Not_significant
VFG014885(gb|WP_011167899),1,0,8739,2839,8740,2839,1.1441647597254005e-4,0,Inf,1,1.1441647597254005e-4,1.1441647597254005e-4,Inf,1,FALSE,Not_significant
VFG014886(gb|WP_003251742),1,0,8739,2839,8740,2839,1.1441647597254005e-4,0,Inf,1,1.1441647597254005e-4,1.1441647597254005e-4,Inf,1,FALSE,Not_significant
VFG014933(gb|WP_012077034),1,0,8739,2839,8740,2839,1.1441647597254005e-4,0,Inf,1,1.1441647597254005e-4,1.1441647597254005e-4,Inf,1,FALSE,Not_significant
VFG015043(gb|WP_003155939),1,0,8739,2839,8740,2839,1.1441647597254005e-4,0,Inf,1,1.1441647597254005e-4,1.1441647597254005e-4,Inf,1,FALSE,Not_significant
VFG015449(gb|WP_011064256),1,0,8739,2839,8740,2839,1.1441647597254005e-4,0,Inf,1,1.1441647597254005e-4,1.1441647597254005e-4,Inf,1,FALSE,Not_significant
VFG015498(gb|WP_012018669),1,0,8739,2839,8740,2839,1.1441647597254005e-4,0,Inf,1,1.1441647597254005e-4,1.1441647597254005e-4,Inf,1,FALSE,Not_significant
VFG015677(gb|WP_012315528),1,0,8739,2839,8740,2839,1.1441647597254005e-4,0,Inf,1,1.1441647597254005e-4,1.1441647597254005e-4,Inf,1,FALSE,Not_significant
VFG015685(gb|WP_012315524),1,0,8739,2839,8740,2839,1.1441647597254005e-4,0,Inf,1,1.1441647597254005e-4,1.1441647597254005e-4,Inf,1,FALSE,Not_significant
VFG015712(gb|WP_012273494),1,0,8739,2839,8740,2839,1.1441647597254005e-4,0,Inf,1,1.1441647597254005e-4,1.1441647597254005e-4,Inf,1,FALSE,Not_significant
VFG015717(gb|WP_011534890),1,0,8739,2839,8740,2839,1.1441647597254005e-4,0,Inf,1,1.1441647597254005e-4,1.1441647597254005e-4,Inf,1,FALSE,Not_significant
VFG015737(gb|WP_012312817),1,0,8739,2839,8740,2839,1.1441647597254005e-4,0,Inf,1,1.1441647597254005e-4,1.1441647597254005e-4,Inf,1,FALSE,Not_significant
VFG015758(gb|WP_041166587),1,0,8739,2839,8740,2839,1.1441647597254005e-4,0,Inf,1,1.1441647597254005e-4,1.1441647597254005e-4,Inf,1,FALSE,Not_significant
VFG016034(gb|WP_011267346),1,0,8739,2839,8740,2839,1.1441647597254005e-4,0,Inf,1,1.1441647597254005e-4,1.1441647597254005e-4,Inf,1,FALSE,Not_significant
VFG016035(gb|WP_011168293),1,0,8739,2839,8740,2839,1.1441647597254005e-4,0,Inf,1,1.1441647597254005e-4,1.1441647597254005e-4,Inf,1,FALSE,Not_significant
VFG016119(gb|WP_011061772),1,0,8739,2839,8740,2839,1.1441647597254005e-4,0,Inf,1,1.1441647597254005e-4,1.1441647597254005e-4,Inf,1,FALSE,Not_significant
VFG016789(gb|WP_011179056),1,0,8739,2839,8740,2839,1.1441647597254005e-4,0,Inf,1,1.1441647597254005e-4,1.1441647597254005e-4,Inf,1,FALSE,Not_significant
VFG017108(gb|WP_000794607),1,0,8739,2839,8740,2839,1.1441647597254005e-4,0,Inf,1,1.1441647597254005e-4,1.1441647597254005e-4,Inf,1,FALSE,Not_significant
VFG017111(gb|WP_000934463),1,0,8739,2839,8740,2839,1.1441647597254005e-4,0,Inf,1,1.1441647597254005e-4,1.1441647597254005e-4,Inf,1,FALSE,Not_significant
VFG017220,1,0,8739,2839,8740,2839,1.1441647597254005e-4,0,Inf,1,1.1441647597254005e-4,1.1441647597254005e-4,Inf,1,FALSE,Not_significant
VFG017224(gb|WP_000934419),1,0,8739,2839,8740,2839,1.1441647597254005e-4,0,Inf,1,1.1441647597254005e-4,1.1441647597254005e-4,Inf,1,FALSE,Not_significant
VFG018103(gb|WP_000728958),1,0,8739,2839,8740,2839,1.1441647597254005e-4,0,Inf,1,1.1441647597254005e-4,1.1441647597254005e-4,Inf,1,FALSE,Not_significant
VFG018105(gb|WP_000728955),1,0,8739,2839,8740,2839,1.1441647597254005e-4,0,Inf,1,1.1441647597254005e-4,1.1441647597254005e-4,Inf,1,FALSE,Not_significant
VFG018110(gb|WP_000728940),1,0,8739,2839,8740,2839,1.1441647597254005e-4,0,Inf,1,1.1441647597254005e-4,1.1441647597254005e-4,Inf,1,FALSE,Not_significant
VFG018113(gb|YP_498852),1,0,8739,2839,8740,2839,1.1441647597254005e-4,0,Inf,1,1.1441647597254005e-4,1.1441647597254005e-4,Inf,1,FALSE,Not_significant
VFG018114(gb|WP_000728969),1,0,8739,2839,8740,2839,1.1441647597254005e-4,0,Inf,1,1.1441647597254005e-4,1.1441647597254005e-4,Inf,1,FALSE,Not_significant
VFG018198(gb|NP_414827),1,0,8739,2839,8740,2839,1.1441647597254005e-4,0,Inf,1,1.1441647597254005e-4,1.1441647597254005e-4,Inf,1,FALSE,Not_significant
VFG018201(gb|WP_000730985),1,0,8739,2839,8740,2839,1.1441647597254005e-4,0,Inf,1,1.1441647597254005e-4,1.1441647597254005e-4,Inf,1,FALSE,Not_significant
VFG018202(gb|WP_000730982),1,0,8739,2839,8740,2839,1.1441647597254005e-4,0,Inf,1,1.1441647597254005e-4,1.1441647597254005e-4,Inf,1,FALSE,Not_significant
VFG018203(gb|WP_000095070),1,0,8739,2839,8740,2839,1.1441647597254005e-4,0,Inf,1,1.1441647597254005e-4,1.1441647597254005e-4,Inf,1,FALSE,Not_significant
VFG018204(gb|WP_000730982),1,0,8739,2839,8740,2839,1.1441647597254005e-4,0,Inf,1,1.1441647597254005e-4,1.1441647597254005e-4,Inf,1,FALSE,Not_significant
VFG018205(gb|NP_414826),1,0,8739,2839,8740,2839,1.1441647597254005e-4,0,Inf,1,1.1441647597254005e-4,1.1441647597254005e-4,Inf,1,FALSE,Not_significant
VFG018207(gb|WP_000716404),1,0,8739,2839,8740,2839,1.1441647597254005e-4,0,Inf,1,1.1441647597254005e-4,1.1441647597254005e-4,Inf,1,FALSE,Not_significant
VFG018208(gb|WP_000716404),1,0,8739,2839,8740,2839,1.1441647597254005e-4,0,Inf,1,1.1441647597254005e-4,1.1441647597254005e-4,Inf,1,FALSE,Not_significant
VFG018209(gb|WP_000716404),1,0,8739,2839,8740,2839,1.1441647597254005e-4,0,Inf,1,1.1441647597254005e-4,1.1441647597254005e-4,Inf,1,FALSE,Not_significant
VFG018308(gb|WP_001160719),1,0,8739,2839,8740,2839,1.1441647597254005e-4,0,Inf,1,1.1441647597254005e-4,1.1441647597254005e-4,Inf,1,FALSE,Not_significant
VFG018321,1,0,8739,2839,8740,2839,1.1441647597254005e-4,0,Inf,1,1.1441647597254005e-4,1.1441647597254005e-4,Inf,1,FALSE,Not_significant
VFG018348,1,0,8739,2839,8740,2839,1.1441647597254005e-4,0,Inf,1,1.1441647597254005e-4,1.1441647597254005e-4,Inf,1,FALSE,Not_significant
VFG018349(gb|WP_000914251),1,0,8739,2839,8740,2839,1.1441647597254005e-4,0,Inf,1,1.1441647597254005e-4,1.1441647597254005e-4,Inf,1,FALSE,Not_significant
VFG018391(gb|WP_000837127),1,0,8739,2839,8740,2839,1.1441647597254005e-4,0,Inf,1,1.1441647597254005e-4,1.1441647597254005e-4,Inf,1,FALSE,Not_significant
VFG018403(gb|WP_000131294),1,0,8739,2839,8740,2839,1.1441647597254005e-4,0,Inf,1,1.1441647597254005e-4,1.1441647597254005e-4,Inf,1,FALSE,Not_significant
VFG018496(gb|WP_001166949),1,0,8739,2839,8740,2839,1.1441647597254005e-4,0,Inf,1,1.1441647597254005e-4,1.1441647597254005e-4,Inf,1,FALSE,Not_significant
VFG018499(gb|WP_000245788),1,0,8739,2839,8740,2839,1.1441647597254005e-4,0,Inf,1,1.1441647597254005e-4,1.1441647597254005e-4,Inf,1,FALSE,Not_significant
VFG018503(gb|WP_000258818),1,0,8739,2839,8740,2839,1.1441647597254005e-4,0,Inf,1,1.1441647597254005e-4,1.1441647597254005e-4,Inf,1,FALSE,Not_significant
VFG018766(gb|WP_200858480),1,0,8739,2839,8740,2839,1.1441647597254005e-4,0,Inf,1,1.1441647597254005e-4,1.1441647597254005e-4,Inf,1,FALSE,Not_significant
VFG018768(gb|WP_164732682),1,0,8739,2839,8740,2839,1.1441647597254005e-4,0,Inf,1,1.1441647597254005e-4,1.1441647597254005e-4,Inf,1,FALSE,Not_significant
VFG018769(gb|WP_164729439),1,0,8739,2839,8740,2839,1.1441647597254005e-4,0,Inf,1,1.1441647597254005e-4,1.1441647597254005e-4,Inf,1,FALSE,Not_significant
VFG018921(gb|WP_012229554),1,0,8739,2839,8740,2839,1.1441647597254005e-4,0,Inf,1,1.1441647597254005e-4,1.1441647597254005e-4,Inf,1,FALSE,Not_significant
VFG018924(gb|WP_012229555),1,0,8739,2839,8740,2839,1.1441647597254005e-4,0,Inf,1,1.1441647597254005e-4,1.1441647597254005e-4,Inf,1,FALSE,Not_significant
VFG019674,1,0,8739,2839,8740,2839,1.1441647597254005e-4,0,Inf,1,1.1441647597254005e-4,1.1441647597254005e-4,Inf,1,FALSE,Not_significant
VFG019828(gb|WP_015885195),1,0,8739,2839,8740,2839,1.1441647597254005e-4,0,Inf,1,1.1441647597254005e-4,1.1441647597254005e-4,Inf,1,FALSE,Not_significant
VFG020019(gb|WP_015886561),1,0,8739,2839,8740,2839,1.1441647597254005e-4,0,Inf,1,1.1441647597254005e-4,1.1441647597254005e-4,Inf,1,FALSE,Not_significant
VFG020167(gb|WP_000750143),1,0,8739,2839,8740,2839,1.1441647597254005e-4,0,Inf,1,1.1441647597254005e-4,1.1441647597254005e-4,Inf,1,FALSE,Not_significant
VFG020171(gb|WP_000026762),1,0,8739,2839,8740,2839,1.1441647597254005e-4,0,Inf,1,1.1441647597254005e-4,1.1441647597254005e-4,Inf,1,FALSE,Not_significant
VFG020422(gb|WP_001120085),1,0,8739,2839,8740,2839,1.1441647597254005e-4,0,Inf,1,1.1441647597254005e-4,1.1441647597254005e-4,Inf,1,FALSE,Not_significant
VFG020423(gb|WP_001120077),1,0,8739,2839,8740,2839,1.1441647597254005e-4,0,Inf,1,1.1441647597254005e-4,1.1441647597254005e-4,Inf,1,FALSE,Not_significant
VFG020427(gb|WP_001120085),1,0,8739,2839,8740,2839,1.1441647597254005e-4,0,Inf,1,1.1441647597254005e-4,1.1441647597254005e-4,Inf,1,FALSE,Not_significant
VFG020428(gb|WP_001120090),1,0,8739,2839,8740,2839,1.1441647597254005e-4,0,Inf,1,1.1441647597254005e-4,1.1441647597254005e-4,Inf,1,FALSE,Not_significant
VFG020610(gb|WP_000258808),1,0,8739,2839,8740,2839,1.1441647597254005e-4,0,Inf,1,1.1441647597254005e-4,1.1441647597254005e-4,Inf,1,FALSE,Not_significant
VFG020611(gb|WP_000258824),1,0,8739,2839,8740,2839,1.1441647597254005e-4,0,Inf,1,1.1441647597254005e-4,1.1441647597254005e-4,Inf,1,FALSE,Not_significant
VFG020612(gb|WP_000258819),1,0,8739,2839,8740,2839,1.1441647597254005e-4,0,Inf,1,1.1441647597254005e-4,1.1441647597254005e-4,Inf,1,FALSE,Not_significant
VFG020614(gb|WP_000258805),1,0,8739,2839,8740,2839,1.1441647597254005e-4,0,Inf,1,1.1441647597254005e-4,1.1441647597254005e-4,Inf,1,FALSE,Not_significant
VFG020615(gb|WP_000258819),1,0,8739,2839,8740,2839,1.1441647597254005e-4,0,Inf,1,1.1441647597254005e-4,1.1441647597254005e-4,Inf,1,FALSE,Not_significant
VFG020617(gb|WP_000258807),1,0,8739,2839,8740,2839,1.1441647597254005e-4,0,Inf,1,1.1441647597254005e-4,1.1441647597254005e-4,Inf,1,FALSE,Not_significant
VFG020627(gb|WP_000245785),1,0,8739,2839,8740,2839,1.1441647597254005e-4,0,Inf,1,1.1441647597254005e-4,1.1441647597254005e-4,Inf,1,FALSE,Not_significant
VFG020628(gb|WP_000245788),1,0,8739,2839,8740,2839,1.1441647597254005e-4,0,Inf,1,1.1441647597254005e-4,1.1441647597254005e-4,Inf,1,FALSE,Not_significant
VFG020629(gb|WP_000245782),1,0,8739,2839,8740,2839,1.1441647597254005e-4,0,Inf,1,1.1441647597254005e-4,1.1441647597254005e-4,Inf,1,FALSE,Not_significant
VFG020630(gb|WP_000245788),1,0,8739,2839,8740,2839,1.1441647597254005e-4,0,Inf,1,1.1441647597254005e-4,1.1441647597254005e-4,Inf,1,FALSE,Not_significant
VFG020632(gb|WP_000245787),1,0,8739,2839,8740,2839,1.1441647597254005e-4,0,Inf,1,1.1441647597254005e-4,1.1441647597254005e-4,Inf,1,FALSE,Not_significant
VFG020633(gb|WP_000245788),1,0,8739,2839,8740,2839,1.1441647597254005e-4,0,Inf,1,1.1441647597254005e-4,1.1441647597254005e-4,Inf,1,FALSE,Not_significant
VFG020634(gb|WP_000245782),1,0,8739,2839,8740,2839,1.1441647597254005e-4,0,Inf,1,1.1441647597254005e-4,1.1441647597254005e-4,Inf,1,FALSE,Not_significant
VFG020635(gb|WP_000245782),1,0,8739,2839,8740,2839,1.1441647597254005e-4,0,Inf,1,1.1441647597254005e-4,1.1441647597254005e-4,Inf,1,FALSE,Not_significant
VFG020647(gb|WP_001166961),1,0,8739,2839,8740,2839,1.1441647597254005e-4,0,Inf,1,1.1441647597254005e-4,1.1441647597254005e-4,Inf,1,FALSE,Not_significant
VFG020648(gb|WP_001166952),1,0,8739,2839,8740,2839,1.1441647597254005e-4,0,Inf,1,1.1441647597254005e-4,1.1441647597254005e-4,Inf,1,FALSE,Not_significant
VFG020649(gb|WP_001166949),1,0,8739,2839,8740,2839,1.1441647597254005e-4,0,Inf,1,1.1441647597254005e-4,1.1441647597254005e-4,Inf,1,FALSE,Not_significant
VFG020650(gb|WP_001166951),1,0,8739,2839,8740,2839,1.1441647597254005e-4,0,Inf,1,1.1441647597254005e-4,1.1441647597254005e-4,Inf,1,FALSE,Not_significant
VFG020651(gb|WP_001166950),1,0,8739,2839,8740,2839,1.1441647597254005e-4,0,Inf,1,1.1441647597254005e-4,1.1441647597254005e-4,Inf,1,FALSE,Not_significant
VFG020652(gb|WP_001166962),1,0,8739,2839,8740,2839,1.1441647597254005e-4,0,Inf,1,1.1441647597254005e-4,1.1441647597254005e-4,Inf,1,FALSE,Not_significant
VFG020653(gb|WP_001166958),1,0,8739,2839,8740,2839,1.1441647597254005e-4,0,Inf,1,1.1441647597254005e-4,1.1441647597254005e-4,Inf,1,FALSE,Not_significant
VFG021052(gb|WP_000131297),1,0,8739,2839,8740,2839,1.1441647597254005e-4,0,Inf,1,1.1441647597254005e-4,1.1441647597254005e-4,Inf,1,FALSE,Not_significant
VFG021053(gb|WP_000131302),1,0,8739,2839,8740,2839,1.1441647597254005e-4,0,Inf,1,1.1441647597254005e-4,1.1441647597254005e-4,Inf,1,FALSE,Not_significant
VFG021054(gb|WP_000131291),1,0,8739,2839,8740,2839,1.1441647597254005e-4,0,Inf,1,1.1441647597254005e-4,1.1441647597254005e-4,Inf,1,FALSE,Not_significant
VFG021055(gb|WP_000131287),1,0,8739,2839,8740,2839,1.1441647597254005e-4,0,Inf,1,1.1441647597254005e-4,1.1441647597254005e-4,Inf,1,FALSE,Not_significant
VFG021056(gb|WP_000131277),1,0,8739,2839,8740,2839,1.1441647597254005e-4,0,Inf,1,1.1441647597254005e-4,1.1441647597254005e-4,Inf,1,FALSE,Not_significant
VFG021057(gb|WP_000131284),1,0,8739,2839,8740,2839,1.1441647597254005e-4,0,Inf,1,1.1441647597254005e-4,1.1441647597254005e-4,Inf,1,FALSE,Not_significant
VFG021058(gb|WP_000131298),1,0,8739,2839,8740,2839,1.1441647597254005e-4,0,Inf,1,1.1441647597254005e-4,1.1441647597254005e-4,Inf,1,FALSE,Not_significant
VFG021059(gb|WP_000131296),1,0,8739,2839,8740,2839,1.1441647597254005e-4,0,Inf,1,1.1441647597254005e-4,1.1441647597254005e-4,Inf,1,FALSE,Not_significant
VFG021120,1,0,8739,2839,8740,2839,1.1441647597254005e-4,0,Inf,1,1.1441647597254005e-4,1.1441647597254005e-4,Inf,1,FALSE,Not_significant
VFG021121(gb|WP_000375804),1,0,8739,2839,8740,2839,1.1441647597254005e-4,0,Inf,1,1.1441647597254005e-4,1.1441647597254005e-4,Inf,1,FALSE,Not_significant
VFG021122,1,0,8739,2839,8740,2839,1.1441647597254005e-4,0,Inf,1,1.1441647597254005e-4,1.1441647597254005e-4,Inf,1,FALSE,Not_significant
VFG021123,1,0,8739,2839,8740,2839,1.1441647597254005e-4,0,Inf,1,1.1441647597254005e-4,1.1441647597254005e-4,Inf,1,FALSE,Not_significant
VFG021124,1,0,8739,2839,8740,2839,1.1441647597254005e-4,0,Inf,1,1.1441647597254005e-4,1.1441647597254005e-4,Inf,1,FALSE,Not_significant
VFG021125(gb|WP_000375785),1,0,8739,2839,8740,2839,1.1441647597254005e-4,0,Inf,1,1.1441647597254005e-4,1.1441647597254005e-4,Inf,1,FALSE,Not_significant
VFG021126(gb|WP_000375782),1,0,8739,2839,8740,2839,1.1441647597254005e-4,0,Inf,1,1.1441647597254005e-4,1.1441647597254005e-4,Inf,1,FALSE,Not_significant
VFG021335(gb|WP_000792956),1,0,8739,2839,8740,2839,1.1441647597254005e-4,0,Inf,1,1.1441647597254005e-4,1.1441647597254005e-4,Inf,1,FALSE,Not_significant
VFG021336(gb|WP_000792960),1,0,8739,2839,8740,2839,1.1441647597254005e-4,0,Inf,1,1.1441647597254005e-4,1.1441647597254005e-4,Inf,1,FALSE,Not_significant
VFG021337(gb|WP_000792957),1,0,8739,2839,8740,2839,1.1441647597254005e-4,0,Inf,1,1.1441647597254005e-4,1.1441647597254005e-4,Inf,1,FALSE,Not_significant
VFG021339(gb|WP_000792958),1,0,8739,2839,8740,2839,1.1441647597254005e-4,0,Inf,1,1.1441647597254005e-4,1.1441647597254005e-4,Inf,1,FALSE,Not_significant
VFG021341(gb|WP_000792957),1,0,8739,2839,8740,2839,1.1441647597254005e-4,0,Inf,1,1.1441647597254005e-4,1.1441647597254005e-4,Inf,1,FALSE,Not_significant
VFG021342(gb|WP_000914256),1,0,8739,2839,8740,2839,1.1441647597254005e-4,0,Inf,1,1.1441647597254005e-4,1.1441647597254005e-4,Inf,1,FALSE,Not_significant
VFG021344(gb|WP_000914254),1,0,8739,2839,8740,2839,1.1441647597254005e-4,0,Inf,1,1.1441647597254005e-4,1.1441647597254005e-4,Inf,1,FALSE,Not_significant
VFG021346(gb|WP_000914254),1,0,8739,2839,8740,2839,1.1441647597254005e-4,0,Inf,1,1.1441647597254005e-4,1.1441647597254005e-4,Inf,1,FALSE,Not_significant
VFG021348(gb|WP_000914255),1,0,8739,2839,8740,2839,1.1441647597254005e-4,0,Inf,1,1.1441647597254005e-4,1.1441647597254005e-4,Inf,1,FALSE,Not_significant
VFG021349(gb|WP_000220309),1,0,8739,2839,8740,2839,1.1441647597254005e-4,0,Inf,1,1.1441647597254005e-4,1.1441647597254005e-4,Inf,1,FALSE,Not_significant
VFG021350(gb|WP_000220316),1,0,8739,2839,8740,2839,1.1441647597254005e-4,0,Inf,1,1.1441647597254005e-4,1.1441647597254005e-4,Inf,1,FALSE,Not_significant
VFG021351,1,0,8739,2839,8740,2839,1.1441647597254005e-4,0,Inf,1,1.1441647597254005e-4,1.1441647597254005e-4,Inf,1,FALSE,Not_significant
VFG021352(gb|WP_000220313),1,0,8739,2839,8740,2839,1.1441647597254005e-4,0,Inf,1,1.1441647597254005e-4,1.1441647597254005e-4,Inf,1,FALSE,Not_significant
VFG021353,1,0,8739,2839,8740,2839,1.1441647597254005e-4,0,Inf,1,1.1441647597254005e-4,1.1441647597254005e-4,Inf,1,FALSE,Not_significant
VFG021355(gb|WP_000220311),1,0,8739,2839,8740,2839,1.1441647597254005e-4,0,Inf,1,1.1441647597254005e-4,1.1441647597254005e-4,Inf,1,FALSE,Not_significant
VFG021516(gb|WP_000981787),1,0,8739,2839,8740,2839,1.1441647597254005e-4,0,Inf,1,1.1441647597254005e-4,1.1441647597254005e-4,Inf,1,FALSE,Not_significant
VFG021517(gb|WP_000981798),1,0,8739,2839,8740,2839,1.1441647597254005e-4,0,Inf,1,1.1441647597254005e-4,1.1441647597254005e-4,Inf,1,FALSE,Not_significant
VFG021518(gb|WP_000981797),1,0,8739,2839,8740,2839,1.1441647597254005e-4,0,Inf,1,1.1441647597254005e-4,1.1441647597254005e-4,Inf,1,FALSE,Not_significant
VFG021519(gb|WP_000981799),1,0,8739,2839,8740,2839,1.1441647597254005e-4,0,Inf,1,1.1441647597254005e-4,1.1441647597254005e-4,Inf,1,FALSE,Not_significant
VFG021520(gb|WP_000981789),1,0,8739,2839,8740,2839,1.1441647597254005e-4,0,Inf,1,1.1441647597254005e-4,1.1441647597254005e-4,Inf,1,FALSE,Not_significant
VFG021521(gb|WP_000981807),1,0,8739,2839,8740,2839,1.1441647597254005e-4,0,Inf,1,1.1441647597254005e-4,1.1441647597254005e-4,Inf,1,FALSE,Not_significant
VFG021620(gb|WP_001160718),1,0,8739,2839,8740,2839,1.1441647597254005e-4,0,Inf,1,1.1441647597254005e-4,1.1441647597254005e-4,Inf,1,FALSE,Not_significant
VFG021621(gb|WP_001160699),1,0,8739,2839,8740,2839,1.1441647597254005e-4,0,Inf,1,1.1441647597254005e-4,1.1441647597254005e-4,Inf,1,FALSE,Not_significant
VFG021622(gb|WP_001160704),1,0,8739,2839,8740,2839,1.1441647597254005e-4,0,Inf,1,1.1441647597254005e-4,1.1441647597254005e-4,Inf,1,FALSE,Not_significant
VFG021623(gb|WP_001160707),1,0,8739,2839,8740,2839,1.1441647597254005e-4,0,Inf,1,1.1441647597254005e-4,1.1441647597254005e-4,Inf,1,FALSE,Not_significant
VFG021624(gb|WP_001160707),1,0,8739,2839,8740,2839,1.1441647597254005e-4,0,Inf,1,1.1441647597254005e-4,1.1441647597254005e-4,Inf,1,FALSE,Not_significant
VFG021625(gb|WP_001160707),1,0,8739,2839,8740,2839,1.1441647597254005e-4,0,Inf,1,1.1441647597254005e-4,1.1441647597254005e-4,Inf,1,FALSE,Not_significant
VFG021626(gb|WP_001160700),1,0,8739,2839,8740,2839,1.1441647597254005e-4,0,Inf,1,1.1441647597254005e-4,1.1441647597254005e-4,Inf,1,FALSE,Not_significant
VFG021632,1,0,8739,2839,8740,2839,1.1441647597254005e-4,0,Inf,1,1.1441647597254005e-4,1.1441647597254005e-4,Inf,1,FALSE,Not_significant
VFG021743(gb|WP_000007887),1,0,8739,2839,8740,2839,1.1441647597254005e-4,0,Inf,1,1.1441647597254005e-4,1.1441647597254005e-4,Inf,1,FALSE,Not_significant
VFG021860(gb|WP_011726611),1,0,8739,2839,8740,2839,1.1441647597254005e-4,0,Inf,1,1.1441647597254005e-4,1.1441647597254005e-4,Inf,1,FALSE,Not_significant
VFG022415(gb|WP_014001494),1,0,8739,2839,8740,2839,1.1441647597254005e-4,0,Inf,1,1.1441647597254005e-4,1.1441647597254005e-4,Inf,1,FALSE,Not_significant
VFG022934(gb|WP_020726450),1,0,8739,2839,8740,2839,1.1441647597254005e-4,0,Inf,1,1.1441647597254005e-4,1.1441647597254005e-4,Inf,1,FALSE,Not_significant
VFG023843(gb|WP_013471682),1,0,8739,2839,8740,2839,1.1441647597254005e-4,0,Inf,1,1.1441647597254005e-4,1.1441647597254005e-4,Inf,1,FALSE,Not_significant
VFG027131(gb|WP_015309447),1,0,8739,2839,8740,2839,1.1441647597254005e-4,0,Inf,1,1.1441647597254005e-4,1.1441647597254005e-4,Inf,1,FALSE,Not_significant
VFG027210(gb|WP_020726450),1,0,8739,2839,8740,2839,1.1441647597254005e-4,0,Inf,1,1.1441647597254005e-4,1.1441647597254005e-4,Inf,1,FALSE,Not_significant
VFG028520(gb|YP_007963809),1,0,8739,2839,8740,2839,1.1441647597254005e-4,0,Inf,1,1.1441647597254005e-4,1.1441647597254005e-4,Inf,1,FALSE,Not_significant
VFG029827(gb|WP_011777591),1,0,8739,2839,8740,2839,1.1441647597254005e-4,0,Inf,1,1.1441647597254005e-4,1.1441647597254005e-4,Inf,1,FALSE,Not_significant
VFG030678(gb|WP_011894706),1,0,8739,2839,8740,2839,1.1441647597254005e-4,0,Inf,1,1.1441647597254005e-4,1.1441647597254005e-4,Inf,1,FALSE,Not_significant
VFG030694(gb|WP_013471930),1,0,8739,2839,8740,2839,1.1441647597254005e-4,0,Inf,1,1.1441647597254005e-4,1.1441647597254005e-4,Inf,1,FALSE,Not_significant
VFG033183(gb|WP_000044708),1,0,8739,2839,8740,2839,1.1441647597254005e-4,0,Inf,1,1.1441647597254005e-4,1.1441647597254005e-4,Inf,1,FALSE,Not_significant
VFG033184(gb|WP_000044700),1,0,8739,2839,8740,2839,1.1441647597254005e-4,0,Inf,1,1.1441647597254005e-4,1.1441647597254005e-4,Inf,1,FALSE,Not_significant
VFG033189(gb|WP_000044711),1,0,8739,2839,8740,2839,1.1441647597254005e-4,0,Inf,1,1.1441647597254005e-4,1.1441647597254005e-4,Inf,1,FALSE,Not_significant
VFG033190(gb|WP_000044711),1,0,8739,2839,8740,2839,1.1441647597254005e-4,0,Inf,1,1.1441647597254005e-4,1.1441647597254005e-4,Inf,1,FALSE,Not_significant
VFG033191(gb|WP_000044711),1,0,8739,2839,8740,2839,1.1441647597254005e-4,0,Inf,1,1.1441647597254005e-4,1.1441647597254005e-4,Inf,1,FALSE,Not_significant
VFG033192(gb|WP_000044711),1,0,8739,2839,8740,2839,1.1441647597254005e-4,0,Inf,1,1.1441647597254005e-4,1.1441647597254005e-4,Inf,1,FALSE,Not_significant
VFG033194(gb|WP_000044711),1,0,8739,2839,8740,2839,1.1441647597254005e-4,0,Inf,1,1.1441647597254005e-4,1.1441647597254005e-4,Inf,1,FALSE,Not_significant
VFG033196(gb|WP_000044700),1,0,8739,2839,8740,2839,1.1441647597254005e-4,0,Inf,1,1.1441647597254005e-4,1.1441647597254005e-4,Inf,1,FALSE,Not_significant
VFG033197(gb|WP_000044711),1,0,8739,2839,8740,2839,1.1441647597254005e-4,0,Inf,1,1.1441647597254005e-4,1.1441647597254005e-4,Inf,1,FALSE,Not_significant
VFG033200(gb|WP_000044711),1,0,8739,2839,8740,2839,1.1441647597254005e-4,0,Inf,1,1.1441647597254005e-4,1.1441647597254005e-4,Inf,1,FALSE,Not_significant
VFG033839(gb|WP_000820379),1,0,8739,2839,8740,2839,1.1441647597254005e-4,0,Inf,1,1.1441647597254005e-4,1.1441647597254005e-4,Inf,1,FALSE,Not_significant
VFG033842(gb|WP_000820381),1,0,8739,2839,8740,2839,1.1441647597254005e-4,0,Inf,1,1.1441647597254005e-4,1.1441647597254005e-4,Inf,1,FALSE,Not_significant
VFG033845(gb|WP_015675060),1,0,8739,2839,8740,2839,1.1441647597254005e-4,0,Inf,1,1.1441647597254005e-4,1.1441647597254005e-4,Inf,1,FALSE,Not_significant
VFG033846(gb|WP_000820391),1,0,8739,2839,8740,2839,1.1441647597254005e-4,0,Inf,1,1.1441647597254005e-4,1.1441647597254005e-4,Inf,1,FALSE,Not_significant
VFG033952(gb|WP_000750137),1,0,8739,2839,8740,2839,1.1441647597254005e-4,0,Inf,1,1.1441647597254005e-4,1.1441647597254005e-4,Inf,1,FALSE,Not_significant
VFG033954(gb|WP_000750143),1,0,8739,2839,8740,2839,1.1441647597254005e-4,0,Inf,1,1.1441647597254005e-4,1.1441647597254005e-4,Inf,1,FALSE,Not_significant
VFG033958(gb|WP_000750130),1,0,8739,2839,8740,2839,1.1441647597254005e-4,0,Inf,1,1.1441647597254005e-4,1.1441647597254005e-4,Inf,1,FALSE,Not_significant
VFG034041(gb|WP_000654453),1,0,8739,2839,8740,2839,1.1441647597254005e-4,0,Inf,1,1.1441647597254005e-4,1.1441647597254005e-4,Inf,1,FALSE,Not_significant
VFG034045(gb|WP_001304269),1,0,8739,2839,8740,2839,1.1441647597254005e-4,0,Inf,1,1.1441647597254005e-4,1.1441647597254005e-4,Inf,1,FALSE,Not_significant
VFG034046(gb|WP_001304269),1,0,8739,2839,8740,2839,1.1441647597254005e-4,0,Inf,1,1.1441647597254005e-4,1.1441647597254005e-4,Inf,1,FALSE,Not_significant
VFG034047(gb|WP_001304269),1,0,8739,2839,8740,2839,1.1441647597254005e-4,0,Inf,1,1.1441647597254005e-4,1.1441647597254005e-4,Inf,1,FALSE,Not_significant
VFG034048(gb|WP_024256148),1,0,8739,2839,8740,2839,1.1441647597254005e-4,0,Inf,1,1.1441647597254005e-4,1.1441647597254005e-4,Inf,1,FALSE,Not_significant
VFG034049(gb|WP_000654452),1,0,8739,2839,8740,2839,1.1441647597254005e-4,0,Inf,1,1.1441647597254005e-4,1.1441647597254005e-4,Inf,1,FALSE,Not_significant
VFG034050(gb|WP_001446633),1,0,8739,2839,8740,2839,1.1441647597254005e-4,0,Inf,1,1.1441647597254005e-4,1.1441647597254005e-4,Inf,1,FALSE,Not_significant
VFG034051(gb|WP_014639938),1,0,8739,2839,8740,2839,1.1441647597254005e-4,0,Inf,1,1.1441647597254005e-4,1.1441647597254005e-4,Inf,1,FALSE,Not_significant
VFG034054(gb|WP_001304269),1,0,8739,2839,8740,2839,1.1441647597254005e-4,0,Inf,1,1.1441647597254005e-4,1.1441647597254005e-4,Inf,1,FALSE,Not_significant
VFG034056(gb|WP_001608389),1,0,8739,2839,8740,2839,1.1441647597254005e-4,0,Inf,1,1.1441647597254005e-4,1.1441647597254005e-4,Inf,1,FALSE,Not_significant
VFG034092(gb|WP_000623021),1,0,8739,2839,8740,2839,1.1441647597254005e-4,0,Inf,1,1.1441647597254005e-4,1.1441647597254005e-4,Inf,1,FALSE,Not_significant
VFG034095(gb|WP_000623054),1,0,8739,2839,8740,2839,1.1441647597254005e-4,0,Inf,1,1.1441647597254005e-4,1.1441647597254005e-4,Inf,1,FALSE,Not_significant
VFG034096(gb|WP_000623033),1,0,8739,2839,8740,2839,1.1441647597254005e-4,0,Inf,1,1.1441647597254005e-4,1.1441647597254005e-4,Inf,1,FALSE,Not_significant
VFG034097(gb|WP_000623050),1,0,8739,2839,8740,2839,1.1441647597254005e-4,0,Inf,1,1.1441647597254005e-4,1.1441647597254005e-4,Inf,1,FALSE,Not_significant
VFG034098(gb|WP_000623046),1,0,8739,2839,8740,2839,1.1441647597254005e-4,0,Inf,1,1.1441647597254005e-4,1.1441647597254005e-4,Inf,1,FALSE,Not_significant
VFG034099(gb|WP_000623032),1,0,8739,2839,8740,2839,1.1441647597254005e-4,0,Inf,1,1.1441647597254005e-4,1.1441647597254005e-4,Inf,1,FALSE,Not_significant
VFG034100(gb|WP_000623045),1,0,8739,2839,8740,2839,1.1441647597254005e-4,0,Inf,1,1.1441647597254005e-4,1.1441647597254005e-4,Inf,1,FALSE,Not_significant
VFG034101(gb|WP_000623067),1,0,8739,2839,8740,2839,1.1441647597254005e-4,0,Inf,1,1.1441647597254005e-4,1.1441647597254005e-4,Inf,1,FALSE,Not_significant
VFG034102(gb|WP_000623034),1,0,8739,2839,8740,2839,1.1441647597254005e-4,0,Inf,1,1.1441647597254005e-4,1.1441647597254005e-4,Inf,1,FALSE,Not_significant
VFG034105(gb|WP_000623050),1,0,8739,2839,8740,2839,1.1441647597254005e-4,0,Inf,1,1.1441647597254005e-4,1.1441647597254005e-4,Inf,1,FALSE,Not_significant
VFG034106(gb|WP_021565660),1,0,8739,2839,8740,2839,1.1441647597254005e-4,0,Inf,1,1.1441647597254005e-4,1.1441647597254005e-4,Inf,1,FALSE,Not_significant
VFG034107(gb|WP_000623036),1,0,8739,2839,8740,2839,1.1441647597254005e-4,0,Inf,1,1.1441647597254005e-4,1.1441647597254005e-4,Inf,1,FALSE,Not_significant
VFG034108(gb|WP_000623037),1,0,8739,2839,8740,2839,1.1441647597254005e-4,0,Inf,1,1.1441647597254005e-4,1.1441647597254005e-4,Inf,1,FALSE,Not_significant
VFG034264(gb|WP_000089596),1,0,8739,2839,8740,2839,1.1441647597254005e-4,0,Inf,1,1.1441647597254005e-4,1.1441647597254005e-4,Inf,1,FALSE,Not_significant
VFG034265(gb|WP_000089590),1,0,8739,2839,8740,2839,1.1441647597254005e-4,0,Inf,1,1.1441647597254005e-4,1.1441647597254005e-4,Inf,1,FALSE,Not_significant
VFG034266(gb|WP_000089589),1,0,8739,2839,8740,2839,1.1441647597254005e-4,0,Inf,1,1.1441647597254005e-4,1.1441647597254005e-4,Inf,1,FALSE,Not_significant
VFG034271(gb|WP_000089597),1,0,8739,2839,8740,2839,1.1441647597254005e-4,0,Inf,1,1.1441647597254005e-4,1.1441647597254005e-4,Inf,1,FALSE,Not_significant
VFG034272(gb|WP_000089583),1,0,8739,2839,8740,2839,1.1441647597254005e-4,0,Inf,1,1.1441647597254005e-4,1.1441647597254005e-4,Inf,1,FALSE,Not_significant
VFG034273(gb|WP_000089583),1,0,8739,2839,8740,2839,1.1441647597254005e-4,0,Inf,1,1.1441647597254005e-4,1.1441647597254005e-4,Inf,1,FALSE,Not_significant
VFG034274(gb|WP_000089583),1,0,8739,2839,8740,2839,1.1441647597254005e-4,0,Inf,1,1.1441647597254005e-4,1.1441647597254005e-4,Inf,1,FALSE,Not_significant
VFG034275(gb|WP_000089587),1,0,8739,2839,8740,2839,1.1441647597254005e-4,0,Inf,1,1.1441647597254005e-4,1.1441647597254005e-4,Inf,1,FALSE,Not_significant
VFG034278(gb|WP_000089585),1,0,8739,2839,8740,2839,1.1441647597254005e-4,0,Inf,1,1.1441647597254005e-4,1.1441647597254005e-4,Inf,1,FALSE,Not_significant
VFG034280(gb|WP_000089586),1,0,8739,2839,8740,2839,1.1441647597254005e-4,0,Inf,1,1.1441647597254005e-4,1.1441647597254005e-4,Inf,1,FALSE,Not_significant
VFG034402(gb|WP_000730982),1,0,8739,2839,8740,2839,1.1441647597254005e-4,0,Inf,1,1.1441647597254005e-4,1.1441647597254005e-4,Inf,1,FALSE,Not_significant
VFG034403(gb|WP_000730972),1,0,8739,2839,8740,2839,1.1441647597254005e-4,0,Inf,1,1.1441647597254005e-4,1.1441647597254005e-4,Inf,1,FALSE,Not_significant
VFG034405(gb|WP_000730972),1,0,8739,2839,8740,2839,1.1441647597254005e-4,0,Inf,1,1.1441647597254005e-4,1.1441647597254005e-4,Inf,1,FALSE,Not_significant
VFG034408(gb|WP_000730972),1,0,8739,2839,8740,2839,1.1441647597254005e-4,0,Inf,1,1.1441647597254005e-4,1.1441647597254005e-4,Inf,1,FALSE,Not_significant
VFG034409(gb|WP_000730968),1,0,8739,2839,8740,2839,1.1441647597254005e-4,0,Inf,1,1.1441647597254005e-4,1.1441647597254005e-4,Inf,1,FALSE,Not_significant
VFG034414(gb|WP_000730972),1,0,8739,2839,8740,2839,1.1441647597254005e-4,0,Inf,1,1.1441647597254005e-4,1.1441647597254005e-4,Inf,1,FALSE,Not_significant
VFG034417(gb|WP_000730982),1,0,8739,2839,8740,2839,1.1441647597254005e-4,0,Inf,1,1.1441647597254005e-4,1.1441647597254005e-4,Inf,1,FALSE,Not_significant
VFG034418(gb|WP_000730980),1,0,8739,2839,8740,2839,1.1441647597254005e-4,0,Inf,1,1.1441647597254005e-4,1.1441647597254005e-4,Inf,1,FALSE,Not_significant
VFG034419(gb|WP_000730974),1,0,8739,2839,8740,2839,1.1441647597254005e-4,0,Inf,1,1.1441647597254005e-4,1.1441647597254005e-4,Inf,1,FALSE,Not_significant
VFG034422(gb|WP_000730981),1,0,8739,2839,8740,2839,1.1441647597254005e-4,0,Inf,1,1.1441647597254005e-4,1.1441647597254005e-4,Inf,1,FALSE,Not_significant
VFG034424,1,0,8739,2839,8740,2839,1.1441647597254005e-4,0,Inf,1,1.1441647597254005e-4,1.1441647597254005e-4,Inf,1,FALSE,Not_significant
VFG034436(gb|WP_000716398),1,0,8739,2839,8740,2839,1.1441647597254005e-4,0,Inf,1,1.1441647597254005e-4,1.1441647597254005e-4,Inf,1,FALSE,Not_significant
VFG034445(gb|WP_000716404),1,0,8739,2839,8740,2839,1.1441647597254005e-4,0,Inf,1,1.1441647597254005e-4,1.1441647597254005e-4,Inf,1,FALSE,Not_significant
VFG034446(gb|WP_000716404),1,0,8739,2839,8740,2839,1.1441647597254005e-4,0,Inf,1,1.1441647597254005e-4,1.1441647597254005e-4,Inf,1,FALSE,Not_significant
VFG034447(gb|WP_000716398),1,0,8739,2839,8740,2839,1.1441647597254005e-4,0,Inf,1,1.1441647597254005e-4,1.1441647597254005e-4,Inf,1,FALSE,Not_significant
VFG034448(gb|WP_000716397),1,0,8739,2839,8740,2839,1.1441647597254005e-4,0,Inf,1,1.1441647597254005e-4,1.1441647597254005e-4,Inf,1,FALSE,Not_significant
VFG034451(gb|WP_014639452),1,0,8739,2839,8740,2839,1.1441647597254005e-4,0,Inf,1,1.1441647597254005e-4,1.1441647597254005e-4,Inf,1,FALSE,Not_significant
VFG034453(gb|WP_000716398),1,0,8739,2839,8740,2839,1.1441647597254005e-4,0,Inf,1,1.1441647597254005e-4,1.1441647597254005e-4,Inf,1,FALSE,Not_significant
VFG034455(gb|WP_014640100),1,0,8739,2839,8740,2839,1.1441647597254005e-4,0,Inf,1,1.1441647597254005e-4,1.1441647597254005e-4,Inf,1,FALSE,Not_significant
VFG034754(gb|WP_000081129),1,0,8739,2839,8740,2839,1.1441647597254005e-4,0,Inf,1,1.1441647597254005e-4,1.1441647597254005e-4,Inf,1,FALSE,Not_significant
VFG034755(gb|NP_310454),1,0,8739,2839,8740,2839,1.1441647597254005e-4,0,Inf,1,1.1441647597254005e-4,1.1441647597254005e-4,Inf,1,FALSE,Not_significant
VFG034756,1,0,8739,2839,8740,2839,1.1441647597254005e-4,0,Inf,1,1.1441647597254005e-4,1.1441647597254005e-4,Inf,1,FALSE,Not_significant
VFG036012(gb|WP_000820546),1,0,8739,2839,8740,2839,1.1441647597254005e-4,0,Inf,1,1.1441647597254005e-4,1.1441647597254005e-4,Inf,1,FALSE,Not_significant
VFG036017(gb|WP_000820552),1,0,8739,2839,8740,2839,1.1441647597254005e-4,0,Inf,1,1.1441647597254005e-4,1.1441647597254005e-4,Inf,1,FALSE,Not_significant
VFG036018(gb|WP_000820483),1,0,8739,2839,8740,2839,1.1441647597254005e-4,0,Inf,1,1.1441647597254005e-4,1.1441647597254005e-4,Inf,1,FALSE,Not_significant
VFG036019(gb|WP_000820574),1,0,8739,2839,8740,2839,1.1441647597254005e-4,0,Inf,1,1.1441647597254005e-4,1.1441647597254005e-4,Inf,1,FALSE,Not_significant
VFG036022(gb|WP_000820595),1,0,8739,2839,8740,2839,1.1441647597254005e-4,0,Inf,1,1.1441647597254005e-4,1.1441647597254005e-4,Inf,1,FALSE,Not_significant
VFG036023(gb|WP_000820449),1,0,8739,2839,8740,2839,1.1441647597254005e-4,0,Inf,1,1.1441647597254005e-4,1.1441647597254005e-4,Inf,1,FALSE,Not_significant
VFG036025(gb|WP_000820451),1,0,8739,2839,8740,2839,1.1441647597254005e-4,0,Inf,1,1.1441647597254005e-4,1.1441647597254005e-4,Inf,1,FALSE,Not_significant
VFG036026(gb|WP_000820483),1,0,8739,2839,8740,2839,1.1441647597254005e-4,0,Inf,1,1.1441647597254005e-4,1.1441647597254005e-4,Inf,1,FALSE,Not_significant
VFG036027(gb|WP_000820566),1,0,8739,2839,8740,2839,1.1441647597254005e-4,0,Inf,1,1.1441647597254005e-4,1.1441647597254005e-4,Inf,1,FALSE,Not_significant
VFG036202(gb|WP_193363961),1,0,8739,2839,8740,2839,1.1441647597254005e-4,0,Inf,1,1.1441647597254005e-4,1.1441647597254005e-4,Inf,1,FALSE,Not_significant
VFG036227(gb|WP_173277174),1,0,8739,2839,8740,2839,1.1441647597254005e-4,0,Inf,1,1.1441647597254005e-4,1.1441647597254005e-4,Inf,1,FALSE,Not_significant
VFG036236(gb|WP_187287147),1,0,8739,2839,8740,2839,1.1441647597254005e-4,0,Inf,1,1.1441647597254005e-4,1.1441647597254005e-4,Inf,1,FALSE,Not_significant
VFG036238(gb|WP_180302249),1,0,8739,2839,8740,2839,1.1441647597254005e-4,0,Inf,1,1.1441647597254005e-4,1.1441647597254005e-4,Inf,1,FALSE,Not_significant
VFG036247(gb|WP_193363952),1,0,8739,2839,8740,2839,1.1441647597254005e-4,0,Inf,1,1.1441647597254005e-4,1.1441647597254005e-4,Inf,1,FALSE,Not_significant
VFG036263(gb|WP_180303007),1,0,8739,2839,8740,2839,1.1441647597254005e-4,0,Inf,1,1.1441647597254005e-4,1.1441647597254005e-4,Inf,1,FALSE,Not_significant
VFG036264(gb|WP_193363957),1,0,8739,2839,8740,2839,1.1441647597254005e-4,0,Inf,1,1.1441647597254005e-4,1.1441647597254005e-4,Inf,1,FALSE,Not_significant
VFG036266(gb|WP_193363949),1,0,8739,2839,8740,2839,1.1441647597254005e-4,0,Inf,1,1.1441647597254005e-4,1.1441647597254005e-4,Inf,1,FALSE,Not_significant
VFG036268(gb|WP_179099411),1,0,8739,2839,8740,2839,1.1441647597254005e-4,0,Inf,1,1.1441647597254005e-4,1.1441647597254005e-4,Inf,1,FALSE,Not_significant
VFG036269(gb|WP_079875848),1,0,8739,2839,8740,2839,1.1441647597254005e-4,0,Inf,1,1.1441647597254005e-4,1.1441647597254005e-4,Inf,1,FALSE,Not_significant
VFG036270(gb|WP_118868808),1,0,8739,2839,8740,2839,1.1441647597254005e-4,0,Inf,1,1.1441647597254005e-4,1.1441647597254005e-4,Inf,1,FALSE,Not_significant
VFG036991(gb|WP_002246381),1,0,8739,2839,8740,2839,1.1441647597254005e-4,0,Inf,1,1.1441647597254005e-4,1.1441647597254005e-4,Inf,1,FALSE,Not_significant
VFG036992(gb|WP_002224969),1,0,8739,2839,8740,2839,1.1441647597254005e-4,0,Inf,1,1.1441647597254005e-4,1.1441647597254005e-4,Inf,1,FALSE,Not_significant
VFG036993(gb|WP_010951248),1,0,8739,2839,8740,2839,1.1441647597254005e-4,0,Inf,1,1.1441647597254005e-4,1.1441647597254005e-4,Inf,1,FALSE,Not_significant
VFG036994(gb|WP_002220428),1,0,8739,2839,8740,2839,1.1441647597254005e-4,0,Inf,1,1.1441647597254005e-4,1.1441647597254005e-4,Inf,1,FALSE,Not_significant
VFG036996(gb|WP_003695678),1,0,8739,2839,8740,2839,1.1441647597254005e-4,0,Inf,1,1.1441647597254005e-4,1.1441647597254005e-4,Inf,1,FALSE,Not_significant
VFG036997(gb|WP_014580612),1,0,8739,2839,8740,2839,1.1441647597254005e-4,0,Inf,1,1.1441647597254005e-4,1.1441647597254005e-4,Inf,1,FALSE,Not_significant
VFG036998(gb|WP_014573843),1,0,8739,2839,8740,2839,1.1441647597254005e-4,0,Inf,1,1.1441647597254005e-4,1.1441647597254005e-4,Inf,1,FALSE,Not_significant
VFG036999(gb|WP_002258682),1,0,8739,2839,8740,2839,1.1441647597254005e-4,0,Inf,1,1.1441647597254005e-4,1.1441647597254005e-4,Inf,1,FALSE,Not_significant
VFG037000(gb|WP_014575520),1,0,8739,2839,8740,2839,1.1441647597254005e-4,0,Inf,1,1.1441647597254005e-4,1.1441647597254005e-4,Inf,1,FALSE,Not_significant
VFG037001(gb|WP_002216629),1,0,8739,2839,8740,2839,1.1441647597254005e-4,0,Inf,1,1.1441647597254005e-4,1.1441647597254005e-4,Inf,1,FALSE,Not_significant
VFG037002(gb|WP_014575520),1,0,8739,2839,8740,2839,1.1441647597254005e-4,0,Inf,1,1.1441647597254005e-4,1.1441647597254005e-4,Inf,1,FALSE,Not_significant
VFG037003(gb|WP_002220428),1,0,8739,2839,8740,2839,1.1441647597254005e-4,0,Inf,1,1.1441647597254005e-4,1.1441647597254005e-4,Inf,1,FALSE,Not_significant
VFG037005(gb|WP_014582208),1,0,8739,2839,8740,2839,1.1441647597254005e-4,0,Inf,1,1.1441647597254005e-4,1.1441647597254005e-4,Inf,1,FALSE,Not_significant
VFG037008(gb|WP_013448560),1,0,8739,2839,8740,2839,1.1441647597254005e-4,0,Inf,1,1.1441647597254005e-4,1.1441647597254005e-4,Inf,1,FALSE,Not_significant
VFG037271,1,0,8739,2839,8740,2839,1.1441647597254005e-4,0,Inf,1,1.1441647597254005e-4,1.1441647597254005e-4,Inf,1,FALSE,Not_significant
VFG037272(gb|WP_001281555),1,0,8739,2839,8740,2839,1.1441647597254005e-4,0,Inf,1,1.1441647597254005e-4,1.1441647597254005e-4,Inf,1,FALSE,Not_significant
VFG037273(gb|WP_001281554),1,0,8739,2839,8740,2839,1.1441647597254005e-4,0,Inf,1,1.1441647597254005e-4,1.1441647597254005e-4,Inf,1,FALSE,Not_significant
VFG037274(gb|WP_001281538),1,0,8739,2839,8740,2839,1.1441647597254005e-4,0,Inf,1,1.1441647597254005e-4,1.1441647597254005e-4,Inf,1,FALSE,Not_significant
VFG037277(gb|WP_031967279),1,0,8739,2839,8740,2839,1.1441647597254005e-4,0,Inf,1,1.1441647597254005e-4,1.1441647597254005e-4,Inf,1,FALSE,Not_significant
VFG037278(gb|WP_139161447),1,0,8739,2839,8740,2839,1.1441647597254005e-4,0,Inf,1,1.1441647597254005e-4,1.1441647597254005e-4,Inf,1,FALSE,Not_significant
VFG037280(gb|WP_001281545),1,0,8739,2839,8740,2839,1.1441647597254005e-4,0,Inf,1,1.1441647597254005e-4,1.1441647597254005e-4,Inf,1,FALSE,Not_significant
VFG037355(gb|WP_001073031),1,0,8739,2839,8740,2839,1.1441647597254005e-4,0,Inf,1,1.1441647597254005e-4,1.1441647597254005e-4,Inf,1,FALSE,Not_significant
VFG037358(gb|WP_001073030),1,0,8739,2839,8740,2839,1.1441647597254005e-4,0,Inf,1,1.1441647597254005e-4,1.1441647597254005e-4,Inf,1,FALSE,Not_significant
VFG037512(gb|WP_079740461),1,0,8739,2839,8740,2839,1.1441647597254005e-4,0,Inf,1,1.1441647597254005e-4,1.1441647597254005e-4,Inf,1,FALSE,Not_significant
VFG037513(gb|WP_085947930),1,0,8739,2839,8740,2839,1.1441647597254005e-4,0,Inf,1,1.1441647597254005e-4,1.1441647597254005e-4,Inf,1,FALSE,Not_significant
VFG037514(gb|WP_086225839),1,0,8739,2839,8740,2839,1.1441647597254005e-4,0,Inf,1,1.1441647597254005e-4,1.1441647597254005e-4,Inf,1,FALSE,Not_significant
VFG037518(gb|YP_005797902),1,0,8739,2839,8740,2839,1.1441647597254005e-4,0,Inf,1,1.1441647597254005e-4,1.1441647597254005e-4,Inf,1,FALSE,Not_significant
VFG037520(gb|WP_000837763),1,0,8739,2839,8740,2839,1.1441647597254005e-4,0,Inf,1,1.1441647597254005e-4,1.1441647597254005e-4,Inf,1,FALSE,Not_significant
VFG037521(gb|WP_000837764),1,0,8739,2839,8740,2839,1.1441647597254005e-4,0,Inf,1,1.1441647597254005e-4,1.1441647597254005e-4,Inf,1,FALSE,Not_significant
VFG037635(gb|WP_193759791),1,0,8739,2839,8740,2839,1.1441647597254005e-4,0,Inf,1,1.1441647597254005e-4,1.1441647597254005e-4,Inf,1,FALSE,Not_significant
VFG037641(gb|WP_078197625),1,0,8739,2839,8740,2839,1.1441647597254005e-4,0,Inf,1,1.1441647597254005e-4,1.1441647597254005e-4,Inf,1,FALSE,Not_significant
VFG037644(gb|WP_031961704),1,0,8739,2839,8740,2839,1.1441647597254005e-4,0,Inf,1,1.1441647597254005e-4,1.1441647597254005e-4,Inf,1,FALSE,Not_significant
VFG037790(gb|WP_000064875),1,0,8739,2839,8740,2839,1.1441647597254005e-4,0,Inf,1,1.1441647597254005e-4,1.1441647597254005e-4,Inf,1,FALSE,Not_significant
VFG037792(gb|WP_000064875),1,0,8739,2839,8740,2839,1.1441647597254005e-4,0,Inf,1,1.1441647597254005e-4,1.1441647597254005e-4,Inf,1,FALSE,Not_significant
VFG037793(gb|YP_001084994),1,0,8739,2839,8740,2839,1.1441647597254005e-4,0,Inf,1,1.1441647597254005e-4,1.1441647597254005e-4,Inf,1,FALSE,Not_significant
VFG037796(gb|WP_000064875),1,0,8739,2839,8740,2839,1.1441647597254005e-4,0,Inf,1,1.1441647597254005e-4,1.1441647597254005e-4,Inf,1,FALSE,Not_significant
VFG037798(gb|WP_000064877),1,0,8739,2839,8740,2839,1.1441647597254005e-4,0,Inf,1,1.1441647597254005e-4,1.1441647597254005e-4,Inf,1,FALSE,Not_significant
VFG037801(gb|WP_000064875),1,0,8739,2839,8740,2839,1.1441647597254005e-4,0,Inf,1,1.1441647597254005e-4,1.1441647597254005e-4,Inf,1,FALSE,Not_significant
VFG037850(gb|WP_001075963),1,0,8739,2839,8740,2839,1.1441647597254005e-4,0,Inf,1,1.1441647597254005e-4,1.1441647597254005e-4,Inf,1,FALSE,Not_significant
VFG037851(gb|WP_000209932),1,0,8739,2839,8740,2839,1.1441647597254005e-4,0,Inf,1,1.1441647597254005e-4,1.1441647597254005e-4,Inf,1,FALSE,Not_significant
VFG037859(gb|WP_000209939),1,0,8739,2839,8740,2839,1.1441647597254005e-4,0,Inf,1,1.1441647597254005e-4,1.1441647597254005e-4,Inf,1,FALSE,Not_significant
VFG037943(gb|YP_001083152),1,0,8739,2839,8740,2839,1.1441647597254005e-4,0,Inf,1,1.1441647597254005e-4,1.1441647597254005e-4,Inf,1,FALSE,Not_significant
VFG037958(gb|YP_001083153),1,0,8739,2839,8740,2839,1.1441647597254005e-4,0,Inf,1,1.1441647597254005e-4,1.1441647597254005e-4,Inf,1,FALSE,Not_significant
VFG037963(gb|WP_001062745),1,0,8739,2839,8740,2839,1.1441647597254005e-4,0,Inf,1,1.1441647597254005e-4,1.1441647597254005e-4,Inf,1,FALSE,Not_significant
VFG037988(gb|YP_001083155),1,0,8739,2839,8740,2839,1.1441647597254005e-4,0,Inf,1,1.1441647597254005e-4,1.1441647597254005e-4,Inf,1,FALSE,Not_significant
VFG038078(gb|YP_001083161),1,0,8739,2839,8740,2839,1.1441647597254005e-4,0,Inf,1,1.1441647597254005e-4,1.1441647597254005e-4,Inf,1,FALSE,Not_significant
VFG038106(gb|YP_001083163),1,0,8739,2839,8740,2839,1.1441647597254005e-4,0,Inf,1,1.1441647597254005e-4,1.1441647597254005e-4,Inf,1,FALSE,Not_significant
VFG038108(gb|WP_000045491),1,0,8739,2839,8740,2839,1.1441647597254005e-4,0,Inf,1,1.1441647597254005e-4,1.1441647597254005e-4,Inf,1,FALSE,Not_significant
VFG038127(gb|WP_000045503),1,0,8739,2839,8740,2839,1.1441647597254005e-4,0,Inf,1,1.1441647597254005e-4,1.1441647597254005e-4,Inf,1,FALSE,Not_significant
VFG038132(gb|WP_000045495),1,0,8739,2839,8740,2839,1.1441647597254005e-4,0,Inf,1,1.1441647597254005e-4,1.1441647597254005e-4,Inf,1,FALSE,Not_significant
VFG038133(gb|WP_000209956),1,0,8739,2839,8740,2839,1.1441647597254005e-4,0,Inf,1,1.1441647597254005e-4,1.1441647597254005e-4,Inf,1,FALSE,Not_significant
VFG038140(gb|YP_005796987),1,0,8739,2839,8740,2839,1.1441647597254005e-4,0,Inf,1,1.1441647597254005e-4,1.1441647597254005e-4,Inf,1,FALSE,Not_significant
VFG038142(gb|WP_000045499),1,0,8739,2839,8740,2839,1.1441647597254005e-4,0,Inf,1,1.1441647597254005e-4,1.1441647597254005e-4,Inf,1,FALSE,Not_significant
VFG038150(gb|WP_000209936),1,0,8739,2839,8740,2839,1.1441647597254005e-4,0,Inf,1,1.1441647597254005e-4,1.1441647597254005e-4,Inf,1,FALSE,Not_significant
VFG038155(gb|WP_000209960),1,0,8739,2839,8740,2839,1.1441647597254005e-4,0,Inf,1,1.1441647597254005e-4,1.1441647597254005e-4,Inf,1,FALSE,Not_significant
VFG038159(gb|WP_001062904),1,0,8739,2839,8740,2839,1.1441647597254005e-4,0,Inf,1,1.1441647597254005e-4,1.1441647597254005e-4,Inf,1,FALSE,Not_significant
VFG038160(gb|YP_005796989),1,0,8739,2839,8740,2839,1.1441647597254005e-4,0,Inf,1,1.1441647597254005e-4,1.1441647597254005e-4,Inf,1,FALSE,Not_significant
VFG038162(gb|WP_000209937),1,0,8739,2839,8740,2839,1.1441647597254005e-4,0,Inf,1,1.1441647597254005e-4,1.1441647597254005e-4,Inf,1,FALSE,Not_significant
VFG038163(gb|WP_000045509),1,0,8739,2839,8740,2839,1.1441647597254005e-4,0,Inf,1,1.1441647597254005e-4,1.1441647597254005e-4,Inf,1,FALSE,Not_significant
VFG038167(gb|WP_000209958),1,0,8739,2839,8740,2839,1.1441647597254005e-4,0,Inf,1,1.1441647597254005e-4,1.1441647597254005e-4,Inf,1,FALSE,Not_significant
VFG038170(gb|WP_000209955),1,0,8739,2839,8740,2839,1.1441647597254005e-4,0,Inf,1,1.1441647597254005e-4,1.1441647597254005e-4,Inf,1,FALSE,Not_significant
VFG038174(gb|WP_000777885),1,0,8739,2839,8740,2839,1.1441647597254005e-4,0,Inf,1,1.1441647597254005e-4,1.1441647597254005e-4,Inf,1,FALSE,Not_significant
VFG038176(gb|WP_000777882),1,0,8739,2839,8740,2839,1.1441647597254005e-4,0,Inf,1,1.1441647597254005e-4,1.1441647597254005e-4,Inf,1,FALSE,Not_significant
VFG038180(gb|WP_000777877),1,0,8739,2839,8740,2839,1.1441647597254005e-4,0,Inf,1,1.1441647597254005e-4,1.1441647597254005e-4,Inf,1,FALSE,Not_significant
VFG038182(gb|WP_000777875),1,0,8739,2839,8740,2839,1.1441647597254005e-4,0,Inf,1,1.1441647597254005e-4,1.1441647597254005e-4,Inf,1,FALSE,Not_significant
VFG038185(gb|WP_000777881),1,0,8739,2839,8740,2839,1.1441647597254005e-4,0,Inf,1,1.1441647597254005e-4,1.1441647597254005e-4,Inf,1,FALSE,Not_significant
VFG038202,1,0,8739,2839,8740,2839,1.1441647597254005e-4,0,Inf,1,1.1441647597254005e-4,1.1441647597254005e-4,Inf,1,FALSE,Not_significant
VFG038203(gb|WP_000446790),1,0,8739,2839,8740,2839,1.1441647597254005e-4,0,Inf,1,1.1441647597254005e-4,1.1441647597254005e-4,Inf,1,FALSE,Not_significant
VFG038205(gb|WP_000446779),1,0,8739,2839,8740,2839,1.1441647597254005e-4,0,Inf,1,1.1441647597254005e-4,1.1441647597254005e-4,Inf,1,FALSE,Not_significant
VFG038206(gb|YP_001083200),1,0,8739,2839,8740,2839,1.1441647597254005e-4,0,Inf,1,1.1441647597254005e-4,1.1441647597254005e-4,Inf,1,FALSE,Not_significant
VFG038208(gb|WP_000446790),1,0,8739,2839,8740,2839,1.1441647597254005e-4,0,Inf,1,1.1441647597254005e-4,1.1441647597254005e-4,Inf,1,FALSE,Not_significant
VFG038209(gb|WP_020752695),1,0,8739,2839,8740,2839,1.1441647597254005e-4,0,Inf,1,1.1441647597254005e-4,1.1441647597254005e-4,Inf,1,FALSE,Not_significant
VFG038211(gb|WP_000446790),1,0,8739,2839,8740,2839,1.1441647597254005e-4,0,Inf,1,1.1441647597254005e-4,1.1441647597254005e-4,Inf,1,FALSE,Not_significant
VFG038231(gb|WP_000472465),1,0,8739,2839,8740,2839,1.1441647597254005e-4,0,Inf,1,1.1441647597254005e-4,1.1441647597254005e-4,Inf,1,FALSE,Not_significant
VFG038232(gb|WP_001985884),1,0,8739,2839,8740,2839,1.1441647597254005e-4,0,Inf,1,1.1441647597254005e-4,1.1441647597254005e-4,Inf,1,FALSE,Not_significant
VFG038235(gb|YP_001083791),1,0,8739,2839,8740,2839,1.1441647597254005e-4,0,Inf,1,1.1441647597254005e-4,1.1441647597254005e-4,Inf,1,FALSE,Not_significant
VFG038237(gb|WP_000226704),1,0,8739,2839,8740,2839,1.1441647597254005e-4,0,Inf,1,1.1441647597254005e-4,1.1441647597254005e-4,Inf,1,FALSE,Not_significant
VFG038238(gb|WP_000226703),1,0,8739,2839,8740,2839,1.1441647597254005e-4,0,Inf,1,1.1441647597254005e-4,1.1441647597254005e-4,Inf,1,FALSE,Not_significant
VFG038240(gb|WP_043960856),1,0,8739,2839,8740,2839,1.1441647597254005e-4,0,Inf,1,1.1441647597254005e-4,1.1441647597254005e-4,Inf,1,FALSE,Not_significant
VFG038243(gb|WP_134815986),1,0,8739,2839,8740,2839,1.1441647597254005e-4,0,Inf,1,1.1441647597254005e-4,1.1441647597254005e-4,Inf,1,FALSE,Not_significant
VFG038678(gb|WP_011705284),1,0,8739,2839,8740,2839,1.1441647597254005e-4,0,Inf,1,1.1441647597254005e-4,1.1441647597254005e-4,Inf,1,FALSE,Not_significant
VFG038679(gb|WP_016350055),1,0,8739,2839,8740,2839,1.1441647597254005e-4,0,Inf,1,1.1441647597254005e-4,1.1441647597254005e-4,Inf,1,FALSE,Not_significant
VFG038765,1,0,8739,2839,8740,2839,1.1441647597254005e-4,0,Inf,1,1.1441647597254005e-4,1.1441647597254005e-4,Inf,1,FALSE,Not_significant
VFG041090(gb|NP_459263),1,0,8739,2839,8740,2839,1.1441647597254005e-4,0,Inf,1,1.1441647597254005e-4,1.1441647597254005e-4,Inf,1,FALSE,Not_significant
VFG041091(gb|NP_459264),1,0,8739,2839,8740,2839,1.1441647597254005e-4,0,Inf,1,1.1441647597254005e-4,1.1441647597254005e-4,Inf,1,FALSE,Not_significant
VFG042083(gb|NP_311753),1,0,8739,2839,8740,2839,1.1441647597254005e-4,0,Inf,1,1.1441647597254005e-4,1.1441647597254005e-4,Inf,1,FALSE,Not_significant
VFG042084(gb|NP_311752),1,0,8739,2839,8740,2839,1.1441647597254005e-4,0,Inf,1,1.1441647597254005e-4,1.1441647597254005e-4,Inf,1,FALSE,Not_significant
VFG042087(gb|NP_311746),1,0,8739,2839,8740,2839,1.1441647597254005e-4,0,Inf,1,1.1441647597254005e-4,1.1441647597254005e-4,Inf,1,FALSE,Not_significant
VFG042090(gb|NP_311745),1,0,8739,2839,8740,2839,1.1441647597254005e-4,0,Inf,1,1.1441647597254005e-4,1.1441647597254005e-4,Inf,1,FALSE,Not_significant
VFG042091(gb|NP_311742),1,0,8739,2839,8740,2839,1.1441647597254005e-4,0,Inf,1,1.1441647597254005e-4,1.1441647597254005e-4,Inf,1,FALSE,Not_significant
VFG042313(gb|NP_459562),1,0,8739,2839,8740,2839,1.1441647597254005e-4,0,Inf,1,1.1441647597254005e-4,1.1441647597254005e-4,Inf,1,FALSE,Not_significant
VFG042379(gb|ABQ43330),1,0,8739,2839,8740,2839,1.1441647597254005e-4,0,Inf,1,1.1441647597254005e-4,1.1441647597254005e-4,Inf,1,FALSE,Not_significant
VFG042380(gb|ABQ43328),1,0,8739,2839,8740,2839,1.1441647597254005e-4,0,Inf,1,1.1441647597254005e-4,1.1441647597254005e-4,Inf,1,FALSE,Not_significant
VFG042381(gb|ABQ42352),1,0,8739,2839,8740,2839,1.1441647597254005e-4,0,Inf,1,1.1441647597254005e-4,1.1441647597254005e-4,Inf,1,FALSE,Not_significant
VFG042401(gb|WP_001165677),1,0,8739,2839,8740,2839,1.1441647597254005e-4,0,Inf,1,1.1441647597254005e-4,1.1441647597254005e-4,Inf,1,FALSE,Not_significant
VFG042404,1,0,8739,2839,8740,2839,1.1441647597254005e-4,0,Inf,1,1.1441647597254005e-4,1.1441647597254005e-4,Inf,1,FALSE,Not_significant
VFG042608(gb|NP_459033),1,0,8739,2839,8740,2839,1.1441647597254005e-4,0,Inf,1,1.1441647597254005e-4,1.1441647597254005e-4,Inf,1,FALSE,Not_significant
VFG042732(gb|WP_002218144),1,0,8739,2839,8740,2839,1.1441647597254005e-4,0,Inf,1,1.1441647597254005e-4,1.1441647597254005e-4,Inf,1,FALSE,Not_significant
VFG042733(gb|WP_002214937),1,0,8739,2839,8740,2839,1.1441647597254005e-4,0,Inf,1,1.1441647597254005e-4,1.1441647597254005e-4,Inf,1,FALSE,Not_significant
VFG043081(gb|WP_000589319),1,0,8739,2839,8740,2839,1.1441647597254005e-4,0,Inf,1,1.1441647597254005e-4,1.1441647597254005e-4,Inf,1,FALSE,Not_significant
VFG043088(gb|WP_000983602),1,0,8739,2839,8740,2839,1.1441647597254005e-4,0,Inf,1,1.1441647597254005e-4,1.1441647597254005e-4,Inf,1,FALSE,Not_significant
VFG043092(gb|WP_010904770),1,0,8739,2839,8740,2839,1.1441647597254005e-4,0,Inf,1,1.1441647597254005e-4,1.1441647597254005e-4,Inf,1,FALSE,Not_significant
VFG043097(gb|WP_001291603),1,0,8739,2839,8740,2839,1.1441647597254005e-4,0,Inf,1,1.1441647597254005e-4,1.1441647597254005e-4,Inf,1,FALSE,Not_significant
VFG043098(gb|WP_001302091),1,0,8739,2839,8740,2839,1.1441647597254005e-4,0,Inf,1,1.1441647597254005e-4,1.1441647597254005e-4,Inf,1,FALSE,Not_significant
VFG043101(gb|WP_001087467),1,0,8739,2839,8740,2839,1.1441647597254005e-4,0,Inf,1,1.1441647597254005e-4,1.1441647597254005e-4,Inf,1,FALSE,Not_significant
VFG043115(gb|WP_001282098),1,0,8739,2839,8740,2839,1.1441647597254005e-4,0,Inf,1,1.1441647597254005e-4,1.1441647597254005e-4,Inf,1,FALSE,Not_significant
VFG043116(gb|WP_001302429),1,0,8739,2839,8740,2839,1.1441647597254005e-4,0,Inf,1,1.1441647597254005e-4,1.1441647597254005e-4,Inf,1,FALSE,Not_significant
VFG043452(gb|WP_001170264),1,0,8739,2839,8740,2839,1.1441647597254005e-4,0,Inf,1,1.1441647597254005e-4,1.1441647597254005e-4,Inf,1,FALSE,Not_significant
VFG043784(gb|BAC97796),1,0,8739,2839,8740,2839,1.1441647597254005e-4,0,Inf,1,1.1441647597254005e-4,1.1441647597254005e-4,Inf,1,FALSE,Not_significant
VFG043982(gb|CAA61099),1,0,8739,2839,8740,2839,1.1441647597254005e-4,0,Inf,1,1.1441647597254005e-4,1.1441647597254005e-4,Inf,1,FALSE,Not_significant
VFG044257(gb|WP_000610051),1,0,8739,2839,8740,2839,1.1441647597254005e-4,0,Inf,1,1.1441647597254005e-4,1.1441647597254005e-4,Inf,1,FALSE,Not_significant
VFG044258(gb|WP_001179888),1,0,8739,2839,8740,2839,1.1441647597254005e-4,0,Inf,1,1.1441647597254005e-4,1.1441647597254005e-4,Inf,1,FALSE,Not_significant
VFG044259(gb|WP_001795559),1,0,8739,2839,8740,2839,1.1441647597254005e-4,0,Inf,1,1.1441647597254005e-4,1.1441647597254005e-4,Inf,1,FALSE,Not_significant
VFG044261(gb|WP_001223700),1,0,8739,2839,8740,2839,1.1441647597254005e-4,0,Inf,1,1.1441647597254005e-4,1.1441647597254005e-4,Inf,1,FALSE,Not_significant
VFG044277(gb|WP_001052566),1,0,8739,2839,8740,2839,1.1441647597254005e-4,0,Inf,1,1.1441647597254005e-4,1.1441647597254005e-4,Inf,1,FALSE,Not_significant
VFG044325(gb|WP_002212761),1,0,8739,2839,8740,2839,1.1441647597254005e-4,0,Inf,1,1.1441647597254005e-4,1.1441647597254005e-4,Inf,1,FALSE,Not_significant
VFG044328(gb|WP_015874963),1,0,8739,2839,8740,2839,1.1441647597254005e-4,0,Inf,1,1.1441647597254005e-4,1.1441647597254005e-4,Inf,1,FALSE,Not_significant
VFG044443(gb|WP_001032773),1,0,8739,2839,8740,2839,1.1441647597254005e-4,0,Inf,1,1.1441647597254005e-4,1.1441647597254005e-4,Inf,1,FALSE,Not_significant
VFG045631(gb|WP_002305699),1,0,8739,2839,8740,2839,1.1441647597254005e-4,0,Inf,1,1.1441647597254005e-4,1.1441647597254005e-4,Inf,1,FALSE,Not_significant
VFG045632(gb|WP_002286924),1,0,8739,2839,8740,2839,1.1441647597254005e-4,0,Inf,1,1.1441647597254005e-4,1.1441647597254005e-4,Inf,1,FALSE,Not_significant
VFG045670(gb|WP_002286379),1,0,8739,2839,8740,2839,1.1441647597254005e-4,0,Inf,1,1.1441647597254005e-4,1.1441647597254005e-4,Inf,1,FALSE,Not_significant
VFG045671(gb|WP_002294628),1,0,8739,2839,8740,2839,1.1441647597254005e-4,0,Inf,1,1.1441647597254005e-4,1.1441647597254005e-4,Inf,1,FALSE,Not_significant
VFG045820(gb|WP_023281714),1,0,8739,2839,8740,2839,1.1441647597254005e-4,0,Inf,1,1.1441647597254005e-4,1.1441647597254005e-4,Inf,1,FALSE,Not_significant
VFG045821(gb|WP_023281695),1,0,8739,2839,8740,2839,1.1441647597254005e-4,0,Inf,1,1.1441647597254005e-4,1.1441647597254005e-4,Inf,1,FALSE,Not_significant
VFG045826(gb|WP_021526504),1,0,8739,2839,8740,2839,1.1441647597254005e-4,0,Inf,1,1.1441647597254005e-4,1.1441647597254005e-4,Inf,1,FALSE,Not_significant
VFG045916(gb|WP_001165668),1,0,8739,2839,8740,2839,1.1441647597254005e-4,0,Inf,1,1.1441647597254005e-4,1.1441647597254005e-4,Inf,1,FALSE,Not_significant
VFG045917(gb|NP_415461),1,0,8739,2839,8740,2839,1.1441647597254005e-4,0,Inf,1,1.1441647597254005e-4,1.1441647597254005e-4,Inf,1,FALSE,Not_significant
VFG045918(gb|WP_001165678),1,0,8739,2839,8740,2839,1.1441647597254005e-4,0,Inf,1,1.1441647597254005e-4,1.1441647597254005e-4,Inf,1,FALSE,Not_significant
VFG045923(gb|WP_001165655),1,0,8739,2839,8740,2839,1.1441647597254005e-4,0,Inf,1,1.1441647597254005e-4,1.1441647597254005e-4,Inf,1,FALSE,Not_significant
VFG045926(gb|WP_001165657),1,0,8739,2839,8740,2839,1.1441647597254005e-4,0,Inf,1,1.1441647597254005e-4,1.1441647597254005e-4,Inf,1,FALSE,Not_significant
VFG045931(gb|WP_001165658),1,0,8739,2839,8740,2839,1.1441647597254005e-4,0,Inf,1,1.1441647597254005e-4,1.1441647597254005e-4,Inf,1,FALSE,Not_significant
VFG045932,1,0,8739,2839,8740,2839,1.1441647597254005e-4,0,Inf,1,1.1441647597254005e-4,1.1441647597254005e-4,Inf,1,FALSE,Not_significant
VFG045933(gb|WP_001165671),1,0,8739,2839,8740,2839,1.1441647597254005e-4,0,Inf,1,1.1441647597254005e-4,1.1441647597254005e-4,Inf,1,FALSE,Not_significant
VFG045935(gb|WP_001165655),1,0,8739,2839,8740,2839,1.1441647597254005e-4,0,Inf,1,1.1441647597254005e-4,1.1441647597254005e-4,Inf,1,FALSE,Not_significant
VFG046063(gb|WP_046072797),1,0,8739,2839,8740,2839,1.1441647597254005e-4,0,Inf,1,1.1441647597254005e-4,1.1441647597254005e-4,Inf,1,FALSE,Not_significant
VFG046099(gb|WP_046072850),1,0,8739,2839,8740,2839,1.1441647597254005e-4,0,Inf,1,1.1441647597254005e-4,1.1441647597254005e-4,Inf,1,FALSE,Not_significant
VFG046109(gb|WP_000654453),1,0,8739,2839,8740,2839,1.1441647597254005e-4,0,Inf,1,1.1441647597254005e-4,1.1441647597254005e-4,Inf,1,FALSE,Not_significant
VFG046112(gb|WP_046072848),1,0,8739,2839,8740,2839,1.1441647597254005e-4,0,Inf,1,1.1441647597254005e-4,1.1441647597254005e-4,Inf,1,FALSE,Not_significant
VFG048302(gb|WP_014906960),1,0,8739,2839,8740,2839,1.1441647597254005e-4,0,Inf,1,1.1441647597254005e-4,1.1441647597254005e-4,Inf,1,FALSE,Not_significant
VFG048303(gb|YP_005228661),1,0,8739,2839,8740,2839,1.1441647597254005e-4,0,Inf,1,1.1441647597254005e-4,1.1441647597254005e-4,Inf,1,FALSE,Not_significant
VFG048304(gb|WP_004151788),1,0,8739,2839,8740,2839,1.1441647597254005e-4,0,Inf,1,1.1441647597254005e-4,1.1441647597254005e-4,Inf,1,FALSE,Not_significant
VFG048305(gb|WP_004151788),1,0,8739,2839,8740,2839,1.1441647597254005e-4,0,Inf,1,1.1441647597254005e-4,1.1441647597254005e-4,Inf,1,FALSE,Not_significant
VFG048306(gb|WP_024264619),1,0,8739,2839,8740,2839,1.1441647597254005e-4,0,Inf,1,1.1441647597254005e-4,1.1441647597254005e-4,Inf,1,FALSE,Not_significant
VFG048307(gb|WP_041937815),1,0,8739,2839,8740,2839,1.1441647597254005e-4,0,Inf,1,1.1441647597254005e-4,1.1441647597254005e-4,Inf,1,FALSE,Not_significant
VFG048308(gb|WP_004151788),1,0,8739,2839,8740,2839,1.1441647597254005e-4,0,Inf,1,1.1441647597254005e-4,1.1441647597254005e-4,Inf,1,FALSE,Not_significant
VFG048313(gb|YP_005228662),1,0,8739,2839,8740,2839,1.1441647597254005e-4,0,Inf,1,1.1441647597254005e-4,1.1441647597254005e-4,Inf,1,FALSE,Not_significant
VFG048315(gb|WP_014599252),1,0,8739,2839,8740,2839,1.1441647597254005e-4,0,Inf,1,1.1441647597254005e-4,1.1441647597254005e-4,Inf,1,FALSE,Not_significant
VFG048316(gb|WP_015958940),1,0,8739,2839,8740,2839,1.1441647597254005e-4,0,Inf,1,1.1441647597254005e-4,1.1441647597254005e-4,Inf,1,FALSE,Not_significant
VFG048317(gb|WP_014906959),1,0,8739,2839,8740,2839,1.1441647597254005e-4,0,Inf,1,1.1441647597254005e-4,1.1441647597254005e-4,Inf,1,FALSE,Not_significant
VFG048318(gb|WP_004144030),1,0,8739,2839,8740,2839,1.1441647597254005e-4,0,Inf,1,1.1441647597254005e-4,1.1441647597254005e-4,Inf,1,FALSE,Not_significant
VFG048473(gb|WP_004147521),1,0,8739,2839,8740,2839,1.1441647597254005e-4,0,Inf,1,1.1441647597254005e-4,1.1441647597254005e-4,Inf,1,FALSE,Not_significant
VFG048474(gb|YP_005225742),1,0,8739,2839,8740,2839,1.1441647597254005e-4,0,Inf,1,1.1441647597254005e-4,1.1441647597254005e-4,Inf,1,FALSE,Not_significant
VFG048476(gb|WP_004223582),1,0,8739,2839,8740,2839,1.1441647597254005e-4,0,Inf,1,1.1441647597254005e-4,1.1441647597254005e-4,Inf,1,FALSE,Not_significant
VFG048477(gb|WP_004147521),1,0,8739,2839,8740,2839,1.1441647597254005e-4,0,Inf,1,1.1441647597254005e-4,1.1441647597254005e-4,Inf,1,FALSE,Not_significant
VFG048478(gb|WP_004147521),1,0,8739,2839,8740,2839,1.1441647597254005e-4,0,Inf,1,1.1441647597254005e-4,1.1441647597254005e-4,Inf,1,FALSE,Not_significant
VFG048479(gb|WP_012968727),1,0,8739,2839,8740,2839,1.1441647597254005e-4,0,Inf,1,1.1441647597254005e-4,1.1441647597254005e-4,Inf,1,FALSE,Not_significant
VFG048483(gb|WP_012542491),1,0,8739,2839,8740,2839,1.1441647597254005e-4,0,Inf,1,1.1441647597254005e-4,1.1441647597254005e-4,Inf,1,FALSE,Not_significant
VFG048484(gb|YP_005225741),1,0,8739,2839,8740,2839,1.1441647597254005e-4,0,Inf,1,1.1441647597254005e-4,1.1441647597254005e-4,Inf,1,FALSE,Not_significant
VFG048486(gb|WP_004223579),1,0,8739,2839,8740,2839,1.1441647597254005e-4,0,Inf,1,1.1441647597254005e-4,1.1441647597254005e-4,Inf,1,FALSE,Not_significant
VFG048487(gb|WP_002893737),1,0,8739,2839,8740,2839,1.1441647597254005e-4,0,Inf,1,1.1441647597254005e-4,1.1441647597254005e-4,Inf,1,FALSE,Not_significant
VFG048488(gb|WP_002893737),1,0,8739,2839,8740,2839,1.1441647597254005e-4,0,Inf,1,1.1441647597254005e-4,1.1441647597254005e-4,Inf,1,FALSE,Not_significant
VFG048489(gb|WP_012968728),1,0,8739,2839,8740,2839,1.1441647597254005e-4,0,Inf,1,1.1441647597254005e-4,1.1441647597254005e-4,Inf,1,FALSE,Not_significant
VFG048493(gb|WP_012542492),1,0,8739,2839,8740,2839,1.1441647597254005e-4,0,Inf,1,1.1441647597254005e-4,1.1441647597254005e-4,Inf,1,FALSE,Not_significant
VFG048494(gb|YP_005225740),1,0,8739,2839,8740,2839,1.1441647597254005e-4,0,Inf,1,1.1441647597254005e-4,1.1441647597254005e-4,Inf,1,FALSE,Not_significant
VFG048496(gb|WP_014599078),1,0,8739,2839,8740,2839,1.1441647597254005e-4,0,Inf,1,1.1441647597254005e-4,1.1441647597254005e-4,Inf,1,FALSE,Not_significant
VFG048497(gb|WP_041937591),1,0,8739,2839,8740,2839,1.1441647597254005e-4,0,Inf,1,1.1441647597254005e-4,1.1441647597254005e-4,Inf,1,FALSE,Not_significant
VFG048498(gb|WP_012737619),1,0,8739,2839,8740,2839,1.1441647597254005e-4,0,Inf,1,1.1441647597254005e-4,1.1441647597254005e-4,Inf,1,FALSE,Not_significant
VFG048499(gb|WP_012968729),1,0,8739,2839,8740,2839,1.1441647597254005e-4,0,Inf,1,1.1441647597254005e-4,1.1441647597254005e-4,Inf,1,FALSE,Not_significant
VFG048502(gb|WP_012737618),1,0,8739,2839,8740,2839,1.1441647597254005e-4,0,Inf,1,1.1441647597254005e-4,1.1441647597254005e-4,Inf,1,FALSE,Not_significant
VFG048503(gb|WP_012542493),1,0,8739,2839,8740,2839,1.1441647597254005e-4,0,Inf,1,1.1441647597254005e-4,1.1441647597254005e-4,Inf,1,FALSE,Not_significant
VFG048504(gb|YP_005225738),1,0,8739,2839,8740,2839,1.1441647597254005e-4,0,Inf,1,1.1441647597254005e-4,1.1441647597254005e-4,Inf,1,FALSE,Not_significant
VFG048506(gb|WP_004223574),1,0,8739,2839,8740,2839,1.1441647597254005e-4,0,Inf,1,1.1441647597254005e-4,1.1441647597254005e-4,Inf,1,FALSE,Not_significant
VFG048507(gb|WP_019705362),1,0,8739,2839,8740,2839,1.1441647597254005e-4,0,Inf,1,1.1441647597254005e-4,1.1441647597254005e-4,Inf,1,FALSE,Not_significant
VFG048508(gb|WP_012737618),1,0,8739,2839,8740,2839,1.1441647597254005e-4,0,Inf,1,1.1441647597254005e-4,1.1441647597254005e-4,Inf,1,FALSE,Not_significant
VFG048509(gb|WP_012968730),1,0,8739,2839,8740,2839,1.1441647597254005e-4,0,Inf,1,1.1441647597254005e-4,1.1441647597254005e-4,Inf,1,FALSE,Not_significant
VFG048541(gb|WP_041169040),1,0,8739,2839,8740,2839,1.1441647597254005e-4,0,Inf,1,1.1441647597254005e-4,1.1441647597254005e-4,Inf,1,FALSE,Not_significant
VFG048542(gb|WP_012542068),1,0,8739,2839,8740,2839,1.1441647597254005e-4,0,Inf,1,1.1441647597254005e-4,1.1441647597254005e-4,Inf,1,FALSE,Not_significant
VFG048543(gb|YP_005226444),1,0,8739,2839,8740,2839,1.1441647597254005e-4,0,Inf,1,1.1441647597254005e-4,1.1441647597254005e-4,Inf,1,FALSE,Not_significant
VFG048544(gb|WP_002901630),1,0,8739,2839,8740,2839,1.1441647597254005e-4,0,Inf,1,1.1441647597254005e-4,1.1441647597254005e-4,Inf,1,FALSE,Not_significant
VFG048545(gb|WP_004224251),1,0,8739,2839,8740,2839,1.1441647597254005e-4,0,Inf,1,1.1441647597254005e-4,1.1441647597254005e-4,Inf,1,FALSE,Not_significant
VFG048546(gb|WP_015958223),1,0,8739,2839,8740,2839,1.1441647597254005e-4,0,Inf,1,1.1441647597254005e-4,1.1441647597254005e-4,Inf,1,FALSE,Not_significant
VFG048548(gb|WP_020947523),1,0,8739,2839,8740,2839,1.1441647597254005e-4,0,Inf,1,1.1441647597254005e-4,1.1441647597254005e-4,Inf,1,FALSE,Not_significant
VFG048566(gb|WP_014907271),1,0,8739,2839,8740,2839,1.1441647597254005e-4,0,Inf,1,1.1441647597254005e-4,1.1441647597254005e-4,Inf,1,FALSE,Not_significant
VFG048567(gb|YP_005227763),1,0,8739,2839,8740,2839,1.1441647597254005e-4,0,Inf,1,1.1441647597254005e-4,1.1441647597254005e-4,Inf,1,FALSE,Not_significant
VFG048578(gb|WP_014907269),1,0,8739,2839,8740,2839,1.1441647597254005e-4,0,Inf,1,1.1441647597254005e-4,1.1441647597254005e-4,Inf,1,FALSE,Not_significant
VFG048579(gb|YP_005227766),1,0,8739,2839,8740,2839,1.1441647597254005e-4,0,Inf,1,1.1441647597254005e-4,1.1441647597254005e-4,Inf,1,FALSE,Not_significant
VFG048661(gb|YP_005226600),1,0,8739,2839,8740,2839,1.1441647597254005e-4,0,Inf,1,1.1441647597254005e-4,1.1441647597254005e-4,Inf,1,FALSE,Not_significant
VFG048663(gb|WP_004176431),1,0,8739,2839,8740,2839,1.1441647597254005e-4,0,Inf,1,1.1441647597254005e-4,1.1441647597254005e-4,Inf,1,FALSE,Not_significant
VFG048664(gb|WP_004176431),1,0,8739,2839,8740,2839,1.1441647597254005e-4,0,Inf,1,1.1441647597254005e-4,1.1441647597254005e-4,Inf,1,FALSE,Not_significant
VFG048665(gb|WP_004176431),1,0,8739,2839,8740,2839,1.1441647597254005e-4,0,Inf,1,1.1441647597254005e-4,1.1441647597254005e-4,Inf,1,FALSE,Not_significant
VFG048666(gb|WP_004140195),1,0,8739,2839,8740,2839,1.1441647597254005e-4,0,Inf,1,1.1441647597254005e-4,1.1441647597254005e-4,Inf,1,FALSE,Not_significant
VFG048682(gb|WP_002902160),1,0,8739,2839,8740,2839,1.1441647597254005e-4,0,Inf,1,1.1441647597254005e-4,1.1441647597254005e-4,Inf,1,FALSE,Not_significant
VFG048683(gb|YP_005226602),1,0,8739,2839,8740,2839,1.1441647597254005e-4,0,Inf,1,1.1441647597254005e-4,1.1441647597254005e-4,Inf,1,FALSE,Not_significant
VFG048685(gb|WP_002902160),1,0,8739,2839,8740,2839,1.1441647597254005e-4,0,Inf,1,1.1441647597254005e-4,1.1441647597254005e-4,Inf,1,FALSE,Not_significant
VFG048686(gb|WP_002902160),1,0,8739,2839,8740,2839,1.1441647597254005e-4,0,Inf,1,1.1441647597254005e-4,1.1441647597254005e-4,Inf,1,FALSE,Not_significant
VFG048687(gb|WP_002902160),1,0,8739,2839,8740,2839,1.1441647597254005e-4,0,Inf,1,1.1441647597254005e-4,1.1441647597254005e-4,Inf,1,FALSE,Not_significant
VFG048688(gb|WP_020953393),1,0,8739,2839,8740,2839,1.1441647597254005e-4,0,Inf,1,1.1441647597254005e-4,1.1441647597254005e-4,Inf,1,FALSE,Not_significant
VFG048689(gb|WP_002902160),1,0,8739,2839,8740,2839,1.1441647597254005e-4,0,Inf,1,1.1441647597254005e-4,1.1441647597254005e-4,Inf,1,FALSE,Not_significant
VFG048691(gb|WP_014907724),1,0,8739,2839,8740,2839,1.1441647597254005e-4,0,Inf,1,1.1441647597254005e-4,1.1441647597254005e-4,Inf,1,FALSE,Not_significant
VFG048692(gb|WP_012541980),1,0,8739,2839,8740,2839,1.1441647597254005e-4,0,Inf,1,1.1441647597254005e-4,1.1441647597254005e-4,Inf,1,FALSE,Not_significant
VFG048693(gb|YP_005226603),1,0,8739,2839,8740,2839,1.1441647597254005e-4,0,Inf,1,1.1441647597254005e-4,1.1441647597254005e-4,Inf,1,FALSE,Not_significant
VFG048695,1,0,8739,2839,8740,2839,1.1441647597254005e-4,0,Inf,1,1.1441647597254005e-4,1.1441647597254005e-4,Inf,1,FALSE,Not_significant
VFG048696(gb|WP_040188146),1,0,8739,2839,8740,2839,1.1441647597254005e-4,0,Inf,1,1.1441647597254005e-4,1.1441647597254005e-4,Inf,1,FALSE,Not_significant
VFG048697(gb|WP_015874721),1,0,8739,2839,8740,2839,1.1441647597254005e-4,0,Inf,1,1.1441647597254005e-4,1.1441647597254005e-4,Inf,1,FALSE,Not_significant
VFG048698(gb|WP_020947550),1,0,8739,2839,8740,2839,1.1441647597254005e-4,0,Inf,1,1.1441647597254005e-4,1.1441647597254005e-4,Inf,1,FALSE,Not_significant
VFG048699(gb|WP_012968410),1,0,8739,2839,8740,2839,1.1441647597254005e-4,0,Inf,1,1.1441647597254005e-4,1.1441647597254005e-4,Inf,1,FALSE,Not_significant
VFG048792(gb|WP_024188874),1,0,8739,2839,8740,2839,1.1441647597254005e-4,0,Inf,1,1.1441647597254005e-4,1.1441647597254005e-4,Inf,1,FALSE,Not_significant
VFG048793(gb|YP_005227854),1,0,8739,2839,8740,2839,1.1441647597254005e-4,0,Inf,1,1.1441647597254005e-4,1.1441647597254005e-4,Inf,1,FALSE,Not_significant
VFG048794(gb|WP_049256767),1,0,8739,2839,8740,2839,1.1441647597254005e-4,0,Inf,1,1.1441647597254005e-4,1.1441647597254005e-4,Inf,1,FALSE,Not_significant
VFG048795(gb|WP_004175261),1,0,8739,2839,8740,2839,1.1441647597254005e-4,0,Inf,1,1.1441647597254005e-4,1.1441647597254005e-4,Inf,1,FALSE,Not_significant
VFG048796(gb|WP_015958696),1,0,8739,2839,8740,2839,1.1441647597254005e-4,0,Inf,1,1.1441647597254005e-4,1.1441647597254005e-4,Inf,1,FALSE,Not_significant
VFG048797(gb|WP_004175261),1,0,8739,2839,8740,2839,1.1441647597254005e-4,0,Inf,1,1.1441647597254005e-4,1.1441647597254005e-4,Inf,1,FALSE,Not_significant
VFG048799(gb|WP_024188874),1,0,8739,2839,8740,2839,1.1441647597254005e-4,0,Inf,1,1.1441647597254005e-4,1.1441647597254005e-4,Inf,1,FALSE,Not_significant
VFG048805(gb|WP_020956624),1,0,8739,2839,8740,2839,1.1441647597254005e-4,0,Inf,1,1.1441647597254005e-4,1.1441647597254005e-4,Inf,1,FALSE,Not_significant
VFG048806(gb|WP_004899416),1,0,8739,2839,8740,2839,1.1441647597254005e-4,0,Inf,1,1.1441647597254005e-4,1.1441647597254005e-4,Inf,1,FALSE,Not_significant
VFG048808(gb|WP_004899416),1,0,8739,2839,8740,2839,1.1441647597254005e-4,0,Inf,1,1.1441647597254005e-4,1.1441647597254005e-4,Inf,1,FALSE,Not_significant
VFG048869(gb|WP_012541081),1,0,8739,2839,8740,2839,1.1441647597254005e-4,0,Inf,1,1.1441647597254005e-4,1.1441647597254005e-4,Inf,1,FALSE,Not_significant
VFG048949(gb|WP_004184823),1,0,8739,2839,8740,2839,1.1441647597254005e-4,0,Inf,1,1.1441647597254005e-4,1.1441647597254005e-4,Inf,1,FALSE,Not_significant
VFG048960(gb|WP_014599212),1,0,8739,2839,8740,2839,1.1441647597254005e-4,0,Inf,1,1.1441647597254005e-4,1.1441647597254005e-4,Inf,1,FALSE,Not_significant
VFG048963(gb|WP_004899416),1,0,8739,2839,8740,2839,1.1441647597254005e-4,0,Inf,1,1.1441647597254005e-4,1.1441647597254005e-4,Inf,1,FALSE,Not_significant
VFG048970(gb|WP_004175261),1,0,8739,2839,8740,2839,1.1441647597254005e-4,0,Inf,1,1.1441647597254005e-4,1.1441647597254005e-4,Inf,1,FALSE,Not_significant
VFG048973(gb|WP_000704907),1,0,8739,2839,8740,2839,1.1441647597254005e-4,0,Inf,1,1.1441647597254005e-4,1.1441647597254005e-4,Inf,1,FALSE,Not_significant
VFG048982(gb|WP_004899416),1,0,8739,2839,8740,2839,1.1441647597254005e-4,0,Inf,1,1.1441647597254005e-4,1.1441647597254005e-4,Inf,1,FALSE,Not_significant
VFG048987(gb|WP_000704907),1,0,8739,2839,8740,2839,1.1441647597254005e-4,0,Inf,1,1.1441647597254005e-4,1.1441647597254005e-4,Inf,1,FALSE,Not_significant
VFG048988(gb|YP_005227873),1,0,8739,2839,8740,2839,1.1441647597254005e-4,0,Inf,1,1.1441647597254005e-4,1.1441647597254005e-4,Inf,1,FALSE,Not_significant
VFG048990(gb|WP_001741945),1,0,8739,2839,8740,2839,1.1441647597254005e-4,0,Inf,1,1.1441647597254005e-4,1.1441647597254005e-4,Inf,1,FALSE,Not_significant
VFG048991(gb|YP_005227874),1,0,8739,2839,8740,2839,1.1441647597254005e-4,0,Inf,1,1.1441647597254005e-4,1.1441647597254005e-4,Inf,1,FALSE,Not_significant
VFG048992(gb|WP_004151150),1,0,8739,2839,8740,2839,1.1441647597254005e-4,0,Inf,1,1.1441647597254005e-4,1.1441647597254005e-4,Inf,1,FALSE,Not_significant
VFG048993(gb|WP_001741945),1,0,8739,2839,8740,2839,1.1441647597254005e-4,0,Inf,1,1.1441647597254005e-4,1.1441647597254005e-4,Inf,1,FALSE,Not_significant
VFG049004(gb|WP_032419820),1,0,8739,2839,8740,2839,1.1441647597254005e-4,0,Inf,1,1.1441647597254005e-4,1.1441647597254005e-4,Inf,1,FALSE,Not_significant
VFG049005(gb|WP_004180447),1,0,8739,2839,8740,2839,1.1441647597254005e-4,0,Inf,1,1.1441647597254005e-4,1.1441647597254005e-4,Inf,1,FALSE,Not_significant
VFG049007(gb|WP_002911561),1,0,8739,2839,8740,2839,1.1441647597254005e-4,0,Inf,1,1.1441647597254005e-4,1.1441647597254005e-4,Inf,1,FALSE,Not_significant
VFG049008(gb|WP_004141142),1,0,8739,2839,8740,2839,1.1441647597254005e-4,0,Inf,1,1.1441647597254005e-4,1.1441647597254005e-4,Inf,1,FALSE,Not_significant
VFG049025(gb|YP_005227844),1,0,8739,2839,8740,2839,1.1441647597254005e-4,0,Inf,1,1.1441647597254005e-4,1.1441647597254005e-4,Inf,1,FALSE,Not_significant
VFG049035(gb|WP_012541094),1,0,8739,2839,8740,2839,1.1441647597254005e-4,0,Inf,1,1.1441647597254005e-4,1.1441647597254005e-4,Inf,1,FALSE,Not_significant
VFG049037(gb|WP_020956641),1,0,8739,2839,8740,2839,1.1441647597254005e-4,0,Inf,1,1.1441647597254005e-4,1.1441647597254005e-4,Inf,1,FALSE,Not_significant
VFG049042(gb|WP_012967600),1,0,8739,2839,8740,2839,1.1441647597254005e-4,0,Inf,1,1.1441647597254005e-4,1.1441647597254005e-4,Inf,1,FALSE,Not_significant
VFG049174(gb|WP_012540699),1,0,8739,2839,8740,2839,1.1441647597254005e-4,0,Inf,1,1.1441647597254005e-4,1.1441647597254005e-4,Inf,1,FALSE,Not_significant
VFG049175(gb|WP_009485633),1,0,8739,2839,8740,2839,1.1441647597254005e-4,0,Inf,1,1.1441647597254005e-4,1.1441647597254005e-4,Inf,1,FALSE,Not_significant
VFG049180(gb|WP_181446003),1,0,8739,2839,8740,2839,1.1441647597254005e-4,0,Inf,1,1.1441647597254005e-4,1.1441647597254005e-4,Inf,1,FALSE,Not_significant
VFG049181(gb|WP_170919772),1,0,8739,2839,8740,2839,1.1441647597254005e-4,0,Inf,1,1.1441647597254005e-4,1.1441647597254005e-4,Inf,1,FALSE,Not_significant
VFG049182(gb|WP_020948164),1,0,8739,2839,8740,2839,1.1441647597254005e-4,0,Inf,1,1.1441647597254005e-4,1.1441647597254005e-4,Inf,1,FALSE,Not_significant
VFG049192(gb|WP_008806080),1,0,8739,2839,8740,2839,1.1441647597254005e-4,0,Inf,1,1.1441647597254005e-4,1.1441647597254005e-4,Inf,1,FALSE,Not_significant
VFG049251(gb|WP_012541328),1,0,8739,2839,8740,2839,1.1441647597254005e-4,0,Inf,1,1.1441647597254005e-4,1.1441647597254005e-4,Inf,1,FALSE,Not_significant
VFG049252(gb|WP_004899005),1,0,8739,2839,8740,2839,1.1441647597254005e-4,0,Inf,1,1.1441647597254005e-4,1.1441647597254005e-4,Inf,1,FALSE,Not_significant
VFG049313(gb|WP_002910453),1,0,8739,2839,8740,2839,1.1441647597254005e-4,0,Inf,1,1.1441647597254005e-4,1.1441647597254005e-4,Inf,1,FALSE,Not_significant
VFG049314(gb|WP_012541334),1,0,8739,2839,8740,2839,1.1441647597254005e-4,0,Inf,1,1.1441647597254005e-4,1.1441647597254005e-4,Inf,1,FALSE,Not_significant
VFG049315(gb|YP_005227544),1,0,8739,2839,8740,2839,1.1441647597254005e-4,0,Inf,1,1.1441647597254005e-4,1.1441647597254005e-4,Inf,1,FALSE,Not_significant
VFG049316(gb|WP_002910453),1,0,8739,2839,8740,2839,1.1441647597254005e-4,0,Inf,1,1.1441647597254005e-4,1.1441647597254005e-4,Inf,1,FALSE,Not_significant
VFG049317(gb|WP_002910453),1,0,8739,2839,8740,2839,1.1441647597254005e-4,0,Inf,1,1.1441647597254005e-4,1.1441647597254005e-4,Inf,1,FALSE,Not_significant
VFG049318,1,0,8739,2839,8740,2839,1.1441647597254005e-4,0,Inf,1,1.1441647597254005e-4,1.1441647597254005e-4,Inf,1,FALSE,Not_significant
VFG049320(gb|WP_002910453),1,0,8739,2839,8740,2839,1.1441647597254005e-4,0,Inf,1,1.1441647597254005e-4,1.1441647597254005e-4,Inf,1,FALSE,Not_significant
VFG049321(gb|WP_012541334),1,0,8739,2839,8740,2839,1.1441647597254005e-4,0,Inf,1,1.1441647597254005e-4,1.1441647597254005e-4,Inf,1,FALSE,Not_significant
VFG049322(gb|WP_004145442),1,0,8739,2839,8740,2839,1.1441647597254005e-4,0,Inf,1,1.1441647597254005e-4,1.1441647597254005e-4,Inf,1,FALSE,Not_significant
VFG049325(gb|WP_004200293),1,0,8739,2839,8740,2839,1.1441647597254005e-4,0,Inf,1,1.1441647597254005e-4,1.1441647597254005e-4,Inf,1,FALSE,Not_significant
VFG049326(gb|WP_004898985),1,0,8739,2839,8740,2839,1.1441647597254005e-4,0,Inf,1,1.1441647597254005e-4,1.1441647597254005e-4,Inf,1,FALSE,Not_significant
VFG049327(gb|WP_004145442),1,0,8739,2839,8740,2839,1.1441647597254005e-4,0,Inf,1,1.1441647597254005e-4,1.1441647597254005e-4,Inf,1,FALSE,Not_significant
VFG049329(gb|WP_004145442),1,0,8739,2839,8740,2839,1.1441647597254005e-4,0,Inf,1,1.1441647597254005e-4,1.1441647597254005e-4,Inf,1,FALSE,Not_significant
VFG049902(gb|WP_011310140),1,0,8739,2839,8740,2839,1.1441647597254005e-4,0,Inf,1,1.1441647597254005e-4,1.1441647597254005e-4,Inf,1,FALSE,Not_significant
VFG049917(gb|WP_000508696),1,0,8739,2839,8740,2839,1.1441647597254005e-4,0,Inf,1,1.1441647597254005e-4,1.1441647597254005e-4,Inf,1,FALSE,Not_significant
VFG050398(gb|WP_000347036.1),1,0,8739,2839,8740,2839,1.1441647597254005e-4,0,Inf,1,1.1441647597254005e-4,1.1441647597254005e-4,Inf,1,FALSE,Not_significant
VFG050400(gb|WP_000347039.1),1,0,8739,2839,8740,2839,1.1441647597254005e-4,0,Inf,1,1.1441647597254005e-4,1.1441647597254005e-4,Inf,1,FALSE,Not_significant
VFG050401(gb|YP_001083930.1),1,0,8739,2839,8740,2839,1.1441647597254005e-4,0,Inf,1,1.1441647597254005e-4,1.1441647597254005e-4,Inf,1,FALSE,Not_significant
VFG050404(gb|WP_000347035.1),1,0,8739,2839,8740,2839,1.1441647597254005e-4,0,Inf,1,1.1441647597254005e-4,1.1441647597254005e-4,Inf,1,FALSE,Not_significant
VFG050406(gb|WP_000347036.1),1,0,8739,2839,8740,2839,1.1441647597254005e-4,0,Inf,1,1.1441647597254005e-4,1.1441647597254005e-4,Inf,1,FALSE,Not_significant
VFG050413(gb|WP_000537692.1),1,0,8739,2839,8740,2839,1.1441647597254005e-4,0,Inf,1,1.1441647597254005e-4,1.1441647597254005e-4,Inf,1,FALSE,Not_significant
VFG050414(gb|WP_002027454.1),1,0,8739,2839,8740,2839,1.1441647597254005e-4,0,Inf,1,1.1441647597254005e-4,1.1441647597254005e-4,Inf,1,FALSE,Not_significant
VFG050415(gb|YP_001083555.1),1,0,8739,2839,8740,2839,1.1441647597254005e-4,0,Inf,1,1.1441647597254005e-4,1.1441647597254005e-4,Inf,1,FALSE,Not_significant
VFG050416(gb|WP_005136899.1),1,0,8739,2839,8740,2839,1.1441647597254005e-4,0,Inf,1,1.1441647597254005e-4,1.1441647597254005e-4,Inf,1,FALSE,Not_significant
VFG050418(gb|WP_004738086.1),1,0,8739,2839,8740,2839,1.1441647597254005e-4,0,Inf,1,1.1441647597254005e-4,1.1441647597254005e-4,Inf,1,FALSE,Not_significant
VFG050420(gb|WP_004738086.1),1,0,8739,2839,8740,2839,1.1441647597254005e-4,0,Inf,1,1.1441647597254005e-4,1.1441647597254005e-4,Inf,1,FALSE,Not_significant
VFG050423(gb|YP_005797437.1),1,0,8739,2839,8740,2839,1.1441647597254005e-4,0,Inf,1,1.1441647597254005e-4,1.1441647597254005e-4,Inf,1,FALSE,Not_significant
VFG050440(gb|WP_000993717.1),1,0,8739,2839,8740,2839,1.1441647597254005e-4,0,Inf,1,1.1441647597254005e-4,1.1441647597254005e-4,Inf,1,FALSE,Not_significant
VFG050443(gb|WP_000993715.1),1,0,8739,2839,8740,2839,1.1441647597254005e-4,0,Inf,1,1.1441647597254005e-4,1.1441647597254005e-4,Inf,1,FALSE,Not_significant
VFG050470(gb|WP_000279216.1),1,0,8739,2839,8740,2839,1.1441647597254005e-4,0,Inf,1,1.1441647597254005e-4,1.1441647597254005e-4,Inf,1,FALSE,Not_significant
VFG050471(gb|YP_001083394.1),1,0,8739,2839,8740,2839,1.1441647597254005e-4,0,Inf,1,1.1441647597254005e-4,1.1441647597254005e-4,Inf,1,FALSE,Not_significant
VFG050472(gb|WP_000279216.1),1,0,8739,2839,8740,2839,1.1441647597254005e-4,0,Inf,1,1.1441647597254005e-4,1.1441647597254005e-4,Inf,1,FALSE,Not_significant
VFG050474(gb|WP_000279215.1),1,0,8739,2839,8740,2839,1.1441647597254005e-4,0,Inf,1,1.1441647597254005e-4,1.1441647597254005e-4,Inf,1,FALSE,Not_significant
VFG050476(gb|WP_000279215.1),1,0,8739,2839,8740,2839,1.1441647597254005e-4,0,Inf,1,1.1441647597254005e-4,1.1441647597254005e-4,Inf,1,FALSE,Not_significant
VFG050496(gb|WP_000755275.1),1,0,8739,2839,8740,2839,1.1441647597254005e-4,0,Inf,1,1.1441647597254005e-4,1.1441647597254005e-4,Inf,1,FALSE,Not_significant
VFG050497(gb|WP_000755285.1),1,0,8739,2839,8740,2839,1.1441647597254005e-4,0,Inf,1,1.1441647597254005e-4,1.1441647597254005e-4,Inf,1,FALSE,Not_significant
VFG050499(gb|WP_000755268.1),1,0,8739,2839,8740,2839,1.1441647597254005e-4,0,Inf,1,1.1441647597254005e-4,1.1441647597254005e-4,Inf,1,FALSE,Not_significant
VFG050502(gb|WP_000755281.1),1,0,8739,2839,8740,2839,1.1441647597254005e-4,0,Inf,1,1.1441647597254005e-4,1.1441647597254005e-4,Inf,1,FALSE,Not_significant
VFG050503(gb|WP_020752706.1),1,0,8739,2839,8740,2839,1.1441647597254005e-4,0,Inf,1,1.1441647597254005e-4,1.1441647597254005e-4,Inf,1,FALSE,Not_significant
VFG050505(gb|WP_000755276.1),1,0,8739,2839,8740,2839,1.1441647597254005e-4,0,Inf,1,1.1441647597254005e-4,1.1441647597254005e-4,Inf,1,FALSE,Not_significant
VFG050508(gb|WP_000755111.1),1,0,8739,2839,8740,2839,1.1441647597254005e-4,0,Inf,1,1.1441647597254005e-4,1.1441647597254005e-4,Inf,1,FALSE,Not_significant
VFG050524(gb|WP_085916952.1),1,0,8739,2839,8740,2839,1.1441647597254005e-4,0,Inf,1,1.1441647597254005e-4,1.1441647597254005e-4,Inf,1,FALSE,Not_significant
VFG050525(gb|WP_002194578.1),1,0,8739,2839,8740,2839,1.1441647597254005e-4,0,Inf,1,1.1441647597254005e-4,1.1441647597254005e-4,Inf,1,FALSE,Not_significant
VFG050526(gb|WP_000546629.1),1,0,8739,2839,8740,2839,1.1441647597254005e-4,0,Inf,1,1.1441647597254005e-4,1.1441647597254005e-4,Inf,1,FALSE,Not_significant
VFG050527(gb|WP_002194578.1),1,0,8739,2839,8740,2839,1.1441647597254005e-4,0,Inf,1,1.1441647597254005e-4,1.1441647597254005e-4,Inf,1,FALSE,Not_significant
VFG050530(gb|WP_002194578.1),1,0,8739,2839,8740,2839,1.1441647597254005e-4,0,Inf,1,1.1441647597254005e-4,1.1441647597254005e-4,Inf,1,FALSE,Not_significant
VFG050532(gb|WP_002194578.1),1,0,8739,2839,8740,2839,1.1441647597254005e-4,0,Inf,1,1.1441647597254005e-4,1.1441647597254005e-4,Inf,1,FALSE,Not_significant
VFG050535(gb|YP_005800456.1),1,0,8739,2839,8740,2839,1.1441647597254005e-4,0,Inf,1,1.1441647597254005e-4,1.1441647597254005e-4,Inf,1,FALSE,Not_significant
VFG050537(gb|WP_000079200.1),1,0,8739,2839,8740,2839,1.1441647597254005e-4,0,Inf,1,1.1441647597254005e-4,1.1441647597254005e-4,Inf,1,FALSE,Not_significant
VFG050538(gb|WP_000079197.1),1,0,8739,2839,8740,2839,1.1441647597254005e-4,0,Inf,1,1.1441647597254005e-4,1.1441647597254005e-4,Inf,1,FALSE,Not_significant
VFG050540(gb|WP_000079192.1),1,0,8739,2839,8740,2839,1.1441647597254005e-4,0,Inf,1,1.1441647597254005e-4,1.1441647597254005e-4,Inf,1,FALSE,Not_significant
VFG050541(gb|YP_001086167.1),1,0,8739,2839,8740,2839,1.1441647597254005e-4,0,Inf,1,1.1441647597254005e-4,1.1441647597254005e-4,Inf,1,FALSE,Not_significant
VFG050544(gb|WP_000079199.1),1,0,8739,2839,8740,2839,1.1441647597254005e-4,0,Inf,1,1.1441647597254005e-4,1.1441647597254005e-4,Inf,1,FALSE,Not_significant
VFG050546(gb|WP_000079197.1),1,0,8739,2839,8740,2839,1.1441647597254005e-4,0,Inf,1,1.1441647597254005e-4,1.1441647597254005e-4,Inf,1,FALSE,Not_significant
VFG050670(gb|WP_000505931.1),1,0,8739,2839,8740,2839,1.1441647597254005e-4,0,Inf,1,1.1441647597254005e-4,1.1441647597254005e-4,Inf,1,FALSE,Not_significant
VFG050671(gb|YP_001085820.1),1,0,8739,2839,8740,2839,1.1441647597254005e-4,0,Inf,1,1.1441647597254005e-4,1.1441647597254005e-4,Inf,1,FALSE,Not_significant
VFG050672(gb|WP_000505931.1),1,0,8739,2839,8740,2839,1.1441647597254005e-4,0,Inf,1,1.1441647597254005e-4,1.1441647597254005e-4,Inf,1,FALSE,Not_significant
VFG050674(gb|WP_000505932.1),1,0,8739,2839,8740,2839,1.1441647597254005e-4,0,Inf,1,1.1441647597254005e-4,1.1441647597254005e-4,Inf,1,FALSE,Not_significant
VFG050676(gb|WP_000505931.1),1,0,8739,2839,8740,2839,1.1441647597254005e-4,0,Inf,1,1.1441647597254005e-4,1.1441647597254005e-4,Inf,1,FALSE,Not_significant
VFG050679(gb|WP_000505928.1),1,0,8739,2839,8740,2839,1.1441647597254005e-4,0,Inf,1,1.1441647597254005e-4,1.1441647597254005e-4,Inf,1,FALSE,Not_significant
VFG050680(gb|YP_005800157.1),1,0,8739,2839,8740,2839,1.1441647597254005e-4,0,Inf,1,1.1441647597254005e-4,1.1441647597254005e-4,Inf,1,FALSE,Not_significant
VFG050682(gb|WP_001160333.1),1,0,8739,2839,8740,2839,1.1441647597254005e-4,0,Inf,1,1.1441647597254005e-4,1.1441647597254005e-4,Inf,1,FALSE,Not_significant
VFG050683(gb|WP_001160337.1),1,0,8739,2839,8740,2839,1.1441647597254005e-4,0,Inf,1,1.1441647597254005e-4,1.1441647597254005e-4,Inf,1,FALSE,Not_significant
VFG050685(gb|WP_001160337.1),1,0,8739,2839,8740,2839,1.1441647597254005e-4,0,Inf,1,1.1441647597254005e-4,1.1441647597254005e-4,Inf,1,FALSE,Not_significant
VFG050686(gb|YP_001083312.1),1,0,8739,2839,8740,2839,1.1441647597254005e-4,0,Inf,1,1.1441647597254005e-4,1.1441647597254005e-4,Inf,1,FALSE,Not_significant
VFG050688(gb|WP_002001070.1),1,0,8739,2839,8740,2839,1.1441647597254005e-4,0,Inf,1,1.1441647597254005e-4,1.1441647597254005e-4,Inf,1,FALSE,Not_significant
VFG050689(gb|WP_002037247.1),1,0,8739,2839,8740,2839,1.1441647597254005e-4,0,Inf,1,1.1441647597254005e-4,1.1441647597254005e-4,Inf,1,FALSE,Not_significant
VFG050691(gb|WP_001160336.1),1,0,8739,2839,8740,2839,1.1441647597254005e-4,0,Inf,1,1.1441647597254005e-4,1.1441647597254005e-4,Inf,1,FALSE,Not_significant
VFG050740(gb|WP_001196426.1),1,0,8739,2839,8740,2839,1.1441647597254005e-4,0,Inf,1,1.1441647597254005e-4,1.1441647597254005e-4,Inf,1,FALSE,Not_significant
VFG050742(gb|WP_001196426.1),1,0,8739,2839,8740,2839,1.1441647597254005e-4,0,Inf,1,1.1441647597254005e-4,1.1441647597254005e-4,Inf,1,FALSE,Not_significant
VFG050743(gb|YP_001083348.1),1,0,8739,2839,8740,2839,1.1441647597254005e-4,0,Inf,1,1.1441647597254005e-4,1.1441647597254005e-4,Inf,1,FALSE,Not_significant
VFG050746(gb|WP_001196426.1),1,0,8739,2839,8740,2839,1.1441647597254005e-4,0,Inf,1,1.1441647597254005e-4,1.1441647597254005e-4,Inf,1,FALSE,Not_significant
VFG050748(gb|WP_001196428.1),1,0,8739,2839,8740,2839,1.1441647597254005e-4,0,Inf,1,1.1441647597254005e-4,1.1441647597254005e-4,Inf,1,FALSE,Not_significant
VFG050751(gb|WP_001196431.1),1,0,8739,2839,8740,2839,1.1441647597254005e-4,0,Inf,1,1.1441647597254005e-4,1.1441647597254005e-4,Inf,1,FALSE,Not_significant
VFG050770(gb|WP_001020910.1),1,0,8739,2839,8740,2839,1.1441647597254005e-4,0,Inf,1,1.1441647597254005e-4,1.1441647597254005e-4,Inf,1,FALSE,Not_significant
VFG050772(gb|WP_001020922.1),1,0,8739,2839,8740,2839,1.1441647597254005e-4,0,Inf,1,1.1441647597254005e-4,1.1441647597254005e-4,Inf,1,FALSE,Not_significant
VFG050773(gb|YP_001085315.1),1,0,8739,2839,8740,2839,1.1441647597254005e-4,0,Inf,1,1.1441647597254005e-4,1.1441647597254005e-4,Inf,1,FALSE,Not_significant
VFG050776(gb|WP_020753341.1),1,0,8739,2839,8740,2839,1.1441647597254005e-4,0,Inf,1,1.1441647597254005e-4,1.1441647597254005e-4,Inf,1,FALSE,Not_significant
VFG050778(gb|WP_001020916.1),1,0,8739,2839,8740,2839,1.1441647597254005e-4,0,Inf,1,1.1441647597254005e-4,1.1441647597254005e-4,Inf,1,FALSE,Not_significant
VFG050781(gb|WP_001020905.1),1,0,8739,2839,8740,2839,1.1441647597254005e-4,0,Inf,1,1.1441647597254005e-4,1.1441647597254005e-4,Inf,1,FALSE,Not_significant
VFG050857(gb|WP_000301476.1),1,0,8739,2839,8740,2839,1.1441647597254005e-4,0,Inf,1,1.1441647597254005e-4,1.1441647597254005e-4,Inf,1,FALSE,Not_significant
VFG050858(gb|WP_000301478.1),1,0,8739,2839,8740,2839,1.1441647597254005e-4,0,Inf,1,1.1441647597254005e-4,1.1441647597254005e-4,Inf,1,FALSE,Not_significant
VFG050860(gb|WP_000301479.1),1,0,8739,2839,8740,2839,1.1441647597254005e-4,0,Inf,1,1.1441647597254005e-4,1.1441647597254005e-4,Inf,1,FALSE,Not_significant
VFG050861(gb|YP_001084594.1),1,0,8739,2839,8740,2839,1.1441647597254005e-4,0,Inf,1,1.1441647597254005e-4,1.1441647597254005e-4,Inf,1,FALSE,Not_significant
VFG050863(gb|WP_001218621.1),1,0,8739,2839,8740,2839,1.1441647597254005e-4,0,Inf,1,1.1441647597254005e-4,1.1441647597254005e-4,Inf,1,FALSE,Not_significant
VFG050865(gb|WP_000301468.1),1,0,8739,2839,8740,2839,1.1441647597254005e-4,0,Inf,1,1.1441647597254005e-4,1.1441647597254005e-4,Inf,1,FALSE,Not_significant
VFG050868(gb|WP_000301482.1),1,0,8739,2839,8740,2839,1.1441647597254005e-4,0,Inf,1,1.1441647597254005e-4,1.1441647597254005e-4,Inf,1,FALSE,Not_significant
VFG050869(gb|YP_005798716.1),1,0,8739,2839,8740,2839,1.1441647597254005e-4,0,Inf,1,1.1441647597254005e-4,1.1441647597254005e-4,Inf,1,FALSE,Not_significant
VFG050944(gb|WP_000083629.1),1,0,8739,2839,8740,2839,1.1441647597254005e-4,0,Inf,1,1.1441647597254005e-4,1.1441647597254005e-4,Inf,1,FALSE,Not_significant
VFG050946(gb|WP_000083625.1),1,0,8739,2839,8740,2839,1.1441647597254005e-4,0,Inf,1,1.1441647597254005e-4,1.1441647597254005e-4,Inf,1,FALSE,Not_significant
VFG050950(gb|WP_000083629.1),1,0,8739,2839,8740,2839,1.1441647597254005e-4,0,Inf,1,1.1441647597254005e-4,1.1441647597254005e-4,Inf,1,FALSE,Not_significant
VFG050954(gb|WP_000083625.1),1,0,8739,2839,8740,2839,1.1441647597254005e-4,0,Inf,1,1.1441647597254005e-4,1.1441647597254005e-4,Inf,1,FALSE,Not_significant
VFG051029(gb|YP_001084339.1),1,0,8739,2839,8740,2839,1.1441647597254005e-4,0,Inf,1,1.1441647597254005e-4,1.1441647597254005e-4,Inf,1,FALSE,Not_significant
VFG051040(gb|WP_000653195.1),1,0,8739,2839,8740,2839,1.1441647597254005e-4,0,Inf,1,1.1441647597254005e-4,1.1441647597254005e-4,Inf,1,FALSE,Not_significant
VFG051042(gb|WP_000653195.1),1,0,8739,2839,8740,2839,1.1441647597254005e-4,0,Inf,1,1.1441647597254005e-4,1.1441647597254005e-4,Inf,1,FALSE,Not_significant
VFG051043(gb|YP_001084326.1),1,0,8739,2839,8740,2839,1.1441647597254005e-4,0,Inf,1,1.1441647597254005e-4,1.1441647597254005e-4,Inf,1,FALSE,Not_significant
VFG051044(gb|WP_000653195.1),1,0,8739,2839,8740,2839,1.1441647597254005e-4,0,Inf,1,1.1441647597254005e-4,1.1441647597254005e-4,Inf,1,FALSE,Not_significant
VFG051046(gb|WP_000653195.1),1,0,8739,2839,8740,2839,1.1441647597254005e-4,0,Inf,1,1.1441647597254005e-4,1.1441647597254005e-4,Inf,1,FALSE,Not_significant
VFG051050(gb|WP_000653195.1),1,0,8739,2839,8740,2839,1.1441647597254005e-4,0,Inf,1,1.1441647597254005e-4,1.1441647597254005e-4,Inf,1,FALSE,Not_significant
VFG051082(gb|WP_000020713.1),1,0,8739,2839,8740,2839,1.1441647597254005e-4,0,Inf,1,1.1441647597254005e-4,1.1441647597254005e-4,Inf,1,FALSE,Not_significant
VFG051084(gb|WP_000020713.1),1,0,8739,2839,8740,2839,1.1441647597254005e-4,0,Inf,1,1.1441647597254005e-4,1.1441647597254005e-4,Inf,1,FALSE,Not_significant
VFG051085(gb|YP_001084338.1),1,0,8739,2839,8740,2839,1.1441647597254005e-4,0,Inf,1,1.1441647597254005e-4,1.1441647597254005e-4,Inf,1,FALSE,Not_significant
VFG051088(gb|WP_020753007.1),1,0,8739,2839,8740,2839,1.1441647597254005e-4,0,Inf,1,1.1441647597254005e-4,1.1441647597254005e-4,Inf,1,FALSE,Not_significant
VFG051092(gb|WP_000020714.1),1,0,8739,2839,8740,2839,1.1441647597254005e-4,0,Inf,1,1.1441647597254005e-4,1.1441647597254005e-4,Inf,1,FALSE,Not_significant
VFG051492(gb|WP_011532201.1),1,0,8739,2839,8740,2839,1.1441647597254005e-4,0,Inf,1,1.1441647597254005e-4,1.1441647597254005e-4,Inf,1,FALSE,Not_significant
VFG051494(gb|WP_011105496.1),1,0,8739,2839,8740,2839,1.1441647597254005e-4,0,Inf,1,1.1441647597254005e-4,1.1441647597254005e-4,Inf,1,FALSE,Not_significant
VFG051809(gb|WP_003244989.1),1,0,8739,2839,8740,2839,1.1441647597254005e-4,0,Inf,1,1.1441647597254005e-4,1.1441647597254005e-4,Inf,1,FALSE,Not_significant
VFG004507,4,1,8736,2838,8740,2839,4.576659038901602e-4,3.522367030644593e-4,1.2994119314747823,1,1.0542920082570089e-4,1.0542920082570089e-4,1.2993135011441648,1,FALSE,Not_significant
VFG009488,4,1,8736,2838,8740,2839,4.576659038901602e-4,3.522367030644593e-4,1.2994119314747823,1,1.0542920082570089e-4,1.0542920082570089e-4,1.2993135011441648,1,FALSE,Not_significant
VFG014682(gb|WP_012077641),4,1,8736,2838,8740,2839,4.576659038901602e-4,3.522367030644593e-4,1.2994119314747823,1,1.0542920082570089e-4,1.0542920082570089e-4,1.2993135011441648,1,FALSE,Not_significant
VFG001223(gb|NP_249086),8736,2838,4,1,8740,2839,0.9995423340961098,0.9996477632969355,0.7695788962525815,1,-1.0542920082567964e-4,1.0542920082567964e-4,1.0001054774742693,1,FALSE,Not_significant
VFG001224(gb|NP_249087),8736,2838,4,1,8740,2839,0.9995423340961098,0.9996477632969355,0.7695788962525815,1,-1.0542920082567964e-4,1.0542920082567964e-4,1.0001054774742693,1,FALSE,Not_significant
VFG013898(gb|WP_003084552),8736,2838,4,1,8740,2839,0.9995423340961098,0.9996477632969355,0.7695788962525815,1,-1.0542920082567964e-4,1.0542920082567964e-4,1.0001054774742693,1,FALSE,Not_significant
VFG013910(gb|WP_033999672),8736,2838,4,1,8740,2839,0.9995423340961098,0.9996477632969355,0.7695788962525815,1,-1.0542920082567964e-4,1.0542920082567964e-4,1.0001054774742693,1,FALSE,Not_significant
VFG013911(gb|WP_003110016),8736,2838,4,1,8740,2839,0.9995423340961098,0.9996477632969355,0.7695788962525815,1,-1.0542920082567964e-4,1.0542920082567964e-4,1.0001054774742693,1,FALSE,Not_significant
VFG015067(gb|NP_249619),8736,2838,4,1,8740,2839,0.9995423340961098,0.9996477632969355,0.7695788962525815,1,-1.0542920082567964e-4,1.0542920082567964e-4,1.0001054774742693,1,FALSE,Not_significant
VFG015069(gb|WP_003102426),8736,2838,4,1,8740,2839,0.9995423340961098,0.9996477632969355,0.7695788962525815,1,-1.0542920082567964e-4,1.0542920082567964e-4,1.0001054774742693,1,FALSE,Not_significant
VFG019744(gb|WP_003084552),8736,2838,4,1,8740,2839,0.9995423340961098,0.9996477632969355,0.7695788962525815,1,-1.0542920082567964e-4,1.0542920082567964e-4,1.0001054774742693,1,FALSE,Not_significant
VFG019941(gb|WP_003102426),8736,2838,4,1,8740,2839,0.9995423340961098,0.9996477632969355,0.7695788962525815,1,-1.0542920082567964e-4,1.0542920082567964e-4,1.0001054774742693,1,FALSE,Not_significant
VFG042735(gb|NP_250513),8736,2838,4,1,8740,2839,0.9995423340961098,0.9996477632969355,0.7695788962525815,1,-1.0542920082567964e-4,1.0542920082567964e-4,1.0001054774742693,1,FALSE,Not_significant
VFG014063(gb|WP_011105280),7,2,8733,2837,8740,2839,8.009153318077803e-4,7.044734061289186e-4,1.1369952566070416,1,9.644192567886164e-5,9.644192567886164e-5,1.136899313501144,1,FALSE,Not_significant
VFG019933(gb|WP_003082283),8250,2680,490,159,8740,2839,0.9439359267734554,0.943994364212751,0.9988958981593761,0.9999999999999992,-5.843743929556666e-5,5.843743929556666e-5,1.0000619082690234,1,FALSE,Not_significant
VFG015483(gb|WP_003104969),8728,2835,12,4,8740,2839,0.9986270022883296,0.9985910531877422,1.0262188764713833,0.9999999999999999,3.5949100587351346e-5,3.5949100587351346e-5,1.0000359998224224,1,FALSE,Not_significant
VFG050300(gb|NP_250641),8731,2836,9,3,8740,2839,0.9989702517162471,0.9989432898908066,1.0262096321925502,1.0000000000000002,2.6961825440485754e-5,2.6961825440485754e-5,1.0000269903464123,1,FALSE,Not_significant
VFG001228(gb|NP_249102),8737,2838,3,1,8740,2839,0.9996567505720824,0.9996477632969355,1.0261911631728775,0.9999999999999999,8.987275146865592e-6,8.987275146865592e-6,1.0000089904419105,1,FALSE,Not_significant
VFG001231(gb|NP_249104),8737,2838,3,1,8740,2839,0.9996567505720824,0.9996477632969355,1.0261911631728775,0.9999999999999999,8.987275146865592e-6,8.987275146865592e-6,1.0000089904419105,1,FALSE,Not_significant
VFG001249(gb|NP_249790),8737,2838,3,1,8740,2839,0.9996567505720824,0.9996477632969355,1.0261911631728775,0.9999999999999999,8.987275146865592e-6,8.987275146865592e-6,1.0000089904419105,1,FALSE,Not_significant
VFG014043(gb|WP_012074000),8737,2838,3,1,8740,2839,0.9996567505720824,0.9996477632969355,1.0261911631728775,0.9999999999999999,8.987275146865592e-6,8.987275146865592e-6,1.0000089904419105,1,FALSE,Not_significant
VFG014044(gb|WP_003084592),8737,2838,3,1,8740,2839,0.9996567505720824,0.9996477632969355,1.0261911631728775,0.9999999999999999,8.987275146865592e-6,8.987275146865592e-6,1.0000089904419105,1,FALSE,Not_significant
VFG014062(gb|WP_004365046),8737,2838,3,1,8740,2839,0.9996567505720824,0.9996477632969355,1.0261911631728775,0.9999999999999999,8.987275146865592e-6,8.987275146865592e-6,1.0000089904419105,1,FALSE,Not_significant
VFG014369(gb|NP_249789),8737,2838,3,1,8740,2839,0.9996567505720824,0.9996477632969355,1.0261911631728775,0.9999999999999999,8.987275146865592e-6,8.987275146865592e-6,1.0000089904419105,1,FALSE,Not_significant
VFG014371(gb|WP_003109120),8737,2838,3,1,8740,2839,0.9996567505720824,0.9996477632969355,1.0261911631728775,0.9999999999999999,8.987275146865592e-6,8.987275146865592e-6,1.0000089904419105,1,FALSE,Not_significant
VFG014384(gb|WP_003082202),8737,2838,3,1,8740,2839,0.9996567505720824,0.9996477632969355,1.0261911631728775,0.9999999999999999,8.987275146865592e-6,8.987275146865592e-6,1.0000089904419105,1,FALSE,Not_significant
VFG019768(gb|WP_003100940),8737,2838,3,1,8740,2839,0.9996567505720824,0.9996477632969355,1.0261911631728775,0.9999999999999999,8.987275146865592e-6,8.987275146865592e-6,1.0000089904419105,1,FALSE,Not_significant
VFG019771(gb|WP_012613502),8737,2838,3,1,8740,2839,0.9996567505720824,0.9996477632969355,1.0261911631728775,0.9999999999999999,8.987275146865592e-6,8.987275146865592e-6,1.0000089904419105,1,FALSE,Not_significant
VFG019825(gb|WP_012614401),8737,2838,3,1,8740,2839,0.9996567505720824,0.9996477632969355,1.0261911631728775,0.9999999999999999,8.987275146865592e-6,8.987275146865592e-6,1.0000089904419105,1,FALSE,Not_significant
VFG019827(gb|WP_003082202),8737,2838,3,1,8740,2839,0.9996567505720824,0.9996477632969355,1.0261911631728775,0.9999999999999999,8.987275146865592e-6,8.987275146865592e-6,1.0000089904419105,1,FALSE,Not_significant
VFG014604(gb|WP_012076406),3,1,8737,2838,8740,2839,3.4324942791762013e-4,3.522367030644593e-4,0.9744773058723964,1,-8.987275146839192e-6,8.987275146839192e-6,1.0261829282611248,1,FALSE,Not_significant
VFG050565(gb|WP_000768943.1),3,1,8737,2838,8740,2839,3.4324942791762013e-4,3.522367030644593e-4,0.9744773058723964,1,-8.987275146839192e-6,8.987275146839192e-6,1.0261829282611248,1,FALSE,Not_significant
VFG000116(gb|NP_254170),8740,2839,0,0,8740,2839,1,1,0,1,0,0,1,1,FALSE,Not_significant
VFG000122(gb|NP_252230),8740,2839,0,0,8740,2839,1,1,0,1,0,0,1,1,FALSE,Not_significant
VFG000123(gb|NP_252231),8740,2839,0,0,8740,2839,1,1,0,1,0,0,1,1,FALSE,Not_significant
VFG000124(gb|NP_252232),8740,2839,0,0,8740,2839,1,1,0,1,0,0,1,1,FALSE,Not_significant
VFG000125(gb|NP_252233),8740,2839,0,0,8740,2839,1,1,0,1,0,0,1,1,FALSE,Not_significant
VFG000126(gb|NP_252234),8740,2839,0,0,8740,2839,1,1,0,1,0,0,1,1,FALSE,Not_significant
VFG000127(gb|NP_252235),8740,2839,0,0,8740,2839,1,1,0,1,0,0,1,1,FALSE,Not_significant
VFG000128(gb|NP_252236),8740,2839,0,0,8740,2839,1,1,0,1,0,0,1,1,FALSE,Not_significant
VFG000129(gb|NP_252237),8740,2839,0,0,8740,2839,1,1,0,1,0,0,1,1,FALSE,Not_significant
VFG000130(gb|NP_252238),8740,2839,0,0,8740,2839,1,1,0,1,0,0,1,1,FALSE,Not_significant
VFG000133(gb|NP_252241),8740,2839,0,0,8740,2839,1,1,0,1,0,0,1,1,FALSE,Not_significant
VFG000168(gb|NP_252918),8740,2839,0,0,8740,2839,1,1,0,1,0,0,1,1,FALSE,Not_significant
VFG014748(gb|WP_003110461),8740,2839,0,0,8740,2839,1,1,0,1,0,0,1,1,FALSE,Not_significant
VFG014759(gb|WP_074197298),8740,2839,0,0,8740,2839,1,1,0,1,0,0,1,1,FALSE,Not_significant
VFG014760(gb|WP_003138103),8740,2839,0,0,8740,2839,1,1,0,1,0,0,1,1,FALSE,Not_significant
VFG014771(gb|WP_012074769),8740,2839,0,0,8740,2839,1,1,0,1,0,0,1,1,FALSE,Not_significant
VFG014772(gb|WP_003092101),8740,2839,0,0,8740,2839,1,1,0,1,0,0,1,1,FALSE,Not_significant
VFG014783(gb|WP_012074768),8740,2839,0,0,8740,2839,1,1,0,1,0,0,1,1,FALSE,Not_significant
VFG014784(gb|WP_003110463),8740,2839,0,0,8740,2839,1,1,0,1,0,0,1,1,FALSE,Not_significant
VFG014796(gb|WP_012074767),8740,2839,0,0,8740,2839,1,1,0,1,0,0,1,1,FALSE,Not_significant
VFG014797(gb|WP_003138101),8740,2839,0,0,8740,2839,1,1,0,1,0,0,1,1,FALSE,Not_significant
VFG014808(gb|WP_012074766),8740,2839,0,0,8740,2839,1,1,0,1,0,0,1,1,FALSE,Not_significant
VFG014809(gb|WP_003138099),8740,2839,0,0,8740,2839,1,1,0,1,0,0,1,1,FALSE,Not_significant
VFG014820(gb|WP_012074765),8740,2839,0,0,8740,2839,1,1,0,1,0,0,1,1,FALSE,Not_significant
VFG014821(gb|WP_003092107),8740,2839,0,0,8740,2839,1,1,0,1,0,0,1,1,FALSE,Not_significant
VFG014833(gb|WP_003092108),8740,2839,0,0,8740,2839,1,1,0,1,0,0,1,1,FALSE,Not_significant
VFG014844(gb|WP_012074763),8740,2839,0,0,8740,2839,1,1,0,1,0,0,1,1,FALSE,Not_significant
VFG014845(gb|WP_003138085),8740,2839,0,0,8740,2839,1,1,0,1,0,0,1,1,FALSE,Not_significant
VFG014881(gb|WP_012074761),8740,2839,0,0,8740,2839,1,1,0,1,0,0,1,1,FALSE,Not_significant
VFG014882(gb|WP_003092113),8740,2839,0,0,8740,2839,1,1,0,1,0,0,1,1,FALSE,Not_significant
VFG014893(gb|NP_254009),8740,2839,0,0,8740,2839,1,1,0,1,0,0,1,1,FALSE,Not_significant
VFG014895(gb|WP_016254361),8740,2839,0,0,8740,2839,1,1,0,1,0,0,1,1,FALSE,Not_significant
VFG014986(gb|WP_003094320),8740,2839,0,0,8740,2839,1,1,0,1,0,0,1,1,FALSE,Not_significant
VFG015000(gb|NP_252339),8740,2839,0,0,8740,2839,1,1,0,1,0,0,1,1,FALSE,Not_significant
VFG015002(gb|WP_003138017),8740,2839,0,0,8740,2839,1,1,0,1,0,0,1,1,FALSE,Not_significant
VFG015852(gb|NP_252009),8740,2839,0,0,8740,2839,1,1,0,1,0,0,1,1,FALSE,Not_significant
VFG015853(gb|WP_012074913),8740,2839,0,0,8740,2839,1,1,0,1,0,0,1,1,FALSE,Not_significant
VFG015854(gb|WP_003138281),8740,2839,0,0,8740,2839,1,1,0,1,0,0,1,1,FALSE,Not_significant
VFG016130(gb|WP_003137468),8740,2839,0,0,8740,2839,1,1,0,1,0,0,1,1,FALSE,Not_significant
VFG019885(gb|WP_003119545),8740,2839,0,0,8740,2839,1,1,0,1,0,0,1,1,FALSE,Not_significant
VFG019887(gb|WP_003092101),8740,2839,0,0,8740,2839,1,1,0,1,0,0,1,1,FALSE,Not_significant
VFG019889(gb|WP_003110463),8740,2839,0,0,8740,2839,1,1,0,1,0,0,1,1,FALSE,Not_significant
VFG019891(gb|WP_003110464),8740,2839,0,0,8740,2839,1,1,0,1,0,0,1,1,FALSE,Not_significant
VFG019893(gb|WP_003110465),8740,2839,0,0,8740,2839,1,1,0,1,0,0,1,1,FALSE,Not_significant
VFG019895(gb|WP_012613748),8740,2839,0,0,8740,2839,1,1,0,1,0,0,1,1,FALSE,Not_significant
VFG019897(gb|WP_012613747),8740,2839,0,0,8740,2839,1,1,0,1,0,0,1,1,FALSE,Not_significant
VFG019899(gb|WP_003110467),8740,2839,0,0,8740,2839,1,1,0,1,0,0,1,1,FALSE,Not_significant
VFG019905(gb|WP_003092113),8740,2839,0,0,8740,2839,1,1,0,1,0,0,1,1,FALSE,Not_significant
VFG019907(gb|WP_010792971),8740,2839,0,0,8740,2839,1,1,0,1,0,0,1,1,FALSE,Not_significant
VFG019924(gb|WP_012613725),8740,2839,0,0,8740,2839,1,1,0,1,0,0,1,1,FALSE,Not_significant
VFG020045(gb|WP_012613840),8740,2839,0,0,8740,2839,1,1,0,1,0,0,1,1,FALSE,Not_significant
VFG020092(gb|WP_003118945),8740,2839,0,0,8740,2839,1,1,0,1,0,0,1,1,FALSE,Not_significant
VFG041047(gb|NP_252174),8740,2839,0,0,8740,2839,1,1,0,1,0,0,1,1,FALSE,Not_significant
VFG042736(gb|NP_253152),8740,2839,0,0,8740,2839,1,1,0,1,0,0,1,1,FALSE,Not_significant
VFG042738(gb|NP_253646),8740,2839,0,0,8740,2839,1,1,0,1,0,0,1,1,FALSE,Not_significant
VFG044103(gb|NP_253397),8740,2839,0,0,8740,2839,1,1,0,1,0,0,1,1,FALSE,Not_significant
VFG044104(gb|NP_253398),8740,2839,0,0,8740,2839,1,1,0,1,0,0,1,1,FALSE,Not_significant
VFG051818(gb|WP_003092026.1),8740,2839,0,0,8740,2839,1,1,0,1,0,0,1,1,FALSE,Not_significant
VFG051821(gb|WP_003138171.1),8740,2839,0,0,8740,2839,1,1,0,1,0,0,1,1,FALSE,Not_significant
