Genome_ID,Clade,Niche,Genomovar_Cluster,Clone_Cluster
GCA_000259025.1,CladeA,CF,Cluster_103,Cluster_2034
GCA_000271985.2,CladeA,Terrestrial,Cluster_313,Cluster_2035
GCA_000359565.1,CladeA,Blood,Cluster_242,Cluster_2036
GCA_000412735.1,CladeA,Plant,Cluster_43,Cluster_2037
GCA_000480355.1,CladeA,CF,Cluster_43,Cluster_2038
GCA_000480375.1,CladeA,CF,Cluster_10,Cluster_2039
GCA_000480645.1,CladeB,Eye,Cluster_55,Cluster_2040
GCA_000480665.1,CladeA,Eye,Cluster_10,Cluster_2041
GCA_000480685.1,CladeA,Eye,Cluster_40,Cluster_2042
GCA_000480705.1,CladeB,Eye,Cluster_114,Cluster_2043
GCA_000480725.1,CladeB,Eye,Cluster_52,Cluster_2044
GCA_000480745.1,CladeB,Eye,Cluster_64,Cluster_153
GCA_000480765.1,CladeA,Eye,Cluster_40,Cluster_2045
GCA_000480785.1,CladeB,Eye,Cluster_145,Cluster_669
GCA_000480805.1,CladeB,Eye,Cluster_11,Cluster_2046
GCA_000480825.1,CladeB,Eye,Cluster_17,Cluster_781
GCA_000480845.1,CladeB,Eye,Cluster_314,Cluster_2047
GCA_000480865.1,CladeB,Eye,Cluster_11,Cluster_2048
GCA_000480885.1,CladeB,Eye,Cluster_57,Cluster_2049
GCA_000480925.1,CladeA,Eye,Cluster_43,Cluster_2050
GCA_000480945.1,CladeA,Eye,Cluster_20,Cluster_1671
GCA_000480965.1,CladeB,Eye,Cluster_64,Cluster_153
GCA_000480985.1,CladeB,Eye,Cluster_11,Cluster_2051
GCA_000481005.1,CladeA,Eye,Cluster_24,Cluster_2052
GCA_000481025.1,CladeA,Eye,Cluster_43,Cluster_2053
GCA_000481045.1,CladeA,Eye,Cluster_34,Cluster_2054
GCA_000481065.1,CladeB,Eye,Cluster_159,Cluster_2055
GCA_000481125.1,CladeA,Eye,Cluster_46,Cluster_2056
GCA_000481205.1,CladeA,Lung,Cluster_273,Cluster_2057
GCA_000481225.1,CladeA,Wound,Cluster_2,Cluster_1080
GCA_000481245.1,CladeA,Wound,Cluster_2,Cluster_2058
GCA_000481265.1,CladeA,Sputum,Cluster_60,Cluster_2059
GCA_000481285.1,CladeA,Sputum,Cluster_20,Cluster_2060
GCA_000481305.1,CladeA,Sputum,Cluster_23,Cluster_2061
GCA_000481325.1,CladeA,Wound,Cluster_20,Cluster_2062
GCA_000481345.1,CladeA,Wound,Cluster_315,Cluster_2063
GCA_000481365.1,CladeA,Urinary,Cluster_10,Cluster_2064
GCA_000481385.1,CladeA,Ear,Cluster_281,Cluster_2065
GCA_000481405.1,CladeA,Urinary,Cluster_24,Cluster_2066
GCA_000481425.1,CladeA,Wound,Cluster_20,Cluster_459
GCA_000481445.1,CladeA,Sputum,Cluster_125,Cluster_2067
GCA_000481465.1,CladeA,Sputum,Cluster_20,Cluster_2060
GCA_000481485.1,CladeA,Wound,Cluster_60,Cluster_2068
GCA_000481525.1,CladeA,Wound,Cluster_24,Cluster_2069
GCA_000481545.1,CladeA,Wound,Cluster_116,Cluster_2070
GCA_000481565.1,CladeA,Wound,Cluster_43,Cluster_2071
GCA_000481605.1,CladeA,Urinary,Cluster_2,Cluster_1080
GCA_000481645.1,CladeA,Sputum,Cluster_10,Cluster_2072
GCA_000481665.1,CladeA,Blood,Cluster_10,Cluster_2073
GCA_000481685.1,CladeA,Urinary,Cluster_24,Cluster_2074
GCA_000481705.1,CladeB,Blood,Cluster_52,Cluster_2075
GCA_000481725.1,CladeA,Blood,Cluster_10,Cluster_2076
GCA_000481745.1,CladeB,Eye,Cluster_11,Cluster_2077
GCA_000481765.1,CladeB,Eye,Cluster_316,Cluster_2078
GCA_000481885.1,CladeA,CF,Cluster_317,Cluster_2079
GCA_000481905.1,CladeA,CF,Cluster_10,Cluster_2080
GCA_000481925.1,CladeA,CF,Cluster_2,Cluster_1949
GCA_000481945.1,CladeA,CF,Cluster_10,Cluster_1517
GCA_000481965.1,CladeA,Aquatic,Cluster_318,Cluster_2081
GCA_000481985.1,CladeA,Aquatic,Cluster_318,Cluster_2081
GCA_000482005.1,CladeA,Plant,Cluster_63,Cluster_2082
GCA_000482025.1,CladeA,Terrestrial,Cluster_289,Cluster_2083
GCA_000504045.1,CladeB,Terrestrial,Cluster_319,Cluster_2084
GCA_000510305.1,CladeA,CF,Cluster_116,Cluster_2085
GCA_000520255.1,CladeA,Sputum,Cluster_13,Cluster_2086
GCA_000520295.1,CladeA,Sputum,Cluster_9,Cluster_2087
GCA_000520315.1,CladeB,Urinary,Cluster_17,Cluster_2088
GCA_000520335.1,CladeB,Wound,Cluster_320,Cluster_2089
GCA_000520375.1,CladeA,Wound,Cluster_43,Cluster_2090
GCA_000520395.1,CladeA,Sputum,Cluster_20,Cluster_2091
GCA_000568215.1,CladeA,Aquatic,Cluster_2,Cluster_2092
GCA_000568235.2,CladeA,CF,Cluster_48,Cluster_2093
GCA_000629045.1,CladeA,Ear,Cluster_24,Cluster_2094
GCA_000629065.1,CladeA,Urinary,Cluster_5,Cluster_2095
GCA_000629085.1,CladeA,Wound,Cluster_25,Cluster_37
GCA_000629105.1,CladeA,Sputum,Cluster_2,Cluster_2096
GCA_000629125.1,CladeB,Urinary,Cluster_11,Cluster_2097
GCA_000629145.1,CladeA,Sputum,Cluster_229,Cluster_2098
GCA_000632755.1,CladeA,Aquatic,Cluster_3,Cluster_2099
GCA_000633495.1,CladeA,Plant,Cluster_20,Cluster_2100
GCA_000647595.2,CladeB,Animal,Cluster_64,Cluster_2101
GCA_000705155.1,CladeA,CF,Cluster_75,Cluster_2102
GCA_000705215.1,CladeA,CF,Cluster_24,Cluster_2103
GCA_000710625.1,CladeA,Wound,Cluster_24,Cluster_2104
GCA_000737795.1,CladeB,Blood,Cluster_11,Cluster_2105
GCA_000757505.1,CladeA,Aquatic,Cluster_105,Cluster_2106
GCA_000763245.3,CladeA,Urinary,Cluster_43,Cluster_2107
GCA_000789485.1,CladeA,Urinary,Cluster_22,Cluster_2108
GCA_000789495.1,CladeB,Lung,Cluster_151,Cluster_2109
GCA_000789535.1,CladeA,Urinary,Cluster_26,Cluster_1191
GCA_000789625.1,CladeB,Urinary,Cluster_11,Cluster_2110
GCA_000789635.1,CladeB,Urinary,Cluster_11,Cluster_2111
GCA_000789755.1,CladeA,Lung,Cluster_22,Cluster_2112
GCA_000789785.1,CladeB,Urinary,Cluster_17,Cluster_2113
GCA_000789885.1,CladeA,Urinary,Cluster_5,Cluster_2114
GCA_000789905.1,CladeA,Lung,Cluster_43,Cluster_2115
GCA_000790035.1,CladeA,Urinary,Cluster_160,Cluster_2116
GCA_000790105.1,CladeA,Urinary,Cluster_123,Cluster_2117
GCA_000790155.1,CladeA,Lung,Cluster_58,Cluster_2118
GCA_000790205.1,CladeA,Lung,Cluster_85,Cluster_2119
GCA_000790215.1,CladeA,Lung,Cluster_5,Cluster_2120
GCA_000790265.1,CladeB,Urinary,Cluster_4,Cluster_2121
GCA_000790285.1,CladeA,Urinary,Cluster_66,Cluster_2122
GCA_000790345.1,CladeB,Urinary,Cluster_64,Cluster_2123
GCA_000790355.1,CladeA,Lung,Cluster_5,Cluster_2124
GCA_000790405.1,CladeB,Lung,Cluster_11,Cluster_2125
GCA_000790425.1,CladeA,Lung,Cluster_5,Cluster_2126
GCA_000790465.1,CladeC,Urinary,Cluster_250,Cluster_2127
GCA_000790485.1,CladeA,Lung,Cluster_147,Cluster_2128
GCA_000790525.1,CladeA,Lung,Cluster_103,Cluster_2129
GCA_000790545.1,CladeA,Lung,Cluster_10,Cluster_2130
GCA_000790605.1,CladeA,Lung,Cluster_26,Cluster_2131
GCA_000790625.1,CladeA,Urinary,Cluster_5,Cluster_2132
GCA_000790655.1,CladeA,Lung,Cluster_14,Cluster_2133
GCA_000790705.1,CladeA,Urinary,Cluster_1,Cluster_8
GCA_000790825.1,CladeA,Urinary,Cluster_10,Cluster_2134
GCA_000790835.1,CladeB,Lung,Cluster_114,Cluster_2135
GCA_000790865.1,CladeA,Lung,Cluster_34,Cluster_2136
GCA_000790885.1,CladeB,Lung,Cluster_55,Cluster_2137
GCA_000790905.1,CladeA,Urinary,Cluster_9,Cluster_2138
GCA_000790985.1,CladeB,Urinary,Cluster_17,Cluster_814
GCA_000791005.1,CladeB,Urinary,Cluster_17,Cluster_2139
GCA_000791035.1,CladeB,Lung,Cluster_17,Cluster_2140
GCA_000791065.1,CladeA,Urinary,Cluster_41,Cluster_2141
GCA_000791125.1,CladeB,Lung,Cluster_11,Cluster_2142
GCA_000791185.1,CladeA,Lung,Cluster_26,Cluster_2143
GCA_000791205.1,CladeA,Lung,Cluster_43,Cluster_2144
GCA_000791225.1,CladeA,Lung,Cluster_10,Cluster_2145
GCA_000791235.1,CladeB,Urinary,Cluster_321,Cluster_2146
GCA_000791275.1,CladeA,Urinary,Cluster_20,Cluster_2147
GCA_000791325.1,CladeA,Urinary,Cluster_230,Cluster_2148
GCA_000791345.1,CladeA,Lung,Cluster_96,Cluster_2149
GCA_000791365.1,CladeB,Urinary,Cluster_126,Cluster_2150
GCA_000791405.1,CladeA,Urinary,Cluster_10,Cluster_2151
GCA_000791445.1,CladeA,Urinary,Cluster_60,Cluster_2152
GCA_000791465.1,CladeA,Lung,Cluster_322,Cluster_2153
GCA_000791495.1,CladeB,Lung,Cluster_11,Cluster_2142
GCA_000791545.1,CladeA,Urinary,Cluster_123,Cluster_2154
GCA_000791765.1,CladeB,Lung,Cluster_323,Cluster_2155
GCA_000791785.1,CladeA,Lung,Cluster_115,Cluster_2156
GCA_000791805.1,CladeB,Lung,Cluster_16,Cluster_2157
GCA_000791825.1,CladeA,Lung,Cluster_28,Cluster_2158
GCA_000791835.1,CladeA,Lung,Cluster_9,Cluster_2159
GCA_000791885.1,CladeA,Lung,Cluster_86,Cluster_2160
GCA_000791905.1,CladeA,Lung,Cluster_9,Cluster_2159
GCA_000791915.1,CladeB,Lung,Cluster_11,Cluster_2161
GCA_000792095.1,CladeA,Lung,Cluster_105,Cluster_2162
GCA_000792115.1,CladeA,Lung,Cluster_101,Cluster_2163
GCA_000792145.1,CladeA,Lung,Cluster_26,Cluster_2164
GCA_000792155.1,CladeA,Urinary,Cluster_94,Cluster_2165
GCA_000792165.1,CladeA,Urinary,Cluster_5,Cluster_2166
GCA_000792205.1,CladeB,Urinary,Cluster_11,Cluster_2167
GCA_000792245.1,CladeA,Urinary,Cluster_20,Cluster_2168
GCA_000792265.1,CladeA,Lung,Cluster_10,Cluster_2169
GCA_000792285.1,CladeB,Lung,Cluster_299,Cluster_2170
GCA_000792305.1,CladeA,Lung,Cluster_1,Cluster_8
GCA_000792325.1,CladeA,Urinary,Cluster_26,Cluster_2143
GCA_000792345.1,CladeB,Lung,Cluster_81,Cluster_2171
GCA_000792365.1,CladeA,Lung,Cluster_43,Cluster_2172
GCA_000792385.1,CladeB,Lung,Cluster_114,Cluster_2173
GCA_000792425.1,CladeB,Urinary,Cluster_81,Cluster_627
GCA_000792605.1,CladeA,Urinary,Cluster_9,Cluster_2174
GCA_000792625.1,CladeA,Urinary,Cluster_40,Cluster_2175
GCA_000792665.1,CladeB,Urinary,Cluster_11,Cluster_2176
GCA_000792725.1,CladeB,Lung,Cluster_11,Cluster_2177
GCA_000792745.1,CladeB,Lung,Cluster_324,Cluster_2178
GCA_000792765.1,CladeB,Lung,Cluster_52,Cluster_2179
GCA_000792785.1,CladeB,Lung,Cluster_11,Cluster_2180
GCA_000792845.1,CladeA,Lung,Cluster_1,Cluster_2181
GCA_000792855.1,CladeA,Lung,Cluster_10,Cluster_2130
GCA_000792945.1,CladeA,Lung,Cluster_10,Cluster_2182
GCA_000792965.1,CladeB,Urinary,Cluster_17,Cluster_2183
GCA_000792975.1,CladeB,Urinary,Cluster_11,Cluster_2184
GCA_000793045.1,CladeB,Lung,Cluster_64,Cluster_2185
GCA_000793055.1,CladeA,Lung,Cluster_9,Cluster_2186
GCA_000793105.1,CladeA,Urinary,Cluster_103,Cluster_2187
GCA_000793135.1,CladeA,Urinary,Cluster_1,Cluster_2188
GCA_000793165.1,CladeA,Lung,Cluster_136,Cluster_2189
GCA_000793185.1,CladeA,Urinary,Cluster_10,Cluster_2190
GCA_000793205.1,CladeA,Lung,Cluster_103,Cluster_2191
GCA_000793225.1,CladeB,Lung,Cluster_11,Cluster_2192
GCA_000793245.1,CladeB,Lung,Cluster_55,Cluster_2193
GCA_000793255.1,CladeA,Urinary,Cluster_40,Cluster_2194
GCA_000793285.1,CladeA,Urinary,Cluster_46,Cluster_2195
GCA_000793295.1,CladeA,Urinary,Cluster_36,Cluster_2196
GCA_000793315.1,CladeB,Lung,Cluster_11,Cluster_2197
GCA_000793365.1,CladeA,Lung,Cluster_66,Cluster_2198
GCA_000793385.1,CladeA,Urinary,Cluster_20,Cluster_2199
GCA_000793395.1,CladeA,Urinary,Cluster_1,Cluster_2200
GCA_000793445.1,CladeA,Lung,Cluster_2,Cluster_356
GCA_000793485.1,CladeA,Urinary,Cluster_9,Cluster_2201
GCA_000793505.1,CladeA,Lung,Cluster_2,Cluster_2202
GCA_000793595.1,CladeA,Lung,Cluster_325,Cluster_2203
GCA_000793615.1,CladeB,Lung,Cluster_151,Cluster_2204
GCA_000793645.1,CladeB,Lung,Cluster_52,Cluster_2205
GCA_000793745.1,CladeB,Urinary,Cluster_156,Cluster_2206
GCA_000793765.1,CladeA,Lung,Cluster_242,Cluster_2207
GCA_000793825.1,CladeA,Lung,Cluster_36,Cluster_2208
GCA_000793845.1,CladeA,Urinary,Cluster_79,Cluster_2209
GCA_000793865.1,CladeA,Urinary,Cluster_326,Cluster_2210
GCA_000793885.1,CladeA,Urinary,Cluster_20,Cluster_2147
GCA_000793915.1,CladeB,Lung,Cluster_151,Cluster_2204
GCA_000793945.1,CladeA,Urinary,Cluster_40,Cluster_2211
GCA_000793955.1,CladeB,Lung,Cluster_114,Cluster_2212
GCA_000794005.1,CladeA,Lung,Cluster_230,Cluster_2148
GCA_000794045.1,CladeA,Urinary,Cluster_51,Cluster_2213
GCA_000794055.1,CladeB,Lung,Cluster_11,Cluster_2214
GCA_000794085.1,CladeA,Urinary,Cluster_1,Cluster_2215
GCA_000794095.1,CladeA,Lung,Cluster_2,Cluster_356
GCA_000794195.1,CladeB,Lung,Cluster_52,Cluster_2216
GCA_000794245.1,CladeA,Urinary,Cluster_5,Cluster_2217
GCA_000794265.1,CladeA,Urinary,Cluster_5,Cluster_2218
GCA_000794285.1,CladeA,Lung,Cluster_1,Cluster_2219
GCA_000794305.1,CladeA,Lung,Cluster_141,Cluster_2220
GCA_000794325.1,CladeA,Lung,Cluster_1,Cluster_2221
GCA_000794405.1,CladeA,Lung,Cluster_1,Cluster_2222
GCA_000794425.1,CladeA,Lung,Cluster_24,Cluster_2223
GCA_000794445.1,CladeA,Lung,Cluster_35,Cluster_2224
GCA_000794455.1,CladeA,Urinary,Cluster_40,Cluster_2225
GCA_000794485.1,CladeA,Urinary,Cluster_10,Cluster_2226
GCA_000794515.1,CladeA,Lung,Cluster_24,Cluster_2227
GCA_000794555.1,CladeB,Urinary,Cluster_11,Cluster_2228
GCA_000794605.1,CladeA,Lung,Cluster_14,Cluster_2229
GCA_000794735.1,CladeB,Lung,Cluster_64,Cluster_2230
GCA_000794785.1,CladeB,Lung,Cluster_11,Cluster_2231
GCA_000794845.1,CladeA,Lung,Cluster_2,Cluster_2232
GCA_000794925.1,CladeA,Urinary,Cluster_1,Cluster_27
GCA_000794965.1,CladeA,Lung,Cluster_103,Cluster_2233
GCA_000794995.1,CladeA,Lung,Cluster_90,Cluster_2234
GCA_000795025.1,CladeA,Urinary,Cluster_59,Cluster_2235
GCA_000795045.1,CladeA,Lung,Cluster_26,Cluster_2236
GCA_000795085.1,CladeA,Urinary,Cluster_43,Cluster_2237
GCA_000795115.1,CladeA,Lung,Cluster_9,Cluster_2238
GCA_000795145.1,CladeB,Lung,Cluster_151,Cluster_2239
GCA_000795165.1,CladeA,Urinary,Cluster_103,Cluster_2240
GCA_000795205.1,CladeA,Urinary,Cluster_43,Cluster_2241
GCA_000795235.1,CladeA,Urinary,Cluster_43,Cluster_2242
GCA_000795285.1,CladeA,Lung,Cluster_10,Cluster_2243
GCA_000795305.1,CladeA,Lung,Cluster_9,Cluster_2244
GCA_000795325.1,CladeA,Lung,Cluster_110,Cluster_2245
GCA_000795345.1,CladeB,Lung,Cluster_52,Cluster_2246
GCA_000795405.1,CladeA,Lung,Cluster_82,Cluster_2247
GCA_000795605.1,CladeB,Lung,Cluster_11,Cluster_374
GCA_000796205.1,CladeA,Urinary,Cluster_1,Cluster_2248
GCA_000796225.1,CladeB,Urinary,Cluster_11,Cluster_2249
GCA_000796285.1,CladeA,Urinary,Cluster_102,Cluster_2250
GCA_000796295.1,CladeB,Urinary,Cluster_80,Cluster_2251
GCA_000796325.1,CladeA,Urinary,Cluster_103,Cluster_2252
GCA_000796345.1,CladeA,Urinary,Cluster_1,Cluster_2253
GCA_000796365.1,CladeA,Urinary,Cluster_1,Cluster_2254
GCA_000796385.1,CladeA,Urinary,Cluster_40,Cluster_2255
GCA_000796405.1,CladeA,Lung,Cluster_1,Cluster_2256
GCA_000796425.1,CladeB,Urinary,Cluster_145,Cluster_2257
GCA_000796445.1,CladeA,Lung,Cluster_26,Cluster_2258
GCA_000796465.1,CladeA,Lung,Cluster_94,Cluster_2259
GCA_000796475.1,CladeA,Lung,Cluster_1,Cluster_2260
GCA_000796505.1,CladeA,Lung,Cluster_19,Cluster_2261
GCA_000796525.1,CladeA,CF,Cluster_40,Cluster_2262
GCA_000796555.1,CladeA,CF,Cluster_10,Cluster_2263
GCA_000796585.1,CladeA,CF,Cluster_327,Cluster_2264
GCA_000796615.1,CladeA,CF,Cluster_75,Cluster_2265
GCA_000796655.1,CladeA,CF,Cluster_3,Cluster_2266
GCA_000796685.1,CladeA,CF,Cluster_92,Cluster_2267
GCA_000796745.1,CladeA,CF,Cluster_93,Cluster_2268
GCA_000796765.1,CladeA,CF,Cluster_269,Cluster_2269
GCA_000796785.1,CladeA,CF,Cluster_175,Cluster_2270
GCA_000796795.1,CladeA,CF,Cluster_60,Cluster_2271
GCA_000796825.1,CladeA,CF,Cluster_2,Cluster_2272
GCA_000796875.1,CladeA,CF,Cluster_14,Cluster_2273
GCA_000796925.1,CladeA,CF,Cluster_103,Cluster_2274
GCA_000796945.1,CladeA,CF,Cluster_43,Cluster_2275
GCA_000796955.1,CladeA,CF,Cluster_10,Cluster_2276
GCA_000797005.1,CladeA,CF,Cluster_43,Cluster_2277
GCA_000797045.1,CladeA,CF,Cluster_34,Cluster_2278
GCA_000797055.1,CladeA,CF,Cluster_328,Cluster_2279
GCA_000797105.1,CladeA,CF,Cluster_20,Cluster_2280
GCA_000797125.1,CladeA,CF,Cluster_75,Cluster_2281
GCA_000797145.1,CladeA,CF,Cluster_75,Cluster_2282
GCA_000797165.1,CladeA,CF,Cluster_75,Cluster_2283
GCA_000797225.1,CladeA,CF,Cluster_211,Cluster_2284
GCA_000797245.1,CladeA,CF,Cluster_41,Cluster_2285
GCA_000797265.1,CladeA,CF,Cluster_329,Cluster_2286
GCA_000797285.1,CladeA,CF,Cluster_35,Cluster_2287
GCA_000797325.1,CladeA,CF,Cluster_5,Cluster_2288
GCA_000797355.1,CladeA,CF,Cluster_41,Cluster_2289
GCA_000797395.1,CladeA,Lung,Cluster_1,Cluster_2290
GCA_000813565.1,CladeA,Aquatic,Cluster_287,Cluster_2291
GCA_000817865.1,CladeA,Blood,Cluster_25,Cluster_2292
GCA_000823905.1,CladeA,Sputum,Cluster_82,Cluster_691
GCA_000823925.1,CladeA,Sputum,Cluster_82,Cluster_691
GCA_000823945.1,CladeA,Sputum,Cluster_82,Cluster_691
GCA_000823965.1,CladeA,Sputum,Cluster_82,Cluster_691
GCA_000823985.1,CladeA,Sputum,Cluster_82,Cluster_691
GCA_000824005.1,CladeA,Sputum,Cluster_82,Cluster_691
GCA_000824025.1,CladeA,Sputum,Cluster_82,Cluster_691
GCA_000824045.1,CladeA,Sputum,Cluster_82,Cluster_691
GCA_000824065.1,CladeA,Sputum,Cluster_82,Cluster_691
GCA_000824085.1,CladeA,Sputum,Cluster_82,Cluster_691
GCA_000824105.1,CladeA,Sputum,Cluster_82,Cluster_691
GCA_000824125.1,CladeA,Sputum,Cluster_82,Cluster_691
GCA_000824145.1,CladeA,Sputum,Cluster_82,Cluster_691
GCA_000824165.1,CladeA,Sputum,Cluster_82,Cluster_691
GCA_000824185.1,CladeA,Sputum,Cluster_82,Cluster_691
GCA_000824205.1,CladeA,Sputum,Cluster_82,Cluster_691
GCA_000824225.1,CladeA,Sputum,Cluster_82,Cluster_691
GCA_000824245.1,CladeA,Sputum,Cluster_82,Cluster_691
GCA_000824265.1,CladeA,Sputum,Cluster_82,Cluster_691
GCA_000824285.1,CladeA,Sputum,Cluster_82,Cluster_691
GCA_000824305.1,CladeA,Sputum,Cluster_82,Cluster_691
GCA_000824325.1,CladeA,Sputum,Cluster_82,Cluster_691
GCA_000824345.1,CladeA,Sputum,Cluster_82,Cluster_691
GCA_000824365.1,CladeA,Sputum,Cluster_82,Cluster_691
GCA_000824385.1,CladeA,Sputum,Cluster_82,Cluster_691
GCA_000824405.1,CladeA,Sputum,Cluster_82,Cluster_691
GCA_000824425.1,CladeA,Sputum,Cluster_82,Cluster_691
GCA_000824445.1,CladeA,Sputum,Cluster_82,Cluster_691
GCA_000824465.1,CladeA,Sputum,Cluster_82,Cluster_691
GCA_000824485.1,CladeA,Sputum,Cluster_82,Cluster_691
GCA_000824505.1,CladeA,Sputum,Cluster_82,Cluster_691
GCA_000824525.1,CladeA,Sputum,Cluster_82,Cluster_691
GCA_000824545.1,CladeA,Sputum,Cluster_82,Cluster_691
GCA_000824565.1,CladeA,Sputum,Cluster_82,Cluster_691
GCA_000824585.1,CladeA,Sputum,Cluster_82,Cluster_691
GCA_000824605.1,CladeA,Sputum,Cluster_82,Cluster_691
GCA_000824625.1,CladeA,Sputum,Cluster_82,Cluster_691
GCA_000824645.1,CladeA,Sputum,Cluster_82,Cluster_691
GCA_000824665.1,CladeA,Sputum,Cluster_82,Cluster_691
GCA_000824685.1,CladeA,Sputum,Cluster_82,Cluster_691
GCA_000950725.1,CladeA,CF,Cluster_1,Cluster_2293
GCA_000982125.1,CladeB,Wound,Cluster_151,Cluster_2294
GCA_000982155.1,CladeA,Wound,Cluster_92,Cluster_2295
GCA_001007215.1,CladeA,CF,Cluster_20,Cluster_2296
GCA_001007275.1,CladeA,CF,Cluster_20,Cluster_2296
GCA_001007425.1,CladeA,CF,Cluster_20,Cluster_2296
GCA_001007475.1,CladeA,CF,Cluster_20,Cluster_2296
GCA_001010535.1,CladeA,CF,Cluster_20,Cluster_2297
GCA_001013395.1,CladeA,Blood,Cluster_47,Cluster_2298
GCA_001023615.1,CladeA,CF,Cluster_20,Cluster_2296
GCA_001023625.1,CladeA,CF,Cluster_20,Cluster_2296
GCA_001023635.1,CladeA,CF,Cluster_20,Cluster_2296
GCA_001023685.1,CladeA,CF,Cluster_20,Cluster_2296
GCA_001023705.1,CladeA,CF,Cluster_20,Cluster_2296
GCA_001023735.1,CladeA,CF,Cluster_20,Cluster_2296
GCA_001023755.1,CladeA,CF,Cluster_20,Cluster_2296
GCA_001023765.1,CladeA,CF,Cluster_20,Cluster_2296
GCA_001023815.1,CladeA,CF,Cluster_20,Cluster_2299
GCA_001023835.1,CladeA,CF,Cluster_20,Cluster_2296
GCA_001023845.1,CladeA,CF,Cluster_20,Cluster_2296
GCA_001023875.1,CladeA,CF,Cluster_20,Cluster_2296
GCA_001023895.1,CladeA,CF,Cluster_20,Cluster_2296
GCA_001023915.1,CladeA,CF,Cluster_20,Cluster_2296
GCA_001023925.1,CladeA,CF,Cluster_20,Cluster_2296
GCA_001023975.1,CladeA,CF,Cluster_20,Cluster_2296
GCA_001023985.1,CladeA,CF,Cluster_20,Cluster_2296
GCA_001023995.1,CladeA,CF,Cluster_20,Cluster_2296
GCA_001024035.1,CladeA,CF,Cluster_20,Cluster_2296
GCA_001024055.1,CladeA,CF,Cluster_20,Cluster_2300
GCA_001024065.1,CladeA,CF,Cluster_20,Cluster_2296
GCA_001024075.1,CladeA,CF,Cluster_20,Cluster_2296
GCA_001024115.1,CladeA,CF,Cluster_20,Cluster_2296
GCA_001024125.1,CladeA,CF,Cluster_20,Cluster_2296
GCA_001024135.1,CladeA,CF,Cluster_20,Cluster_2296
GCA_001024145.1,CladeA,CF,Cluster_20,Cluster_2296
GCA_001024205.1,CladeA,CF,Cluster_20,Cluster_2296
GCA_001024215.1,CladeA,CF,Cluster_20,Cluster_2296
GCA_001024235.1,CladeA,CF,Cluster_20,Cluster_2296
GCA_001024275.1,CladeA,CF,Cluster_20,Cluster_2296
GCA_001024285.1,CladeA,CF,Cluster_20,Cluster_2296
GCA_001024305.1,CladeA,CF,Cluster_20,Cluster_2296
GCA_001024325.1,CladeA,CF,Cluster_20,Cluster_2296
GCA_001024355.1,CladeA,CF,Cluster_20,Cluster_2296
GCA_001024365.1,CladeA,CF,Cluster_20,Cluster_2296
GCA_001024375.1,CladeA,CF,Cluster_20,Cluster_2296
GCA_001024395.1,CladeA,CF,Cluster_20,Cluster_2296
GCA_001024435.1,CladeA,CF,Cluster_20,Cluster_2301
GCA_001024445.1,CladeA,CF,Cluster_20,Cluster_2296
GCA_001024455.1,CladeA,CF,Cluster_20,Cluster_2296
GCA_001024495.1,CladeA,CF,Cluster_20,Cluster_2296
GCA_001024515.1,CladeA,CF,Cluster_20,Cluster_2296
GCA_001024535.1,CladeA,CF,Cluster_20,Cluster_2296
GCA_001024545.1,CladeA,CF,Cluster_20,Cluster_2296
GCA_001024585.1,CladeA,CF,Cluster_20,Cluster_2296
GCA_001024615.1,CladeA,CF,Cluster_20,Cluster_2296
GCA_001024635.1,CladeA,CF,Cluster_20,Cluster_2296
GCA_001024645.1,CladeA,CF,Cluster_20,Cluster_2296
GCA_001024655.1,CladeA,CF,Cluster_20,Cluster_2296
GCA_001024715.1,CladeA,CF,Cluster_20,Cluster_2296
GCA_001024725.1,CladeA,CF,Cluster_20,Cluster_2296
GCA_001024755.1,CladeA,CF,Cluster_20,Cluster_2296
GCA_001024765.1,CladeA,CF,Cluster_20,Cluster_2296
GCA_001024775.1,CladeA,CF,Cluster_20,Cluster_2296
GCA_001024805.1,CladeA,CF,Cluster_20,Cluster_2296
GCA_001024835.1,CladeA,CF,Cluster_20,Cluster_2296
GCA_001024845.1,CladeA,CF,Cluster_20,Cluster_2296
GCA_001024855.1,CladeA,CF,Cluster_20,Cluster_2296
GCA_001024875.1,CladeA,CF,Cluster_20,Cluster_2296
GCA_001024925.1,CladeA,CF,Cluster_20,Cluster_2296
GCA_001024945.1,CladeA,CF,Cluster_20,Cluster_2296
GCA_001024955.1,CladeA,CF,Cluster_20,Cluster_2296
GCA_001024995.1,CladeA,CF,Cluster_20,Cluster_2296
GCA_001034665.1,CladeA,CF,Cluster_20,Cluster_2296
GCA_001034745.1,CladeA,CF,Cluster_20,Cluster_2296
GCA_001034755.1,CladeA,CF,Cluster_20,Cluster_2296
GCA_001034765.1,CladeA,CF,Cluster_20,Cluster_2296
GCA_001034785.1,CladeA,CF,Cluster_20,Cluster_2296
GCA_001034825.1,CladeA,CF,Cluster_20,Cluster_2296
GCA_001034855.1,CladeA,CF,Cluster_20,Cluster_2296
GCA_001034875.1,CladeA,CF,Cluster_20,Cluster_2296
GCA_001034905.1,CladeA,CF,Cluster_20,Cluster_2296
GCA_001034955.1,CladeA,CF,Cluster_20,Cluster_2296
GCA_001035005.1,CladeA,CF,Cluster_20,Cluster_2296
GCA_001035075.1,CladeA,CF,Cluster_20,Cluster_2296
GCA_001035105.1,CladeA,CF,Cluster_20,Cluster_2296
GCA_001035225.1,CladeA,CF,Cluster_20,Cluster_3369
GCA_001035285.1,CladeA,CF,Cluster_20,Cluster_2296
GCA_001035305.1,CladeA,CF,Cluster_20,Cluster_2296
GCA_001035315.1,CladeA,CF,Cluster_20,Cluster_2296
GCA_001035325.1,CladeA,CF,Cluster_20,Cluster_2296
GCA_001035365.1,CladeA,CF,Cluster_20,Cluster_2296
GCA_001035385.1,CladeA,CF,Cluster_20,Cluster_2296
GCA_001035395.1,CladeA,CF,Cluster_20,Cluster_2296
GCA_001035415.1,CladeA,CF,Cluster_20,Cluster_2296
GCA_001035445.1,CladeA,CF,Cluster_20,Cluster_2296
GCA_001035465.1,CladeA,CF,Cluster_20,Cluster_3370
GCA_001035485.1,CladeA,CF,Cluster_20,Cluster_2296
GCA_001035525.1,CladeA,CF,Cluster_20,Cluster_2296
GCA_001035535.1,CladeA,CF,Cluster_20,Cluster_3371
GCA_001035565.1,CladeA,CF,Cluster_20,Cluster_2296
GCA_001035575.1,CladeA,CF,Cluster_20,Cluster_2296
GCA_001035605.1,CladeA,CF,Cluster_20,Cluster_2296
GCA_001035635.1,CladeA,CF,Cluster_20,Cluster_2296
GCA_001035645.1,CladeA,CF,Cluster_20,Cluster_2296
GCA_001035685.1,CladeA,CF,Cluster_20,Cluster_2296
GCA_001035705.1,CladeA,CF,Cluster_20,Cluster_2296
GCA_001035715.1,CladeA,CF,Cluster_20,Cluster_2296
GCA_001035725.1,CladeA,CF,Cluster_20,Cluster_2296
GCA_001035765.1,CladeA,CF,Cluster_20,Cluster_2296
GCA_001035785.1,CladeA,CF,Cluster_20,Cluster_2296
GCA_001035795.1,CladeA,CF,Cluster_20,Cluster_2296
GCA_001035805.1,CladeA,CF,Cluster_20,Cluster_2296
GCA_001035845.1,CladeA,CF,Cluster_20,Cluster_2296
GCA_001035865.1,CladeA,CF,Cluster_20,Cluster_2296
GCA_001035875.1,CladeA,CF,Cluster_20,Cluster_2296
GCA_001035885.1,CladeA,CF,Cluster_20,Cluster_2296
GCA_001035925.1,CladeA,CF,Cluster_20,Cluster_2296
GCA_001035945.1,CladeA,CF,Cluster_20,Cluster_2296
GCA_001035955.1,CladeA,CF,Cluster_20,Cluster_2296
GCA_001036005.1,CladeA,CF,Cluster_20,Cluster_2296
GCA_001036025.1,CladeA,CF,Cluster_20,Cluster_2296
GCA_001036035.1,CladeA,CF,Cluster_20,Cluster_2296
GCA_001036145.1,CladeA,CF,Cluster_20,Cluster_2296
GCA_001036155.1,CladeA,CF,Cluster_20,Cluster_2296
GCA_001036185.1,CladeA,CF,Cluster_20,Cluster_3372
GCA_001036195.1,CladeA,CF,Cluster_20,Cluster_2296
GCA_001036225.1,CladeA,CF,Cluster_20,Cluster_2296
GCA_001036255.1,CladeA,CF,Cluster_20,Cluster_2296
GCA_001036265.1,CladeA,CF,Cluster_20,Cluster_2296
GCA_001036335.1,CladeA,CF,Cluster_20,Cluster_2296
GCA_001036355.1,CladeA,CF,Cluster_20,Cluster_3373
GCA_001036385.1,CladeA,CF,Cluster_20,Cluster_2296
GCA_001036405.1,CladeA,CF,Cluster_20,Cluster_2296
GCA_001036415.1,CladeA,CF,Cluster_20,Cluster_2296
GCA_001036425.1,CladeA,CF,Cluster_20,Cluster_2296
GCA_001036465.1,CladeA,CF,Cluster_20,Cluster_2296
GCA_001036485.1,CladeA,CF,Cluster_20,Cluster_3374
GCA_001036495.1,CladeA,CF,Cluster_20,Cluster_2296
GCA_001036505.1,CladeA,CF,Cluster_20,Cluster_2296
GCA_001036565.1,CladeA,CF,Cluster_20,Cluster_2296
GCA_001036585.1,CladeA,CF,Cluster_20,Cluster_3375
GCA_001036645.1,CladeA,CF,Cluster_20,Cluster_2296
GCA_001036655.1,CladeA,CF,Cluster_20,Cluster_2296
GCA_001036685.1,CladeA,CF,Cluster_20,Cluster_2296
GCA_001036735.1,CladeA,CF,Cluster_20,Cluster_2296
GCA_001036765.1,CladeA,CF,Cluster_20,Cluster_2296
GCA_001036775.1,CladeA,CF,Cluster_20,Cluster_2296
GCA_001036805.1,CladeA,CF,Cluster_20,Cluster_2296
GCA_001036815.1,CladeA,CF,Cluster_20,Cluster_2296
GCA_001036835.1,CladeA,CF,Cluster_20,Cluster_2296
GCA_001037185.1,CladeA,CF,Cluster_20,Cluster_2296
GCA_001037195.1,CladeA,CF,Cluster_20,Cluster_2296
GCA_001037225.1,CladeA,CF,Cluster_20,Cluster_2296
GCA_001037235.1,CladeA,CF,Cluster_20,Cluster_2296
GCA_001037315.1,CladeA,CF,Cluster_20,Cluster_2296
GCA_001037345.1,CladeA,CF,Cluster_20,Cluster_2296
GCA_001037355.1,CladeA,CF,Cluster_20,Cluster_3376
GCA_001037385.1,CladeA,CF,Cluster_20,Cluster_2296
GCA_001037395.1,CladeA,CF,Cluster_20,Cluster_2296
GCA_001039325.1,CladeA,CF,Cluster_20,Cluster_2296
GCA_001293085.1,CladeA,Waste.Water,Cluster_75,Cluster_3377
GCA_001414085.1,CladeA,Sputum,Cluster_24,Cluster_3378
GCA_001414105.1,CladeA,Sputum,Cluster_24,Cluster_3379
GCA_001414155.1,CladeA,Sputum,Cluster_10,Cluster_3380
GCA_001414165.1,CladeA,Sputum,Cluster_24,Cluster_3381
GCA_001414175.1,CladeA,Sputum,Cluster_24,Cluster_3382
GCA_001420525.1,CladeA,Urinary,Cluster_46,Cluster_3383
GCA_001420535.1,CladeA,Urinary,Cluster_46,Cluster_3384
GCA_001447845.1,CladeA,Burn,Cluster_242,Cluster_3385
GCA_001449145.1,CladeA,Hospital.Environment,Cluster_58,Cluster_3386
GCA_001449155.1,CladeA,Hospital.Environment,Cluster_20,Cluster_3387
GCA_001449165.1,CladeA,Hospital.Environment,Cluster_40,Cluster_3388
GCA_001449175.1,CladeA,Hospital.Environment,Cluster_10,Cluster_3389
GCA_001449225.1,CladeA,Hospital.Environment,Cluster_5,Cluster_3390
GCA_001449245.1,CladeA,Hospital.Environment,Cluster_43,Cluster_3391
GCA_001449255.1,CladeA,Hospital.Environment,Cluster_34,Cluster_3392
GCA_001449275.1,CladeA,Hospital.Environment,Cluster_34,Cluster_3392
GCA_001449305.1,CladeA,Hospital.Environment,Cluster_20,Cluster_3393
GCA_001449325.1,CladeB,Hospital.Environment,Cluster_145,Cluster_3394
GCA_001449365.1,CladeA,Hospital.Environment,Cluster_231,Cluster_3395
GCA_001449385.1,CladeC,Hospital.Environment,Cluster_255,Cluster_3396
GCA_001449395.1,CladeA,Hospital.Environment,Cluster_90,Cluster_3397
GCA_001449425.1,CladeA,Hospital.Environment,Cluster_336,Cluster_3398
GCA_001449465.1,CladeC,Hospital.Environment,Cluster_216,Cluster_3399
GCA_001449485.1,CladeB,Aquatic,Cluster_354,Cluster_2631
GCA_001449505.1,CladeB,Wound,Cluster_12,Cluster_3400
GCA_001449515.1,CladeA,Hospital.Environment,Cluster_1,Cluster_3401
GCA_001449545.1,CladeB,Hospital.Environment,Cluster_16,Cluster_3402
GCA_001449555.1,CladeA,Hospital.Environment,Cluster_1,Cluster_3401
GCA_001449585.1,CladeB,Hospital.Environment,Cluster_114,Cluster_3403
GCA_001449625.1,CladeA,Hospital.Environment,Cluster_1,Cluster_3401
GCA_001449645.1,CladeB,Hospital.Environment,Cluster_11,Cluster_3404
GCA_001449655.1,CladeA,Hospital.Environment,Cluster_5,Cluster_3405
GCA_001449675.1,CladeA,Hospital.Environment,Cluster_1,Cluster_8
GCA_001449705.1,CladeA,Hospital.Environment,Cluster_1,Cluster_3401
GCA_001449725.1,CladeB,Skin,Cluster_4,Cluster_3406
GCA_001449735.1,CladeA,Hospital.Environment,Cluster_175,Cluster_3407
GCA_001449765.1,CladeB,Hospital.Environment,Cluster_11,Cluster_3404
GCA_001449785.1,CladeA,Hospital.Environment,Cluster_404,Cluster_3408
GCA_001449805.1,CladeA,Hospital.Environment,Cluster_20,Cluster_2446
GCA_001449825.1,CladeA,Hospital.Environment,Cluster_60,Cluster_1129
GCA_001449835.1,CladeA,Hospital.Environment,Cluster_50,Cluster_3409
GCA_001449865.1,CladeA,Hospital.Environment,Cluster_386,Cluster_3410
GCA_001449885.1,CladeA,Hospital.Environment,Cluster_26,Cluster_3411
GCA_001449905.1,CladeB,Hospital.Environment,Cluster_405,Cluster_3412
GCA_001449925.1,CladeB,Hospital.Environment,Cluster_114,Cluster_3413
GCA_001449935.1,CladeB,Hospital.Environment,Cluster_16,Cluster_3414
GCA_001449965.1,CladeC,Hospital.Environment,Cluster_406,Cluster_3415
GCA_001449985.1,CladeA,Hospital.Environment,Cluster_60,Cluster_3416
GCA_001450015.1,CladeA,Hospital.Environment,Cluster_24,Cluster_3417
GCA_001450045.1,CladeA,Hospital.Environment,Cluster_5,Cluster_3418
GCA_001450065.1,CladeB,Hospital.Environment,Cluster_12,Cluster_3419
GCA_001450085.1,CladeA,Hospital.Environment,Cluster_40,Cluster_3420
GCA_001450095.1,CladeA,Hospital.Environment,Cluster_2,Cluster_356
GCA_001450115.1,CladeB,Lung,Cluster_151,Cluster_3421
GCA_001450145.1,CladeB,Hospital.Environment,Cluster_16,Cluster_3422
GCA_001450165.1,CladeC,Hospital.Environment,Cluster_255,Cluster_3423
GCA_001450185.1,CladeA,Hospital.Environment,Cluster_24,Cluster_2458
GCA_001450195.1,CladeA,Hospital.Environment,Cluster_10,Cluster_3424
GCA_001450225.1,CladeA,Hospital.Environment,Cluster_30,Cluster_94
GCA_001450245.1,CladeA,Hospital.Environment,Cluster_34,Cluster_3425
GCA_001450265.1,CladeB,Hospital.Environment,Cluster_11,Cluster_3426
GCA_001450275.1,CladeB,Hospital.Environment,Cluster_12,Cluster_3427
GCA_001450305.1,CladeB,Hospital.Environment,Cluster_407,Cluster_3428
GCA_001450325.1,CladeA,Hospital.Environment,Cluster_20,Cluster_3429
GCA_001450345.1,CladeA,Hospital.Environment,Cluster_183,Cluster_3430
GCA_001450385.1,CladeA,Hospital.Environment,Cluster_1,Cluster_3431
GCA_001450405.1,CladeA,Hospital.Environment,Cluster_35,Cluster_3432
GCA_001450425.1,CladeB,Hospital.Environment,Cluster_16,Cluster_3433
GCA_001450465.1,CladeC,Hospital.Environment,Cluster_255,Cluster_3434
GCA_001450485.1,CladeB,Hospital.Environment,Cluster_159,Cluster_3435
GCA_001450505.1,CladeB,Hospital.Environment,Cluster_11,Cluster_3436
GCA_001450525.1,CladeA,Hospital.Environment,Cluster_1,Cluster_3437
GCA_001450545.1,CladeB,Hospital.Environment,Cluster_11,Cluster_3404
GCA_001450555.1,CladeA,Hospital.Environment,Cluster_75,Cluster_3438
GCA_001450585.1,CladeA,Ear,Cluster_5,Cluster_3439
GCA_001450605.1,CladeB,Hospital.Environment,Cluster_159,Cluster_3435
GCA_001450635.1,CladeA,Hospital.Environment,Cluster_60,Cluster_184
GCA_001450665.1,CladeA,Hospital.Environment,Cluster_40,Cluster_3293
GCA_001450675.1,CladeB,Hospital.Environment,Cluster_114,Cluster_3440
GCA_001450705.1,CladeA,Hospital.Environment,Cluster_10,Cluster_2734
GCA_001450745.1,CladeA,Hospital.Environment,Cluster_265,Cluster_3441
GCA_001450755.1,CladeB,Hospital.Environment,Cluster_80,Cluster_3442
GCA_001450785.1,CladeA,Hospital.Environment,Cluster_10,Cluster_3443
GCA_001450795.1,CladeA,Hospital.Environment,Cluster_40,Cluster_3444
GCA_001450825.1,CladeA,Hospital.Environment,Cluster_40,Cluster_3445
GCA_001450835.1,CladeA,Hospital.Environment,Cluster_75,Cluster_3446
GCA_001450865.1,CladeB,Hospital.Environment,Cluster_84,Cluster_3447
GCA_001450875.1,CladeA,Hospital.Environment,Cluster_2,Cluster_3448
GCA_001450905.1,CladeB,Hospital.Environment,Cluster_114,Cluster_3449
GCA_001450915.1,CladeB,Hospital.Environment,Cluster_397,Cluster_3450
GCA_001450925.1,CladeB,Hospital.Environment,Cluster_16,Cluster_3451
GCA_001450935.1,CladeB,Hospital.Environment,Cluster_76,Cluster_3452
GCA_001450985.1,CladeA,Hospital.Environment,Cluster_10,Cluster_675
GCA_001450995.1,CladeB,Hospital.Environment,Cluster_11,Cluster_3453
GCA_001451015.1,CladeA,Hospital.Environment,Cluster_40,Cluster_3454
GCA_001451025.1,CladeA,Hospital.Environment,Cluster_40,Cluster_3454
GCA_001451075.1,CladeA,Hospital.Environment,Cluster_1,Cluster_3455
GCA_001451105.1,CladeA,Hospital.Environment,Cluster_82,Cluster_3456
GCA_001451125.1,CladeB,Hospital.Environment,Cluster_11,Cluster_3457
GCA_001451145.1,CladeB,Hospital.Environment,Cluster_17,Cluster_814
GCA_001451165.1,CladeA,Hospital.Environment,Cluster_103,Cluster_3458
GCA_001451175.1,CladeA,Hospital.Environment,Cluster_404,Cluster_3408
GCA_001451205.1,CladeA,Hospital.Environment,Cluster_10,Cluster_675
GCA_001451245.1,CladeA,Aquatic,Cluster_160,Cluster_3459
GCA_001451255.1,CladeA,Hospital.Environment,Cluster_40,Cluster_3460
GCA_001451265.1,CladeA,Hospital.Environment,Cluster_40,Cluster_3461
GCA_001451295.1,CladeB,Hospital.Environment,Cluster_17,Cluster_814
GCA_001451325.1,CladeA,Hospital.Environment,Cluster_233,Cluster_3462
GCA_001451335.1,CladeA,Hospital.Environment,Cluster_5,Cluster_3463
GCA_001451355.1,CladeA,Hospital.Environment,Cluster_30,Cluster_94
GCA_001451375.1,CladeA,Hospital.Environment,Cluster_5,Cluster_3464
GCA_001451405.1,CladeA,Hospital.Environment,Cluster_9,Cluster_3465
GCA_001451425.1,CladeB,Hospital.Environment,Cluster_114,Cluster_3466
GCA_001451445.1,CladeA,Hospital.Environment,Cluster_373,Cluster_3467
GCA_001451455.1,CladeA,Hospital.Environment,Cluster_10,Cluster_3468
GCA_001451485.1,CladeB,Hospital.Environment,Cluster_11,Cluster_3469
GCA_001451505.1,CladeB,Hospital.Environment,Cluster_196,Cluster_3470
GCA_001451525.1,CladeA,Hospital.Environment,Cluster_38,Cluster_3471
GCA_001451535.1,CladeA,Hospital.Environment,Cluster_10,Cluster_3472
GCA_001451565.1,CladeA,Hospital.Environment,Cluster_43,Cluster_3473
GCA_001451575.1,CladeA,Hospital.Environment,Cluster_230,Cluster_3474
GCA_001451605.1,CladeB,Hospital.Environment,Cluster_11,Cluster_3475
GCA_001451655.1,CladeA,Hospital.Environment,Cluster_5,Cluster_3476
GCA_001451685.1,CladeA,Hospital.Environment,Cluster_122,Cluster_3477
GCA_001451705.1,CladeA,Hospital.Environment,Cluster_63,Cluster_3478
GCA_001451725.1,CladeB,Hospital.Environment,Cluster_57,Cluster_3479
GCA_001451755.1,CladeA,Hospital.Environment,Cluster_9,Cluster_3480
GCA_001451785.1,CladeB,Hospital.Environment,Cluster_11,Cluster_3481
GCA_001451815.1,CladeB,Hospital.Environment,Cluster_11,Cluster_3482
GCA_001451865.1,CladeA,Hospital.Environment,Cluster_5,Cluster_3483
GCA_001451885.1,CladeB,Hospital.Environment,Cluster_11,Cluster_3484
GCA_001451895.1,CladeA,Hospital.Environment,Cluster_9,Cluster_3480
GCA_001451905.1,CladeA,Hospital.Environment,Cluster_66,Cluster_3485
GCA_001451945.1,CladeC,Hospital.Environment,Cluster_408,Cluster_3486
GCA_001451965.1,CladeB,Hospital.Environment,Cluster_16,Cluster_3487
GCA_001451975.1,CladeA,Hospital.Environment,Cluster_10,Cluster_3488
GCA_001452025.1,CladeB,Hospital.Environment,Cluster_11,Cluster_3489
GCA_001452045.1,CladeB,Hospital.Environment,Cluster_11,Cluster_3490
GCA_001452055.1,CladeB,Hospital.Environment,Cluster_11,Cluster_3481
GCA_001452075.1,CladeA,Hospital.Environment,Cluster_20,Cluster_3491
GCA_001452105.1,CladeB,Hospital.Environment,Cluster_114,Cluster_3492
GCA_001452135.1,CladeA,Hospital.Environment,Cluster_43,Cluster_3493
GCA_001452155.1,CladeB,Hospital.Environment,Cluster_55,Cluster_3494
GCA_001452185.1,CladeB,Hospital.Environment,Cluster_409,Cluster_3495
GCA_001452205.1,CladeA,Hospital.Environment,Cluster_5,Cluster_3496
GCA_001452215.1,CladeB,Hospital.Environment,Cluster_17,Cluster_3497
GCA_001452235.1,CladeA,Hospital.Environment,Cluster_10,Cluster_3498
GCA_001452255.1,CladeA,Hospital.Environment,Cluster_43,Cluster_2241
GCA_001452285.1,CladeB,Hospital.Environment,Cluster_11,Cluster_3499
GCA_001452305.1,CladeB,Hospital.Environment,Cluster_11,Cluster_3500
GCA_001452335.1,CladeA,Hospital.Environment,Cluster_20,Cluster_3501
GCA_001452365.1,CladeA,Hospital.Environment,Cluster_1,Cluster_8
GCA_001452385.1,CladeA,Hospital.Environment,Cluster_1,Cluster_3502
GCA_001452405.1,CladeB,Hospital.Environment,Cluster_16,Cluster_3503
GCA_001452415.1,CladeA,Hospital.Environment,Cluster_5,Cluster_3504
GCA_001452445.1,CladeB,Hospital.Environment,Cluster_114,Cluster_3505
GCA_001452465.1,CladeB,Hospital.Environment,Cluster_52,Cluster_3506
GCA_001452495.1,CladeA,Hospital.Environment,Cluster_10,Cluster_3507
GCA_001452545.1,CladeA,Hospital.Environment,Cluster_243,Cluster_3508
GCA_001452565.1,CladeB,Hospital.Environment,Cluster_52,Cluster_3509
GCA_001452575.1,CladeB,Hospital.Environment,Cluster_11,Cluster_3510
GCA_001452605.1,CladeA,Hospital.Environment,Cluster_5,Cluster_3511
GCA_001452615.1,CladeA,Hospital.Environment,Cluster_40,Cluster_3512
GCA_001452645.1,CladeA,Hospital.Environment,Cluster_1,Cluster_3513
GCA_001452675.1,CladeB,Hospital.Environment,Cluster_11,Cluster_3514
GCA_001452725.1,CladeA,Hospital.Environment,Cluster_40,Cluster_3515
GCA_001452745.1,CladeB,Hospital.Environment,Cluster_260,Cluster_3516
GCA_001452755.1,CladeA,Hospital.Environment,Cluster_22,Cluster_3517
GCA_001452805.1,CladeB,Burn,Cluster_11,Cluster_3518
GCA_001452825.1,CladeB,Burn,Cluster_81,Cluster_627
GCA_001452835.1,CladeA,Burn,Cluster_9,Cluster_3519
GCA_001452865.1,CladeA,Blood,Cluster_10,Cluster_675
GCA_001452885.1,CladeB,Sputum,Cluster_310,Cluster_3520
GCA_001452915.1,CladeA,Burn,Cluster_40,Cluster_3521
GCA_001452935.1,CladeB,Hospital.Environment,Cluster_55,Cluster_3522
GCA_001452985.1,CladeC,Burn,Cluster_215,Cluster_3523
GCA_001452995.1,CladeB,Upper.Respiratory,Cluster_410,Cluster_3524
GCA_001453065.1,CladeA,Hospital.Environment,Cluster_2,Cluster_3525
GCA_001453075.1,CladeA,CF,Cluster_58,Cluster_3526
GCA_001453095.1,CladeA,Hospital.Environment,Cluster_70,Cluster_3527
GCA_001453145.1,CladeA,Hospital.Environment,Cluster_264,Cluster_3528
GCA_001453155.1,CladeA,Hospital.Environment,Cluster_10,Cluster_3529
GCA_001453185.1,CladeA,Hospital.Environment,Cluster_63,Cluster_3530
GCA_001453205.1,CladeA,Hospital.Environment,Cluster_10,Cluster_3531
GCA_001453225.1,CladeA,Hospital.Environment,Cluster_233,Cluster_3532
GCA_001453235.1,CladeA,Hospital.Environment,Cluster_2,Cluster_356
GCA_001453265.1,CladeA,Hospital.Environment,Cluster_20,Cluster_3533
GCA_001453305.1,CladeA,Hospital.Environment,Cluster_139,Cluster_3534
GCA_001453315.1,CladeA,Hospital.Environment,Cluster_22,Cluster_3535
GCA_001453345.1,CladeB,Hospital.Environment,Cluster_11,Cluster_3536
GCA_001453365.1,CladeB,Hospital.Environment,Cluster_11,Cluster_3537
GCA_001453385.1,CladeA,Hospital.Environment,Cluster_2,Cluster_3538
GCA_001453405.1,CladeB,Hospital.Environment,Cluster_17,Cluster_3539
GCA_001453415.1,CladeB,Hospital.Environment,Cluster_411,Cluster_3540
GCA_001453435.1,CladeA,Hospital.Environment,Cluster_412,Cluster_3541
GCA_001453465.1,CladeA,Hospital.Environment,Cluster_10,Cluster_3542
GCA_001453485.1,CladeB,Hospital.Environment,Cluster_11,Cluster_3543
GCA_001453495.1,CladeB,Hospital.Environment,Cluster_57,Cluster_3544
GCA_001453515.1,CladeA,Hospital.Environment,Cluster_66,Cluster_3545
GCA_001453545.1,CladeA,Hospital.Environment,Cluster_10,Cluster_3546
GCA_001453585.1,CladeA,Hospital.Environment,Cluster_123,Cluster_3547
GCA_001453595.1,CladeB,Hospital.Environment,Cluster_11,Cluster_3548
GCA_001453615.1,CladeB,Hospital.Environment,Cluster_52,Cluster_3549
GCA_001453645.1,CladeA,Hospital.Environment,Cluster_2,Cluster_3550
GCA_001453665.1,CladeA,Hospital.Environment,Cluster_10,Cluster_3551
GCA_001453675.1,CladeA,Hospital.Environment,Cluster_148,Cluster_3552
GCA_001453705.1,CladeB,Hospital.Environment,Cluster_57,Cluster_3544
GCA_001453725.1,CladeB,Hospital.Environment,Cluster_17,Cluster_3553
GCA_001453735.1,CladeA,Hospital.Environment,Cluster_40,Cluster_3554
GCA_001453755.1,CladeA,Hospital.Environment,Cluster_5,Cluster_3555
GCA_001453775.1,CladeA,Animal,Cluster_10,Cluster_3556
GCA_001453825.1,CladeB,Sputum,Cluster_114,Cluster_3557
GCA_001453905.1,CladeA,Hospital.Environment,Cluster_2,Cluster_3525
GCA_001453915.1,CladeA,Burn,Cluster_144,Cluster_3558
GCA_001453945.1,CladeA,CF,Cluster_75,Cluster_3559
GCA_001453985.1,CladeA,Throat,Cluster_233,Cluster_3560
GCA_001454045.1,CladeB,Burn,Cluster_11,Cluster_3561
GCA_001454065.1,CladeB,Burn,Cluster_4,Cluster_3562
GCA_001454085.1,CladeB,Aquatic,Cluster_57,Cluster_3563
GCA_001454095.1,CladeB,Aquatic,Cluster_382,Cluster_3107
GCA_001454125.1,CladeA,Burn,Cluster_5,Cluster_3564
GCA_001454145.1,CladeA,Blood,Cluster_26,Cluster_3565
GCA_001454165.1,CladeB,Burn,Cluster_151,Cluster_3566
GCA_001454175.1,CladeA,Wound,Cluster_59,Cluster_3567
GCA_001454225.1,CladeA,Urinary,Cluster_1,Cluster_8
GCA_001454235.1,CladeB,Aquatic,Cluster_114,Cluster_3568
GCA_001454305.1,CladeB,Burn,Cluster_11,Cluster_3569
GCA_001454325.1,CladeA,Burn,Cluster_43,Cluster_3570
GCA_001454335.1,CladeA,Ear,Cluster_287,Cluster_3571
GCA_001454365.1,CladeB,Sputum,Cluster_57,Cluster_3572
GCA_001454395.1,CladeA,Urinary,Cluster_350,Cluster_3573
GCA_001454415.1,CladeA,Sputum,Cluster_284,Cluster_3574
GCA_001454445.1,CladeA,Blood,Cluster_1,Cluster_3575
GCA_001454495.1,CladeA,Urinary,Cluster_1,Cluster_3576
GCA_001454545.1,CladeA,Wound,Cluster_1,Cluster_3577
GCA_001454565.1,CladeA,Wound,Cluster_1,Cluster_8
GCA_001454595.1,CladeB,Burn,Cluster_11,Cluster_3578
GCA_001454645.1,CladeA,CF,Cluster_90,Cluster_3579
GCA_001454675.1,CladeC,Plant,Cluster_413,Cluster_3580
GCA_001454705.1,CladeA,Hospital.Environment,Cluster_60,Cluster_3581
GCA_001454725.1,CladeA,Aquatic,Cluster_2,Cluster_356
GCA_001454745.1,CladeA,Burn,Cluster_5,Cluster_3582
GCA_001454755.1,CladeB,Burn,Cluster_16,Cluster_3583
GCA_001454785.1,CladeA,CF,Cluster_1,Cluster_3584
GCA_001469435.3,CladeB,Terrestrial,Cluster_156,Cluster_3585
GCA_001471435.2,CladeB,Urinary,Cluster_80,Cluster_3586
GCA_001482325.1,CladeA,Blood,Cluster_336,Cluster_3587
GCA_001482885.1,CladeA,Eye,Cluster_147,Cluster_3588
GCA_001483235.1,CladeA,Aquatic,Cluster_5,Cluster_3589
GCA_001500235.1,CladeA,CF,Cluster_9,Cluster_613
GCA_001500245.1,CladeA,CF,Cluster_30,Cluster_3590
GCA_001518975.1,CladeA,Upper.Respiratory,Cluster_74,Cluster_3591
GCA_001535675.2,CladeA,Urinary,Cluster_1,Cluster_3592
GCA_001545175.1,CladeA,CF,Cluster_35,Cluster_3593
GCA_001545205.1,CladeA,CF,Cluster_35,Cluster_3594
GCA_001545255.1,CladeA,CF,Cluster_35,Cluster_3595
GCA_001554305.1,CladeB,CF,Cluster_260,Cluster_3596
GCA_001554315.1,CladeA,CF,Cluster_92,Cluster_3597
GCA_001554325.1,CladeA,CF,Cluster_10,Cluster_3598
GCA_001554375.1,CladeB,CF,Cluster_260,Cluster_3599
GCA_001554385.1,CladeA,CF,Cluster_10,Cluster_1720
GCA_001554395.1,CladeB,CF,Cluster_260,Cluster_3596
GCA_001554425.1,CladeB,CF,Cluster_260,Cluster_3600
GCA_001554455.1,CladeB,CF,Cluster_260,Cluster_3596
GCA_001554465.1,CladeA,CF,Cluster_10,Cluster_3601
GCA_001554495.1,CladeA,CF,Cluster_10,Cluster_3602
GCA_001554505.1,CladeA,CF,Cluster_10,Cluster_3602
GCA_001554575.1,CladeB,CF,Cluster_260,Cluster_3603
GCA_001554585.1,CladeA,CF,Cluster_60,Cluster_3604
GCA_001554655.1,CladeA,CF,Cluster_90,Cluster_3605
GCA_001554665.1,CladeA,CF,Cluster_90,Cluster_3605
GCA_001554695.1,CladeA,CF,Cluster_40,Cluster_3606
GCA_001554705.1,CladeA,CF,Cluster_40,Cluster_3607
GCA_001554735.1,CladeA,CF,Cluster_40,Cluster_3608
GCA_001554745.1,CladeA,CF,Cluster_40,Cluster_3609
GCA_001554775.1,CladeB,CF,Cluster_151,Cluster_3610
GCA_001554785.1,CladeB,CF,Cluster_151,Cluster_3610
GCA_001554805.1,CladeB,CF,Cluster_151,Cluster_3611
GCA_001554825.1,CladeA,CF,Cluster_229,Cluster_3612
GCA_001554855.1,CladeA,CF,Cluster_229,Cluster_3613
GCA_001554875.1,CladeA,CF,Cluster_229,Cluster_3613
GCA_001554895.1,CladeA,CF,Cluster_229,Cluster_3613
GCA_001554915.1,CladeA,CF,Cluster_229,Cluster_3614
GCA_001554935.1,CladeA,CF,Cluster_20,Cluster_3615
GCA_001554955.1,CladeA,CF,Cluster_20,Cluster_3616
GCA_001554975.1,CladeA,CF,Cluster_92,Cluster_3617
GCA_001554995.1,CladeA,CF,Cluster_20,Cluster_3616
GCA_001555015.1,CladeA,CF,Cluster_415,Cluster_3665
GCA_001555035.1,CladeA,CF,Cluster_92,Cluster_3597
GCA_001555055.1,CladeA,CF,Cluster_92,Cluster_3666
GCA_001555075.1,CladeA,CF,Cluster_415,Cluster_3667
GCA_001555095.1,CladeA,CF,Cluster_415,Cluster_3668
GCA_001555115.1,CladeA,CF,Cluster_415,Cluster_3669
GCA_001555135.1,CladeA,CF,Cluster_60,Cluster_3670
GCA_001555155.1,CladeA,CF,Cluster_90,Cluster_3605
GCA_001555165.1,CladeA,CF,Cluster_10,Cluster_3602
GCA_001555215.1,CladeA,CF,Cluster_90,Cluster_3605
GCA_001555225.1,CladeA,CF,Cluster_40,Cluster_3671
GCA_001555235.1,CladeA,CF,Cluster_40,Cluster_3608
GCA_001555255.1,CladeA,CF,Cluster_229,Cluster_3613
GCA_001555295.1,CladeA,CF,Cluster_229,Cluster_3672
GCA_001555315.1,CladeA,CF,Cluster_415,Cluster_3673
GCA_001555325.1,CladeA,CF,Cluster_20,Cluster_3674
GCA_001555335.1,CladeA,CF,Cluster_10,Cluster_3675
GCA_001555375.1,CladeA,CF,Cluster_10,Cluster_3676
GCA_001555415.1,CladeA,CF,Cluster_2,Cluster_3677
GCA_001555425.1,CladeA,CF,Cluster_2,Cluster_3677
GCA_001555455.1,CladeA,CF,Cluster_2,Cluster_3677
GCA_001619935.1,CladeA,Aquatic,Cluster_47,Cluster_2298
GCA_001623945.1,CladeB,Rectal/Feces,Cluster_11,Cluster_3678
GCA_001623955.1,CladeB,Wound,Cluster_11,Cluster_3678
GCA_001632245.1,CladeB,Wound,Cluster_55,Cluster_3679
GCA_001679685.1,CladeA,Lung,Cluster_10,Cluster_3680
GCA_001679905.1,CladeB,Urinary,Cluster_379,Cluster_3681
GCA_001680745.1,CladeB,CF,Cluster_11,Cluster_3682
GCA_001687285.1,CladeA,Sputum,Cluster_10,Cluster_675
GCA_001721745.1,CladeB,Pneumonia,Cluster_45,Cluster_237
GCA_001721765.1,CladeB,Pneumonia,Cluster_45,Cluster_237
GCA_001721785.1,CladeB,Pneumonia,Cluster_45,Cluster_237
GCA_001721805.1,CladeB,Pneumonia,Cluster_45,Cluster_237
GCA_001721825.1,CladeB,Pneumonia,Cluster_45,Cluster_237
GCA_001721845.1,CladeB,Sputum,Cluster_45,Cluster_237
GCA_001722005.2,CladeB,Terrestrial,Cluster_57,Cluster_3683
GCA_001722025.1,CladeB,Pneumonia,Cluster_45,Cluster_237
GCA_001722045.1,CladeB,Pneumonia,Cluster_45,Cluster_237
GCA_001729505.1,CladeA,Wound,Cluster_5,Cluster_590
GCA_001750705.1,CladeA,Aquatic,Cluster_60,Cluster_3684
GCA_001765455.1,CladeA,CF,Cluster_28,Cluster_3685
GCA_001765475.1,CladeA,CF,Cluster_28,Cluster_3686
GCA_001765535.1,CladeA,CF,Cluster_28,Cluster_3686
GCA_001765545.1,CladeA,CF,Cluster_28,Cluster_3687
GCA_001765575.1,CladeA,CF,Cluster_28,Cluster_3688
GCA_001765585.1,CladeA,CF,Cluster_28,Cluster_3689
GCA_001765595.1,CladeA,CF,Cluster_28,Cluster_3690
GCA_001765645.1,CladeA,CF,Cluster_28,Cluster_3686
GCA_001765655.1,CladeA,CF,Cluster_28,Cluster_3686
GCA_001765695.1,CladeA,CF,Cluster_28,Cluster_3686
GCA_001765715.1,CladeA,CF,Cluster_28,Cluster_3691
GCA_001765725.1,CladeA,CF,Cluster_28,Cluster_3692
GCA_001765755.1,CladeA,CF,Cluster_28,Cluster_3693
GCA_001765775.1,CladeA,CF,Cluster_28,Cluster_3694
GCA_001765795.1,CladeA,CF,Cluster_28,Cluster_3686
GCA_001765805.1,CladeA,CF,Cluster_28,Cluster_3695
GCA_001765845.1,CladeA,CF,Cluster_28,Cluster_3686
GCA_001765855.1,CladeA,CF,Cluster_28,Cluster_3696
GCA_001765865.1,CladeA,CF,Cluster_28,Cluster_3697
GCA_001765915.1,CladeA,CF,Cluster_28,Cluster_3698
GCA_001765925.1,CladeA,CF,Cluster_28,Cluster_3699
GCA_001765955.1,CladeA,CF,Cluster_28,Cluster_3700
GCA_001765975.1,CladeA,CF,Cluster_28,Cluster_3701
GCA_001765985.1,CladeA,CF,Cluster_28,Cluster_3702
GCA_001765995.1,CladeA,CF,Cluster_28,Cluster_3703
GCA_001766035.1,CladeA,CF,Cluster_28,Cluster_3704
GCA_001766045.1,CladeA,CF,Cluster_28,Cluster_3705
GCA_001766075.1,CladeA,CF,Cluster_28,Cluster_3706
GCA_001766085.1,CladeA,CF,Cluster_28,Cluster_3707
GCA_001766115.1,CladeA,CF,Cluster_28,Cluster_3708
GCA_001766135.1,CladeA,CF,Cluster_28,Cluster_3709
GCA_001766145.1,CladeA,CF,Cluster_28,Cluster_3686
GCA_001766195.1,CladeA,CF,Cluster_28,Cluster_3686
GCA_001792835.1,CladeA,Urinary,Cluster_43,Cluster_2241
GCA_001792855.1,CladeA,Lung,Cluster_43,Cluster_3710
GCA_001792875.1,CladeA,Blood,Cluster_43,Cluster_3711
GCA_001802735.1,CladeA,Blood,Cluster_43,Cluster_2241
GCA_001806505.1,CladeA,Blood,Cluster_43,Cluster_2241
GCA_001811215.1,CladeA,Lung,Cluster_58,Cluster_3712
GCA_001811975.1,CladeA,Wound,Cluster_31,Cluster_3713
GCA_001812145.1,CladeA,Lung,Cluster_24,Cluster_3714
GCA_001813995.1,CladeA,Wound,Cluster_56,Cluster_3715
GCA_001836505.1,CladeA,Lung,Cluster_34,Cluster_3716
GCA_001836645.1,CladeA,Lung,Cluster_60,Cluster_3717
GCA_001837545.1,CladeA,Sputum,Cluster_233,Cluster_3718
GCA_001870265.1,CladeA,Lung,Cluster_43,Cluster_3710
GCA_001874465.1,CladeB,Aquatic,Cluster_52,Cluster_3719
GCA_001900195.1,CladeA,Urinary,Cluster_103,Cluster_3066
GCA_001900225.1,CladeA,Urinary,Cluster_103,Cluster_3066
GCA_001990285.1,CladeA,early.CF,Cluster_2,Cluster_1949
GCA_001990295.1,CladeA,early.CF,Cluster_24,Cluster_3720
GCA_001990325.1,CladeA,CF,Cluster_22,Cluster_3721
GCA_001990335.1,CladeA,CF,Cluster_289,Cluster_3722
GCA_001990345.1,CladeA,early.CF,Cluster_22,Cluster_1935
GCA_001990375.1,CladeA,CF,Cluster_289,Cluster_3723
GCA_001990405.1,CladeA,CF,Cluster_60,Cluster_3724
GCA_001990425.1,CladeA,early.CF,Cluster_34,Cluster_3725
GCA_001990445.1,CladeA,CF,Cluster_2,Cluster_356
GCA_001990525.1,CladeA,CF,Cluster_2,Cluster_356
GCA_002001225.1,CladeA,early.CF,Cluster_24,Cluster_3720
GCA_002001235.1,CladeA,early.CF,Cluster_40,Cluster_3726
GCA_002001265.1,CladeA,early.CF,Cluster_225,Cluster_1937
GCA_002001275.1,CladeA,early.CF,Cluster_225,Cluster_1937
GCA_002001305.1,CladeA,CF,Cluster_60,Cluster_1075
GCA_002001315.1,CladeA,early.CF,Cluster_60,Cluster_1075
GCA_002001385.1,CladeA,early.CF,Cluster_289,Cluster_3723
GCA_002002365.1,CladeB,Urinary,Cluster_81,Cluster_3727
GCA_002002765.1,CladeB,Blood,Cluster_11,Cluster_3728
GCA_002005765.1,CladeA,early.CF,Cluster_60,Cluster_3724
GCA_002025525.1,CladeB,Aquatic,Cluster_416,Cluster_3729
GCA_002025555.1,CladeB,Aquatic,Cluster_416,Cluster_3730
GCA_002085755.1,CladeB,Lung,Cluster_11,Cluster_3731
GCA_002088215.1,CladeB,Blood,Cluster_16,Cluster_3732
GCA_002104595.1,CladeB,Sputum,Cluster_52,Cluster_1351
GCA_002104615.1,CladeB,Sputum,Cluster_52,Cluster_1351
GCA_002134835.1,CladeB,Urinary,Cluster_52,Cluster_1351
GCA_002134845.1,CladeB,Urinary,Cluster_52,Cluster_1351
GCA_002134885.1,CladeB,Lung,Cluster_52,Cluster_1351
GCA_002134895.1,CladeB,Wound,Cluster_52,Cluster_1351
GCA_002134905.1,CladeB,Urinary,Cluster_52,Cluster_1351
GCA_002134915.1,CladeB,Urinary,Cluster_52,Cluster_1351
GCA_002134965.1,CladeB,Urinary,Cluster_52,Cluster_1351
GCA_002134975.1,CladeB,Urinary,Cluster_52,Cluster_1351
GCA_002134985.1,CladeB,Urinary,Cluster_52,Cluster_1351
GCA_002135615.1,CladeA,Blood,Cluster_123,Cluster_3733
GCA_002135625.1,CladeA,Lung,Cluster_123,Cluster_3734
GCA_002135635.1,CladeB,Lung,Cluster_11,Cluster_3735
GCA_002135675.1,CladeB,Blood,Cluster_52,Cluster_3736
GCA_002135685.1,CladeB,Blood,Cluster_52,Cluster_3737
GCA_002135705.1,CladeA,Lung,Cluster_123,Cluster_3738
GCA_002135715.1,CladeA,Lung,Cluster_123,Cluster_3739
GCA_002135755.1,CladeA,Lung,Cluster_1,Cluster_3740
GCA_002135795.1,CladeA,Blood,Cluster_26,Cluster_1191
GCA_002135835.1,CladeA,Blood,Cluster_123,Cluster_3741
GCA_002135845.1,CladeA,Lung,Cluster_10,Cluster_3742
GCA_002135875.1,CladeA,Blood,Cluster_25,Cluster_3743
GCA_002135885.1,CladeA,Lung,Cluster_10,Cluster_3744
GCA_002135915.1,CladeA,Lung,Cluster_25,Cluster_3743
GCA_002135955.1,CladeA,Lung,Cluster_1,Cluster_3745
GCA_002135965.1,CladeA,Blood,Cluster_9,Cluster_3746
GCA_002135995.1,CladeA,Blood,Cluster_10,Cluster_3747
GCA_002136005.1,CladeA,Blood,Cluster_1,Cluster_3748
GCA_002136015.1,CladeA,Lung,Cluster_10,Cluster_3749
GCA_002136055.1,CladeA,Blood,Cluster_10,Cluster_3749
GCA_002136065.1,CladeA,Blood,Cluster_10,Cluster_3750
GCA_002136075.1,CladeA,Blood,Cluster_10,Cluster_3749
GCA_002136115.1,CladeA,Lung,Cluster_10,Cluster_3749
GCA_002136125.1,CladeA,Blood,Cluster_10,Cluster_3751
GCA_002136135.1,CladeA,Blood,Cluster_10,Cluster_3749
GCA_002136165.1,CladeA,Lung,Cluster_10,Cluster_13
GCA_002136195.1,CladeA,Lung,Cluster_123,Cluster_3752
GCA_002136205.1,CladeA,Lung,Cluster_123,Cluster_3753
GCA_002136215.1,CladeA,Lung,Cluster_10,Cluster_3754
GCA_002136245.1,CladeB,Lung,Cluster_11,Cluster_3755
GCA_002136275.1,CladeA,Blood,Cluster_1,Cluster_3756
GCA_002136285.1,CladeB,Blood,Cluster_11,Cluster_3757
GCA_002136295.1,CladeB,Blood,Cluster_16,Cluster_3758
GCA_002136335.1,CladeB,Blood,Cluster_11,Cluster_3759
GCA_002136355.1,CladeB,Blood,Cluster_52,Cluster_3760
GCA_002136365.1,CladeB,Blood,Cluster_52,Cluster_3761
GCA_002136375.1,CladeA,Lung,Cluster_123,Cluster_3762
GCA_002136415.1,CladeA,Lung,Cluster_1,Cluster_3763
GCA_002136445.1,CladeA,Blood,Cluster_10,Cluster_3749
GCA_002136455.1,CladeB,Lung,Cluster_11,Cluster_3764
GCA_002136495.1,CladeA,Lung,Cluster_123,Cluster_3765
GCA_002136515.1,CladeA,Lung,Cluster_123,Cluster_3766
GCA_002136525.1,CladeB,Blood,Cluster_11,Cluster_3757
GCA_002136535.1,CladeB,Blood,Cluster_16,Cluster_3767
GCA_002154915.1,CladeA,early.CF,Cluster_2,Cluster_1949
GCA_002188505.1,CladeB,Lung,Cluster_11,Cluster_3768
GCA_002188565.1,CladeA,Urinary,Cluster_1,Cluster_3769
GCA_002189115.1,CladeB,Urinary,Cluster_11,Cluster_3770
GCA_002189505.1,CladeA,Urinary,Cluster_24,Cluster_3771
GCA_002192475.1,CladeB,Pneumonia,Cluster_64,Cluster_468
GCA_002192495.1,CladeB,Pneumonia,Cluster_52,Cluster_3772
GCA_002192775.1,CladeA,Aquatic,Cluster_34,Cluster_3773
GCA_002193675.1,CladeA,Eye,Cluster_10,Cluster_3774
GCA_002193685.1,CladeA,Wound,Cluster_43,Cluster_3775
GCA_002193735.1,CladeA,Wound,Cluster_10,Cluster_3776
GCA_002193745.1,CladeA,Wound,Cluster_417,Cluster_3777
GCA_002193755.1,CladeA,Blood,Cluster_10,Cluster_3778
GCA_002193765.1,CladeA,Blood,Cluster_10,Cluster_3779
GCA_002193825.1,CladeB,Blood,Cluster_16,Cluster_3780
GCA_002193845.1,CladeA,Blood,Cluster_10,Cluster_3781
GCA_002193895.1,CladeA,Blood,Cluster_40,Cluster_3782
GCA_002193915.1,CladeA,Upper.Respiratory,Cluster_230,Cluster_3783
GCA_002193925.1,CladeA,Blood,Cluster_40,Cluster_3782
GCA_002193975.1,CladeB,Upper.Respiratory,Cluster_11,Cluster_3784
GCA_002194075.1,CladeA,Blood,Cluster_40,Cluster_3785
GCA_002194085.1,CladeA,Blood,Cluster_70,Cluster_3786
GCA_002194095.1,CladeA,Blood,Cluster_5,Cluster_3787
GCA_002201225.1,CladeB,Blood,Cluster_11,Cluster_3788
GCA_002201255.1,CladeB,Urinary,Cluster_11,Cluster_3788
GCA_002201295.1,CladeB,Blood,Cluster_81,Cluster_3789
GCA_002201375.1,CladeB,Blood,Cluster_11,Cluster_3788
GCA_002201405.1,CladeB,Urinary,Cluster_11,Cluster_3790
GCA_002204155.1,CladeA,Terrestrial,Cluster_61,Cluster_3791
GCA_002205335.1,CladeA,Pneumonia,Cluster_418,Cluster_3792
GCA_002205355.1,CladeB,Pneumonia,Cluster_64,Cluster_468
GCA_002205375.1,CladeA,Blood,Cluster_43,Cluster_3793
GCA_002206285.2,CladeA,Lung,Cluster_10,Cluster_3794
GCA_002216325.1,CladeA,Terrestrial,Cluster_34,Cluster_3795
GCA_002216335.1,CladeA,Terrestrial,Cluster_230,Cluster_1470
GCA_002216345.1,CladeA,Aquatic,Cluster_31,Cluster_3796
GCA_002216355.1,CladeA,Aquatic,Cluster_237,Cluster_3797
GCA_002216405.1,CladeA,Ear,Cluster_43,Cluster_3798
GCA_002216425.1,CladeA,Terrestrial,Cluster_31,Cluster_3796
GCA_002216445.1,CladeA,Aquatic,Cluster_20,Cluster_3799
GCA_002216465.1,CladeB,Aquatic,Cluster_64,Cluster_3800
GCA_002216485.1,CladeA,Terrestrial,Cluster_31,Cluster_3796
GCA_002216505.1,CladeA,Aquatic,Cluster_34,Cluster_3801
GCA_002237405.1,CladeB,Ocean,Cluster_57,Cluster_3802
GCA_002237425.1,CladeB,Ocean,Cluster_57,Cluster_3802
GCA_002239425.1,CladeA,Plant,Cluster_5,Cluster_3803
GCA_002239445.1,CladeA,Plant,Cluster_5,Cluster_3804
GCA_002239465.1,CladeA,Aquatic,Cluster_10,Cluster_3805
GCA_002239485.1,CladeA,Aquatic,Cluster_70,Cluster_3806
GCA_002239545.1,CladeB,Plant,Cluster_156,Cluster_3807
GCA_002239565.1,CladeA,Plant,Cluster_419,Cluster_3808
GCA_002242775.1,CladeB,Eye,Cluster_52,Cluster_3809
GCA_002242855.1,CladeB,Eye,Cluster_12,Cluster_3810
GCA_002242885.1,CladeA,Eye,Cluster_51,Cluster_3811
GCA_002242915.1,CladeA,Eye,Cluster_41,Cluster_3812
GCA_002243265.1,CladeA,Eye,Cluster_325,Cluster_3813
GCA_002251125.1,CladeA,Blood,Cluster_227,Cluster_3814
GCA_002263545.1,CladeB,Ocean,Cluster_57,Cluster_3802
GCA_002263575.1,CladeB,Ocean,Cluster_55,Cluster_3815
GCA_002263585.1,CladeB,Ocean,Cluster_57,Cluster_3802
GCA_002263615.1,CladeB,Ocean,Cluster_57,Cluster_3802
GCA_002263645.1,CladeB,Ocean,Cluster_163,Cluster_610
GCA_002263685.1,CladeA,Ocean,Cluster_60,Cluster_3816
GCA_002276485.1,CladeA,CF,Cluster_146,Cluster_496
GCA_002285345.1,CladeA,Aquatic,Cluster_161,Cluster_3817
GCA_002285355.1,CladeA,Terrestrial,Cluster_103,Cluster_3818
GCA_002285375.1,CladeA,Aquatic,Cluster_10,Cluster_3819
GCA_002287725.2,CladeB,Aquatic,Cluster_57,Cluster_3820
GCA_002312055.1,CladeA,Sputum,Cluster_36,Cluster_3821
GCA_002312065.1,CladeA,Sputum,Cluster_2,Cluster_3822
GCA_002312095.1,CladeA,Sputum,Cluster_2,Cluster_356
GCA_002312115.1,CladeA,Sputum,Cluster_24,Cluster_3823
GCA_002312145.1,CladeB,Aquatic,Cluster_126,Cluster_3824
GCA_002312175.1,CladeB,Aquatic,Cluster_57,Cluster_3825
GCA_002312195.1,CladeB,Aquatic,Cluster_57,Cluster_3820
GCA_002312215.1,CladeB,Aquatic,Cluster_57,Cluster_3820
GCA_002312235.1,CladeA,Lung,Cluster_252,Cluster_3826
GCA_002312245.1,CladeB,Aquatic,Cluster_57,Cluster_3827
GCA_002312275.1,CladeB,Aquatic,Cluster_374,Cluster_3828
GCA_002312295.1,CladeB,Aquatic,Cluster_126,Cluster_3829
GCA_002312315.1,CladeB,Aquatic,Cluster_126,Cluster_3830
GCA_002312335.1,CladeB,Aquatic,Cluster_126,Cluster_3829
GCA_002312375.1,CladeA,Lung,Cluster_2,Cluster_3831
GCA_002312385.1,CladeA,Lung,Cluster_2,Cluster_356
GCA_002312405.1,CladeA,Lung,Cluster_10,Cluster_3832
GCA_002312415.1,CladeA,Lung,Cluster_34,Cluster_3833
GCA_002312455.1,CladeA,Lung,Cluster_82,Cluster_2948
GCA_002312465.1,CladeA,Lung,Cluster_252,Cluster_3826
GCA_002312495.1,CladeA,Lung,Cluster_24,Cluster_3823
GCA_002312505.1,CladeA,Lung,Cluster_24,Cluster_3823
GCA_002312535.1,CladeA,Sputum,Cluster_20,Cluster_3834
GCA_002312545.1,CladeA,Sputum,Cluster_10,Cluster_3835
GCA_002312585.1,CladeB,Aquatic,Cluster_57,Cluster_3836
GCA_002312615.1,CladeA,Lung,Cluster_278,Cluster_3837
GCA_002312645.1,CladeB,Aquatic,Cluster_126,Cluster_3829
GCA_002312675.1,CladeB,Aquatic,Cluster_126,Cluster_3838
GCA_002312685.1,CladeB,Aquatic,Cluster_374,Cluster_3828
GCA_002312695.1,CladeA,Lung,Cluster_103,Cluster_3839
GCA_002312705.1,CladeA,Lung,Cluster_24,Cluster_3823
GCA_002312755.1,CladeA,Lung,Cluster_53,Cluster_3840
GCA_002312765.1,CladeA,Lung,Cluster_24,Cluster_3823
GCA_002312795.1,CladeA,Lung,Cluster_24,Cluster_3841
GCA_002325925.1,CladeA,Aquatic,Cluster_83,Cluster_3842
GCA_002325965.1,CladeA,Aquatic,Cluster_5,Cluster_3843
GCA_002325985.1,CladeA,Aquatic,Cluster_24,Cluster_3844
GCA_002326025.1,CladeB,Aquatic,Cluster_112,Cluster_3845
GCA_002326045.1,CladeB,Built.Environment,Cluster_17,Cluster_3846
GCA_002326055.1,CladeB,Built.Environment,Cluster_17,Cluster_3846
GCA_002326085.1,CladeA,Terrestrial,Cluster_94,Cluster_3847
GCA_002326115.1,CladeA,Aquatic,Cluster_111,Cluster_3848
GCA_002326125.1,CladeA,Aquatic,Cluster_62,Cluster_3849
GCA_002326165.1,CladeB,Built.Environment,Cluster_52,Cluster_3850
GCA_002326195.1,CladeA,Terrestrial,Cluster_386,Cluster_3851
GCA_002326205.1,CladeA,Terrestrial,Cluster_211,Cluster_3852
GCA_002326245.1,CladeA,Terrestrial,Cluster_211,Cluster_3852
GCA_002326265.1,CladeA,Terrestrial,Cluster_30,Cluster_94
GCA_002326275.1,CladeA,Terrestrial,Cluster_30,Cluster_94
GCA_002326305.1,CladeA,Terrestrial,Cluster_30,Cluster_94
GCA_002326325.1,CladeA,Plant,Cluster_229,Cluster_3853
GCA_002326345.1,CladeA,Hospital.Environment,Cluster_1,Cluster_3854
GCA_002326355.1,CladeA,Built.Environment,Cluster_10,Cluster_3855
GCA_002326365.1,CladeA,Built.Environment,Cluster_5,Cluster_3856
GCA_002326395.1,CladeA,Terrestrial,Cluster_128,Cluster_3857
GCA_002326425.1,CladeB,Built.Environment,Cluster_64,Cluster_3858
GCA_002326435.1,CladeA,Built.Environment,Cluster_40,Cluster_3859
GCA_002326445.1,CladeB,Built.Environment,Cluster_365,Cluster_3860
GCA_002326455.1,CladeA,Aquatic,Cluster_420,Cluster_3861
GCA_002326505.1,CladeA,Aquatic,Cluster_24,Cluster_3862
GCA_002326515.1,CladeA,Terrestrial,Cluster_35,Cluster_3863
GCA_002326525.1,CladeA,Terrestrial,Cluster_24,Cluster_3864
GCA_002326535.1,CladeA,Aquatic,Cluster_229,Cluster_3853
GCA_002326585.1,CladeA,Hospital.Environment,Cluster_5,Cluster_3865
GCA_002326595.1,CladeA,Aquatic,Cluster_421,Cluster_3866
GCA_002326605.1,CladeA,Built.Environment,Cluster_35,Cluster_342
GCA_002326665.1,CladeA,Aquatic,Cluster_20,Cluster_3867
GCA_002326675.1,CladeA,Aquatic,Cluster_24,Cluster_3868
GCA_002326685.1,CladeA,Aquatic,Cluster_420,Cluster_3861
GCA_002326725.1,CladeA,Aquatic,Cluster_5,Cluster_3869
GCA_002326745.1,CladeA,Built.Environment,Cluster_175,Cluster_3870
GCA_002329725.1,CladeA,Aquatic,Cluster_10,Cluster_3819
GCA_002329735.1,CladeA,Aquatic,Cluster_10,Cluster_3819
GCA_002329765.1,CladeA,Terrestrial,Cluster_30,Cluster_94
GCA_002329775.1,CladeA,Terrestrial,Cluster_30,Cluster_94
GCA_002329805.1,CladeA,Terrestrial,Cluster_24,Cluster_3871
GCA_002329815.1,CladeA,Terrestrial,Cluster_24,Cluster_3871
GCA_002329845.1,CladeA,Terrestrial,Cluster_24,Cluster_3871
GCA_002329865.1,CladeA,Terrestrial,Cluster_103,Cluster_3818
GCA_002329885.1,CladeA,Terrestrial,Cluster_103,Cluster_3818
GCA_002329905.1,CladeA,Terrestrial,Cluster_103,Cluster_3818
GCA_002329925.1,CladeA,Aquatic,Cluster_161,Cluster_3817
GCA_002329935.1,CladeA,Aquatic,Cluster_161,Cluster_3817
GCA_002329965.1,CladeA,Aquatic,Cluster_82,Cluster_3872
GCA_002329975.1,CladeA,Aquatic,Cluster_82,Cluster_3872
GCA_002330005.1,CladeA,Terrestrial,Cluster_30,Cluster_94
GCA_002330015.1,CladeA,Terrestrial,Cluster_103,Cluster_3818
GCA_002330045.1,CladeA,Terrestrial,Cluster_103,Cluster_3818
GCA_002330065.1,CladeA,Terrestrial,Cluster_30,Cluster_94
GCA_002330075.1,CladeA,Aquatic,Cluster_24,Cluster_3873
GCA_002330095.1,CladeA,Aquatic,Cluster_24,Cluster_3873
GCA_002330125.1,CladeA,Hospital.Environment,Cluster_40,Cluster_3874
GCA_002330135.1,CladeA,Built.Environment,Cluster_9,Cluster_3875
GCA_002330165.1,CladeA,Built.Environment,Cluster_35,Cluster_342
GCA_002330175.1,CladeA,Terrestrial,Cluster_24,Cluster_3876
GCA_002330205.1,CladeA,Terrestrial,Cluster_61,Cluster_3877
GCA_002330215.1,CladeA,Terrestrial,Cluster_24,Cluster_3878
GCA_002330235.1,CladeA,Terrestrial,Cluster_20,Cluster_3867
GCA_002330255.1,CladeB,Built.Environment,Cluster_126,Cluster_3879
GCA_002330275.1,CladeA,Aquatic,Cluster_175,Cluster_3870
GCA_002330305.1,CladeA,Built.Environment,Cluster_35,Cluster_342
GCA_002330315.1,CladeB,Built.Environment,Cluster_260,Cluster_3880
GCA_002330355.1,CladeA,Aquatic,Cluster_75,Cluster_3881
GCA_002330385.1,CladeA,Built.Environment,Cluster_60,Cluster_3882
GCA_002330395.1,CladeB,Aquatic,Cluster_126,Cluster_3883
GCA_002330425.1,CladeB,Aquatic,Cluster_52,Cluster_3884
GCA_002330435.1,CladeA,Built.Environment,Cluster_60,Cluster_3885
GCA_002330465.1,CladeA,Terrestrial,Cluster_34,Cluster_3886
GCA_002330475.1,CladeA,Aquatic,Cluster_117,Cluster_3887
GCA_002330505.1,CladeB,Hospital.Environment,Cluster_17,Cluster_3888
GCA_002330515.1,CladeA,Built.Environment,Cluster_5,Cluster_3869
GCA_002330525.1,CladeB,Built.Environment,Cluster_64,Cluster_153
GCA_002330555.1,CladeA,Aquatic,Cluster_175,Cluster_3889
GCA_002330585.1,CladeA,Aquatic,Cluster_24,Cluster_3878
GCA_002330595.1,CladeA,Aquatic,Cluster_34,Cluster_3890
GCA_002330625.1,CladeA,Aquatic,Cluster_26,Cluster_3891
GCA_002330665.1,CladeA,Aquatic,Cluster_20,Cluster_287
GCA_002330695.1,CladeB,Built.Environment,Cluster_260,Cluster_3880
GCA_002330725.1,CladeA,Aquatic,Cluster_35,Cluster_3892
GCA_002330735.1,CladeA,Aquatic,Cluster_34,Cluster_3893
GCA_002330775.1,CladeA,Aquatic,Cluster_34,Cluster_3894
GCA_002330805.1,CladeA,Aquatic,Cluster_115,Cluster_3895
GCA_002330815.1,CladeA,Aquatic,Cluster_230,Cluster_3896
GCA_002330835.1,CladeA,Built.Environment,Cluster_9,Cluster_1132
GCA_002330865.1,CladeA,Aquatic,Cluster_1,Cluster_3897
GCA_002330875.1,CladeA,Aquatic,Cluster_10,Cluster_3898
GCA_002330885.1,CladeA,Built.Environment,Cluster_422,Cluster_3899
GCA_002330925.1,CladeA,Built.Environment,Cluster_10,Cluster_3900
GCA_002330955.1,CladeB,Built.Environment,Cluster_126,Cluster_386
GCA_002331985.1,CladeB,Built.Environment,Cluster_17,Cluster_3901
GCA_002331995.1,CladeB,Built.Environment,Cluster_11,Cluster_3902
GCA_002332015.1,CladeA,Aquatic,Cluster_175,Cluster_3870
GCA_002332035.1,CladeA,Built.Environment,Cluster_175,Cluster_3870
GCA_002332065.1,CladeB,Built.Environment,Cluster_52,Cluster_3903
GCA_002332085.1,CladeB,Built.Environment,Cluster_260,Cluster_3880
GCA_002332095.1,CladeA,Terrestrial,Cluster_139,Cluster_3904
GCA_002332125.1,CladeA,Built.Environment,Cluster_2,Cluster_3905
GCA_002332135.1,CladeA,Aquatic,Cluster_26,Cluster_3891
GCA_002332165.1,CladeA,Built.Environment,Cluster_9,Cluster_1132
GCA_002332175.1,CladeA,Built.Environment,Cluster_60,Cluster_3882
GCA_002338845.1,CladeB,Animal,Cluster_423,Cluster_3906
GCA_002379565.1,CladeB,Animal,Cluster_423,Cluster_3906
GCA_002411865.3,CladeA,Urinary,Cluster_1,Cluster_377
GCA_002411915.1,CladeB,Wound,Cluster_16,Cluster_3907
GCA_002516415.1,CladeA,Aquatic,Cluster_24,Cluster_3873
GCA_002591765.1,CladeA,Lung,Cluster_162,Cluster_3908
GCA_002724075.1,CladeB,Urinary,Cluster_81,Cluster_627
GCA_002812865.1,CladeA,Urinary,Cluster_157,Cluster_3909
GCA_002812885.1,CladeA,Urinary,Cluster_157,Cluster_3909
GCA_002812905.2,CladeB,Sputum,Cluster_11,Cluster_3910
GCA_002812925.3,CladeB,Lung,Cluster_11,Cluster_3910
GCA_002866725.1,CladeB,Pneumonia,Cluster_52,Cluster_3911
GCA_002866745.1,CladeA,Pneumonia,Cluster_10,Cluster_3912
GCA_002866765.1,CladeB,Pneumonia,Cluster_12,Cluster_3913
GCA_002866805.1,CladeB,Pneumonia,Cluster_52,Cluster_3914
GCA_002896925.1,CladeB,Waste.Water,Cluster_126,Cluster_3915
GCA_002914495.1,CladeA,Animal,Cluster_5,Cluster_3916
GCA_002915235.1,CladeA,Aquatic,Cluster_58,Cluster_3917
GCA_002915615.1,CladeB,Wound,Cluster_424,Cluster_3918
GCA_002927035.1,CladeA,Sputum,Cluster_1,Cluster_3919
GCA_002927135.1,CladeA,Sputum,Cluster_1,Cluster_3919
GCA_002927155.1,CladeA,Blood,Cluster_10,Cluster_3920
GCA_002927195.1,CladeA,Ocean,Cluster_10,Cluster_3620
GCA_002927215.1,CladeA,Blood,Cluster_24,Cluster_172
GCA_002927235.1,CladeA,Blood,Cluster_1,Cluster_3919
GCA_002942025.1,CladeA,Blood,Cluster_213,Cluster_3921
GCA_002964255.1,CladeA,Blood,Cluster_5,Cluster_3922
GCA_002964275.1,CladeB,Blood,Cluster_151,Cluster_3923
GCA_002964295.1,CladeA,Blood,Cluster_36,Cluster_1621
GCA_003008395.1,CladeA,CF,Cluster_371,Cluster_2855
GCA_003028335.1,CladeB,Wound,Cluster_11,Cluster_3621
GCA_003032395.1,CladeC,Ocean,Cluster_406,Cluster_3924
GCA_003055225.1,CladeA,Blood,Cluster_150,Cluster_3925
GCA_003055235.1,CladeA,Blood,Cluster_5,Cluster_3926
GCA_003055265.1,CladeA,Blood,Cluster_43,Cluster_321
GCA_003055295.1,CladeB,Blood,Cluster_17,Cluster_3927
GCA_003055325.1,CladeB,Blood,Cluster_425,Cluster_3928
GCA_003055345.1,CladeB,Blood,Cluster_11,Cluster_3929
GCA_003055365.1,CladeB,Blood,Cluster_11,Cluster_3930
GCA_003055385.1,CladeA,Blood,Cluster_96,Cluster_3931
GCA_003055405.1,CladeA,Blood,Cluster_5,Cluster_3932
GCA_003055425.1,CladeA,Blood,Cluster_247,Cluster_3933
GCA_003055445.1,CladeA,Blood,Cluster_40,Cluster_3934
GCA_003055465.1,CladeA,Blood,Cluster_148,Cluster_3935
GCA_003055485.1,CladeB,Blood,Cluster_11,Cluster_3936
GCA_003055505.1,CladeA,Blood,Cluster_14,Cluster_3937
GCA_003055525.1,CladeB,Blood,Cluster_330,Cluster_3938
GCA_003055545.1,CladeA,Blood,Cluster_141,Cluster_3939
GCA_003055555.1,CladeA,Blood,Cluster_35,Cluster_3940
GCA_003055585.1,CladeA,Blood,Cluster_35,Cluster_3941
GCA_003060845.1,CladeB,Terrestrial,Cluster_176,Cluster_3942
GCA_003071265.1,CladeA,Blood,Cluster_68,Cluster_3943
GCA_003143795.1,CladeA,Pneumonia,Cluster_1,Cluster_27
GCA_003143815.1,CladeB,Pneumonia,Cluster_11,Cluster_3489
GCA_003176695.1,CladeA,Aquatic,Cluster_426,Cluster_3944
GCA_003185875.1,CladeB,Ocean,Cluster_159,Cluster_3945
GCA_003194245.1,CladeA,Sputum,Cluster_9,Cluster_3946
GCA_003204515.1,CladeA,Blood,Cluster_43,Cluster_3947
GCA_003206535.1,CladeA,Lung,Cluster_26,Cluster_3948
GCA_003321505.1,CladeA,Animal,Cluster_220,Cluster_3949
GCA_003324555.1,CladeB,Blood,Cluster_52,Cluster_3950
GCA_003332375.1,CladeA,CF,Cluster_211,Cluster_899
GCA_003332385.1,CladeA,CF,Cluster_146,Cluster_496
GCA_003332415.1,CladeA,CF,Cluster_211,Cluster_899
GCA_003332425.1,CladeA,CF,Cluster_5,Cluster_590
GCA_003332455.1,CladeB,Eye,Cluster_64,Cluster_153
GCA_003332475.1,CladeA,CF,Cluster_146,Cluster_496
GCA_003332485.1,CladeA,CF,Cluster_211,Cluster_899
GCA_003332525.1,CladeA,CF,Cluster_18,Cluster_3951
GCA_003332535.1,CladeA,CF,Cluster_173,Cluster_3952
GCA_003332565.1,CladeA,Eye,Cluster_24,Cluster_3953
GCA_003332575.1,CladeA,Eye,Cluster_103,Cluster_3954
GCA_003332585.1,CladeA,CF,Cluster_394,Cluster_3955
GCA_003332625.1,CladeA,Eye,Cluster_427,Cluster_3956
GCA_003332645.1,CladeB,Eye,Cluster_42,Cluster_3957
GCA_003332655.1,CladeA,Eye,Cluster_124,Cluster_3958
GCA_003332665.1,CladeB,Eye,Cluster_52,Cluster_3959
GCA_003332705.2,CladeB,Eye,Cluster_135,Cluster_3960
GCA_003332715.1,CladeB,Eye,Cluster_52,Cluster_3959
GCA_003332735.1,CladeB,Eye,Cluster_52,Cluster_3959
GCA_003332755.1,CladeB,Eye,Cluster_52,Cluster_3959
GCA_003332785.1,CladeB,Eye,Cluster_52,Cluster_3959
GCA_003332795.1,CladeA,Eye,Cluster_230,Cluster_3961
GCA_003340635.1,CladeB,Blood,Cluster_55,Cluster_3962
GCA_003347525.2,CladeA,Plant,Cluster_5,Cluster_3963
GCA_003369735.1,CladeA,Pneumonia,Cluster_43,Cluster_3964
GCA_003369755.1,CladeA,Pneumonia,Cluster_1,Cluster_3965
GCA_003369775.1,CladeA,Pneumonia,Cluster_428,Cluster_3966
GCA_003402335.1,CladeA,Hospital.Environment,Cluster_10,Cluster_3967
GCA_003408495.1,CladeA,Pneumonia,Cluster_43,Cluster_3964
GCA_003410435.2,CladeA,Blood,Cluster_53,Cluster_131
GCA_003410445.2,CladeA,Blood,Cluster_2,Cluster_3968
GCA_003410475.2,CladeB,Blood,Cluster_156,Cluster_3969
GCA_003410505.2,CladeA,Blood,Cluster_26,Cluster_1191
GCA_003410515.2,CladeB,Blood,Cluster_4,Cluster_3970
GCA_003410555.2,CladeB,Blood,Cluster_11,Cluster_3971
GCA_003410565.2,CladeA,Blood,Cluster_53,Cluster_131
GCA_003410585.2,CladeA,Blood,Cluster_2,Cluster_3972
GCA_003410635.2,CladeA,Blood,Cluster_24,Cluster_3973
GCA_003410645.2,CladeA,Blood,Cluster_40,Cluster_3293
GCA_003410715.2,CladeA,Blood,Cluster_20,Cluster_3974
GCA_003410765.2,CladeA,Blood,Cluster_24,Cluster_3975
GCA_003410805.2,CladeA,Blood,Cluster_40,Cluster_3976
GCA_003410875.2,CladeB,Blood,Cluster_114,Cluster_3977
GCA_003410905.2,CladeB,Blood,Cluster_114,Cluster_3978
GCA_003410935.2,CladeB,Blood,Cluster_253,Cluster_3979
GCA_003410985.2,CladeB,Blood,Cluster_52,Cluster_3980
GCA_003411005.2,CladeB,Blood,Cluster_11,Cluster_3981
GCA_003411035.2,CladeA,Blood,Cluster_24,Cluster_3982
GCA_003411165.2,CladeA,Blood,Cluster_230,Cluster_3983
GCA_003411275.2,CladeB,Blood,Cluster_429,Cluster_3984
GCA_003411285.2,CladeA,Blood,Cluster_40,Cluster_3985
GCA_003411345.2,CladeA,Blood,Cluster_24,Cluster_3986
GCA_003411355.2,CladeA,Blood,Cluster_149,Cluster_3987
GCA_003411535.2,CladeA,Blood,Cluster_363,Cluster_3988
GCA_003411585.1,CladeA,Blood,Cluster_44,Cluster_3989
GCA_003411745.2,CladeA,Blood,Cluster_5,Cluster_3990
GCA_003411765.2,CladeA,Blood,Cluster_24,Cluster_3991
GCA_003411785.2,CladeB,Blood,Cluster_114,Cluster_3992
GCA_003411845.2,CladeA,Blood,Cluster_150,Cluster_3993
GCA_003411875.2,CladeA,Blood,Cluster_1,Cluster_3994
GCA_003411905.2,CladeA,Blood,Cluster_40,Cluster_3995
GCA_003411985.2,CladeA,Blood,Cluster_5,Cluster_3996
GCA_003412115.2,CladeA,Blood,Cluster_150,Cluster_3993
GCA_003412125.2,CladeB,Blood,Cluster_114,Cluster_3997
GCA_003412165.2,CladeB,Blood,Cluster_57,Cluster_3998
GCA_003412255.2,CladeB,Blood,Cluster_176,Cluster_3999
GCA_003412285.2,CladeB,Blood,Cluster_17,Cluster_4000
GCA_003412325.2,CladeA,Blood,Cluster_50,Cluster_4001
GCA_003412355.2,CladeA,Blood,Cluster_94,Cluster_399
GCA_003413835.1,CladeA,Waste.Water,Cluster_234,Cluster_4002
GCA_003429185.1,CladeA,Blood,Cluster_50,Cluster_4003
GCA_003429205.1,CladeA,Blood,Cluster_54,Cluster_4004
GCA_003433235.1,CladeB,Blood,Cluster_11,Cluster_4005
GCA_003441515.1,CladeB,Aquatic,Cluster_52,Cluster_1351
GCA_003441535.1,CladeB,Aquatic,Cluster_52,Cluster_1351
GCA_003441555.1,CladeB,Aquatic,Cluster_52,Cluster_1351
GCA_003441575.1,CladeA,Aquatic,Cluster_263,Cluster_1350
GCA_003611335.1,CladeA,Hospital.Environment,Cluster_5,Cluster_4006
GCA_003611345.1,CladeB,Pneumonia,Cluster_64,Cluster_4007
GCA_003611355.1,CladeA,Hospital.Environment,Cluster_5,Cluster_4008
GCA_003611395.1,CladeA,Hospital.Environment,Cluster_5,Cluster_4009
GCA_003626935.2,CladeB,Blood,Cluster_12,Cluster_4010
GCA_003665495.1,CladeA,Hospital.Environment,Cluster_430,Cluster_4011
GCA_003669815.1,CladeB,Pneumonia,Cluster_64,Cluster_4012
GCA_003669825.1,CladeB,Pneumonia,Cluster_64,Cluster_4013
GCA_003669855.1,CladeA,Hospital.Environment,Cluster_39,Cluster_4014
GCA_003669875.1,CladeA,Urinary,Cluster_26,Cluster_775
GCA_003669905.1,CladeA,Urinary,Cluster_26,Cluster_775
GCA_003669925.1,CladeA,Hospital.Environment,Cluster_26,Cluster_775
GCA_003669955.1,CladeA,Hospital.Environment,Cluster_26,Cluster_775
GCA_003669975.1,CladeA,Urinary,Cluster_26,Cluster_775
GCA_003669995.1,CladeA,Hospital.Environment,Cluster_26,Cluster_775
GCA_003670015.1,CladeA,Urinary,Cluster_26,Cluster_775
GCA_003670025.1,CladeA,Blood,Cluster_26,Cluster_775
GCA_003670055.1,CladeA,Urinary,Cluster_26,Cluster_775
GCA_003698025.1,CladeA,Lung,Cluster_20,Cluster_612
GCA_003698035.1,CladeA,CF,Cluster_1,Cluster_942
GCA_003698065.1,CladeB,Wound,Cluster_11,Cluster_4015
GCA_003698365.1,CladeA,CF,Cluster_103,Cluster_3066
GCA_003698395.1,CladeA,CF,Cluster_74,Cluster_4016
GCA_003698435.1,CladeA,CF,Cluster_211,Cluster_899
GCA_003698455.1,CladeA,CF,Cluster_2,Cluster_1949
GCA_003698485.1,CladeA,CF,Cluster_2,Cluster_1949
GCA_003698505.1,CladeA,CF,Cluster_25,Cluster_633
GCA_003698585.1,CladeA,CF,Cluster_10,Cluster_605
GCA_003698655.1,CladeB,CF,Cluster_343,Cluster_4017
GCA_003698685.1,CladeB,CF,Cluster_343,Cluster_4017
GCA_003698705.1,CladeA,Lung,Cluster_1,Cluster_4018
GCA_003698715.1,CladeA,Aquatic,Cluster_115,Cluster_4019
GCA_003698745.1,CladeB,Aquatic,Cluster_57,Cluster_3563
GCA_003698785.1,CladeA,CF,Cluster_103,Cluster_1303
GCA_003698795.1,CladeA,Hospital.Environment,Cluster_60,Cluster_3581
GCA_003698825.1,CladeA,CF,Cluster_50,Cluster_4020
GCA_003698855.1,CladeA,CF,Cluster_58,Cluster_4021
GCA_003703685.1,CladeB,Pneumonia,Cluster_196,Cluster_4022
GCA_003703855.1,CladeB,Built.Environment,Cluster_196,Cluster_4022
GCA_003716765.1,CladeB,Lung,Cluster_12,Cluster_4023
GCA_003721395.1,CladeA,Rectal/Feces,Cluster_5,Cluster_4024
GCA_003725635.1,CladeB,Urinary,Cluster_16,Cluster_22
GCA_003798105.1,CladeA,Burn,Cluster_2,Cluster_1543
GCA_003798125.1,CladeB,Burn,Cluster_81,Cluster_627
GCA_003798145.1,CladeB,Lung,Cluster_17,Cluster_4025
GCA_003812165.1,CladeA,Throat,Cluster_10,Cluster_4026
GCA_003813005.1,CladeA,Lung,Cluster_10,Cluster_4027
GCA_003833385.1,CladeA,Animal,Cluster_60,Cluster_4028
GCA_003833395.1,CladeA,Aquatic,Cluster_40,Cluster_4029
GCA_003833445.1,CladeB,CF,Cluster_135,Cluster_4030
GCA_003833455.1,CladeA,CF,Cluster_115,Cluster_4031
GCA_003833465.1,CladeA,Animal,Cluster_10,Cluster_605
GCA_003833485.1,CladeA,Wound,Cluster_95,Cluster_4032
GCA_003833545.1,CladeA,Wound,Cluster_2,Cluster_4033
GCA_003833565.1,CladeB,Wound,Cluster_11,Cluster_4034
GCA_003833585.1,CladeA,Wound,Cluster_203,Cluster_4035
GCA_003833605.1,CladeA,Wound,Cluster_60,Cluster_4036
GCA_003833625.1,CladeA,Wound,Cluster_125,Cluster_4037
GCA_003833645.1,CladeA,Wound,Cluster_227,Cluster_4038
GCA_003833665.1,CladeB,Burn,Cluster_205,Cluster_4039
GCA_003833685.1,CladeA,Wound,Cluster_48,Cluster_4040
GCA_003833705.1,CladeA,Wound,Cluster_141,Cluster_4041
GCA_003833715.1,CladeA,Wound,Cluster_128,Cluster_4042
GCA_003833745.1,CladeA,CF,Cluster_50,Cluster_632
GCA_003833765.1,CladeA,Wound,Cluster_9,Cluster_4043
GCA_003833785.1,CladeB,Wound,Cluster_64,Cluster_153
GCA_003833805.1,CladeA,Aquatic,Cluster_34,Cluster_4044
GCA_003833825.1,CladeA,Aquatic,Cluster_35,Cluster_4045
GCA_003833845.1,CladeA,CF,Cluster_50,Cluster_4046
GCA_003833905.1,CladeA,Urinary,Cluster_5,Cluster_4047
GCA_003833935.1,CladeB,Aquatic,Cluster_76,Cluster_631
GCA_003833955.1,CladeA,Wound,Cluster_9,Cluster_4048
GCA_003833965.1,CladeA,CF,Cluster_106,Cluster_4049
GCA_003834005.1,CladeA,Wound,Cluster_9,Cluster_4050
GCA_003834015.1,CladeA,Wound,Cluster_9,Cluster_4048
GCA_003834035.1,CladeA,Wound,Cluster_10,Cluster_4051
GCA_003834085.1,CladeB,Wound,Cluster_176,Cluster_4052
GCA_003834125.1,CladeB,Wound,Cluster_114,Cluster_4053
GCA_003834165.1,CladeA,Aquatic,Cluster_82,Cluster_4054
GCA_003834185.1,CladeA,Wound,Cluster_9,Cluster_4055
GCA_003834235.1,CladeA,Sputum,Cluster_359,Cluster_2667
GCA_003834285.1,CladeA,Aquatic,Cluster_282,Cluster_4056
GCA_003834305.1,CladeA,CF,Cluster_10,Cluster_2080
GCA_003834325.1,CladeA,Aquatic,Cluster_5,Cluster_4057
GCA_003834355.1,CladeA,Urinary,Cluster_51,Cluster_4058
GCA_003834385.1,CladeA,Aquatic,Cluster_375,Cluster_4059
GCA_003834395.1,CladeB,Aquatic,Cluster_16,Cluster_4060
GCA_003834405.1,CladeA,Aquatic,Cluster_10,Cluster_3805
GCA_003834445.1,CladeA,CF,Cluster_10,Cluster_1517
GCA_003834495.1,CladeB,Urinary,Cluster_11,Cluster_4061
GCA_003834545.1,CladeB,Urinary,Cluster_11,Cluster_4062
GCA_003834665.1,CladeB,Sputum,Cluster_365,Cluster_4063
GCA_003834685.1,CladeA,Sputum,Cluster_50,Cluster_4064
GCA_003834725.1,CladeA,CF,Cluster_82,Cluster_691
GCA_003834745.1,CladeA,CF,Cluster_82,Cluster_691
GCA_003834765.1,CladeA,CF,Cluster_82,Cluster_691
GCA_003834785.1,CladeA,CF,Cluster_82,Cluster_691
GCA_003834805.1,CladeA,early.CF,Cluster_82,Cluster_4065
GCA_003834825.1,CladeA,Urinary,Cluster_121,Cluster_4066
GCA_003834835.1,CladeA,early.CF,Cluster_82,Cluster_691
GCA_003834865.1,CladeA,CF,Cluster_82,Cluster_691
GCA_003834885.1,CladeB,early.CF,Cluster_52,Cluster_4067
GCA_003834895.1,CladeA,early.CF,Cluster_82,Cluster_691
GCA_003834925.1,CladeA,CF,Cluster_82,Cluster_4068
GCA_003834945.1,CladeA,CF,Cluster_5,Cluster_4069
GCA_003834965.1,CladeA,early.CF,Cluster_82,Cluster_691
GCA_003835005.1,CladeA,early.CF,Cluster_82,Cluster_691
GCA_003835015.1,CladeB,early.CF,Cluster_114,Cluster_3324
GCA_003835045.1,CladeA,CF,Cluster_1,Cluster_4070
GCA_003835055.1,CladeA,early.CF,Cluster_2,Cluster_4071
GCA_003835085.1,CladeA,early.CF,Cluster_10,Cluster_4072
GCA_003835145.1,CladeA,CF,Cluster_83,Cluster_4073
GCA_003835155.1,CladeA,CF,Cluster_5,Cluster_4074
GCA_003835165.1,CladeA,CF,Cluster_431,Cluster_4075
GCA_003835175.1,CladeB,CF,Cluster_114,Cluster_4076
GCA_003835185.1,CladeB,CF,Cluster_17,Cluster_814
GCA_003835245.1,CladeA,CF,Cluster_24,Cluster_4077
GCA_003835265.1,CladeA,Aquatic,Cluster_227,Cluster_4078
GCA_003835285.1,CladeA,CF,Cluster_20,Cluster_4079
GCA_003835335.1,CladeB,Aquatic,Cluster_218,Cluster_1617
GCA_003835365.1,CladeA,CF,Cluster_10,Cluster_4080
GCA_003835385.1,CladeB,Sputum,Cluster_11,Cluster_4081
GCA_003835405.1,CladeB,Blood,Cluster_365,Cluster_4063
GCA_003835445.1,CladeA,Urinary,Cluster_41,Cluster_663
GCA_003835455.1,CladeA,Sputum,Cluster_50,Cluster_4064
GCA_003835485.1,CladeA,Urinary,Cluster_5,Cluster_4082
GCA_003835495.1,CladeB,Urinary,Cluster_52,Cluster_4083
GCA_003835525.1,CladeA,CF,Cluster_82,Cluster_691
GCA_003835545.1,CladeA,CF,Cluster_82,Cluster_691
GCA_003835565.1,CladeA,CF,Cluster_82,Cluster_691
GCA_003835575.1,CladeA,CF,Cluster_82,Cluster_691
GCA_003835585.1,CladeA,early.CF,Cluster_82,Cluster_4084
GCA_003835595.1,CladeA,CF,Cluster_82,Cluster_691
GCA_003835645.1,CladeA,CF,Cluster_403,Cluster_4085
GCA_003835665.1,CladeB,early.CF,Cluster_17,Cluster_4086
GCA_003835685.1,CladeA,CF,Cluster_48,Cluster_4087
GCA_003835695.1,CladeA,early.CF,Cluster_60,Cluster_4088
GCA_003835715.1,CladeA,CF,Cluster_25,Cluster_4089
GCA_003835765.1,CladeA,CF,Cluster_2,Cluster_4090
GCA_003835775.1,CladeA,CF,Cluster_9,Cluster_1520
GCA_003835865.1,CladeA,CF,Cluster_293,Cluster_4091
GCA_003835915.1,CladeA,CF,Cluster_211,Cluster_899
GCA_003835955.1,CladeA,CF,Cluster_53,Cluster_3036
GCA_003835985.1,CladeA,CF,Cluster_58,Cluster_4021
GCA_003836025.1,CladeA,CF,Cluster_242,Cluster_4092
GCA_003836035.1,CladeA,CF,Cluster_20,Cluster_4093
GCA_003836065.1,CladeA,CF,Cluster_5,Cluster_421
GCA_003836075.1,CladeA,CF,Cluster_302,Cluster_4094
GCA_003836085.1,CladeA,CF,Cluster_5,Cluster_421
GCA_003836125.1,CladeA,CF,Cluster_58,Cluster_4021
GCA_003836135.1,CladeB,Upper.Respiratory,Cluster_16,Cluster_4095
GCA_003836165.1,CladeA,CF,Cluster_75,Cluster_4096
GCA_003836175.1,CladeB,Sputum,Cluster_57,Cluster_4097
GCA_003836205.1,CladeA,CF,Cluster_58,Cluster_4021
GCA_003836225.1,CladeA,Aquatic,Cluster_2,Cluster_4098
GCA_003836245.1,CladeB,Aquatic,Cluster_55,Cluster_4099
GCA_003836255.1,CladeA,CF,Cluster_5,Cluster_421
GCA_003836275.1,CladeA,CF,Cluster_31,Cluster_422
GCA_003836305.1,CladeA,Burn,Cluster_9,Cluster_4100
GCA_003836315.1,CladeA,Wound,Cluster_59,Cluster_4101
GCA_003836345.1,CladeA,Wound,Cluster_229,Cluster_4102
GCA_003836355.1,CladeB,Aquatic,Cluster_382,Cluster_4103
GCA_003836385.1,CladeA,Blood,Cluster_35,Cluster_4104
GCA_003836445.1,CladeA,Aquatic,Cluster_24,Cluster_4105
GCA_003836455.1,CladeB,Eye,Cluster_145,Cluster_4106
GCA_003836465.1,CladeA,Eye,Cluster_25,Cluster_4107
GCA_003836565.1,CladeA,Ocean,Cluster_35,Cluster_4108
GCA_003836625.1,CladeA,Rectal/Feces,Cluster_111,Cluster_4109
GCA_003836645.1,CladeA,Urinary,Cluster_24,Cluster_4110
GCA_003836685.1,CladeB,Ocean,Cluster_410,Cluster_4111
GCA_003836725.1,CladeA,Urinary,Cluster_113,Cluster_4112
GCA_003836745.1,CladeA,Ear,Cluster_5,Cluster_4113
GCA_003836775.1,CladeA,Blood,Cluster_1,Cluster_4114
GCA_003836805.1,CladeA,Ocean,Cluster_403,Cluster_4115
GCA_003836815.1,CladeA,CF,Cluster_113,Cluster_4116
GCA_003836835.1,CladeB,Aquatic,Cluster_432,Cluster_4117
GCA_003836865.1,CladeA,Wound,Cluster_34,Cluster_4118
GCA_003836945.1,CladeA,Wound,Cluster_58,Cluster_4119
GCA_003836965.1,CladeA,Wound,Cluster_35,Cluster_4120
GCA_003837025.1,CladeA,Wound,Cluster_287,Cluster_4121
GCA_003837045.1,CladeA,Wound,Cluster_58,Cluster_4119
GCA_003837085.1,CladeA,CF,Cluster_58,Cluster_4021
GCA_003837105.1,CladeA,Wound,Cluster_5,Cluster_4122
GCA_003837125.1,CladeA,CF,Cluster_1,Cluster_4123
GCA_003837145.1,CladeA,CF,Cluster_58,Cluster_4021
GCA_003837165.1,CladeA,CF,Cluster_211,Cluster_899
GCA_003837185.1,CladeA,CF,Cluster_20,Cluster_4124
GCA_003837195.1,CladeA,Ear,Cluster_287,Cluster_4125
GCA_003837225.1,CladeA,CF,Cluster_31,Cluster_422
GCA_003837265.1,CladeA,Aquatic,Cluster_31,Cluster_3796
GCA_003837285.1,CladeB,Lung,Cluster_80,Cluster_4126
GCA_003837305.1,CladeA,Blood,Cluster_56,Cluster_4127
GCA_003837325.1,CladeA,Ear,Cluster_10,Cluster_4128
GCA_003837335.1,CladeB,Burn,Cluster_55,Cluster_4129
GCA_003837365.1,CladeA,Ear,Cluster_24,Cluster_4130
GCA_003837375.1,CladeA,Urinary,Cluster_2,Cluster_4131
GCA_003837405.1,CladeB,Ocean,Cluster_57,Cluster_4132
GCA_003837415.1,CladeB,Ocean,Cluster_57,Cluster_4133
GCA_003837435.1,CladeB,Wound,Cluster_80,Cluster_4126
GCA_003837485.1,CladeB,Skin,Cluster_80,Cluster_4134
GCA_003837505.1,CladeB,Ocean,Cluster_163,Cluster_610
GCA_003837525.1,CladeA,Urinary,Cluster_50,Cluster_4135
GCA_003837535.1,CladeA,Wound,Cluster_433,Cluster_4136
GCA_003837585.1,CladeA,CF,Cluster_1,Cluster_8
GCA_003837625.1,CladeA,CF,Cluster_2,Cluster_3252
GCA_003837665.1,CladeA,Urinary,Cluster_1,Cluster_4137
GCA_003837675.1,CladeB,Wound,Cluster_11,Cluster_4138
GCA_003837705.1,CladeA,CF,Cluster_24,Cluster_607
GCA_003837725.1,CladeA,Wound,Cluster_20,Cluster_4139
GCA_003837745.1,CladeA,Hospital.Environment,Cluster_1,Cluster_4140
GCA_003837765.1,CladeA,CF,Cluster_1,Cluster_8
GCA_003837775.1,CladeA,Terrestrial,Cluster_434,Cluster_4141
GCA_003838365.1,CladeA,CF,Cluster_1,Cluster_4142
GCA_003838405.1,CladeA,CF,Cluster_139,Cluster_4143
GCA_003838445.1,CladeA,CF,Cluster_10,Cluster_4144
GCA_003838455.1,CladeA,CF,Cluster_1,Cluster_8
GCA_003838485.1,CladeA,Terrestrial,Cluster_24,Cluster_4145
GCA_003838505.1,CladeA,early.CF,Cluster_56,Cluster_4146
GCA_003838525.1,CladeB,early.CF,Cluster_17,Cluster_4147
GCA_003838535.1,CladeB,CF,Cluster_42,Cluster_4148
GCA_003838555.1,CladeA,early.CF,Cluster_435,Cluster_4149
GCA_003838585.1,CladeA,CF,Cluster_10,Cluster_2499
GCA_003838605.1,CladeB,early.CF,Cluster_343,Cluster_4150
GCA_003838625.1,CladeA,CF,Cluster_146,Cluster_496
GCA_003838675.1,CladeA,CF,Cluster_146,Cluster_4151
GCA_003838685.1,CladeA,Urinary,Cluster_5,Cluster_4152
GCA_003838695.1,CladeA,Urinary,Cluster_242,Cluster_4153
GCA_003838705.1,CladeA,Ear,Cluster_242,Cluster_4154
GCA_003838765.1,CladeA,Pneumonia,Cluster_58,Cluster_3622
GCA_003838785.1,CladeA,Ear,Cluster_10,Cluster_4155
GCA_003838815.1,CladeA,CF,Cluster_10,Cluster_4156
GCA_003838825.1,CladeA,Ear,Cluster_10,Cluster_4157
GCA_003838865.1,CladeA,Ear,Cluster_10,Cluster_4158
GCA_003838875.1,CladeA,early.CF,Cluster_10,Cluster_4159
GCA_003838895.1,CladeA,CF,Cluster_10,Cluster_3341
GCA_003838925.1,CladeA,Sputum,Cluster_24,Cluster_4160
GCA_003838935.1,CladeA,Sputum,Cluster_386,Cluster_4161
GCA_003838965.1,CladeA,early.CF,Cluster_10,Cluster_4162
GCA_003838975.1,CladeA,Aquatic,Cluster_35,Cluster_3325
GCA_003839005.1,CladeA,Sputum,Cluster_90,Cluster_4163
GCA_003839025.1,CladeC,Ear,Cluster_6,Cluster_4164
GCA_003839035.1,CladeA,Ear,Cluster_147,Cluster_4165
GCA_003839105.1,CladeA,Wound,Cluster_157,Cluster_4166
GCA_003839125.1,CladeA,Wound,Cluster_26,Cluster_4167
GCA_003839145.1,CladeA,CF,Cluster_43,Cluster_4168
GCA_003839165.1,CladeA,Urinary,Cluster_74,Cluster_4169
GCA_003839175.1,CladeA,early.CF,Cluster_177,Cluster_4170
GCA_003839205.1,CladeA,Ear,Cluster_22,Cluster_4171
GCA_003839215.1,CladeA,Wound,Cluster_199,Cluster_4172
GCA_003839245.1,CladeA,CF,Cluster_183,Cluster_4173
GCA_003839255.1,CladeA,Rectal/Feces,Cluster_266,Cluster_4174
GCA_003839285.1,CladeA,early.CF,Cluster_209,Cluster_4175
GCA_003839305.1,CladeA,CF,Cluster_198,Cluster_4176
GCA_003839315.1,CladeA,CF,Cluster_75,Cluster_4177
GCA_003839345.1,CladeA,CF,Cluster_58,Cluster_4178
GCA_003839365.1,CladeA,Aquatic,Cluster_66,Cluster_4179
GCA_003839375.1,CladeB,Ear,Cluster_80,Cluster_4180
GCA_003839405.1,CladeA,CF,Cluster_10,Cluster_4181
GCA_003839425.1,CladeA,Aquatic,Cluster_229,Cluster_4182
GCA_003839465.1,CladeA,CF,Cluster_230,Cluster_4183
GCA_003839475.1,CladeA,Aquatic,Cluster_10,Cluster_4184
GCA_003839505.1,CladeA,CF,Cluster_8,Cluster_4185
GCA_003839525.1,CladeA,Aquatic,Cluster_43,Cluster_4186
GCA_003839545.1,CladeB,Ear,Cluster_176,Cluster_4187
GCA_003839565.1,CladeA,Wound,Cluster_40,Cluster_4188
GCA_003839585.1,CladeA,Ear,Cluster_20,Cluster_4189
GCA_003839625.1,CladeA,Aquatic,Cluster_90,Cluster_4190
GCA_003839665.1,CladeA,CF,Cluster_34,Cluster_4191
GCA_003839685.1,CladeA,CF,Cluster_436,Cluster_4192
GCA_003839755.1,CladeA,Wound,Cluster_431,Cluster_4193
GCA_003839785.1,CladeA,Wound,Cluster_385,Cluster_4194
GCA_003839845.1,CladeA,Aquatic,Cluster_229,Cluster_4195
GCA_003839865.1,CladeA,Ear,Cluster_153,Cluster_4196
GCA_003839875.1,CladeC,Aquatic,Cluster_437,Cluster_4197
GCA_003839885.1,CladeA,Aquatic,Cluster_10,Cluster_4198
GCA_003839915.1,CladeA,Wound,Cluster_242,Cluster_4199
GCA_003839965.1,CladeA,Aquatic,Cluster_10,Cluster_4200
GCA_003839985.1,CladeA,Wound,Cluster_438,Cluster_4201
GCA_003839995.1,CladeA,Wound,Cluster_439,Cluster_4202
GCA_003840005.1,CladeA,Wound,Cluster_440,Cluster_4203
GCA_003840045.1,CladeA,Lung,Cluster_60,Cluster_4204
GCA_003840055.1,CladeA,early.CF,Cluster_60,Cluster_4205
GCA_003840095.1,CladeB,Sputum,Cluster_151,Cluster_4206
GCA_003840145.1,CladeA,Skin,Cluster_82,Cluster_4207
GCA_003840155.1,CladeA,Wound,Cluster_5,Cluster_3916
GCA_003840165.1,CladeA,Urinary,Cluster_272,Cluster_4208
GCA_003840215.1,CladeB,Urinary,Cluster_441,Cluster_4209
GCA_003840285.1,CladeA,CF,Cluster_5,Cluster_4210
GCA_003840305.1,CladeB,CF,Cluster_17,Cluster_4211
GCA_003840345.1,CladeA,early.CF,Cluster_24,Cluster_4212
GCA_003840365.1,CladeA,CF,Cluster_2,Cluster_4213
GCA_003840385.1,CladeA,CF,Cluster_242,Cluster_4214
GCA_003840405.1,CladeA,early.CF,Cluster_82,Cluster_4215
GCA_003840425.1,CladeA,CF,Cluster_95,Cluster_4216
GCA_003840445.1,CladeA,early.CF,Cluster_442,Cluster_4217
GCA_003840455.1,CladeA,Urinary,Cluster_141,Cluster_4218
GCA_003840465.1,CladeA,early.CF,Cluster_60,Cluster_1075
GCA_003840475.1,CladeA,Ear,Cluster_5,Cluster_4219
GCA_003840495.1,CladeA,Sputum,Cluster_178,Cluster_4220
GCA_003840545.1,CladeA,Urinary,Cluster_5,Cluster_4221
GCA_003840555.1,CladeA,Wound,Cluster_34,Cluster_4222
GCA_003840585.1,CladeA,CF,Cluster_34,Cluster_4223
GCA_003840605.1,CladeA,CF,Cluster_26,Cluster_4224
GCA_003840625.1,CladeA,Aquatic,Cluster_20,Cluster_4225
GCA_003840635.1,CladeA,Urinary,Cluster_224,Cluster_4226
GCA_003840685.1,CladeA,Lung,Cluster_5,Cluster_258
GCA_003840695.1,CladeA,Rectal/Feces,Cluster_252,Cluster_4227
GCA_003840705.1,CladeA,CF,Cluster_90,Cluster_4228
GCA_003840715.1,CladeA,Aquatic,Cluster_5,Cluster_4229
GCA_003840755.1,CladeA,CF,Cluster_128,Cluster_4230
GCA_003840805.1,CladeB,Aquatic,Cluster_57,Cluster_4231
GCA_003840835.1,CladeA,Lung,Cluster_43,Cluster_4232
GCA_003840865.1,CladeA,CF,Cluster_41,Cluster_4233
GCA_003840885.1,CladeA,Aquatic,Cluster_242,Cluster_4234
GCA_003840895.1,CladeA,Lung,Cluster_317,Cluster_4235
GCA_003840965.1,CladeA,Urinary,Cluster_232,Cluster_1031
GCA_003841005.1,CladeA,early.CF,Cluster_60,Cluster_4236
GCA_003841015.1,CladeA,Aquatic,Cluster_24,Cluster_4237
GCA_003841045.1,CladeA,Burn,Cluster_1,Cluster_4238
GCA_003841055.1,CladeB,Wound,Cluster_330,Cluster_4239
GCA_003841085.1,CladeA,early.CF,Cluster_289,Cluster_4240
GCA_003841095.1,CladeA,Wound,Cluster_2,Cluster_4241
GCA_003841125.1,CladeA,early.CF,Cluster_60,Cluster_4242
GCA_003841145.1,CladeB,Burn,Cluster_114,Cluster_4243
GCA_003841165.1,CladeA,Skin,Cluster_60,Cluster_4244
GCA_003841185.1,CladeA,Skin,Cluster_10,Cluster_4245
GCA_003841205.1,CladeB,Wound,Cluster_185,Cluster_4246
GCA_003841305.1,CladeB,Skin,Cluster_17,Cluster_781
GCA_003841515.1,CladeA,Wound,Cluster_5,Cluster_4247
GCA_003841525.1,CladeB,Wound,Cluster_176,Cluster_4248
GCA_003841565.1,CladeA,Skin,Cluster_60,Cluster_4249
GCA_003841575.1,CladeA,Wound,Cluster_59,Cluster_4250
GCA_003841605.1,CladeA,Urinary,Cluster_376,Cluster_4251
GCA_003841615.1,CladeA,Skin,Cluster_376,Cluster_4251
GCA_003841625.1,CladeA,Skin,Cluster_96,Cluster_4252
GCA_003841645.1,CladeA,Wound,Cluster_9,Cluster_4253
GCA_003841705.1,CladeB,Wound,Cluster_64,Cluster_4254
GCA_003841715.1,CladeA,Skin,Cluster_59,Cluster_4255
GCA_003841745.1,CladeA,Wound,Cluster_270,Cluster_4256
GCA_003841755.1,CladeA,Wound,Cluster_14,Cluster_4257
GCA_003841775.1,CladeA,Wound,Cluster_24,Cluster_4258
GCA_003841805.1,CladeA,Wound,Cluster_14,Cluster_4257
GCA_003841815.1,CladeA,Wound,Cluster_150,Cluster_4259
GCA_003858115.1,CladeA,CF,Cluster_5,Cluster_4260
GCA_003858125.1,CladeA,CF,Cluster_58,Cluster_4021
GCA_003858155.1,CladeA,CF,Cluster_31,Cluster_4261
GCA_003863425.1,CladeA,CF,Cluster_2,Cluster_4262
GCA_003863485.1,CladeA,CF,Cluster_443,Cluster_4263
GCA_003863495.1,CladeA,CF,Cluster_82,Cluster_691
GCA_003863555.1,CladeA,CF,Cluster_184,Cluster_1215
GCA_003863575.1,CladeA,CF,Cluster_115,Cluster_4264
GCA_003863585.1,CladeB,CF,Cluster_11,Cluster_4265
GCA_003863605.1,CladeA,CF,Cluster_115,Cluster_4266
GCA_003863635.1,CladeA,CF,Cluster_59,Cluster_4267
GCA_003863645.1,CladeA,CF,Cluster_5,Cluster_4268
GCA_003863685.1,CladeA,CF,Cluster_58,Cluster_4269
GCA_003863715.1,CladeA,CF,Cluster_443,Cluster_4270
GCA_003863725.1,CladeA,CF,Cluster_59,Cluster_4267
GCA_003863745.1,CladeA,CF,Cluster_117,Cluster_4271
GCA_003863775.1,CladeA,CF,Cluster_242,Cluster_4272
GCA_003863785.1,CladeB,CF,Cluster_11,Cluster_4265
GCA_003863825.1,CladeA,CF,Cluster_24,Cluster_4273
GCA_003863855.1,CladeA,CF,Cluster_35,Cluster_4274
GCA_003863865.1,CladeA,CF,Cluster_242,Cluster_4275
GCA_003863945.1,CladeA,CF,Cluster_2,Cluster_4276
GCA_003866475.1,CladeB,Lung,Cluster_12,Cluster_15
GCA_003933315.1,CladeB,Blood,Cluster_64,Cluster_468
GCA_003933495.1,CladeB,Blood,Cluster_64,Cluster_4277
GCA_003934215.1,CladeB,Skin,Cluster_11,Cluster_4278
GCA_003935835.1,CladeA,Hospital.Environment,Cluster_212,Cluster_4279
GCA_003936225.1,CladeA,Hospital.Environment,Cluster_212,Cluster_4279
GCA_003936245.1,CladeA,Hospital.Environment,Cluster_212,Cluster_4279
GCA_003936255.1,CladeA,Hospital.Environment,Cluster_212,Cluster_4279
GCA_003936295.1,CladeA,Hospital.Environment,Cluster_307,Cluster_4280
GCA_003936325.1,CladeA,Hospital.Environment,Cluster_307,Cluster_4280
GCA_003936385.1,CladeA,Hospital.Environment,Cluster_50,Cluster_4281
GCA_003936835.1,CladeB,Hospital.Environment,Cluster_11,Cluster_4282
GCA_003936865.1,CladeB,Hospital.Environment,Cluster_11,Cluster_256
GCA_003936905.1,CladeA,Hospital.Environment,Cluster_307,Cluster_4280
GCA_003936925.1,CladeA,Hospital.Environment,Cluster_212,Cluster_4279
GCA_003936935.1,CladeA,Hospital.Environment,Cluster_212,Cluster_4279
GCA_003936965.1,CladeA,Hospital.Environment,Cluster_50,Cluster_4283
GCA_003937375.1,CladeA,Hospital.Environment,Cluster_212,Cluster_4279
GCA_003937395.1,CladeA,Hospital.Environment,Cluster_212,Cluster_4279
GCA_003939105.1,CladeA,Hospital.Environment,Cluster_307,Cluster_4280
GCA_003939685.1,CladeA,Hospital.Environment,Cluster_307,Cluster_4280
GCA_003939695.1,CladeA,Hospital.Environment,Cluster_212,Cluster_4279
GCA_003940585.1,CladeB,Hospital.Environment,Cluster_11,Cluster_256
GCA_003940625.1,CladeA,Hospital.Environment,Cluster_212,Cluster_4279
GCA_003940665.1,CladeA,Hospital.Environment,Cluster_212,Cluster_4279
GCA_003940675.1,CladeB,Hospital.Environment,Cluster_11,Cluster_4284
GCA_003944895.1,CladeA,Hospital.Environment,Cluster_212,Cluster_4279
GCA_003950015.1,CladeA,Urinary,Cluster_123,Cluster_4285
GCA_003950235.1,CladeB,Blood,Cluster_12,Cluster_4286
GCA_003950255.1,CladeB,Sputum,Cluster_12,Cluster_4287
GCA_003952305.1,CladeB,Blood,Cluster_12,Cluster_4288
GCA_003952325.1,CladeB,Blood,Cluster_12,Cluster_4289
GCA_003957825.1,CladeA,Pneumonia,Cluster_5,Cluster_590
GCA_003968035.1,CladeA,Lung,Cluster_60,Cluster_4290
GCA_003968055.1,CladeB,Urinary,Cluster_16,Cluster_4291
GCA_003968115.1,CladeA,Lung,Cluster_34,Cluster_4292
GCA_003968125.1,CladeA,Wound,Cluster_5,Cluster_4293
GCA_003968135.1,CladeA,Urinary,Cluster_34,Cluster_4294
GCA_003968165.1,CladeB,Wound,Cluster_11,Cluster_478
GCA_003968235.1,CladeB,Wound,Cluster_11,Cluster_4295
GCA_003968275.1,CladeA,Urinary,Cluster_46,Cluster_4296
GCA_003968295.1,CladeB,Wound,Cluster_11,Cluster_4297
GCA_003968305.1,CladeB,Urinary,Cluster_11,Cluster_4298
GCA_003968315.1,CladeA,Wound,Cluster_5,Cluster_4299
GCA_003968325.1,CladeA,Lung,Cluster_230,Cluster_4300
GCA_003968375.1,CladeA,Lung,Cluster_149,Cluster_4301
GCA_003968395.1,CladeA,Lung,Cluster_315,Cluster_4302
GCA_003968525.1,CladeA,Urinary,Cluster_24,Cluster_4303
GCA_003968565.1,CladeA,Lung,Cluster_219,Cluster_4304
GCA_003968585.1,CladeA,Wound,Cluster_92,Cluster_2295
GCA_003968625.1,CladeA,Wound,Cluster_242,Cluster_4305
GCA_003968895.1,CladeB,Urinary,Cluster_367,Cluster_4306
GCA_003968935.1,CladeA,Lung,Cluster_58,Cluster_4307
GCA_003968955.1,CladeA,Urinary,Cluster_227,Cluster_4308
GCA_003968985.1,CladeA,Urinary,Cluster_24,Cluster_4309
GCA_003969035.1,CladeA,Lung,Cluster_2,Cluster_4310
GCA_003969265.1,CladeA,Wound,Cluster_24,Cluster_2104
GCA_003969295.1,CladeB,Wound,Cluster_64,Cluster_153
GCA_003969315.1,CladeA,Urinary,Cluster_5,Cluster_4311
GCA_003969355.1,CladeA,Lung,Cluster_115,Cluster_4312
GCA_003969555.1,CladeA,Urinary,Cluster_35,Cluster_4313
GCA_003969565.1,CladeA,Lung,Cluster_239,Cluster_4314
GCA_003969615.1,CladeA,Lung,Cluster_444,Cluster_4315
GCA_003969635.1,CladeA,Lung,Cluster_10,Cluster_4316
GCA_003969645.1,CladeA,Lung,Cluster_104,Cluster_4317
GCA_003969655.1,CladeA,Lung,Cluster_10,Cluster_4318
GCA_003969695.1,CladeA,Blood,Cluster_10,Cluster_4319
GCA_003969725.1,CladeB,Ear,Cluster_126,Cluster_4320
GCA_003969865.1,CladeA,Urinary,Cluster_63,Cluster_4321
GCA_003969965.1,CladeA,Wound,Cluster_117,Cluster_4322
GCA_003970055.1,CladeB,Urinary,Cluster_355,Cluster_4323
GCA_003973805.1,CladeA,CF,Cluster_22,Cluster_4324
GCA_003973815.1,CladeA,CF,Cluster_48,Cluster_4325
GCA_003973825.1,CladeA,CF,Cluster_202,Cluster_4326
GCA_003973885.1,CladeA,CF,Cluster_445,Cluster_4327
GCA_003973895.1,CladeB,CF,Cluster_330,Cluster_4328
GCA_003973905.1,CladeA,CF,Cluster_434,Cluster_4329
GCA_003973915.1,CladeA,CF,Cluster_24,Cluster_4330
GCA_003973925.1,CladeA,CF,Cluster_9,Cluster_4331
GCA_003973985.1,CladeA,CF,Cluster_26,Cluster_4332
GCA_003973995.1,CladeA,CF,Cluster_446,Cluster_4333
GCA_003974025.1,CladeA,CF,Cluster_10,Cluster_4334
GCA_003974035.1,CladeA,CF,Cluster_70,Cluster_4335
GCA_003974055.1,CladeB,CF,Cluster_151,Cluster_4336
GCA_003974085.1,CladeA,CF,Cluster_24,Cluster_644
GCA_003974095.1,CladeA,CF,Cluster_26,Cluster_1391
GCA_003974115.1,CladeA,CF,Cluster_24,Cluster_4337
GCA_003974135.1,CladeA,CF,Cluster_5,Cluster_4338
GCA_003974145.1,CladeA,CF,Cluster_90,Cluster_4339
GCA_003974185.1,CladeB,Aquatic,Cluster_176,Cluster_4340
GCA_003974195.1,CladeA,CF,Cluster_24,Cluster_4341
GCA_003974245.1,CladeA,CF,Cluster_58,Cluster_4342
GCA_003974255.1,CladeA,CF,Cluster_125,Cluster_4343
GCA_003974295.1,CladeA,CF,Cluster_9,Cluster_4331
GCA_003974335.1,CladeA,CF,Cluster_270,Cluster_4344
GCA_003974345.1,CladeA,CF,Cluster_40,Cluster_4345
GCA_003974385.1,CladeA,CF,Cluster_60,Cluster_4346
GCA_003974395.1,CladeA,CF,Cluster_428,Cluster_4347
GCA_003974405.1,CladeA,CF,Cluster_307,Cluster_4348
GCA_003974425.1,CladeA,CF,Cluster_61,Cluster_4349
GCA_003974455.1,CladeA,CF,Cluster_5,Cluster_4350
GCA_003974475.1,CladeA,CF,Cluster_124,Cluster_4351
GCA_003974495.1,CladeA,CF,Cluster_124,Cluster_4351
GCA_003974515.1,CladeA,CF,Cluster_447,Cluster_4352
GCA_003974535.1,CladeA,CF,Cluster_25,Cluster_4353
GCA_003974565.1,CladeA,CF,Cluster_39,Cluster_4354
GCA_003974575.1,CladeA,CF,Cluster_83,Cluster_4355
GCA_003974605.1,CladeA,CF,Cluster_5,Cluster_4356
GCA_003974615.1,CladeB,CF,Cluster_151,Cluster_4357
GCA_003974625.1,CladeA,CF,Cluster_26,Cluster_4358
GCA_003974645.1,CladeA,CF,Cluster_56,Cluster_4359
GCA_003974685.1,CladeA,CF,Cluster_106,Cluster_4360
GCA_003974695.1,CladeA,CF,Cluster_24,Cluster_4361
GCA_003974705.1,CladeA,CF,Cluster_168,Cluster_4362
GCA_003974715.1,CladeA,Urinary,Cluster_10,Cluster_4363
GCA_003974725.1,CladeA,CF,Cluster_75,Cluster_4364
GCA_003974795.1,CladeA,CF,Cluster_106,Cluster_4049
GCA_003974805.1,CladeA,Aquatic,Cluster_50,Cluster_4365
GCA_003974825.1,CladeA,CF,Cluster_168,Cluster_4362
GCA_003974845.1,CladeA,CF,Cluster_35,Cluster_4366
GCA_003974885.1,CladeA,CF,Cluster_103,Cluster_4367
GCA_003974895.1,CladeA,CF,Cluster_106,Cluster_4368
GCA_003974905.1,CladeA,Aquatic,Cluster_35,Cluster_4045
GCA_003974915.1,CladeB,Aquatic,Cluster_16,Cluster_4369
GCA_003974945.1,CladeB,Aquatic,Cluster_288,Cluster_4370
GCA_003974985.1,CladeA,Aquatic,Cluster_25,Cluster_4371
GCA_003974995.1,CladeA,Aquatic,Cluster_2,Cluster_356
GCA_003975005.1,CladeA,Aquatic,Cluster_70,Cluster_3806
GCA_003975025.1,CladeA,Aquatic,Cluster_318,Cluster_2081
GCA_003975055.1,CladeA,Aquatic,Cluster_5,Cluster_4057
GCA_003975095.1,CladeA,Sputum,Cluster_183,Cluster_4372
GCA_003975105.1,CladeA,Eye,Cluster_5,Cluster_4373
GCA_003975125.1,CladeA,Sputum,Cluster_10,Cluster_4374
GCA_003975135.1,CladeA,Urinary,Cluster_40,Cluster_594
GCA_003975185.1,CladeA,Urinary,Cluster_359,Cluster_2667
GCA_003975205.1,CladeA,Aquatic,Cluster_43,Cluster_4375
GCA_003975225.1,CladeA,Aquatic,Cluster_2,Cluster_356
GCA_003975245.1,CladeA,Aquatic,Cluster_35,Cluster_2626
GCA_003975285.1,CladeB,Aquatic,Cluster_55,Cluster_2544
GCA_003975305.1,CladeB,Ocean,Cluster_57,Cluster_4376
GCA_003975315.1,CladeB,Ocean,Cluster_57,Cluster_4377
GCA_003975325.1,CladeB,Ocean,Cluster_55,Cluster_3815
GCA_003975335.1,CladeA,Ocean,Cluster_60,Cluster_3816
GCA_003975385.1,CladeB,Ocean,Cluster_163,Cluster_610
GCA_003975405.1,CladeA,early.CF,Cluster_9,Cluster_4378
GCA_003975415.1,CladeA,CF,Cluster_139,Cluster_4379
GCA_003975425.1,CladeB,early.CF,Cluster_17,Cluster_4147
GCA_003975435.1,CladeA,CF,Cluster_2,Cluster_4213
GCA_003975485.1,CladeA,CF,Cluster_2,Cluster_4380
GCA_003975505.1,CladeA,CF,Cluster_10,Cluster_2499
GCA_003975515.1,CladeA,CF,Cluster_146,Cluster_4381
GCA_003975535.1,CladeA,CF,Cluster_10,Cluster_2499
GCA_003975555.1,CladeB,Aquatic,Cluster_448,Cluster_4382
GCA_003975605.1,CladeB,Aquatic,Cluster_127,Cluster_4383
GCA_003975645.1,CladeA,Aquatic,Cluster_222,Cluster_4384
GCA_003975655.1,CladeB,Aquatic,Cluster_333,Cluster_4385
GCA_003975665.1,CladeB,Aquatic,Cluster_343,Cluster_4386
GCA_003975705.1,CladeA,Aquatic,Cluster_128,Cluster_4387
GCA_003975725.1,CladeA,Aquatic,Cluster_29,Cluster_4388
GCA_003975735.1,CladeA,Aquatic,Cluster_110,Cluster_4389
GCA_003975755.1,CladeA,Aquatic,Cluster_266,Cluster_4390
GCA_003975765.1,CladeA,Aquatic,Cluster_19,Cluster_4391
GCA_003975805.1,CladeA,CF,Cluster_9,Cluster_4392
GCA_003975825.1,CladeA,Aquatic,Cluster_20,Cluster_4393
GCA_003975835.1,CladeA,Aquatic,Cluster_33,Cluster_4394
GCA_003975845.1,CladeB,Aquatic,Cluster_449,Cluster_4395
GCA_003975905.1,CladeA,Terrestrial,Cluster_289,Cluster_4396
GCA_003975915.1,CladeA,Aquatic,Cluster_318,Cluster_2081
GCA_003975935.1,CladeA,Upper.Respiratory,Cluster_43,Cluster_4397
GCA_003975955.1,CladeB,Upper.Respiratory,Cluster_12,Cluster_4398
GCA_003975965.1,CladeA,Sputum,Cluster_26,Cluster_4399
GCA_003976005.1,CladeA,Sputum,Cluster_25,Cluster_4400
GCA_003976025.1,CladeA,Sputum,Cluster_5,Cluster_4401
GCA_003976065.1,CladeA,Aquatic,Cluster_10,Cluster_4402
GCA_003976075.1,CladeA,Sputum,Cluster_5,Cluster_4403
GCA_003976105.1,CladeA,Aquatic,Cluster_95,Cluster_4404
GCA_003976125.1,CladeA,Ocean,Cluster_247,Cluster_4405
GCA_003976135.1,CladeB,Ocean,Cluster_57,Cluster_3802
GCA_003976165.1,CladeB,Ocean,Cluster_57,Cluster_4406
GCA_003976175.1,CladeA,Ocean,Cluster_9,Cluster_4407
GCA_003976185.1,CladeA,Ocean,Cluster_35,Cluster_4408
GCA_003976225.1,CladeA,CF,Cluster_10,Cluster_4409
GCA_003976235.1,CladeA,CF,Cluster_139,Cluster_4410
GCA_003976265.1,CladeB,early.CF,Cluster_17,Cluster_4147
GCA_003976275.1,CladeB,CF,Cluster_42,Cluster_4411
GCA_003976295.1,CladeA,CF,Cluster_10,Cluster_2499
GCA_003976325.1,CladeA,CF,Cluster_146,Cluster_496
GCA_003976365.1,CladeA,Urinary,Cluster_10,Cluster_3623
GCA_003976375.1,CladeA,early.CF,Cluster_10,Cluster_4412
GCA_003976405.1,CladeB,Aquatic,Cluster_450,Cluster_4413
GCA_003976425.1,CladeA,Aquatic,Cluster_24,Cluster_4414
GCA_003976445.1,CladeA,Aquatic,Cluster_451,Cluster_4415
GCA_003976455.1,CladeA,Aquatic,Cluster_46,Cluster_4416
GCA_003976495.1,CladeA,Aquatic,Cluster_19,Cluster_4417
GCA_003976505.1,CladeA,Aquatic,Cluster_24,Cluster_4418
GCA_003976545.1,CladeA,Aquatic,Cluster_10,Cluster_4419
GCA_003976555.1,CladeB,Aquatic,Cluster_452,Cluster_4420
GCA_003976565.1,CladeA,Aquatic,Cluster_56,Cluster_4421
GCA_003976645.1,CladeA,Aquatic,Cluster_24,Cluster_4422
GCA_003976655.1,CladeB,Aquatic,Cluster_453,Cluster_4423
GCA_003976665.1,CladeA,Aquatic,Cluster_48,Cluster_4424
GCA_003976675.1,CladeA,Aquatic,Cluster_289,Cluster_4425
GCA_003976685.1,CladeA,Aquatic,Cluster_20,Cluster_4426
GCA_003976745.1,CladeA,Aquatic,Cluster_454,Cluster_4427
GCA_003976755.1,CladeB,Aquatic,Cluster_310,Cluster_4428
GCA_003976765.1,CladeA,Aquatic,Cluster_195,Cluster_4429
GCA_003976775.1,CladeA,Aquatic,Cluster_58,Cluster_3637
GCA_003976805.1,CladeA,Aquatic,Cluster_10,Cluster_4430
GCA_003976855.1,CladeA,Aquatic,Cluster_78,Cluster_4431
GCA_003976865.1,CladeA,Aquatic,Cluster_195,Cluster_4429
GCA_003976965.1,CladeA,Aquatic,Cluster_24,Cluster_644
GCA_003977935.1,CladeA,Urinary,Cluster_10,Cluster_4432
GCA_003977955.1,CladeA,Wound,Cluster_285,Cluster_4433
GCA_003977965.1,CladeA,Lung,Cluster_30,Cluster_4434
GCA_003977995.1,CladeB,Wound,Cluster_151,Cluster_1295
GCA_003978035.1,CladeA,Wound,Cluster_103,Cluster_4435
GCA_004000495.1,CladeB,Burn,Cluster_12,Cluster_890
GCA_004010895.1,CladeB,Sputum,Cluster_196,Cluster_4436
GCA_004053835.1,CladeB,Wound,Cluster_455,Cluster_4437
GCA_004053845.1,CladeB,Sputum,Cluster_12,Cluster_4438
GCA_004053865.1,CladeB,Urinary,Cluster_21,Cluster_4439
GCA_004053935.1,CladeA,Sputum,Cluster_5,Cluster_2623
GCA_004053945.1,CladeA,Sputum,Cluster_167,Cluster_4440
GCA_004053955.1,CladeB,Sputum,Cluster_12,Cluster_4441
GCA_004053975.1,CladeA,Wound,Cluster_5,Cluster_4442
GCA_004054035.1,CladeA,Sputum,Cluster_167,Cluster_4440
GCA_004054065.1,CladeA,Urinary,Cluster_2,Cluster_4443
GCA_004054095.1,CladeA,Sputum,Cluster_35,Cluster_4444
GCA_004102665.1,CladeA,Wound,Cluster_5,Cluster_590
GCA_004123325.1,CladeB,Aquatic,Cluster_456,Cluster_4445
GCA_004123335.1,CladeB,Aquatic,Cluster_456,Cluster_4445
GCA_004123345.1,CladeB,Aquatic,Cluster_456,Cluster_4445
GCA_004123415.1,CladeB,Aquatic,Cluster_457,Cluster_4446
GCA_004123435.1,CladeB,Aquatic,Cluster_457,Cluster_4447
GCA_004123445.1,CladeB,Aquatic,Cluster_457,Cluster_4448
GCA_004123475.1,CladeB,Aquatic,Cluster_457,Cluster_4449
GCA_004123525.1,CladeB,Aquatic,Cluster_457,Cluster_4450
GCA_004123535.1,CladeA,Aquatic,Cluster_5,Cluster_590
GCA_004123545.1,CladeB,Aquatic,Cluster_456,Cluster_4445
GCA_004123625.1,CladeB,Aquatic,Cluster_457,Cluster_4451
GCA_004123635.1,CladeB,Aquatic,Cluster_457,Cluster_4452
GCA_004146325.1,CladeA,Urinary,Cluster_43,Cluster_4453
GCA_004152825.1,CladeA,Urinary,Cluster_43,Cluster_4454
GCA_004152855.1,CladeA,Urinary,Cluster_43,Cluster_4455
GCA_004193735.1,CladeA,Eye,Cluster_1,Cluster_4456
GCA_004349825.1,CladeA,Hospital.Environment,Cluster_252,Cluster_4457
GCA_004349865.1,CladeB,Hospital.Environment,Cluster_64,Cluster_4458
GCA_004349895.1,CladeA,Hospital.Environment,Cluster_10,Cluster_4459
GCA_004349915.1,CladeB,Hospital.Environment,Cluster_11,Cluster_4460
GCA_004349955.1,CladeA,Hospital.Environment,Cluster_10,Cluster_4461
GCA_004349995.1,CladeA,Hospital.Environment,Cluster_9,Cluster_4462
GCA_004350025.1,CladeA,Hospital.Environment,Cluster_10,Cluster_4463
GCA_004350095.1,CladeB,Hospital.Environment,Cluster_11,Cluster_4464
GCA_004350115.1,CladeB,Hospital.Environment,Cluster_11,Cluster_4464
GCA_004350125.1,CladeB,Hospital.Environment,Cluster_11,Cluster_4465
GCA_004350135.1,CladeB,Hospital.Environment,Cluster_11,Cluster_4466
GCA_004350205.1,CladeA,Hospital.Environment,Cluster_24,Cluster_4467
GCA_004350355.1,CladeB,Hospital.Environment,Cluster_11,Cluster_4468
GCA_004350385.1,CladeB,Hospital.Environment,Cluster_64,Cluster_4469
GCA_004350405.1,CladeA,Hospital.Environment,Cluster_92,Cluster_4470
GCA_004350435.1,CladeA,Hospital.Environment,Cluster_26,Cluster_4471
GCA_004350485.1,CladeB,Hospital.Environment,Cluster_11,Cluster_4472
GCA_004350565.1,CladeB,Hospital.Environment,Cluster_11,Cluster_4473
GCA_004355125.1,CladeA,CF,Cluster_211,Cluster_899
GCA_004355145.1,CladeA,CF,Cluster_211,Cluster_899
GCA_004369865.1,CladeA,CF,Cluster_66,Cluster_4474
GCA_004369915.1,CladeA,CF,Cluster_66,Cluster_4475
GCA_004369935.1,CladeA,CF,Cluster_34,Cluster_4476
GCA_004369945.1,CladeA,CF,Cluster_136,Cluster_4477
GCA_004369975.1,CladeA,CF,Cluster_20,Cluster_4478
GCA_004370015.1,CladeA,CF,Cluster_8,Cluster_4479
GCA_004370025.1,CladeA,CF,Cluster_34,Cluster_4480
GCA_004370045.1,CladeA,CF,Cluster_85,Cluster_4481
GCA_004370075.1,CladeB,CF,Cluster_17,Cluster_4482
GCA_004370095.1,CladeA,CF,Cluster_48,Cluster_4483
GCA_004370105.1,CladeA,CF,Cluster_20,Cluster_4484
GCA_004370125.1,CladeA,CF,Cluster_38,Cluster_4485
GCA_004370145.1,CladeA,CF,Cluster_2,Cluster_4486
GCA_004370185.1,CladeA,CF,Cluster_38,Cluster_4485
GCA_004370195.1,CladeA,CF,Cluster_60,Cluster_4487
GCA_004370205.1,CladeA,CF,Cluster_20,Cluster_4488
GCA_004370215.1,CladeA,CF,Cluster_40,Cluster_4489
GCA_004370235.1,CladeA,CF,Cluster_10,Cluster_4490
GCA_004370285.1,CladeA,CF,Cluster_2,Cluster_513
GCA_004370295.1,CladeA,CF,Cluster_10,Cluster_4491
GCA_004370305.1,CladeA,CF,Cluster_116,Cluster_1889
GCA_004370315.1,CladeA,CF,Cluster_238,Cluster_4492
GCA_004370345.1,CladeA,CF,Cluster_82,Cluster_4493
GCA_004370385.1,CladeA,CF,Cluster_82,Cluster_4494
GCA_004370395.1,CladeA,CF,Cluster_10,Cluster_4495
GCA_004370405.1,CladeA,CF,Cluster_10,Cluster_4496
GCA_004370425.1,CladeA,CF,Cluster_10,Cluster_4497
GCA_004370455.1,CladeA,CF,Cluster_2,Cluster_4498
GCA_004370515.1,CladeA,CF,Cluster_2,Cluster_4499
GCA_004370525.1,CladeA,CF,Cluster_5,Cluster_4500
GCA_004370535.1,CladeA,CF,Cluster_2,Cluster_4499
GCA_004370545.1,CladeA,CF,Cluster_10,Cluster_4501
GCA_004370605.1,CladeA,CF,Cluster_28,Cluster_4502
GCA_004370615.1,CladeB,CF,Cluster_17,Cluster_4503
GCA_004370625.1,CladeA,CF,Cluster_22,Cluster_4504
GCA_004370635.1,CladeA,CF,Cluster_10,Cluster_4505
GCA_004370665.1,CladeA,CF,Cluster_10,Cluster_4506
GCA_004370715.1,CladeA,CF,Cluster_10,Cluster_4507
GCA_004370725.1,CladeA,CF,Cluster_5,Cluster_4508
GCA_004370735.1,CladeA,CF,Cluster_92,Cluster_2295
GCA_004370775.1,CladeA,CF,Cluster_116,Cluster_4509
GCA_004370795.1,CladeA,CF,Cluster_305,Cluster_4510
GCA_004370815.1,CladeA,CF,Cluster_305,Cluster_4511
GCA_004370835.1,CladeA,CF,Cluster_305,Cluster_4511
GCA_004370865.1,CladeA,CF,Cluster_82,Cluster_4512
GCA_004370875.1,CladeA,CF,Cluster_85,Cluster_4481
GCA_004370885.1,CladeA,CF,Cluster_38,Cluster_4485
GCA_004370895.1,CladeA,CF,Cluster_10,Cluster_4513
GCA_004370925.1,CladeA,CF,Cluster_24,Cluster_4514
GCA_004370965.1,CladeA,CF,Cluster_2,Cluster_4515
GCA_004370975.1,CladeA,CF,Cluster_28,Cluster_4502
GCA_004370985.1,CladeA,CF,Cluster_103,Cluster_4516
GCA_004370995.1,CladeA,CF,Cluster_116,Cluster_4517
GCA_004371055.1,CladeA,CF,Cluster_116,Cluster_1889
GCA_004371065.1,CladeA,CF,Cluster_92,Cluster_4518
GCA_004371075.1,CladeA,CF,Cluster_10,Cluster_4519
GCA_004371095.1,CladeA,CF,Cluster_92,Cluster_4520
GCA_004371145.1,CladeA,CF,Cluster_2,Cluster_4498
GCA_004371155.1,CladeA,CF,Cluster_35,Cluster_4521
GCA_004371165.1,CladeA,CF,Cluster_5,Cluster_4522
GCA_004371195.1,CladeA,CF,Cluster_40,Cluster_4523
GCA_004371225.1,CladeA,CF,Cluster_22,Cluster_4524
GCA_004371235.1,CladeA,CF,Cluster_22,Cluster_4525
GCA_004371245.1,CladeA,CF,Cluster_122,Cluster_4526
GCA_004371275.1,CladeA,CF,Cluster_122,Cluster_4526
GCA_004371305.1,CladeA,CF,Cluster_10,Cluster_4527
GCA_004371315.1,CladeA,CF,Cluster_5,Cluster_4528
GCA_004371325.1,CladeA,CF,Cluster_41,Cluster_4529
GCA_004371335.1,CladeA,CF,Cluster_10,Cluster_4530
GCA_004371345.1,CladeA,CF,Cluster_9,Cluster_4531
GCA_004371405.1,CladeA,CF,Cluster_164,Cluster_4532
GCA_004371415.1,CladeA,CF,Cluster_125,Cluster_2485
GCA_004371435.1,CladeA,CF,Cluster_35,Cluster_4533
GCA_004371445.1,CladeA,CF,Cluster_65,Cluster_4534
GCA_004371505.1,CladeA,CF,Cluster_58,Cluster_4535
GCA_004371525.1,CladeA,CF,Cluster_65,Cluster_4536
GCA_004371535.1,CladeA,CF,Cluster_149,Cluster_4537
GCA_004371555.1,CladeA,CF,Cluster_2,Cluster_356
GCA_004371565.1,CladeA,CF,Cluster_24,Cluster_4538
GCA_004371575.1,CladeA,CF,Cluster_10,Cluster_4539
GCA_004371625.1,CladeA,CF,Cluster_10,Cluster_4539
GCA_004371635.1,CladeA,CF,Cluster_10,Cluster_4540
GCA_004371645.1,CladeA,CF,Cluster_10,Cluster_4541
GCA_004371665.1,CladeA,CF,Cluster_34,Cluster_4542
GCA_004371705.1,CladeA,CF,Cluster_2,Cluster_4543
GCA_004371715.1,CladeA,CF,Cluster_402,Cluster_4544
GCA_004371735.1,CladeA,CF,Cluster_10,Cluster_4545
GCA_004371755.1,CladeA,CF,Cluster_2,Cluster_356
GCA_004371775.1,CladeA,CF,Cluster_34,Cluster_4546
GCA_004371805.1,CladeA,CF,Cluster_291,Cluster_4547
GCA_004371825.1,CladeA,CF,Cluster_2,Cluster_4548
GCA_004371845.1,CladeA,CF,Cluster_43,Cluster_4549
GCA_004371855.1,CladeA,CF,Cluster_291,Cluster_1701
GCA_004371865.1,CladeA,CF,Cluster_2,Cluster_4550
GCA_004371905.1,CladeA,CF,Cluster_70,Cluster_4551
GCA_004371915.1,CladeA,CF,Cluster_2,Cluster_4552
GCA_004371945.1,CladeA,CF,Cluster_103,Cluster_4553
GCA_004371955.1,CladeA,Hospital.Environment,Cluster_66,Cluster_954
GCA_004371965.1,CladeA,Hospital.Environment,Cluster_66,Cluster_954
GCA_004371975.1,CladeA,CF,Cluster_164,Cluster_4532
GCA_004372025.1,CladeA,CF,Cluster_24,Cluster_3953
GCA_004372035.1,CladeA,CF,Cluster_10,Cluster_4554
GCA_004372045.1,CladeB,CF,Cluster_4,Cluster_4555
GCA_004372075.1,CladeA,CF,Cluster_10,Cluster_4556
GCA_004372085.1,CladeA,CF,Cluster_24,Cluster_4557
GCA_004372125.1,CladeA,CF,Cluster_43,Cluster_4558
GCA_004372135.1,CladeA,CF,Cluster_291,Cluster_4559
GCA_004372145.1,CladeA,Hospital.Environment,Cluster_66,Cluster_954
GCA_004372185.1,CladeA,Hospital.Environment,Cluster_66,Cluster_954
GCA_004372195.1,CladeA,Hospital.Environment,Cluster_66,Cluster_954
GCA_004372205.1,CladeA,Hospital.Environment,Cluster_10,Cluster_4560
GCA_004372235.1,CladeA,Hospital.Environment,Cluster_66,Cluster_954
GCA_004372255.1,CladeA,Hospital.Environment,Cluster_66,Cluster_954
GCA_004372275.1,CladeA,Hospital.Environment,Cluster_10,Cluster_4561
GCA_004372295.1,CladeA,Hospital.Environment,Cluster_10,Cluster_4562
GCA_004372315.1,CladeA,Hospital.Environment,Cluster_10,Cluster_4563
GCA_004372325.1,CladeA,Hospital.Environment,Cluster_10,Cluster_1517
GCA_004372345.1,CladeA,Hospital.Environment,Cluster_10,Cluster_1517
GCA_004372375.1,CladeA,Hospital.Environment,Cluster_28,Cluster_4564
GCA_004372395.1,CladeA,Hospital.Environment,Cluster_10,Cluster_3507
GCA_004372415.1,CladeA,Hospital.Environment,Cluster_10,Cluster_3507
GCA_004372435.1,CladeA,Hospital.Environment,Cluster_10,Cluster_3507
GCA_004372445.1,CladeA,Hospital.Environment,Cluster_66,Cluster_954
GCA_004372485.1,CladeA,Hospital.Environment,Cluster_66,Cluster_954
GCA_004372495.1,CladeA,Hospital.Environment,Cluster_66,Cluster_4565
GCA_004372505.1,CladeA,Hospital.Environment,Cluster_66,Cluster_954
GCA_004372525.1,CladeA,Hospital.Environment,Cluster_66,Cluster_954
GCA_004372535.1,CladeA,Hospital.Environment,Cluster_66,Cluster_954
GCA_004372585.1,CladeA,Hospital.Environment,Cluster_66,Cluster_954
GCA_004372595.1,CladeA,Ear,Cluster_458,Cluster_4566
GCA_004372615.1,CladeA,Ear,Cluster_458,Cluster_4566
GCA_004372635.1,CladeA,Ear,Cluster_458,Cluster_4566
GCA_004372645.1,CladeA,Ear,Cluster_458,Cluster_4566
GCA_004372675.1,CladeA,Hospital.Environment,Cluster_66,Cluster_954
GCA_004372695.1,CladeA,Hospital.Environment,Cluster_66,Cluster_954
GCA_004372705.1,CladeA,Hospital.Environment,Cluster_10,Cluster_4567
GCA_004372725.1,CladeA,Hospital.Environment,Cluster_10,Cluster_1517
GCA_004372745.1,CladeA,Hospital.Environment,Cluster_10,Cluster_1517
GCA_004372775.1,CladeA,Hospital.Environment,Cluster_28,Cluster_4564
GCA_004372805.1,CladeA,Hospital.Environment,Cluster_28,Cluster_4564
GCA_004372815.1,CladeB,Hospital.Environment,Cluster_17,Cluster_814
GCA_004372825.1,CladeA,Hospital.Environment,Cluster_10,Cluster_3507
GCA_004372845.1,CladeA,Ear,Cluster_458,Cluster_4566
GCA_004372875.1,CladeA,Ear,Cluster_458,Cluster_4566
GCA_004372905.1,CladeA,Ear,Cluster_458,Cluster_4566
GCA_004372915.1,CladeA,Ear,Cluster_458,Cluster_4566
GCA_004372925.1,CladeA,CF,Cluster_19,Cluster_4568
GCA_004372935.1,CladeA,CF,Cluster_125,Cluster_4569
GCA_004372985.1,CladeA,CF,Cluster_125,Cluster_4570
GCA_004372995.1,CladeA,CF,Cluster_10,Cluster_4571
GCA_004373015.1,CladeA,CF,Cluster_10,Cluster_4571
GCA_004373025.1,CladeA,CF,Cluster_2,Cluster_356
GCA_004373035.1,CladeA,CF,Cluster_459,Cluster_4572
GCA_004373075.1,CladeA,CF,Cluster_20,Cluster_4573
GCA_004373095.1,CladeA,CF,Cluster_20,Cluster_4574
GCA_004373125.1,CladeA,CF,Cluster_20,Cluster_4575
GCA_004373135.1,CladeA,CF,Cluster_24,Cluster_4576
GCA_004373155.1,CladeA,CF,Cluster_22,Cluster_4577
GCA_004373175.1,CladeA,CF,Cluster_24,Cluster_4576
GCA_004373195.1,CladeA,CF,Cluster_24,Cluster_4576
GCA_004373225.1,CladeA,CF,Cluster_24,Cluster_4576
GCA_004373235.1,CladeA,CF,Cluster_24,Cluster_4576
GCA_004373255.1,CladeA,CF,Cluster_2,Cluster_356
GCA_004373275.1,CladeA,CF,Cluster_2,Cluster_356
GCA_004373305.1,CladeA,CF,Cluster_2,Cluster_356
GCA_004373315.1,CladeA,CF,Cluster_2,Cluster_356
GCA_004373345.1,CladeB,CF,Cluster_42,Cluster_4578
GCA_004373355.1,CladeA,CF,Cluster_20,Cluster_4579
GCA_004373365.1,CladeA,CF,Cluster_20,Cluster_4579
GCA_004373405.1,CladeA,CF,Cluster_125,Cluster_4570
GCA_004373415.1,CladeA,CF,Cluster_125,Cluster_4570
GCA_004373425.1,CladeA,CF,Cluster_125,Cluster_4570
GCA_004373455.1,CladeA,CF,Cluster_125,Cluster_4570
GCA_004373475.1,CladeA,CF,Cluster_252,Cluster_4580
GCA_004373505.1,CladeA,CF,Cluster_252,Cluster_4581
GCA_004373515.1,CladeA,CF,Cluster_278,Cluster_4582
GCA_004373545.1,CladeA,CF,Cluster_278,Cluster_4582
GCA_004373565.1,CladeA,CF,Cluster_9,Cluster_4583
GCA_004373575.1,CladeA,CF,Cluster_20,Cluster_4584
GCA_004373585.1,CladeA,Ear,Cluster_458,Cluster_4566
GCA_004373595.1,CladeA,Ear,Cluster_458,Cluster_4566
GCA_004373645.1,CladeA,CF,Cluster_10,Cluster_4571
GCA_004373655.1,CladeA,CF,Cluster_20,Cluster_4585
GCA_004373665.1,CladeA,CF,Cluster_20,Cluster_4586
GCA_004373675.1,CladeA,CF,Cluster_24,Cluster_4576
GCA_004373725.1,CladeA,CF,Cluster_24,Cluster_4576
GCA_004373745.1,CladeA,CF,Cluster_24,Cluster_4576
GCA_004373755.1,CladeA,CF,Cluster_2,Cluster_356
GCA_004373765.1,CladeA,CF,Cluster_60,Cluster_1129
GCA_004373795.1,CladeA,CF,Cluster_125,Cluster_4570
GCA_004373805.1,CladeA,CF,Cluster_125,Cluster_4570
GCA_004373845.1,CladeA,CF,Cluster_252,Cluster_4587
GCA_004373865.1,CladeA,CF,Cluster_20,Cluster_4588
GCA_004373875.1,CladeA,CF,Cluster_53,Cluster_4589
GCA_004373885.1,CladeA,CF,Cluster_59,Cluster_4590
GCA_004373915.1,CladeA,CF,Cluster_59,Cluster_4590
GCA_004373935.1,CladeA,CF,Cluster_59,Cluster_4591
GCA_004373975.1,CladeA,CF,Cluster_53,Cluster_4589
GCA_004373985.1,CladeA,CF,Cluster_22,Cluster_4592
GCA_004373995.1,CladeA,CF,Cluster_53,Cluster_4589
GCA_004374005.1,CladeA,CF,Cluster_59,Cluster_4590
GCA_004374075.1,CladeA,CF,Cluster_60,Cluster_1075
GCA_004374085.1,CladeA,CF,Cluster_60,Cluster_1075
GCA_004374105.1,CladeA,CF,Cluster_60,Cluster_1075
GCA_004374165.1,CladeA,CF,Cluster_60,Cluster_1075
GCA_004374175.1,CladeA,CF,Cluster_125,Cluster_4570
GCA_004374185.1,CladeA,CF,Cluster_56,Cluster_4593
GCA_004374195.1,CladeA,CF,Cluster_56,Cluster_4594
GCA_004374205.1,CladeA,CF,Cluster_37,Cluster_4595
GCA_004374265.1,CladeA,CF,Cluster_56,Cluster_4596
GCA_004374275.1,CladeA,CF,Cluster_10,Cluster_4597
GCA_004374295.1,CladeA,CF,Cluster_20,Cluster_4598
GCA_004374305.1,CladeA,CF,Cluster_20,Cluster_4599
GCA_004374315.1,CladeA,CF,Cluster_2,Cluster_4600
GCA_004374365.1,CladeA,CF,Cluster_2,Cluster_4601
GCA_004374385.1,CladeB,CF,Cluster_155,Cluster_4602
GCA_004374395.1,CladeA,CF,Cluster_2,Cluster_4603
GCA_004374405.1,CladeB,CF,Cluster_49,Cluster_4604
GCA_004374415.1,CladeB,CF,Cluster_49,Cluster_4605
GCA_004374425.1,CladeB,CF,Cluster_17,Cluster_4606
GCA_004374485.1,CladeA,CF,Cluster_60,Cluster_1075
GCA_004374495.1,CladeA,CF,Cluster_60,Cluster_1075
GCA_004374505.1,CladeA,CF,Cluster_60,Cluster_1075
GCA_004374515.1,CladeA,CF,Cluster_2,Cluster_4607
GCA_004374525.1,CladeA,CF,Cluster_37,Cluster_4595
GCA_004374585.1,CladeA,CF,Cluster_37,Cluster_4595
GCA_004374595.1,CladeA,CF,Cluster_56,Cluster_4608
GCA_004374605.1,CladeA,CF,Cluster_37,Cluster_4609
GCA_004374615.1,CladeA,CF,Cluster_10,Cluster_4610
GCA_004374625.1,CladeA,CF,Cluster_24,Cluster_4611
GCA_004374685.1,CladeB,CF,Cluster_49,Cluster_4612
GCA_004374705.1,CladeA,CF,Cluster_43,Cluster_4613
GCA_004375075.1,CladeA,CF,Cluster_2,Cluster_4603
GCA_004375115.1,CladeA,CF,Cluster_2,Cluster_4607
GCA_004375165.1,CladeA,CF,Cluster_24,Cluster_4614
GCA_004375175.1,CladeB,CF,Cluster_460,Cluster_4615
GCA_004375185.1,CladeA,CF,Cluster_252,Cluster_3826
GCA_004375195.1,CladeA,CF,Cluster_252,Cluster_3826
GCA_004375205.1,CladeA,CF,Cluster_252,Cluster_3826
GCA_004375265.1,CladeA,CF,Cluster_26,Cluster_4616
GCA_004375275.1,CladeA,CF,Cluster_26,Cluster_4616
GCA_004375285.1,CladeA,CF,Cluster_461,Cluster_4617
GCA_004375295.1,CladeA,CF,Cluster_350,Cluster_4618
GCA_004375325.1,CladeA,CF,Cluster_252,Cluster_4619
GCA_004375365.1,CladeA,CF,Cluster_350,Cluster_4618
GCA_004375375.1,CladeA,CF,Cluster_2,Cluster_4620
GCA_004375385.1,CladeA,CF,Cluster_252,Cluster_3826
GCA_004375405.1,CladeA,CF,Cluster_252,Cluster_3826
GCA_004375425.1,CladeA,CF,Cluster_60,Cluster_4621
GCA_004375475.1,CladeA,CF,Cluster_125,Cluster_4622
GCA_004375515.1,CladeA,CF,Cluster_362,Cluster_4623
GCA_004375525.1,CladeA,CF,Cluster_60,Cluster_1075
GCA_004375535.1,CladeA,CF,Cluster_26,Cluster_4624
GCA_004375585.1,CladeA,CF,Cluster_252,Cluster_3826
GCA_004375595.1,CladeA,CF,Cluster_92,Cluster_4625
GCA_004375625.1,CladeA,CF,Cluster_92,Cluster_4518
GCA_004378685.1,CladeA,Ear,Cluster_458,Cluster_4566
GCA_004378695.1,CladeA,CF,Cluster_10,Cluster_4626
GCA_004378725.1,CladeA,CF,Cluster_24,Cluster_4576
GCA_004378735.1,CladeA,CF,Cluster_2,Cluster_356
GCA_004378745.1,CladeA,CF,Cluster_2,Cluster_356
GCA_004378755.1,CladeA,CF,Cluster_252,Cluster_4627
GCA_004378765.1,CladeA,Hospital.Environment,Cluster_66,Cluster_954
GCA_004685005.1,CladeA,Wound,Cluster_26,Cluster_4628
GCA_004769055.1,CladeA,Plant,Cluster_1,Cluster_4629
GCA_004785815.1,CladeA,Hospital.Environment,Cluster_43,Cluster_2241
GCA_004785835.1,CladeA,Hospital.Environment,Cluster_43,Cluster_3624
GCA_004790695.1,CladeA,Wound,Cluster_1,Cluster_4630
GCA_005048525.1,CladeB,Pneumonia,Cluster_11,Cluster_4631
GCA_005154325.1,CladeA,Aquatic,Cluster_35,Cluster_3241
GCA_006364795.1,CladeA,Aquatic,Cluster_35,Cluster_3241
GCA_006704245.1,CladeB,Blood,Cluster_114,Cluster_3992
GCA_006704345.1,CladeB,Blood,Cluster_114,Cluster_4632
GCA_006704365.1,CladeB,Urinary,Cluster_114,Cluster_4633
GCA_006704375.1,CladeB,Blood,Cluster_114,Cluster_3992
GCA_006704385.1,CladeB,Blood,Cluster_114,Cluster_3992
GCA_006704445.1,CladeB,Blood,Cluster_114,Cluster_4633
GCA_006704485.1,CladeB,Blood,Cluster_114,Cluster_4634
GCA_006704495.1,CladeB,Urinary,Cluster_114,Cluster_3992
GCA_006704545.1,CladeB,Blood,Cluster_114,Cluster_3992
GCA_006704555.1,CladeB,Blood,Cluster_114,Cluster_4635
GCA_006704645.1,CladeB,Built.Environment,Cluster_114,Cluster_4636
GCA_006704665.1,CladeB,Built.Environment,Cluster_114,Cluster_3324
GCA_006704675.1,CladeB,Built.Environment,Cluster_114,Cluster_4636
GCA_006704685.1,CladeB,Built.Environment,Cluster_114,Cluster_4637
GCA_006704695.1,CladeB,Built.Environment,Cluster_114,Cluster_4638
GCA_006704735.1,CladeB,Built.Environment,Cluster_114,Cluster_3324
GCA_006704775.1,CladeB,Ear,Cluster_114,Cluster_4639
GCA_006704785.1,CladeB,Wound,Cluster_114,Cluster_4640
GCA_006704815.1,CladeB,Blood,Cluster_114,Cluster_582
GCA_006704865.1,CladeB,Blood,Cluster_114,Cluster_4641
GCA_006704875.1,CladeB,Blood,Cluster_114,Cluster_4642
GCA_006704885.1,CladeB,Blood,Cluster_114,Cluster_4643
GCA_006704895.1,CladeB,Blood,Cluster_114,Cluster_4644
GCA_006704945.1,CladeB,Blood,Cluster_114,Cluster_4645
GCA_006704955.1,CladeB,Blood,Cluster_114,Cluster_4646
GCA_006704975.1,CladeB,Blood,Cluster_114,Cluster_4647
GCA_006704985.1,CladeB,Blood,Cluster_114,Cluster_4643
GCA_006704995.1,CladeB,Blood,Cluster_114,Cluster_4648
GCA_006705045.1,CladeB,Blood,Cluster_114,Cluster_4649
GCA_006705065.1,CladeB,Blood,Cluster_114,Cluster_4650
GCA_006705075.1,CladeB,Blood,Cluster_114,Cluster_4651
GCA_006705085.1,CladeB,Blood,Cluster_114,Cluster_4652
GCA_006864505.1,CladeA,early.CF,Cluster_252,Cluster_4653
GCA_006864585.1,CladeA,early.CF,Cluster_231,Cluster_1054
GCA_006864645.1,CladeA,early.CF,Cluster_60,Cluster_1075
GCA_006864715.1,CladeA,early.CF,Cluster_51,Cluster_4654
GCA_006971785.1,CladeC,Urinary,Cluster_250,Cluster_2127
GCA_007004215.1,CladeA,Hospital.Environment,Cluster_24,Cluster_4655
GCA_007004365.1,CladeA,Hospital.Environment,Cluster_115,Cluster_4656
GCA_007004405.1,CladeA,Hospital.Environment,Cluster_1,Cluster_3431
GCA_007004465.1,CladeA,Hospital.Environment,Cluster_66,Cluster_4657
GCA_007004475.1,CladeA,Hospital.Environment,Cluster_24,Cluster_4658
GCA_007004495.1,CladeA,Hospital.Environment,Cluster_360,Cluster_4659
GCA_007021965.1,CladeA,Hospital.Environment,Cluster_10,Cluster_108
GCA_007051075.1,CladeA,Hospital.Environment,Cluster_94,Cluster_4660
GCA_007051095.1,CladeA,Hospital.Environment,Cluster_10,Cluster_4661
GCA_007280435.1,CladeA,Urinary,Cluster_1,Cluster_4662
GCA_007375485.1,CladeA,Lung,Cluster_20,Cluster_4663
GCA_007375495.1,CladeB,Lung,Cluster_57,Cluster_4664
GCA_007559065.1,CladeB,Pneumonia,Cluster_16,Cluster_4665
GCA_007559085.1,CladeA,Sputum,Cluster_20,Cluster_4666
GCA_007559125.1,CladeB,Urinary,Cluster_11,Cluster_4667
GCA_008033805.1,CladeA,Urinary,Cluster_5,Cluster_590
GCA_008180895.1,CladeA,Lung,Cluster_26,Cluster_3948
GCA_008195485.1,CladeB,Urinary,Cluster_11,Cluster_4668
GCA_008244575.1,CladeA,Blood,Cluster_56,Cluster_4669
GCA_008244625.1,CladeB,Wound,Cluster_11,Cluster_446
GCA_008244635.1,CladeB,Urinary,Cluster_11,Cluster_4670
GCA_008245185.1,CladeA,CF,Cluster_462,Cluster_4671
GCA_008629865.1,CladeA,Pneumonia,Cluster_428,Cluster_4672
GCA_008693305.1,CladeB,Aquatic,Cluster_17,Cluster_4673
GCA_008705235.1,CladeA,CF,Cluster_24,Cluster_4674
GCA_008843065.1,CladeA,CF,Cluster_5,Cluster_590
GCA_008843085.1,CladeA,CF,Cluster_5,Cluster_590
GCA_009497675.1,CladeA,Pneumonia,Cluster_25,Cluster_4675
GCA_009650545.1,CladeA,CF,Cluster_307,Cluster_4676
GCA_009662315.1,CladeA,Pneumonia,Cluster_1,Cluster_4677
GCA_009664165.1,CladeB,Blood,Cluster_16,Cluster_22
GCA_009676765.1,CladeA,Lung,Cluster_9,Cluster_4678
GCA_009676785.1,CladeA,Lung,Cluster_9,Cluster_4678
GCA_009676885.1,CladeA,Waste.Water,Cluster_60,Cluster_184
GCA_009720425.1,CladeA,Sputum,Cluster_50,Cluster_4064
GCA_009727125.1,CladeB,Eye,Cluster_52,Cluster_4679
GCA_009727165.1,CladeB,Eye,Cluster_57,Cluster_4680
GCA_009727225.1,CladeB,Eye,Cluster_156,Cluster_4681
GCA_009727235.1,CladeA,Eye,Cluster_133,Cluster_414
GCA_009727245.1,CladeA,Eye,Cluster_463,Cluster_4682
GCA_009727325.1,CladeB,Eye,Cluster_52,Cluster_4683
GCA_009727335.1,CladeA,Eye,Cluster_399,Cluster_4684
GCA_009727345.1,CladeA,Eye,Cluster_183,Cluster_4685
GCA_009727385.1,CladeA,Eye,Cluster_60,Cluster_1075
GCA_009727395.1,CladeA,Eye,Cluster_183,Cluster_4685
GCA_009727465.1,CladeB,Eye,Cluster_42,Cluster_4686
GCA_009727485.1,CladeB,Eye,Cluster_114,Cluster_4687
GCA_009727505.1,CladeA,Eye,Cluster_464,Cluster_4688
GCA_009727515.1,CladeA,Eye,Cluster_322,Cluster_4689
GCA_009727535.1,CladeA,Eye,Cluster_464,Cluster_4688
GCA_009737225.1,CladeA,Waste.Water,Cluster_133,Cluster_4690
GCA_009830175.1,CladeA,CF,Cluster_270,Cluster_4691
GCA_009830185.1,CladeA,CF,Cluster_270,Cluster_4692
GCA_009830195.1,CladeA,CF,Cluster_270,Cluster_4693
GCA_009830205.1,CladeA,CF,Cluster_270,Cluster_4694
GCA_009830215.1,CladeA,CF,Cluster_270,Cluster_4695
GCA_009830275.1,CladeA,CF,Cluster_270,Cluster_4696
GCA_009833435.1,CladeA,Terrestrial,Cluster_58,Cluster_4697
GCA_009887625.1,CladeB,Wound,Cluster_156,Cluster_4698
GCA_009887695.1,CladeB,Wound,Cluster_12,Cluster_15
GCA_009887715.1,CladeB,Wound,Cluster_156,Cluster_4699
GCA_009887745.1,CladeA,Wound,Cluster_25,Cluster_4700
GCA_009887995.1,CladeA,Wound,Cluster_464,Cluster_4701
GCA_009901795.1,CladeA,Rectal/Feces,Cluster_43,Cluster_4702
GCA_009905195.1,CladeA,CF,Cluster_58,Cluster_4703
GCA_010587425.1,CladeA,Pneumonia,Cluster_322,Cluster_4704
GCA_010604365.1,CladeA,Pneumonia,Cluster_465,Cluster_4705
GCA_010605025.1,CladeA,Pneumonia,Cluster_10,Cluster_4706
GCA_010605385.1,CladeB,Pneumonia,Cluster_466,Cluster_4707
GCA_010607555.1,CladeA,Pneumonia,Cluster_5,Cluster_4708
GCA_010607655.1,CladeA,Pneumonia,Cluster_467,Cluster_4709
GCA_010608705.1,CladeA,Pneumonia,Cluster_60,Cluster_4710
GCA_010609045.1,CladeA,Pneumonia,Cluster_20,Cluster_4711
GCA_010609195.1,CladeA,Pneumonia,Cluster_24,Cluster_4712
GCA_010609585.1,CladeB,Pneumonia,Cluster_11,Cluster_4713
GCA_010612425.1,CladeB,Pneumonia,Cluster_42,Cluster_4714
GCA_011466835.1,CladeA,CF,Cluster_10,Cluster_4715
GCA_011634585.1,CladeB,Ocean,Cluster_11,Cluster_4716
GCA_011682995.1,CladeB,Sputum,Cluster_55,Cluster_4717
GCA_011683035.1,CladeB,Upper.Respiratory,Cluster_55,Cluster_4717
GCA_011683045.1,CladeB,Sputum,Cluster_45,Cluster_237
GCA_011683055.1,CladeB,Lung,Cluster_45,Cluster_237
GCA_011683115.1,CladeB,Upper.Respiratory,Cluster_45,Cluster_237
GCA_011947185.1,CladeB,CF,Cluster_57,Cluster_4718
GCA_012102115.1,CladeA,Urinary,Cluster_5,Cluster_590
GCA_012102135.1,CladeA,Urinary,Cluster_5,Cluster_590
GCA_012102215.1,CladeA,Urinary,Cluster_5,Cluster_590
GCA_012102225.1,CladeA,Urinary,Cluster_5,Cluster_590
GCA_012276675.1,CladeA,Pneumonia,Cluster_48,Cluster_4719
GCA_012935295.1,CladeA,CF,Cluster_50,Cluster_632
GCA_013114915.1,CladeB,Pneumonia,Cluster_12,Cluster_15
GCA_013114935.1,CladeB,Pneumonia,Cluster_12,Cluster_15
GCA_013114995.1,CladeA,Lung,Cluster_24,Cluster_4720
GCA_013115025.1,CladeA,Sputum,Cluster_82,Cluster_691
GCA_013115035.1,CladeA,Lung,Cluster_82,Cluster_4721
GCA_013115045.1,CladeA,Lung,Cluster_24,Cluster_4722
GCA_013115095.1,CladeB,Lung,Cluster_76,Cluster_4723
GCA_013115215.1,CladeB,Lung,Cluster_11,Cluster_4724
GCA_013115225.1,CladeB,Lung,Cluster_11,Cluster_4724
GCA_013115265.1,CladeB,Lung,Cluster_11,Cluster_4724
GCA_013115325.1,CladeB,Lung,Cluster_76,Cluster_4723
GCA_013115355.1,CladeB,Lung,Cluster_76,Cluster_4723
GCA_013115385.1,CladeA,Lung,Cluster_24,Cluster_4722
GCA_013115435.1,CladeA,Lung,Cluster_24,Cluster_4725
GCA_013115455.1,CladeA,Lung,Cluster_24,Cluster_4726
GCA_013115465.1,CladeA,Lung,Cluster_10,Cluster_4727
GCA_013115475.1,CladeA,Lung,Cluster_24,Cluster_4728
GCA_013115485.1,CladeA,Lung,Cluster_24,Cluster_4729
GCA_013115555.1,CladeA,Sputum,Cluster_82,Cluster_691
GCA_013115565.1,CladeA,Lung,Cluster_82,Cluster_4721
GCA_013115595.1,CladeA,Lung,Cluster_82,Cluster_4721
GCA_013115615.1,CladeA,Lung,Cluster_82,Cluster_4721
GCA_013115625.1,CladeA,Lung,Cluster_82,Cluster_691
GCA_013115655.1,CladeA,Lung,Cluster_117,Cluster_1879
GCA_013115675.1,CladeA,Lung,Cluster_117,Cluster_4730
GCA_013115695.1,CladeA,Lung,Cluster_117,Cluster_4730
GCA_013115705.1,CladeA,Lung,Cluster_117,Cluster_4731
GCA_013115725.1,CladeA,Lung,Cluster_117,Cluster_1879
GCA_013115765.1,CladeA,Lung,Cluster_113,Cluster_4732
GCA_013115795.1,CladeA,Lung,Cluster_113,Cluster_4733
GCA_013115805.1,CladeA,Lung,Cluster_113,Cluster_4734
GCA_013122735.1,CladeA,Blood,Cluster_9,Cluster_4735
GCA_013169305.1,CladeA,Ocean,Cluster_1,Cluster_3625
GCA_013169355.1,CladeA,Ocean,Cluster_1,Cluster_3625
GCA_013176935.1,CladeB,Blood,Cluster_163,Cluster_4736
GCA_013176945.1,CladeB,Blood,Cluster_189,Cluster_4737
GCA_013176975.1,CladeB,Blood,Cluster_468,Cluster_4738
GCA_013176985.1,CladeB,Blood,Cluster_76,Cluster_4739
GCA_013177035.1,CladeA,Blood,Cluster_5,Cluster_4740
GCA_013177055.1,CladeB,Blood,Cluster_42,Cluster_4741
GCA_013177065.1,CladeA,Blood,Cluster_5,Cluster_4740
GCA_013177095.1,CladeB,Blood,Cluster_189,Cluster_4742
GCA_013177105.1,CladeB,Blood,Cluster_55,Cluster_3337
GCA_013177135.1,CladeA,Blood,Cluster_24,Cluster_4743
GCA_013177155.1,CladeA,Blood,Cluster_94,Cluster_4744
GCA_013177195.1,CladeB,Blood,Cluster_311,Cluster_4745
GCA_013177205.1,CladeB,Blood,Cluster_112,Cluster_4746
GCA_013178425.1,CladeA,Blood,Cluster_10,Cluster_4747
GCA_013178435.1,CladeA,Blood,Cluster_5,Cluster_4338
GCA_013178475.1,CladeB,Blood,Cluster_151,Cluster_4748
GCA_013178495.1,CladeB,Blood,Cluster_17,Cluster_4749
GCA_013178505.1,CladeB,Blood,Cluster_52,Cluster_4750
GCA_013178515.1,CladeA,Blood,Cluster_10,Cluster_4751
GCA_013178535.1,CladeA,Blood,Cluster_20,Cluster_4752
GCA_013178575.1,CladeA,Blood,Cluster_1,Cluster_8
GCA_013178595.1,CladeA,Blood,Cluster_24,Cluster_4753
GCA_013178605.1,CladeA,Blood,Cluster_469,Cluster_4754
GCA_013178635.1,CladeB,Blood,Cluster_64,Cluster_4755
GCA_013178655.1,CladeA,Blood,Cluster_40,Cluster_4756
GCA_013178685.1,CladeA,Blood,Cluster_10,Cluster_4757
GCA_013178705.1,CladeA,Blood,Cluster_61,Cluster_4758
GCA_013178735.1,CladeA,Blood,Cluster_2,Cluster_4759
GCA_013178745.1,CladeA,Blood,Cluster_5,Cluster_4760
GCA_013178765.1,CladeB,Blood,Cluster_310,Cluster_4761
GCA_013178785.1,CladeA,Blood,Cluster_139,Cluster_4762
GCA_013178815.1,CladeB,Blood,Cluster_156,Cluster_4763
GCA_013178835.1,CladeA,Blood,Cluster_289,Cluster_4764
GCA_013178845.1,CladeB,Blood,Cluster_4,Cluster_4765
GCA_013178875.1,CladeA,Blood,Cluster_5,Cluster_4766
GCA_013178895.1,CladeA,Blood,Cluster_9,Cluster_4767
GCA_013201015.1,CladeB,Ear,Cluster_55,Cluster_121
GCA_013201095.1,CladeB,Blood,Cluster_468,Cluster_4768
GCA_013240315.1,CladeA,CF,Cluster_175,Cluster_4769
GCA_013240375.1,CladeA,CF,Cluster_10,Cluster_4770
GCA_013240385.1,CladeA,CF,Cluster_43,Cluster_4771
GCA_013240415.1,CladeA,CF,Cluster_46,Cluster_4772
GCA_013240425.1,CladeA,CF,Cluster_2,Cluster_4773
GCA_013240435.1,CladeA,CF,Cluster_2,Cluster_356
GCA_013240515.1,CladeA,Wound,Cluster_5,Cluster_590
GCA_013255565.1,CladeB,Pneumonia,Cluster_16,Cluster_22
GCA_013276295.1,CladeB,Blood,Cluster_11,Cluster_330
GCA_013284875.1,CladeA,Urinary,Cluster_26,Cluster_775
GCA_013284895.1,CladeA,Rectal/Feces,Cluster_26,Cluster_4774
GCA_013284915.1,CladeA,Urinary,Cluster_26,Cluster_4775
GCA_013285125.1,CladeA,Terrestrial,Cluster_162,Cluster_4776
GCA_013305645.2,CladeA,Blood,Cluster_102,Cluster_4777
GCA_013305815.1,CladeA,Ear,Cluster_5,Cluster_590
GCA_013305845.1,CladeA,Ear,Cluster_5,Cluster_590
GCA_013328425.1,CladeB,Burn,Cluster_151,Cluster_4778
GCA_013328495.1,CladeB,Lung,Cluster_52,Cluster_4779
GCA_013328515.1,CladeA,Lung,Cluster_92,Cluster_4780
GCA_013328535.1,CladeA,Burn,Cluster_20,Cluster_4781
GCA_013328555.1,CladeA,Lung,Cluster_26,Cluster_4782
GCA_013328565.1,CladeA,Urinary,Cluster_103,Cluster_4783
GCA_013328595.1,CladeA,Lung,Cluster_9,Cluster_4784
GCA_013328615.1,CladeB,Urinary,Cluster_17,Cluster_4785
GCA_013328785.1,CladeA,Urinary,Cluster_398,Cluster_4786
GCA_013341235.1,CladeA,Lung,Cluster_2,Cluster_4787
GCA_013341295.1,CladeA,CF,Cluster_20,Cluster_4788
GCA_013343315.1,CladeA,CF,Cluster_60,Cluster_4789
GCA_013343335.1,CladeA,CF,Cluster_230,Cluster_4790
GCA_013343355.1,CladeA,CF,Cluster_175,Cluster_4791
GCA_013343375.1,CladeA,CF,Cluster_14,Cluster_4792
GCA_013343395.1,CladeA,CF,Cluster_2,Cluster_356
GCA_013343455.1,CladeA,CF,Cluster_92,Cluster_4793
GCA_013343475.1,CladeA,CF,Cluster_394,Cluster_4794
GCA_013343495.1,CladeA,CF,Cluster_92,Cluster_4795
GCA_013343515.1,CladeB,CF,Cluster_260,Cluster_4796
GCA_013343535.1,CladeA,CF,Cluster_20,Cluster_4797
GCA_013343555.1,CladeA,CF,Cluster_203,Cluster_4798
GCA_013343575.1,CladeA,Wound,Cluster_115,Cluster_4799
GCA_013347245.1,CladeA,Blood,Cluster_26,Cluster_775
GCA_013350345.1,CladeA,Ear,Cluster_5,Cluster_590
GCA_013350355.1,CladeA,Ear,Cluster_5,Cluster_590
GCA_013375755.1,CladeA,Pneumonia,Cluster_56,Cluster_561
GCA_013375795.1,CladeA,Pneumonia,Cluster_53,Cluster_560
GCA_013375815.1,CladeB,Pneumonia,Cluster_159,Cluster_4800
GCA_013375835.1,CladeA,Pneumonia,Cluster_24,Cluster_4801
GCA_013375875.1,CladeB,Pneumonia,Cluster_114,Cluster_562
GCA_013375895.1,CladeA,Pneumonia,Cluster_10,Cluster_4802
GCA_013375915.1,CladeA,Pneumonia,Cluster_10,Cluster_559
GCA_013376775.1,CladeA,Wound,Cluster_26,Cluster_4803
GCA_013393665.2,CladeB,Pneumonia,Cluster_11,Cluster_256
GCA_013393705.1,CladeA,Sputum,Cluster_3,Cluster_4804
GCA_013394455.1,CladeA,Lung,Cluster_53,Cluster_4805
GCA_013394475.2,CladeB,Pneumonia,Cluster_11,Cluster_4806
GCA_013413775.1,CladeA,Lung,Cluster_1,Cluster_408
GCA_013413795.1,CladeA,Lung,Cluster_1,Cluster_408
GCA_013414905.1,CladeA,Upper.Respiratory,Cluster_5,Cluster_590
GCA_013414925.1,CladeA,Upper.Respiratory,Cluster_5,Cluster_590
GCA_013414945.1,CladeA,Upper.Respiratory,Cluster_5,Cluster_590
GCA_013414965.1,CladeA,Upper.Respiratory,Cluster_5,Cluster_590
GCA_013414985.1,CladeA,Upper.Respiratory,Cluster_5,Cluster_590
GCA_013415005.1,CladeA,Upper.Respiratory,Cluster_5,Cluster_590
GCA_013415025.1,CladeA,Upper.Respiratory,Cluster_5,Cluster_590
GCA_013415045.1,CladeA,Upper.Respiratory,Cluster_242,Cluster_4807
GCA_013415065.1,CladeA,Upper.Respiratory,Cluster_5,Cluster_590
GCA_013415085.1,CladeA,Upper.Respiratory,Cluster_470,Cluster_4808
GCA_013421115.1,CladeA,Lung,Cluster_1,Cluster_8
GCA_013421125.1,CladeA,Wound,Cluster_28,Cluster_4809
GCA_013421135.1,CladeA,Lung,Cluster_2,Cluster_356
GCA_013421145.1,CladeA,Blood,Cluster_5,Cluster_4810
GCA_013421205.1,CladeA,Blood,Cluster_20,Cluster_4811
GCA_013421215.1,CladeA,Wound,Cluster_1,Cluster_8
GCA_013421225.1,CladeA,Wound,Cluster_43,Cluster_4812
GCA_013421235.1,CladeA,Urinary,Cluster_471,Cluster_4813
GCA_013421325.1,CladeB,Wound,Cluster_11,Cluster_4814
GCA_013421355.1,CladeB,Wound,Cluster_11,Cluster_2637
GCA_013421385.1,CladeA,Wound,Cluster_1,Cluster_4815
GCA_013433595.1,CladeA,CF,Cluster_66,Cluster_4816
GCA_013433685.1,CladeA,early.CF,Cluster_2,Cluster_1949
GCA_013433695.1,CladeA,CF,Cluster_35,Cluster_1964
GCA_013433705.1,CladeA,early.CF,Cluster_2,Cluster_1949
GCA_013433725.1,CladeA,early.CF,Cluster_2,Cluster_1949
GCA_013433785.1,CladeA,early.CF,Cluster_2,Cluster_1949
GCA_013433795.1,CladeA,early.CF,Cluster_2,Cluster_1949
GCA_013433805.1,CladeA,early.CF,Cluster_2,Cluster_1949
GCA_013433825.1,CladeA,early.CF,Cluster_2,Cluster_1949
GCA_013433855.1,CladeA,early.CF,Cluster_2,Cluster_1949
GCA_013433885.1,CladeA,early.CF,Cluster_2,Cluster_1949
GCA_013433915.1,CladeA,early.CF,Cluster_2,Cluster_1949
GCA_013433925.1,CladeA,early.CF,Cluster_2,Cluster_1949
GCA_013433995.1,CladeA,early.CF,Cluster_2,Cluster_1949
GCA_013434005.1,CladeA,early.CF,Cluster_2,Cluster_1949
GCA_013434035.1,CladeA,early.CF,Cluster_10,Cluster_4817
GCA_013434045.1,CladeA,early.CF,Cluster_2,Cluster_1949
GCA_013434115.1,CladeA,early.CF,Cluster_2,Cluster_1949
GCA_013434125.1,CladeA,early.CF,Cluster_2,Cluster_1949
GCA_013434135.1,CladeA,early.CF,Cluster_2,Cluster_1949
GCA_013434205.1,CladeA,early.CF,Cluster_103,Cluster_4818
GCA_013434215.1,CladeA,early.CF,Cluster_103,Cluster_4818
GCA_013434225.1,CladeA,early.CF,Cluster_103,Cluster_4818
GCA_013434265.1,CladeA,early.CF,Cluster_103,Cluster_4818
GCA_013434325.1,CladeA,early.CF,Cluster_103,Cluster_4818
GCA_013434365.1,CladeA,early.CF,Cluster_465,Cluster_4819
GCA_013434375.1,CladeA,early.CF,Cluster_465,Cluster_4819
GCA_013434405.1,CladeA,early.CF,Cluster_465,Cluster_4819
GCA_013434435.1,CladeA,early.CF,Cluster_472,Cluster_4820
GCA_013434455.1,CladeA,early.CF,Cluster_282,Cluster_4821
GCA_013434515.1,CladeA,early.CF,Cluster_472,Cluster_4820
GCA_013434535.1,CladeA,early.CF,Cluster_472,Cluster_4820
GCA_013434605.1,CladeA,early.CF,Cluster_10,Cluster_1118
GCA_013434625.1,CladeA,early.CF,Cluster_10,Cluster_1118
GCA_013434635.1,CladeA,early.CF,Cluster_10,Cluster_1118
GCA_013434665.1,CladeA,early.CF,Cluster_10,Cluster_1118
GCA_013434725.1,CladeA,early.CF,Cluster_10,Cluster_4817
GCA_013434805.1,CladeB,early.CF,Cluster_16,Cluster_4822
GCA_013434815.1,CladeA,early.CF,Cluster_10,Cluster_4817
GCA_013434825.1,CladeA,early.CF,Cluster_10,Cluster_4817
GCA_013434835.1,CladeA,early.CF,Cluster_10,Cluster_4817
GCA_013434905.1,CladeA,early.CF,Cluster_24,Cluster_4212
GCA_013434915.1,CladeA,early.CF,Cluster_10,Cluster_4817
GCA_013434925.1,CladeA,early.CF,Cluster_24,Cluster_4212
GCA_013434945.1,CladeA,early.CF,Cluster_24,Cluster_4212
GCA_013435015.1,CladeA,early.CF,Cluster_10,Cluster_4823
GCA_013435025.1,CladeA,early.CF,Cluster_24,Cluster_4212
GCA_013435035.1,CladeB,early.CF,Cluster_343,Cluster_4150
GCA_013435045.1,CladeB,early.CF,Cluster_343,Cluster_4150
GCA_013435105.1,CladeB,early.CF,Cluster_343,Cluster_4150
GCA_013435115.1,CladeA,early.CF,Cluster_66,Cluster_1062
GCA_013435135.1,CladeA,early.CF,Cluster_66,Cluster_1062
GCA_013435155.1,CladeA,early.CF,Cluster_66,Cluster_1062
GCA_013435305.1,CladeA,early.CF,Cluster_56,Cluster_4146
GCA_013435345.1,CladeA,CF,Cluster_103,Cluster_4824
GCA_013522575.1,CladeA,Hospital.Environment,Cluster_40,Cluster_4825
GCA_013522595.1,CladeB,Hospital.Environment,Cluster_114,Cluster_4826
GCA_013619185.1,CladeA,Lung,Cluster_82,Cluster_691
GCA_013619225.1,CladeA,Lung,Cluster_82,Cluster_4827
GCA_013619245.1,CladeA,Lung,Cluster_82,Cluster_691
GCA_013619265.1,CladeA,Lung,Cluster_82,Cluster_691
GCA_013619285.1,CladeA,Lung,Cluster_82,Cluster_691
GCA_013619305.1,CladeA,Lung,Cluster_82,Cluster_691
GCA_013619315.1,CladeA,Lung,Cluster_82,Cluster_691
GCA_013619325.1,CladeA,Lung,Cluster_82,Cluster_691
GCA_013619375.1,CladeA,Lung,Cluster_82,Cluster_691
GCA_013619405.1,CladeA,Lung,Cluster_82,Cluster_691
GCA_013619425.1,CladeA,Lung,Cluster_82,Cluster_691
GCA_013619475.1,CladeA,Lung,Cluster_82,Cluster_691
GCA_013619805.1,CladeA,Lung,Cluster_82,Cluster_691
GCA_013619885.1,CladeA,Lung,Cluster_82,Cluster_4828
GCA_013619895.1,CladeA,Lung,Cluster_82,Cluster_691
GCA_013619915.1,CladeA,Lung,Cluster_82,Cluster_691
GCA_013619945.1,CladeA,Lung,Cluster_82,Cluster_691
GCA_013619955.1,CladeA,Lung,Cluster_82,Cluster_691
GCA_013619985.1,CladeA,Lung,Cluster_82,Cluster_691
GCA_013619995.1,CladeA,Lung,Cluster_82,Cluster_691
GCA_013620005.1,CladeA,Lung,Cluster_82,Cluster_691
GCA_013620045.1,CladeA,Lung,Cluster_82,Cluster_691
GCA_013620065.1,CladeA,Lung,Cluster_82,Cluster_691
GCA_013620075.1,CladeA,Lung,Cluster_82,Cluster_691
GCA_013620105.1,CladeA,Lung,Cluster_82,Cluster_691
GCA_013620115.1,CladeA,Lung,Cluster_82,Cluster_691
GCA_013620125.1,CladeA,Lung,Cluster_82,Cluster_691
GCA_013620155.1,CladeA,Lung,Cluster_82,Cluster_691
GCA_013620185.1,CladeA,Lung,Cluster_82,Cluster_691
GCA_013620205.1,CladeA,Lung,Cluster_82,Cluster_691
GCA_013620215.1,CladeA,Lung,Cluster_82,Cluster_691
GCA_013620245.1,CladeA,Lung,Cluster_82,Cluster_4829
GCA_013620265.1,CladeA,Lung,Cluster_82,Cluster_691
GCA_013620285.1,CladeA,Lung,Cluster_82,Cluster_691
GCA_013620295.1,CladeA,Lung,Cluster_82,Cluster_691
GCA_013620315.1,CladeA,Lung,Cluster_82,Cluster_691
GCA_013620325.1,CladeA,Lung,Cluster_82,Cluster_691
GCA_013620365.1,CladeA,Lung,Cluster_82,Cluster_691
GCA_013620375.1,CladeA,Lung,Cluster_82,Cluster_691
GCA_013620385.1,CladeA,Lung,Cluster_82,Cluster_691
GCA_013620415.1,CladeA,Lung,Cluster_82,Cluster_691
GCA_013620445.1,CladeA,Lung,Cluster_82,Cluster_691
GCA_013620465.1,CladeA,Lung,Cluster_82,Cluster_691
GCA_013620475.1,CladeA,Lung,Cluster_82,Cluster_691
GCA_013620485.1,CladeA,Lung,Cluster_82,Cluster_691
GCA_013620525.1,CladeA,Lung,Cluster_82,Cluster_691
GCA_013620545.1,CladeA,Lung,Cluster_82,Cluster_691
GCA_013620565.1,CladeA,Lung,Cluster_82,Cluster_691
GCA_013620575.1,CladeA,Lung,Cluster_82,Cluster_691
GCA_013620585.1,CladeA,Lung,Cluster_82,Cluster_691
GCA_013620595.1,CladeA,Lung,Cluster_82,Cluster_691
GCA_013620635.1,CladeA,Lung,Cluster_82,Cluster_691
GCA_013625335.1,CladeA,Lung,Cluster_82,Cluster_691
GCA_013625355.1,CladeA,Lung,Cluster_82,Cluster_691
GCA_013625395.1,CladeA,Lung,Cluster_82,Cluster_691
GCA_013625455.1,CladeA,Lung,Cluster_82,Cluster_4830
GCA_013625475.1,CladeA,Lung,Cluster_82,Cluster_691
GCA_013625525.1,CladeA,Lung,Cluster_82,Cluster_691
GCA_013625545.1,CladeA,Lung,Cluster_82,Cluster_4831
GCA_013625585.1,CladeA,Lung,Cluster_82,Cluster_4832
GCA_013625615.1,CladeA,Lung,Cluster_82,Cluster_4833
GCA_013625625.1,CladeA,Lung,Cluster_82,Cluster_691
GCA_013625655.1,CladeA,Lung,Cluster_82,Cluster_691
GCA_013625675.1,CladeA,Lung,Cluster_82,Cluster_691
GCA_013625685.1,CladeA,Lung,Cluster_82,Cluster_691
GCA_013625705.1,CladeA,Lung,Cluster_82,Cluster_691
GCA_013625735.1,CladeA,Blood,Cluster_82,Cluster_4834
GCA_013912425.1,CladeB,Pneumonia,Cluster_55,Cluster_4835
GCA_013912465.1,CladeB,Pneumonia,Cluster_17,Cluster_4836
GCA_013912485.1,CladeB,Pneumonia,Cluster_55,Cluster_4837
GCA_013912495.1,CladeA,Pneumonia,Cluster_24,Cluster_4838
GCA_013912505.1,CladeA,Pneumonia,Cluster_284,Cluster_4839
GCA_013912515.1,CladeA,Pneumonia,Cluster_5,Cluster_4840
GCA_013912565.1,CladeA,Pneumonia,Cluster_9,Cluster_4841
GCA_013912575.1,CladeA,Pneumonia,Cluster_94,Cluster_4842
GCA_013912585.1,CladeA,Pneumonia,Cluster_9,Cluster_830
GCA_013912615.1,CladeA,Pneumonia,Cluster_26,Cluster_4843
GCA_013912625.1,CladeB,Pneumonia,Cluster_17,Cluster_4844
GCA_013912665.1,CladeA,Pneumonia,Cluster_9,Cluster_4845
GCA_013912685.1,CladeA,Pneumonia,Cluster_74,Cluster_4846
GCA_013912695.1,CladeA,Pneumonia,Cluster_5,Cluster_4847
GCA_013912715.1,CladeA,Pneumonia,Cluster_5,Cluster_4840
GCA_013912725.1,CladeA,Pneumonia,Cluster_10,Cluster_4848
GCA_013912765.1,CladeB,Pneumonia,Cluster_17,Cluster_4849
GCA_013912775.1,CladeB,Pneumonia,Cluster_11,Cluster_3489
GCA_013912795.1,CladeA,Pneumonia,Cluster_139,Cluster_4850
GCA_013912825.1,CladeA,Pneumonia,Cluster_473,Cluster_4851
GCA_013912835.1,CladeA,Pneumonia,Cluster_25,Cluster_4852
GCA_013912865.1,CladeA,Pneumonia,Cluster_474,Cluster_4853
GCA_013912885.1,CladeB,Pneumonia,Cluster_11,Cluster_4854
GCA_013912895.1,CladeB,Pneumonia,Cluster_12,Cluster_4855
GCA_013912925.1,CladeA,Pneumonia,Cluster_5,Cluster_4856
GCA_013912935.1,CladeA,Pneumonia,Cluster_475,Cluster_4857
GCA_013912965.1,CladeA,Pneumonia,Cluster_94,Cluster_4858
GCA_013912985.1,CladeA,Pneumonia,Cluster_40,Cluster_4859
GCA_013912995.1,CladeB,Pneumonia,Cluster_126,Cluster_4860
GCA_013913025.1,CladeB,Pneumonia,Cluster_64,Cluster_153
GCA_013913035.1,CladeA,Pneumonia,Cluster_10,Cluster_4861
GCA_013913045.1,CladeB,Pneumonia,Cluster_4,Cluster_4862
GCA_013913085.1,CladeA,Pneumonia,Cluster_2,Cluster_356
GCA_013913125.1,CladeB,Pneumonia,Cluster_17,Cluster_4863
GCA_013913145.1,CladeB,Pneumonia,Cluster_218,Cluster_1617
GCA_013913155.1,CladeB,Pneumonia,Cluster_16,Cluster_4864
GCA_013913185.1,CladeA,Pneumonia,Cluster_10,Cluster_4865
GCA_013913215.1,CladeA,Pneumonia,Cluster_40,Cluster_4866
GCA_013913255.1,CladeA,Pneumonia,Cluster_24,Cluster_4867
GCA_013913275.1,CladeA,Pneumonia,Cluster_10,Cluster_4868
GCA_013913295.1,CladeA,Pneumonia,Cluster_20,Cluster_4869
GCA_013913325.1,CladeB,Pneumonia,Cluster_11,Cluster_4870
GCA_013913335.1,CladeB,Pneumonia,Cluster_11,Cluster_4871
GCA_013913365.1,CladeA,Pneumonia,Cluster_9,Cluster_1132
GCA_013913375.1,CladeA,Pneumonia,Cluster_230,Cluster_4872
GCA_013913385.1,CladeA,Pneumonia,Cluster_9,Cluster_1132
GCA_013913425.1,CladeB,Pneumonia,Cluster_64,Cluster_153
GCA_013913435.1,CladeA,Pneumonia,Cluster_1,Cluster_4873
GCA_013913465.1,CladeA,Pneumonia,Cluster_9,Cluster_1132
GCA_013913485.1,CladeA,Pneumonia,Cluster_9,Cluster_4874
GCA_013913495.1,CladeA,Pneumonia,Cluster_9,Cluster_1132
GCA_013913545.1,CladeB,Pneumonia,Cluster_17,Cluster_781
GCA_014040775.1,CladeB,Pneumonia,Cluster_17,Cluster_4875
GCA_014040785.1,CladeA,Pneumonia,Cluster_96,Cluster_4876
GCA_014040795.1,CladeA,Pneumonia,Cluster_115,Cluster_4877
GCA_014040815.1,CladeB,Pneumonia,Cluster_145,Cluster_4878
GCA_014040825.1,CladeA,Pneumonia,Cluster_10,Cluster_4868
GCA_014040885.1,CladeB,Pneumonia,Cluster_17,Cluster_4879
GCA_014109785.1,CladeB,Lung,Cluster_12,Cluster_15
GCA_014217315.1,CladeB,Ear,Cluster_7,Cluster_4880
GCA_014235285.1,CladeA,Wound,Cluster_5,Cluster_4881
GCA_014235295.1,CladeA,Lung,Cluster_20,Cluster_4882
GCA_014235305.1,CladeB,Lung,Cluster_4,Cluster_4883
GCA_014235365.1,CladeA,Urinary,Cluster_60,Cluster_4884
GCA_014235375.1,CladeA,Lung,Cluster_60,Cluster_4884
GCA_014467035.1,CladeA,Upper.Respiratory,Cluster_362,Cluster_4885
GCA_014672935.1,CladeA,Eye,Cluster_34,Cluster_4886
GCA_014672955.1,CladeA,Eye,Cluster_26,Cluster_4887
GCA_014673145.1,CladeA,Eye,Cluster_26,Cluster_4887
GCA_014673185.1,CladeA,Eye,Cluster_2,Cluster_513
GCA_014673235.1,CladeA,Eye,Cluster_24,Cluster_4888
GCA_014673245.1,CladeB,Eye,Cluster_189,Cluster_4889
GCA_014775635.1,CladeB,Blood,Cluster_12,Cluster_4890
GCA_014854655.1,CladeA,Terrestrial,Cluster_251,Cluster_4891
GCA_014892595.1,CladeA,Plant,Cluster_20,Cluster_4892
GCA_015265655.1,CladeA,Blood,Cluster_22,Cluster_4893
GCA_015265725.1,CladeB,Blood,Cluster_476,Cluster_4894
GCA_015317565.1,CladeB,Urinary,Cluster_11,Cluster_4895
GCA_015317705.1,CladeB,Urinary,Cluster_11,Cluster_4895
GCA_015666355.1,CladeA,Blood,Cluster_167,Cluster_4896
GCA_015680075.1,CladeA,Animal,Cluster_125,Cluster_4897
GCA_015680105.1,CladeA,Animal,Cluster_125,Cluster_4897
GCA_015680725.1,CladeA,Animal,Cluster_15,Cluster_4898
GCA_015697465.1,CladeA,Urinary,Cluster_24,Cluster_4899
GCA_015697605.1,CladeA,Urinary,Cluster_147,Cluster_4900
GCA_015697645.1,CladeB,Urinary,Cluster_11,Cluster_4901
GCA_015697665.1,CladeA,Urinary,Cluster_1,Cluster_4902
GCA_015732085.1,CladeA,Urinary,Cluster_36,Cluster_4903
GCA_015732095.1,CladeB,Urinary,Cluster_52,Cluster_4904
GCA_015732105.1,CladeB,Urinary,Cluster_52,Cluster_4905
GCA_015732785.1,CladeA,Wound,Cluster_75,Cluster_4906
GCA_015732795.1,CladeC,Sputum,Cluster_6,Cluster_4907
GCA_015732825.1,CladeA,Sputum,Cluster_125,Cluster_4908
GCA_015732835.1,CladeA,Blood,Cluster_477,Cluster_4909
GCA_015732845.1,CladeA,Sputum,Cluster_125,Cluster_4910
GCA_015732855.1,CladeA,Sputum,Cluster_60,Cluster_4911
GCA_015732905.1,CladeA,Sputum,Cluster_10,Cluster_4912
GCA_015732915.1,CladeA,Lung,Cluster_60,Cluster_4913
GCA_015732925.1,CladeA,Wound,Cluster_65,Cluster_4914
GCA_015732935.1,CladeB,Sputum,Cluster_126,Cluster_4915
GCA_015732985.1,CladeB,Sputum,Cluster_52,Cluster_4916
GCA_015732995.1,CladeA,Urinary,Cluster_26,Cluster_4917
GCA_015733025.1,CladeA,Lung,Cluster_2,Cluster_4918
GCA_015733055.1,CladeA,Blood,Cluster_66,Cluster_4919
GCA_015733065.1,CladeA,Sputum,Cluster_2,Cluster_4920
GCA_015733095.1,CladeA,Wound,Cluster_149,Cluster_4921
GCA_015733105.1,CladeA,Wound,Cluster_5,Cluster_4922
GCA_015733145.1,CladeA,Sputum,Cluster_9,Cluster_4923
GCA_015733155.1,CladeA,Urinary,Cluster_5,Cluster_4924
GCA_015733185.1,CladeB,Sputum,Cluster_17,Cluster_4925
GCA_015733205.1,CladeB,Sputum,Cluster_114,Cluster_4926
GCA_015733235.1,CladeA,Urinary,Cluster_56,Cluster_4927
GCA_015733265.1,CladeA,Urinary,Cluster_82,Cluster_4928
GCA_015733275.1,CladeA,Lung,Cluster_9,Cluster_4929
GCA_015733295.1,CladeA,Sputum,Cluster_5,Cluster_4930
GCA_015733345.1,CladeA,Urinary,Cluster_282,Cluster_4931
GCA_015733355.1,CladeA,Sputum,Cluster_5,Cluster_4932
GCA_015733375.1,CladeA,Sputum,Cluster_10,Cluster_4933
GCA_015733405.1,CladeA,Sputum,Cluster_5,Cluster_4934
GCA_015733415.1,CladeA,Wound,Cluster_58,Cluster_4935
GCA_015733425.1,CladeA,Urinary,Cluster_2,Cluster_4936
GCA_015733475.1,CladeB,Blood,Cluster_17,Cluster_4937
GCA_015733505.1,CladeB,Blood,Cluster_17,Cluster_4938
GCA_015733525.1,CladeC,Sputum,Cluster_250,Cluster_4939
GCA_015733535.1,CladeB,Sputum,Cluster_52,Cluster_4940
GCA_015733565.1,CladeA,Urinary,Cluster_56,Cluster_4941
GCA_015733575.1,CladeA,Blood,Cluster_103,Cluster_4942
GCA_015733615.1,CladeA,Sputum,Cluster_170,Cluster_4943
GCA_015733645.1,CladeA,Urinary,Cluster_230,Cluster_4944
GCA_015733655.1,CladeA,Sputum,Cluster_478,Cluster_4945
GCA_015733685.1,CladeA,Sputum,Cluster_40,Cluster_4946
GCA_015733695.1,CladeB,Sputum,Cluster_288,Cluster_4947
GCA_015733705.1,CladeB,Sputum,Cluster_288,Cluster_4948
GCA_015733745.1,CladeA,Urinary,Cluster_20,Cluster_4949
GCA_015733765.1,CladeB,Sputum,Cluster_17,Cluster_4950
GCA_015733785.1,CladeA,Wound,Cluster_148,Cluster_4951
GCA_015733805.1,CladeA,Urinary,Cluster_230,Cluster_4952
GCA_015733815.1,CladeA,Wound,Cluster_40,Cluster_4953
GCA_015733825.1,CladeA,Wound,Cluster_242,Cluster_4954
GCA_015733865.1,CladeA,Sputum,Cluster_24,Cluster_4955
GCA_015733875.1,CladeC,Sputum,Cluster_6,Cluster_4956
GCA_015733895.1,CladeA,Sputum,Cluster_20,Cluster_4957
GCA_015733925.1,CladeA,Urinary,Cluster_14,Cluster_4958
GCA_015733935.1,CladeA,Sputum,Cluster_54,Cluster_4959
GCA_015733945.1,CladeA,Sputum,Cluster_54,Cluster_4960
GCA_015733985.1,CladeA,Sputum,Cluster_479,Cluster_4961
GCA_015734005.1,CladeA,Lung,Cluster_2,Cluster_4962
GCA_015734035.1,CladeA,Blood,Cluster_103,Cluster_4963
GCA_015734065.1,CladeA,Wound,Cluster_20,Cluster_4964
GCA_015734075.1,CladeA,Sputum,Cluster_77,Cluster_4965
GCA_015734105.1,CladeA,Urinary,Cluster_5,Cluster_4966
GCA_015734115.1,CladeB,Sputum,Cluster_151,Cluster_4967
GCA_015734145.1,CladeC,Sputum,Cluster_6,Cluster_4968
GCA_015734155.1,CladeB,Sputum,Cluster_151,Cluster_4969
GCA_015734195.1,CladeA,Sputum,Cluster_43,Cluster_4970
GCA_015734215.1,CladeA,Sputum,Cluster_24,Cluster_4971
GCA_015734325.1,CladeA,Sputum,Cluster_415,Cluster_4972
GCA_015734355.1,CladeA,Wound,Cluster_43,Cluster_4973
GCA_015734375.1,CladeA,Urinary,Cluster_66,Cluster_4974
GCA_015734395.1,CladeA,Sputum,Cluster_94,Cluster_4975
GCA_015734485.1,CladeA,Urinary,Cluster_53,Cluster_4976
GCA_015734565.1,CladeB,Urinary,Cluster_114,Cluster_4977
GCA_015734625.1,CladeA,Sputum,Cluster_2,Cluster_4978
GCA_015734695.1,CladeA,Urinary,Cluster_480,Cluster_4979
GCA_015734705.1,CladeA,Sputum,Cluster_10,Cluster_4980
GCA_015734995.1,CladeA,Urinary,Cluster_65,Cluster_4981
GCA_015735005.1,CladeA,Sputum,Cluster_43,Cluster_4771
GCA_015735075.1,CladeB,Sputum,Cluster_55,Cluster_4982
GCA_015735205.1,CladeA,Sputum,Cluster_24,Cluster_4983
GCA_015735345.1,CladeA,Urinary,Cluster_116,Cluster_4984
GCA_015735355.1,CladeB,Wound,Cluster_11,Cluster_4985
GCA_015735495.1,CladeB,Wound,Cluster_17,Cluster_4986
GCA_015735695.1,CladeA,Sputum,Cluster_20,Cluster_4987
GCA_015735785.1,CladeA,Urinary,Cluster_242,Cluster_4988
GCA_015735805.1,CladeA,Sputum,Cluster_66,Cluster_4989
GCA_015735965.1,CladeA,Urinary,Cluster_252,Cluster_4990
GCA_015735985.1,CladeA,Sputum,Cluster_303,Cluster_4991
GCA_015735995.1,CladeA,Blood,Cluster_60,Cluster_4992
GCA_015736035.1,CladeA,Sputum,Cluster_10,Cluster_4993
GCA_015736045.1,CladeA,Wound,Cluster_66,Cluster_4994
GCA_015736085.1,CladeA,Wound,Cluster_211,Cluster_4995
GCA_015736105.1,CladeA,Urinary,Cluster_5,Cluster_4996
GCA_015736145.1,CladeA,Urinary,Cluster_110,Cluster_4997
GCA_015736205.1,CladeA,Urinary,Cluster_481,Cluster_4998
GCA_015736225.1,CladeB,Urinary,Cluster_114,Cluster_3324
GCA_015736235.1,CladeB,Sputum,Cluster_17,Cluster_4999
GCA_015736245.1,CladeB,Urinary,Cluster_17,Cluster_5000
GCA_015736305.1,CladeB,Sputum,Cluster_64,Cluster_5001
GCA_015736315.1,CladeA,Sputum,Cluster_116,Cluster_5002
GCA_015736345.1,CladeA,Urinary,Cluster_252,Cluster_5003
GCA_015736365.1,CladeA,Sputum,Cluster_5,Cluster_5004
GCA_015736425.1,CladeB,Urinary,Cluster_126,Cluster_386
GCA_015736465.1,CladeA,Urinary,Cluster_398,Cluster_5005
GCA_015736475.1,CladeA,Wound,Cluster_60,Cluster_5006
GCA_015736485.1,CladeA,Sputum,Cluster_61,Cluster_5007
GCA_015736545.1,CladeA,Sputum,Cluster_61,Cluster_5008
GCA_015736565.1,CladeA,Sputum,Cluster_61,Cluster_5009
GCA_015736605.1,CladeA,Blood,Cluster_24,Cluster_5010
GCA_015736625.1,CladeA,Urinary,Cluster_128,Cluster_5011
GCA_015736685.1,CladeA,Urinary,Cluster_10,Cluster_5012
GCA_015736695.1,CladeA,Sputum,Cluster_10,Cluster_5013
GCA_015736705.1,CladeB,Urinary,Cluster_17,Cluster_5014
GCA_015736755.1,CladeA,Wound,Cluster_5,Cluster_5015
GCA_015736765.1,CladeA,Wound,Cluster_60,Cluster_5016
GCA_015736825.1,CladeA,Blood,Cluster_20,Cluster_5017
GCA_015736855.1,CladeA,Sputum,Cluster_43,Cluster_5018
GCA_015736885.1,CladeA,Sputum,Cluster_43,Cluster_5019
GCA_015736895.1,CladeA,Urinary,Cluster_30,Cluster_5020
GCA_015736905.1,CladeB,Wound,Cluster_11,Cluster_5021
GCA_015736945.1,CladeA,Urinary,Cluster_24,Cluster_5022
GCA_015737065.1,CladeB,Sputum,Cluster_64,Cluster_5023
GCA_015737075.1,CladeA,Urinary,Cluster_5,Cluster_5024
GCA_015737115.1,CladeA,Sputum,Cluster_2,Cluster_5025
GCA_015737145.1,CladeB,Sputum,Cluster_4,Cluster_5026
GCA_015737165.1,CladeA,Wound,Cluster_386,Cluster_5027
GCA_015737175.1,CladeB,Urinary,Cluster_64,Cluster_153
GCA_015737225.1,CladeB,Urinary,Cluster_17,Cluster_5028
GCA_015737235.1,CladeA,Urinary,Cluster_306,Cluster_5029
GCA_015737265.1,CladeA,Sputum,Cluster_94,Cluster_5030
GCA_015737275.1,CladeA,Sputum,Cluster_147,Cluster_5031
GCA_015737285.1,CladeA,Lung,Cluster_24,Cluster_5032
GCA_015737345.1,CladeA,Sputum,Cluster_9,Cluster_5033
GCA_015737365.1,CladeA,Sputum,Cluster_92,Cluster_5034
GCA_015737385.1,CladeA,Sputum,Cluster_92,Cluster_5034
GCA_015737395.1,CladeA,Wound,Cluster_66,Cluster_4989
GCA_015737425.1,CladeA,Sputum,Cluster_92,Cluster_5034
GCA_015737455.1,CladeA,Wound,Cluster_1,Cluster_5035
GCA_015737485.1,CladeB,Blood,Cluster_114,Cluster_5036
GCA_015737505.1,CladeA,Wound,Cluster_136,Cluster_5037
GCA_015737515.1,CladeA,Urinary,Cluster_30,Cluster_94
GCA_015737545.1,CladeB,Wound,Cluster_11,Cluster_5038
GCA_015737565.1,CladeB,Urinary,Cluster_64,Cluster_153
GCA_015737585.1,CladeA,Sputum,Cluster_24,Cluster_5032
GCA_015737605.1,CladeB,Sputum,Cluster_17,Cluster_5039
GCA_015737645.1,CladeA,Wound,Cluster_396,Cluster_5040
GCA_015737655.1,CladeA,Urinary,Cluster_10,Cluster_5041
GCA_015737685.1,CladeA,Urinary,Cluster_117,Cluster_5042
GCA_015737705.1,CladeA,Sputum,Cluster_40,Cluster_5043
GCA_015737715.1,CladeA,Wound,Cluster_43,Cluster_5044
GCA_015737745.1,CladeA,Sputum,Cluster_5,Cluster_5045
GCA_015737755.1,CladeA,Sputum,Cluster_9,Cluster_5033
GCA_015737785.1,CladeA,Blood,Cluster_65,Cluster_4981
GCA_015737795.1,CladeA,Sputum,Cluster_229,Cluster_5046
GCA_015737815.1,CladeB,Urinary,Cluster_55,Cluster_121
GCA_015737835.1,CladeA,Urinary,Cluster_344,Cluster_5047
GCA_015737845.1,CladeA,Blood,Cluster_43,Cluster_5048
GCA_015737885.1,CladeA,Sputum,Cluster_2,Cluster_356
GCA_015737915.1,CladeA,Sputum,Cluster_24,Cluster_5049
GCA_015737945.1,CladeA,Sputum,Cluster_136,Cluster_5050
GCA_015737975.1,CladeA,Sputum,Cluster_229,Cluster_5046
GCA_015737985.1,CladeA,Urinary,Cluster_60,Cluster_184
GCA_015738035.1,CladeA,Wound,Cluster_60,Cluster_1129
GCA_015738055.1,CladeA,Urinary,Cluster_30,Cluster_5051
GCA_015738085.1,CladeA,Urinary,Cluster_5,Cluster_5052
GCA_015738095.1,CladeA,Urinary,Cluster_10,Cluster_5053
GCA_015738115.1,CladeA,Urinary,Cluster_5,Cluster_5054
GCA_015738165.1,CladeA,Urinary,Cluster_1,Cluster_5055
GCA_015738195.1,CladeB,Wound,Cluster_11,Cluster_5056
GCA_015738205.1,CladeA,Urinary,Cluster_24,Cluster_5057
GCA_015738245.1,CladeB,Wound,Cluster_151,Cluster_5058
GCA_015738275.1,CladeB,Urinary,Cluster_11,Cluster_5059
GCA_015738305.1,CladeA,Wound,Cluster_20,Cluster_5060
GCA_015738325.1,CladeA,Urinary,Cluster_20,Cluster_5061
GCA_015738345.1,CladeA,Urinary,Cluster_5,Cluster_4996
GCA_015738385.1,CladeC,Sputum,Cluster_250,Cluster_5062
GCA_015738405.1,CladeA,Urinary,Cluster_5,Cluster_4996
GCA_015738435.1,CladeA,Sputum,Cluster_2,Cluster_5063
GCA_015738465.1,CladeA,Sputum,Cluster_482,Cluster_5064
GCA_015738485.1,CladeA,Urinary,Cluster_43,Cluster_5065
GCA_015738515.1,CladeA,Sputum,Cluster_116,Cluster_5066
GCA_015738535.1,CladeB,Urinary,Cluster_12,Cluster_5067
GCA_015738545.1,CladeA,Urinary,Cluster_252,Cluster_4990
GCA_015738625.1,CladeA,Sputum,Cluster_239,Cluster_5068
GCA_015738675.1,CladeB,Sputum,Cluster_64,Cluster_153
GCA_015738705.1,CladeB,Wound,Cluster_11,Cluster_5069
GCA_015738725.1,CladeA,Urinary,Cluster_60,Cluster_5070
GCA_015738735.1,CladeA,Wound,Cluster_477,Cluster_5071
GCA_015738755.1,CladeA,Wound,Cluster_35,Cluster_5072
GCA_015738775.1,CladeA,Urinary,Cluster_96,Cluster_5073
GCA_015738795.1,CladeA,Urinary,Cluster_10,Cluster_5074
GCA_015738825.1,CladeA,Sputum,Cluster_136,Cluster_5050
GCA_015738835.1,CladeC,Sputum,Cluster_483,Cluster_5075
GCA_015738845.1,CladeA,Sputum,Cluster_40,Cluster_5076
GCA_015738855.1,CladeA,Wound,Cluster_103,Cluster_5077
GCA_015738875.1,CladeA,Sputum,Cluster_40,Cluster_5078
GCA_015738925.1,CladeA,Sputum,Cluster_2,Cluster_356
GCA_015738945.1,CladeA,Sputum,Cluster_2,Cluster_356
GCA_015738975.1,CladeA,Urinary,Cluster_24,Cluster_5079
GCA_015739025.1,CladeA,Urinary,Cluster_246,Cluster_5080
GCA_015739035.1,CladeA,Sputum,Cluster_10,Cluster_5081
GCA_015739045.1,CladeA,Sputum,Cluster_115,Cluster_5082
GCA_015739075.1,CladeA,Sputum,Cluster_289,Cluster_3343
GCA_015739125.1,CladeA,Urinary,Cluster_3,Cluster_5083
GCA_015739135.1,CladeB,Sputum,Cluster_52,Cluster_5084
GCA_015739155.1,CladeA,Urinary,Cluster_203,Cluster_5085
GCA_015739165.1,CladeA,Urinary,Cluster_9,Cluster_5086
GCA_015739225.1,CladeB,Wound,Cluster_114,Cluster_5087
GCA_015739235.1,CladeA,Wound,Cluster_175,Cluster_5088
GCA_015739245.1,CladeA,Wound,Cluster_484,Cluster_5089
GCA_015739265.1,CladeB,Sputum,Cluster_17,Cluster_5090
GCA_015739325.1,CladeA,Blood,Cluster_50,Cluster_5091
GCA_015739365.1,CladeA,Blood,Cluster_53,Cluster_5092
GCA_015762805.1,CladeA,Sputum,Cluster_24,Cluster_5093
GCA_015762925.1,CladeA,Blood,Cluster_141,Cluster_5094
GCA_015762955.1,CladeA,Sputum,Cluster_56,Cluster_5095
GCA_015763045.1,CladeA,Urinary,Cluster_211,Cluster_5096
GCA_015763105.1,CladeA,Wound,Cluster_36,Cluster_5097
GCA_015763155.1,CladeA,Urinary,Cluster_116,Cluster_5098
GCA_015763185.1,CladeA,Sputum,Cluster_46,Cluster_2500
GCA_015763205.1,CladeA,Urinary,Cluster_10,Cluster_5099
GCA_015763225.1,CladeA,Urinary,Cluster_26,Cluster_5100
GCA_015763245.1,CladeA,Wound,Cluster_60,Cluster_5101
GCA_015763265.1,CladeA,Sputum,Cluster_24,Cluster_5102
GCA_015763285.1,CladeA,Urinary,Cluster_230,Cluster_5103
GCA_015763305.1,CladeA,Sputum,Cluster_24,Cluster_5104
GCA_015763325.1,CladeA,Sputum,Cluster_10,Cluster_948
GCA_015763335.1,CladeA,Sputum,Cluster_82,Cluster_5105
GCA_015763365.1,CladeA,Sputum,Cluster_183,Cluster_5106
GCA_015763375.1,CladeA,Sputum,Cluster_10,Cluster_5107
GCA_015763385.1,CladeB,Sputum,Cluster_151,Cluster_5108
GCA_015763425.1,CladeB,Sputum,Cluster_151,Cluster_5109
GCA_015763465.1,CladeA,Urinary,Cluster_58,Cluster_5110
GCA_015763485.1,CladeA,Urinary,Cluster_5,Cluster_5111
GCA_015763495.1,CladeA,Sputum,Cluster_2,Cluster_5112
GCA_015763545.1,CladeA,Urinary,Cluster_9,Cluster_5113
GCA_015763575.1,CladeA,Lung,Cluster_2,Cluster_5114
GCA_015763605.1,CladeA,Sputum,Cluster_10,Cluster_5115
GCA_015763645.1,CladeA,Urinary,Cluster_9,Cluster_5116
GCA_015763655.1,CladeA,Sputum,Cluster_5,Cluster_5117
GCA_015763685.1,CladeA,Sputum,Cluster_482,Cluster_5118
GCA_015763705.1,CladeA,Wound,Cluster_24,Cluster_5119
GCA_015763725.1,CladeA,Sputum,Cluster_485,Cluster_5120
GCA_015763735.1,CladeA,Wound,Cluster_242,Cluster_5121
GCA_015763765.1,CladeA,Wound,Cluster_40,Cluster_5122
GCA_015763775.1,CladeA,Blood,Cluster_375,Cluster_5123
GCA_015763845.1,CladeA,Sputum,Cluster_10,Cluster_5124
GCA_015764145.1,CladeB,Wound,Cluster_17,Cluster_5125
GCA_015764345.1,CladeA,Wound,Cluster_24,Cluster_5032
GCA_015764375.1,CladeB,Urinary,Cluster_17,Cluster_5126
GCA_015764435.1,CladeA,Urinary,Cluster_5,Cluster_5127
GCA_015764445.1,CladeA,Sputum,Cluster_60,Cluster_5128
GCA_015764485.1,CladeA,Sputum,Cluster_5,Cluster_5129
GCA_015764505.1,CladeB,Urinary,Cluster_17,Cluster_5130
GCA_015764555.1,CladeA,Sputum,Cluster_35,Cluster_5131
GCA_015764605.1,CladeB,Urinary,Cluster_64,Cluster_5132
GCA_015764615.1,CladeA,Sputum,Cluster_486,Cluster_5133
GCA_015764655.1,CladeA,Urinary,Cluster_10,Cluster_5134
GCA_015764665.1,CladeB,Wound,Cluster_52,Cluster_5135
GCA_015764705.1,CladeA,Wound,Cluster_25,Cluster_5136
GCA_015764725.1,CladeB,Wound,Cluster_17,Cluster_5137
GCA_015764735.1,CladeA,Sputum,Cluster_60,Cluster_5138
GCA_015764755.1,CladeA,Urinary,Cluster_43,Cluster_5139
GCA_015764775.1,CladeA,Sputum,Cluster_103,Cluster_5140
GCA_015764815.1,CladeA,Sputum,Cluster_5,Cluster_5141
GCA_015764855.1,CladeA,Sputum,Cluster_43,Cluster_5142
GCA_015764885.1,CladeA,Blood,Cluster_10,Cluster_5143
GCA_015764905.1,CladeA,Urinary,Cluster_252,Cluster_5144
GCA_015764925.1,CladeA,Urinary,Cluster_70,Cluster_5145
GCA_015764935.1,CladeA,Sputum,Cluster_36,Cluster_5146
GCA_015764965.1,CladeA,Sputum,Cluster_153,Cluster_5147
GCA_015764985.1,CladeA,Sputum,Cluster_153,Cluster_5148
GCA_015764995.1,CladeA,Wound,Cluster_58,Cluster_5149
GCA_015765005.1,CladeA,Blood,Cluster_103,Cluster_5150
GCA_015765055.1,CladeA,Sputum,Cluster_2,Cluster_5151
GCA_015765075.1,CladeA,Wound,Cluster_50,Cluster_5152
GCA_015765115.1,CladeA,Sputum,Cluster_43,Cluster_5153
GCA_015765145.1,CladeA,Sputum,Cluster_2,Cluster_5154
GCA_015765155.1,CladeB,Sputum,Cluster_11,Cluster_5155
GCA_015765185.1,CladeB,Wound,Cluster_17,Cluster_5156
GCA_015765195.1,CladeA,Sputum,Cluster_415,Cluster_5157
GCA_015765225.1,CladeA,Blood,Cluster_25,Cluster_5158
GCA_015765245.1,CladeB,Sputum,Cluster_52,Cluster_5159
GCA_015765265.1,CladeC,Sputum,Cluster_487,Cluster_5160
GCA_015765285.1,CladeA,Sputum,Cluster_43,Cluster_5161
GCA_015765295.1,CladeB,Urinary,Cluster_57,Cluster_5162
GCA_015765325.1,CladeC,Sputum,Cluster_487,Cluster_5163
GCA_015765345.1,CladeA,Wound,Cluster_60,Cluster_5164
GCA_015765385.1,CladeA,Urinary,Cluster_488,Cluster_5165
GCA_015765395.1,CladeA,Blood,Cluster_10,Cluster_5166
GCA_015765405.1,CladeB,Urinary,Cluster_176,Cluster_5167
GCA_015765425.1,CladeA,Urinary,Cluster_58,Cluster_5168
GCA_015765435.1,CladeA,Blood,Cluster_480,Cluster_5169
GCA_015765485.1,CladeA,Sputum,Cluster_2,Cluster_5170
GCA_015765515.1,CladeA,Lung,Cluster_68,Cluster_5171
GCA_015765535.1,CladeA,Sputum,Cluster_136,Cluster_5172
GCA_015765565.1,CladeA,Sputum,Cluster_116,Cluster_5173
GCA_015765585.1,CladeA,Wound,Cluster_489,Cluster_5174
GCA_015765595.1,CladeA,Urinary,Cluster_5,Cluster_5175
GCA_015765605.1,CladeA,Urinary,Cluster_252,Cluster_5176
GCA_015765645.1,CladeA,Urinary,Cluster_5,Cluster_5177
GCA_015765665.1,CladeA,Sputum,Cluster_10,Cluster_5178
GCA_015765675.1,CladeA,Urinary,Cluster_252,Cluster_5179
GCA_015765685.1,CladeA,Sputum,Cluster_43,Cluster_5180
GCA_015765695.1,CladeA,Sputum,Cluster_175,Cluster_5181
GCA_015765745.1,CladeB,Wound,Cluster_76,Cluster_5182
GCA_015765755.1,CladeA,Blood,Cluster_10,Cluster_5183
GCA_015765785.1,CladeA,Urinary,Cluster_490,Cluster_5184
GCA_015765805.1,CladeA,Wound,Cluster_13,Cluster_5185
GCA_015765815.1,CladeA,Wound,Cluster_82,Cluster_5186
GCA_015765825.1,CladeB,Urinary,Cluster_311,Cluster_5187
GCA_015765865.1,CladeA,Sputum,Cluster_393,Cluster_5188
GCA_015765885.1,CladeA,Urinary,Cluster_60,Cluster_5189
GCA_015765895.1,CladeB,Urinary,Cluster_76,Cluster_5190
GCA_015765925.1,CladeA,Sputum,Cluster_10,Cluster_5191
GCA_015765945.1,CladeB,Sputum,Cluster_52,Cluster_5192
GCA_015765955.1,CladeA,Wound,Cluster_10,Cluster_5193
GCA_015765995.1,CladeA,Sputum,Cluster_10,Cluster_5194
GCA_015766045.1,CladeB,Urinary,Cluster_64,Cluster_153
GCA_015766055.1,CladeA,Urinary,Cluster_202,Cluster_5195
GCA_015766085.1,CladeA,Urinary,Cluster_491,Cluster_5196
GCA_015766105.1,CladeB,Sputum,Cluster_64,Cluster_5197
GCA_015766125.1,CladeA,Wound,Cluster_10,Cluster_5198
GCA_015766145.1,CladeA,Sputum,Cluster_99,Cluster_5199
GCA_015766165.1,CladeA,Sputum,Cluster_2,Cluster_1080
GCA_015766175.1,CladeB,Blood,Cluster_11,Cluster_5200
GCA_015766215.1,CladeA,Sputum,Cluster_2,Cluster_5201
GCA_015766255.1,CladeB,Blood,Cluster_57,Cluster_5202
GCA_015766285.1,CladeA,Blood,Cluster_20,Cluster_5203
GCA_015766325.1,CladeA,Sputum,Cluster_25,Cluster_5204
GCA_015766345.1,CladeA,Urinary,Cluster_252,Cluster_5205
GCA_015766385.1,CladeA,Sputum,Cluster_40,Cluster_5206
GCA_015766405.1,CladeA,Sputum,Cluster_153,Cluster_5207
GCA_015766415.1,CladeA,Lung,Cluster_43,Cluster_5208
GCA_015766425.1,CladeC,Sputum,Cluster_487,Cluster_5209
GCA_015766465.1,CladeA,Lung,Cluster_20,Cluster_5210
GCA_015766485.1,CladeB,Sputum,Cluster_11,Cluster_5211
GCA_015766505.1,CladeA,Wound,Cluster_492,Cluster_5212
GCA_015766525.1,CladeA,Urinary,Cluster_490,Cluster_5213
GCA_015766545.1,CladeA,Sputum,Cluster_50,Cluster_5214
GCA_015766555.1,CladeB,Blood,Cluster_52,Cluster_5215
GCA_015766585.1,CladeB,Lung,Cluster_55,Cluster_5216
GCA_015766605.1,CladeA,Sputum,Cluster_24,Cluster_5217
GCA_015766665.1,CladeA,Wound,Cluster_229,Cluster_5218
GCA_015766675.1,CladeA,Urinary,Cluster_96,Cluster_5219
GCA_015766705.1,CladeA,Sputum,Cluster_20,Cluster_5220
GCA_015766715.1,CladeA,Urinary,Cluster_393,Cluster_5221
GCA_015766725.1,CladeB,Urinary,Cluster_151,Cluster_5222
GCA_015766735.1,CladeA,Sputum,Cluster_43,Cluster_5223
GCA_015766785.1,CladeA,Sputum,Cluster_117,Cluster_5224
GCA_015766805.1,CladeA,Sputum,Cluster_10,Cluster_5225
GCA_015766875.1,CladeA,Urinary,Cluster_340,Cluster_5226
GCA_015766905.1,CladeA,Wound,Cluster_66,Cluster_5227
GCA_015766915.1,CladeB,Sputum,Cluster_17,Cluster_5228
GCA_015766945.1,CladeA,Lung,Cluster_10,Cluster_5229
GCA_015766965.1,CladeA,Urinary,Cluster_117,Cluster_5230
GCA_015767025.1,CladeA,Urinary,Cluster_53,Cluster_5231
GCA_015767045.1,CladeA,Sputum,Cluster_153,Cluster_5232
GCA_015767065.1,CladeA,Sputum,Cluster_1,Cluster_5233
GCA_015767075.1,CladeA,Urinary,Cluster_5,Cluster_5234
GCA_015767095.1,CladeB,Urinary,Cluster_151,Cluster_5235
GCA_015767115.1,CladeA,Sputum,Cluster_60,Cluster_5236
GCA_015767145.1,CladeA,Sputum,Cluster_153,Cluster_5237
GCA_015767155.1,CladeA,Sputum,Cluster_10,Cluster_5238
GCA_016009405.1,CladeA,Sputum,Cluster_60,Cluster_5239
GCA_016009425.1,CladeA,Urinary,Cluster_103,Cluster_5240
GCA_016009535.1,CladeB,Urinary,Cluster_7,Cluster_5241
GCA_016009675.1,CladeA,Sputum,Cluster_1,Cluster_5242
GCA_016009695.1,CladeA,Wound,Cluster_94,Cluster_5243
GCA_016009715.1,CladeA,Sputum,Cluster_10,Cluster_5244
GCA_016009735.1,CladeA,Urinary,Cluster_10,Cluster_619
GCA_016009745.1,CladeA,Wound,Cluster_20,Cluster_5245
GCA_016009775.1,CladeA,Sputum,Cluster_60,Cluster_1075
GCA_016009795.1,CladeA,Blood,Cluster_66,Cluster_5246
GCA_016009815.1,CladeC,Urinary,Cluster_250,Cluster_5247
GCA_016009845.1,CladeB,Sputum,Cluster_114,Cluster_5248
GCA_016009875.1,CladeA,Wound,Cluster_54,Cluster_5249
GCA_016009895.1,CladeA,Wound,Cluster_116,Cluster_5250
GCA_016009915.1,CladeA,Urinary,Cluster_5,Cluster_5251
GCA_016009935.1,CladeA,Sputum,Cluster_60,Cluster_5252
GCA_016009975.1,CladeA,Blood,Cluster_50,Cluster_5253
GCA_016009985.1,CladeA,Urinary,Cluster_5,Cluster_5254
GCA_016009995.1,CladeA,Urinary,Cluster_94,Cluster_5255
GCA_016010035.1,CladeA,Sputum,Cluster_2,Cluster_356
GCA_016010055.1,CladeA,Wound,Cluster_240,Cluster_5256
GCA_016010075.1,CladeA,Wound,Cluster_10,Cluster_5257
GCA_016010095.1,CladeA,Sputum,Cluster_60,Cluster_1075
GCA_016010115.1,CladeA,Wound,Cluster_5,Cluster_5254
GCA_016010135.1,CladeB,Sputum,Cluster_260,Cluster_3516
GCA_016010175.1,CladeB,Sputum,Cluster_126,Cluster_5258
GCA_016010195.1,CladeB,Sputum,Cluster_17,Cluster_5259
GCA_016010215.1,CladeB,Sputum,Cluster_17,Cluster_5260
GCA_016010255.1,CladeA,Sputum,Cluster_24,Cluster_5261
GCA_016010275.1,CladeA,Wound,Cluster_233,Cluster_5262
GCA_016010295.1,CladeA,Blood,Cluster_252,Cluster_4990
GCA_016010335.1,CladeB,Urinary,Cluster_7,Cluster_5263
GCA_016010355.1,CladeA,Urinary,Cluster_147,Cluster_5264
GCA_016010375.1,CladeA,Urinary,Cluster_5,Cluster_5265
GCA_016010395.1,CladeA,Wound,Cluster_233,Cluster_5262
GCA_016010415.1,CladeB,Urinary,Cluster_126,Cluster_5266
GCA_016010435.1,CladeA,Sputum,Cluster_2,Cluster_5267
GCA_016010475.1,CladeA,Lung,Cluster_30,Cluster_5268
GCA_016010495.1,CladeA,Sputum,Cluster_493,Cluster_5269
GCA_016010515.1,CladeA,Sputum,Cluster_43,Cluster_5270
GCA_016010535.1,CladeB,Urinary,Cluster_11,Cluster_5271
GCA_016010555.1,CladeA,Sputum,Cluster_2,Cluster_5272
GCA_016010575.1,CladeA,Urinary,Cluster_1,Cluster_5242
GCA_016010595.1,CladeA,Sputum,Cluster_58,Cluster_5273
GCA_016010615.1,CladeB,Urinary,Cluster_126,Cluster_5274
GCA_016010635.1,CladeA,Sputum,Cluster_60,Cluster_1075
GCA_016010655.1,CladeA,Sputum,Cluster_60,Cluster_1075
GCA_016010675.1,CladeA,Urinary,Cluster_234,Cluster_5275
GCA_016010695.1,CladeB,Sputum,Cluster_17,Cluster_5276
GCA_016010715.1,CladeA,Wound,Cluster_26,Cluster_5277
GCA_016010735.1,CladeA,Wound,Cluster_40,Cluster_5278
GCA_016010755.1,CladeA,Blood,Cluster_60,Cluster_5279
GCA_016010815.1,CladeB,Urinary,Cluster_17,Cluster_5280
GCA_016010855.1,CladeA,Wound,Cluster_230,Cluster_5281
GCA_016010875.1,CladeA,Sputum,Cluster_5,Cluster_5282
GCA_016010895.1,CladeA,Wound,Cluster_229,Cluster_5283
GCA_016010915.1,CladeA,Sputum,Cluster_242,Cluster_5284
GCA_016010935.1,CladeA,Wound,Cluster_230,Cluster_5285
GCA_016010955.1,CladeA,Wound,Cluster_40,Cluster_5286
GCA_016010975.1,CladeA,Sputum,Cluster_58,Cluster_5287
GCA_016010995.1,CladeA,Sputum,Cluster_37,Cluster_5288
GCA_016011005.1,CladeA,Sputum,Cluster_175,Cluster_5289
GCA_016011055.1,CladeA,Sputum,Cluster_175,Cluster_4769
GCA_016011075.1,CladeA,Sputum,Cluster_224,Cluster_5290
GCA_016011095.1,CladeA,Sputum,Cluster_224,Cluster_5290
GCA_016011115.1,CladeB,Sputum,Cluster_374,Cluster_5291
GCA_016011155.1,CladeA,Sputum,Cluster_10,Cluster_5292
GCA_016011175.1,CladeA,Sputum,Cluster_24,Cluster_2453
GCA_016011215.1,CladeA,Sputum,Cluster_87,Cluster_5293
GCA_016011255.1,CladeA,Urinary,Cluster_5,Cluster_5294
GCA_016011275.1,CladeB,Sputum,Cluster_52,Cluster_5295
GCA_016011295.1,CladeA,Sputum,Cluster_10,Cluster_5296
GCA_016011315.1,CladeB,Wound,Cluster_84,Cluster_5297
GCA_016011335.1,CladeA,Wound,Cluster_92,Cluster_5298
GCA_016011355.1,CladeB,Sputum,Cluster_114,Cluster_5299
GCA_016011375.1,CladeA,Urinary,Cluster_234,Cluster_5275
GCA_016011415.1,CladeA,Sputum,Cluster_494,Cluster_5300
GCA_016011455.1,CladeA,Sputum,Cluster_89,Cluster_5301
GCA_016011495.1,CladeA,Lung,Cluster_117,Cluster_5302
GCA_016011535.1,CladeA,Sputum,Cluster_10,Cluster_948
GCA_016011595.1,CladeA,Upper.Respiratory,Cluster_46,Cluster_2500
GCA_016011655.1,CladeA,Urinary,Cluster_58,Cluster_5303
GCA_016011715.1,CladeA,Urinary,Cluster_5,Cluster_5304
GCA_016011735.1,CladeA,Wound,Cluster_24,Cluster_5305
GCA_016011755.1,CladeA,Wound,Cluster_60,Cluster_5306
GCA_016011795.1,CladeB,Sputum,Cluster_17,Cluster_5307
GCA_016011855.1,CladeA,Sputum,Cluster_20,Cluster_5308
GCA_016011875.1,CladeA,Sputum,Cluster_54,Cluster_5309
GCA_016011915.1,CladeA,Sputum,Cluster_10,Cluster_948
GCA_016011935.1,CladeA,Sputum,Cluster_46,Cluster_2500
GCA_016011955.1,CladeA,Sputum,Cluster_43,Cluster_5310
GCA_016011975.1,CladeA,Sputum,Cluster_344,Cluster_5311
GCA_016012015.1,CladeA,Urinary,Cluster_1,Cluster_5242
GCA_016012055.1,CladeA,Sputum,Cluster_40,Cluster_5312
GCA_016012075.1,CladeA,Sputum,Cluster_24,Cluster_5313
GCA_016012095.1,CladeA,Sputum,Cluster_60,Cluster_5314
GCA_016012115.1,CladeA,Urinary,Cluster_20,Cluster_4579
GCA_016012135.1,CladeA,Sputum,Cluster_289,Cluster_5315
GCA_016012215.1,CladeB,Wound,Cluster_172,Cluster_5316
GCA_016012255.1,CladeA,Wound,Cluster_10,Cluster_5317
GCA_016012335.1,CladeA,Urinary,Cluster_41,Cluster_5318
GCA_016012375.1,CladeA,Wound,Cluster_213,Cluster_5319
GCA_016012455.1,CladeA,Sputum,Cluster_60,Cluster_5320
GCA_016012535.1,CladeA,Sputum,Cluster_224,Cluster_5290
GCA_016012555.1,CladeB,Urinary,Cluster_126,Cluster_5321
GCA_016012575.1,CladeA,Sputum,Cluster_266,Cluster_5322
GCA_016012735.1,CladeA,Sputum,Cluster_266,Cluster_5322
GCA_016012815.1,CladeB,Sputum,Cluster_112,Cluster_5323
GCA_016012855.1,CladeA,Sputum,Cluster_58,Cluster_5324
GCA_016012875.1,CladeA,Wound,Cluster_27,Cluster_5325
GCA_016054815.1,CladeA,Blood,Cluster_26,Cluster_5326
GCA_016055775.1,CladeA,Blood,Cluster_167,Cluster_5327
GCA_016055785.1,CladeA,Blood,Cluster_43,Cluster_5328
GCA_016055845.1,CladeA,Blood,Cluster_43,Cluster_5328
GCA_016056035.1,CladeA,Blood,Cluster_26,Cluster_5329
GCA_016056075.1,CladeA,Blood,Cluster_5,Cluster_5330
GCA_016064595.1,CladeA,Lung,Cluster_24,Cluster_5331
GCA_016089495.1,CladeA,Sputum,Cluster_5,Cluster_5332
GCA_016089505.1,CladeA,Urinary,Cluster_28,Cluster_5333
GCA_016090435.1,CladeA,Wound,Cluster_25,Cluster_5334
GCA_016090535.1,CladeA,Sputum,Cluster_60,Cluster_1075
GCA_016090575.1,CladeA,Wound,Cluster_60,Cluster_5335
GCA_016090805.1,CladeA,Urinary,Cluster_24,Cluster_5336
GCA_016090915.1,CladeA,Sputum,Cluster_41,Cluster_5337
GCA_016090935.1,CladeA,Sputum,Cluster_2,Cluster_5338
GCA_016090955.1,CladeA,Sputum,Cluster_175,Cluster_982
GCA_016090975.1,CladeA,Sputum,Cluster_120,Cluster_5339
GCA_016090995.1,CladeA,Wound,Cluster_10,Cluster_5340
GCA_016091015.1,CladeA,Wound,Cluster_230,Cluster_5103
GCA_016091055.1,CladeA,Lung,Cluster_40,Cluster_5341
GCA_016091075.1,CladeA,Sputum,Cluster_386,Cluster_5342
GCA_016091095.1,CladeA,Sputum,Cluster_24,Cluster_5032
GCA_016091115.1,CladeA,Sputum,Cluster_2,Cluster_356
GCA_016091175.1,CladeA,Sputum,Cluster_94,Cluster_5343
GCA_016091195.1,CladeA,Upper.Respiratory,Cluster_70,Cluster_5344
GCA_016091215.1,CladeA,Sputum,Cluster_10,Cluster_948
GCA_016091225.1,CladeA,Sputum,Cluster_386,Cluster_5342
GCA_016091255.1,CladeB,Urinary,Cluster_17,Cluster_5345
GCA_016091275.1,CladeA,Urinary,Cluster_147,Cluster_2715
GCA_016091295.1,CladeA,Sputum,Cluster_20,Cluster_5346
GCA_016091315.1,CladeB,Wound,Cluster_495,Cluster_5347
GCA_016091355.1,CladeA,Sputum,Cluster_5,Cluster_5348
GCA_016091375.1,CladeA,Sputum,Cluster_36,Cluster_5349
GCA_016091715.1,CladeA,Urinary,Cluster_94,Cluster_5350
GCA_016091735.1,CladeA,Urinary,Cluster_40,Cluster_5351
GCA_016091755.1,CladeA,Sputum,Cluster_230,Cluster_5352
GCA_016092655.1,CladeA,Sputum,Cluster_206,Cluster_5353
GCA_016092675.1,CladeA,Lung,Cluster_2,Cluster_5354
GCA_016092715.1,CladeA,Wound,Cluster_40,Cluster_5355
GCA_016092735.1,CladeA,Urinary,Cluster_30,Cluster_5356
GCA_016092755.1,CladeA,Lung,Cluster_2,Cluster_5357
GCA_016092775.1,CladeA,Wound,Cluster_24,Cluster_5358
GCA_016092815.1,CladeA,Sputum,Cluster_40,Cluster_5359
GCA_016092855.1,CladeA,Wound,Cluster_10,Cluster_5360
GCA_016092975.1,CladeA,Wound,Cluster_443,Cluster_5361
GCA_016093055.1,CladeA,Sputum,Cluster_1,Cluster_5362
GCA_016093075.1,CladeA,Wound,Cluster_9,Cluster_5363
GCA_016093095.1,CladeB,Urinary,Cluster_17,Cluster_5364
GCA_016093115.1,CladeA,Sputum,Cluster_10,Cluster_5365
GCA_016093135.1,CladeA,Lung,Cluster_10,Cluster_5292
GCA_016093155.1,CladeB,Wound,Cluster_496,Cluster_5366
GCA_016105505.1,CladeA,Aquatic,Cluster_8,Cluster_5367
GCA_016105665.1,CladeA,Aquatic,Cluster_24,Cluster_5368
GCA_016105885.1,CladeB,Aquatic,Cluster_256,Cluster_5369
GCA_016337155.1,CladeA,Wound,Cluster_35,Cluster_5370
GCA_016337355.1,CladeA,Sputum,Cluster_2,Cluster_5371
GCA_016337375.1,CladeA,Sputum,Cluster_61,Cluster_5372
GCA_016337405.1,CladeA,Urinary,Cluster_9,Cluster_5373
GCA_016337425.1,CladeA,Sputum,Cluster_2,Cluster_5374
GCA_016337445.1,CladeA,Sputum,Cluster_60,Cluster_5375
GCA_016337465.1,CladeA,Sputum,Cluster_10,Cluster_5376
GCA_016337485.1,CladeA,Sputum,Cluster_60,Cluster_184
GCA_016337505.1,CladeA,Wound,Cluster_24,Cluster_5377
GCA_016337525.1,CladeA,Sputum,Cluster_60,Cluster_5378
GCA_016337545.1,CladeA,Wound,Cluster_24,Cluster_5377
GCA_016337565.1,CladeA,Blood,Cluster_2,Cluster_513
GCA_016337585.1,CladeB,Sputum,Cluster_151,Cluster_5379
GCA_016337605.1,CladeB,Blood,Cluster_256,Cluster_5380
GCA_016337625.1,CladeB,Sputum,Cluster_176,Cluster_5381
GCA_016337645.1,CladeA,Sputum,Cluster_119,Cluster_5382
GCA_016337665.1,CladeB,Sputum,Cluster_176,Cluster_5381
GCA_016337685.1,CladeA,Urinary,Cluster_1,Cluster_5383
GCA_016337705.1,CladeA,Blood,Cluster_58,Cluster_5384
GCA_016337725.1,CladeA,Blood,Cluster_66,Cluster_5385
GCA_016337745.1,CladeA,Urinary,Cluster_10,Cluster_5386
GCA_016337785.1,CladeB,Urinary,Cluster_17,Cluster_5387
GCA_016337805.1,CladeB,Wound,Cluster_64,Cluster_5388
GCA_016337825.1,CladeB,Urinary,Cluster_57,Cluster_5389
GCA_016337865.1,CladeA,Sputum,Cluster_10,Cluster_5390
GCA_016337885.1,CladeA,Sputum,Cluster_9,Cluster_5391
GCA_016337925.1,CladeA,Sputum,Cluster_451,Cluster_5392
GCA_016337945.1,CladeB,Wound,Cluster_11,Cluster_5393
GCA_016337965.1,CladeB,Wound,Cluster_45,Cluster_83
GCA_016337985.1,CladeA,Wound,Cluster_25,Cluster_5394
GCA_016338005.1,CladeA,Wound,Cluster_14,Cluster_5395
GCA_016338025.1,CladeB,Wound,Cluster_11,Cluster_5396
GCA_016338045.1,CladeB,Urinary,Cluster_205,Cluster_5397
GCA_016338065.1,CladeA,Urinary,Cluster_220,Cluster_5398
GCA_016338085.1,CladeA,Sputum,Cluster_30,Cluster_5399
GCA_016338105.1,CladeA,Urinary,Cluster_10,Cluster_5400
GCA_016338165.1,CladeA,Sputum,Cluster_58,Cluster_5401
GCA_016338185.1,CladeB,Sputum,Cluster_176,Cluster_5381
GCA_016338205.1,CladeB,Sputum,Cluster_176,Cluster_5381
GCA_016338225.1,CladeA,Sputum,Cluster_10,Cluster_5402
GCA_016338245.1,CladeA,Sputum,Cluster_10,Cluster_5403
GCA_016338265.1,CladeA,Sputum,Cluster_26,Cluster_5404
GCA_016338285.1,CladeB,Sputum,Cluster_17,Cluster_5405
GCA_016338305.1,CladeA,Sputum,Cluster_497,Cluster_5406
GCA_016338325.1,CladeA,Sputum,Cluster_26,Cluster_5407
GCA_016338345.1,CladeA,Sputum,Cluster_58,Cluster_5408
GCA_016338385.1,CladeA,Sputum,Cluster_58,Cluster_5409
GCA_016338405.1,CladeA,Lung,Cluster_225,Cluster_5410
GCA_016338425.1,CladeA,Sputum,Cluster_10,Cluster_5411
GCA_016338445.1,CladeA,Sputum,Cluster_10,Cluster_5412
GCA_016338465.1,CladeA,Blood,Cluster_24,Cluster_5413
GCA_016338485.1,CladeA,Urinary,Cluster_51,Cluster_5414
GCA_016338505.1,CladeA,Sputum,Cluster_10,Cluster_5415
GCA_016338525.1,CladeA,Urinary,Cluster_2,Cluster_5416
GCA_016338545.1,CladeB,Sputum,Cluster_498,Cluster_5417
GCA_016338555.1,CladeA,Wound,Cluster_499,Cluster_5418
GCA_016338605.1,CladeA,Sputum,Cluster_5,Cluster_5419
GCA_016338645.1,CladeA,Urinary,Cluster_500,Cluster_5420
GCA_016338705.1,CladeA,Sputum,Cluster_115,Cluster_5421
GCA_016338725.1,CladeB,Wound,Cluster_260,Cluster_5422
GCA_016338745.1,CladeA,Sputum,Cluster_43,Cluster_5423
GCA_016338765.1,CladeA,Wound,Cluster_5,Cluster_5424
GCA_016338785.1,CladeB,Wound,Cluster_114,Cluster_5425
GCA_016338805.1,CladeA,Blood,Cluster_501,Cluster_5426
GCA_016338825.1,CladeA,Blood,Cluster_25,Cluster_5427
GCA_016338865.1,CladeA,Urinary,Cluster_50,Cluster_5428
GCA_016338885.1,CladeA,Sputum,Cluster_206,Cluster_5429
GCA_016338905.1,CladeA,Wound,Cluster_338,Cluster_5430
GCA_016338945.1,CladeA,Sputum,Cluster_30,Cluster_5431
GCA_016338965.1,CladeB,Sputum,Cluster_151,Cluster_5432
GCA_016338985.1,CladeA,Sputum,Cluster_5,Cluster_5433
GCA_016339005.1,CladeB,Sputum,Cluster_17,Cluster_5434
GCA_016339025.1,CladeA,Urinary,Cluster_105,Cluster_5435
GCA_016339065.1,CladeA,Urinary,Cluster_92,Cluster_5436
GCA_016339085.1,CladeA,Urinary,Cluster_20,Cluster_5437
GCA_016339105.1,CladeA,Sputum,Cluster_20,Cluster_5438
GCA_016339125.1,CladeB,Sputum,Cluster_17,Cluster_814
GCA_016339145.1,CladeA,Sputum,Cluster_5,Cluster_5419
GCA_016339165.1,CladeA,Sputum,Cluster_94,Cluster_5439
GCA_016339185.1,CladeA,Sputum,Cluster_2,Cluster_5440
GCA_016339205.1,CladeA,Wound,Cluster_71,Cluster_5441
GCA_016339225.1,CladeA,Sputum,Cluster_60,Cluster_184
GCA_016339245.1,CladeA,Sputum,Cluster_20,Cluster_5438
GCA_016339265.1,CladeA,Sputum,Cluster_206,Cluster_5442
GCA_016339275.1,CladeA,Sputum,Cluster_191,Cluster_5443
GCA_016339305.1,CladeA,Sputum,Cluster_206,Cluster_5444
GCA_016339325.1,CladeB,Wound,Cluster_17,Cluster_5445
GCA_016339345.1,CladeA,Sputum,Cluster_14,Cluster_4792
GCA_016339385.1,CladeA,Sputum,Cluster_230,Cluster_5446
GCA_016339405.1,CladeB,Wound,Cluster_55,Cluster_5447
GCA_016339425.1,CladeA,Sputum,Cluster_14,Cluster_4792
GCA_016339445.1,CladeA,Urinary,Cluster_35,Cluster_5448
GCA_016339465.1,CladeA,Sputum,Cluster_13,Cluster_5449
GCA_016339485.1,CladeA,Sputum,Cluster_1,Cluster_5450
GCA_016339505.1,CladeA,Sputum,Cluster_2,Cluster_356
GCA_016339525.1,CladeA,Sputum,Cluster_2,Cluster_356
GCA_016339545.1,CladeA,Sputum,Cluster_1,Cluster_5450
GCA_016339565.1,CladeA,Sputum,Cluster_10,Cluster_5451
GCA_016339585.1,CladeA,Blood,Cluster_246,Cluster_5452
GCA_016339625.1,CladeA,Urinary,Cluster_34,Cluster_5453
GCA_016339645.1,CladeB,Urinary,Cluster_4,Cluster_5454
GCA_016339665.1,CladeA,Sputum,Cluster_258,Cluster_5455
GCA_016339685.1,CladeA,Urinary,Cluster_5,Cluster_5456
GCA_016339705.1,CladeB,Urinary,Cluster_17,Cluster_5457
GCA_016339725.1,CladeA,Urinary,Cluster_68,Cluster_5458
GCA_016339765.1,CladeA,Wound,Cluster_396,Cluster_5459
GCA_016339785.1,CladeA,Sputum,Cluster_22,Cluster_5460
GCA_016339805.1,CladeA,Urinary,Cluster_293,Cluster_5461
GCA_016339825.1,CladeA,Sputum,Cluster_28,Cluster_5462
GCA_016339845.1,CladeA,Urinary,Cluster_90,Cluster_5463
GCA_016339865.1,CladeA,Blood,Cluster_5,Cluster_5464
GCA_016339905.1,CladeA,Blood,Cluster_60,Cluster_5465
GCA_016339925.1,CladeA,Sputum,Cluster_10,Cluster_5466
GCA_016339945.1,CladeA,Wound,Cluster_35,Cluster_5467
GCA_016339965.1,CladeA,Sputum,Cluster_2,Cluster_5468
GCA_016339985.1,CladeA,Sputum,Cluster_229,Cluster_5469
GCA_016340005.1,CladeA,Wound,Cluster_43,Cluster_5470
GCA_016340025.1,CladeA,Sputum,Cluster_2,Cluster_5471
GCA_016340045.1,CladeA,Sputum,Cluster_20,Cluster_5472
GCA_016340065.1,CladeA,Urinary,Cluster_30,Cluster_5473
GCA_016340085.1,CladeA,Sputum,Cluster_229,Cluster_5474
GCA_016340125.1,CladeB,Urinary,Cluster_16,Cluster_5475
GCA_016340185.1,CladeA,Wound,Cluster_37,Cluster_5476
GCA_016340205.1,CladeA,Sputum,Cluster_5,Cluster_5477
GCA_016340265.1,CladeA,Wound,Cluster_502,Cluster_5478
GCA_016340285.1,CladeA,Sputum,Cluster_60,Cluster_5479
GCA_016340305.1,CladeA,Blood,Cluster_43,Cluster_5480
GCA_016340325.1,CladeA,Sputum,Cluster_503,Cluster_5481
GCA_016340345.1,CladeA,Wound,Cluster_386,Cluster_5482
GCA_016340365.1,CladeA,Wound,Cluster_50,Cluster_5483
GCA_016340385.1,CladeC,Blood,Cluster_408,Cluster_5484
GCA_016340445.1,CladeA,Urinary,Cluster_60,Cluster_5485
GCA_016340465.1,CladeA,Sputum,Cluster_10,Cluster_5486
GCA_016340485.1,CladeA,Urinary,Cluster_65,Cluster_5487
GCA_016340505.1,CladeA,Sputum,Cluster_277,Cluster_5488
GCA_016340525.1,CladeA,Sputum,Cluster_229,Cluster_5489
GCA_016340545.1,CladeA,Sputum,Cluster_9,Cluster_5490
GCA_016340565.1,CladeA,Sputum,Cluster_2,Cluster_5491
GCA_016340585.1,CladeA,Urinary,Cluster_293,Cluster_5492
GCA_016340605.1,CladeA,Wound,Cluster_290,Cluster_5493
GCA_016340625.1,CladeA,Sputum,Cluster_24,Cluster_5494
GCA_016340645.1,CladeA,Sputum,Cluster_10,Cluster_5495
GCA_016340665.1,CladeA,Urinary,Cluster_175,Cluster_5496
GCA_016340745.1,CladeA,Sputum,Cluster_40,Cluster_5497
GCA_016340765.1,CladeA,Sputum,Cluster_94,Cluster_5498
GCA_016340785.1,CladeB,Urinary,Cluster_17,Cluster_5499
GCA_016340805.1,CladeA,Sputum,Cluster_43,Cluster_5500
GCA_016340825.1,CladeA,Wound,Cluster_56,Cluster_5501
GCA_016340865.1,CladeA,Sputum,Cluster_60,Cluster_5502
GCA_016340885.1,CladeB,Sputum,Cluster_151,Cluster_5503
GCA_016340895.1,CladeA,Sputum,Cluster_14,Cluster_5504
GCA_016340925.1,CladeA,Sputum,Cluster_51,Cluster_5505
GCA_016340945.1,CladeA,Sputum,Cluster_14,Cluster_5506
GCA_016340965.1,CladeA,Urinary,Cluster_2,Cluster_356
GCA_016340985.1,CladeA,Blood,Cluster_336,Cluster_5507
GCA_016341045.1,CladeB,Urinary,Cluster_17,Cluster_5508
GCA_016341065.1,CladeA,Sputum,Cluster_78,Cluster_5509
GCA_016341085.1,CladeA,Sputum,Cluster_94,Cluster_5439
GCA_016341125.1,CladeA,Urinary,Cluster_29,Cluster_5510
GCA_016341145.1,CladeA,Sputum,Cluster_90,Cluster_5511
GCA_016341185.1,CladeA,Blood,Cluster_14,Cluster_5512
GCA_016341205.1,CladeA,Wound,Cluster_2,Cluster_513
GCA_016341225.1,CladeA,Sputum,Cluster_20,Cluster_5513
GCA_016341245.1,CladeA,Sputum,Cluster_20,Cluster_5513
GCA_016341265.1,CladeA,Sputum,Cluster_5,Cluster_5514
GCA_016341285.1,CladeA,Sputum,Cluster_2,Cluster_5515
GCA_016341325.1,CladeA,Sputum,Cluster_58,Cluster_5516
GCA_016341345.1,CladeA,Sputum,Cluster_203,Cluster_4798
GCA_016341365.1,CladeA,Sputum,Cluster_20,Cluster_5517
GCA_016341385.1,CladeA,Sputum,Cluster_451,Cluster_5518
GCA_016341425.1,CladeA,Lung,Cluster_503,Cluster_5519
GCA_016341445.1,CladeA,Sputum,Cluster_20,Cluster_5438
GCA_016341485.1,CladeA,Sputum,Cluster_70,Cluster_5520
GCA_016341525.1,CladeA,Wound,Cluster_109,Cluster_5521
GCA_016341545.1,CladeA,Wound,Cluster_344,Cluster_5522
GCA_016341565.1,CladeA,Urinary,Cluster_10,Cluster_5523
GCA_016341585.1,CladeA,Wound,Cluster_504,Cluster_5524
GCA_016341605.1,CladeA,Sputum,Cluster_34,Cluster_5525
GCA_016341645.1,CladeB,Sputum,Cluster_17,Cluster_814
GCA_016341665.1,CladeA,Sputum,Cluster_2,Cluster_356
GCA_016341685.1,CladeA,Sputum,Cluster_24,Cluster_2453
GCA_016341705.1,CladeA,Wound,Cluster_10,Cluster_5526
GCA_016341745.1,CladeB,Sputum,Cluster_17,Cluster_5527
GCA_016341765.1,CladeA,Wound,Cluster_28,Cluster_5528
GCA_016341785.1,CladeB,Blood,Cluster_17,Cluster_5529
GCA_016341805.1,CladeA,Blood,Cluster_140,Cluster_5530
GCA_016341825.1,CladeB,Wound,Cluster_84,Cluster_5297
GCA_016341845.1,CladeA,Wound,Cluster_165,Cluster_5531
GCA_016341865.1,CladeB,Sputum,Cluster_17,Cluster_5532
GCA_016341885.1,CladeA,Urinary,Cluster_24,Cluster_5533
GCA_016341905.1,CladeA,Sputum,Cluster_14,Cluster_4792
GCA_016341925.1,CladeA,Wound,Cluster_66,Cluster_5534
GCA_016341945.1,CladeA,Sputum,Cluster_115,Cluster_5421
GCA_016341965.1,CladeA,Urinary,Cluster_28,Cluster_5528
GCA_016341985.1,CladeA,Sputum,Cluster_58,Cluster_5535
GCA_016342005.1,CladeA,Sputum,Cluster_503,Cluster_5536
GCA_016342025.1,CladeA,Blood,Cluster_2,Cluster_5537
GCA_016342045.1,CladeA,Urinary,Cluster_40,Cluster_5538
GCA_016342085.1,CladeA,Sputum,Cluster_94,Cluster_5439
GCA_016342105.1,CladeA,Wound,Cluster_5,Cluster_5539
GCA_016342145.1,CladeA,Sputum,Cluster_25,Cluster_5540
GCA_016342805.1,CladeA,Sputum,Cluster_56,Cluster_5541
GCA_016342825.1,CladeA,Sputum,Cluster_24,Cluster_5542
GCA_016342845.1,CladeA,Sputum,Cluster_9,Cluster_5543
GCA_016342865.1,CladeA,Sputum,Cluster_94,Cluster_5544
GCA_016342885.1,CladeB,Urinary,Cluster_11,Cluster_5545
GCA_016342905.1,CladeA,Sputum,Cluster_24,Cluster_5546
GCA_016342925.1,CladeA,Urinary,Cluster_334,Cluster_5547
GCA_016342945.1,CladeA,Sputum,Cluster_5,Cluster_5548
GCA_016342965.1,CladeA,Sputum,Cluster_50,Cluster_5549
GCA_016342985.1,CladeB,Blood,Cluster_11,Cluster_5550
GCA_016343005.1,CladeA,Wound,Cluster_110,Cluster_5551
GCA_016343025.1,CladeB,Urinary,Cluster_17,Cluster_5552
GCA_016343035.1,CladeA,Urinary,Cluster_10,Cluster_5553
GCA_016343065.1,CladeA,Urinary,Cluster_56,Cluster_4359
GCA_016343085.1,CladeB,Sputum,Cluster_311,Cluster_5554
GCA_016343105.1,CladeB,Urinary,Cluster_17,Cluster_5555
GCA_016343125.1,CladeA,Urinary,Cluster_24,Cluster_5556
GCA_016343145.1,CladeA,Sputum,Cluster_115,Cluster_5557
GCA_016343165.1,CladeA,Sputum,Cluster_243,Cluster_5558
GCA_016343185.1,CladeB,Sputum,Cluster_17,Cluster_5532
GCA_016343205.1,CladeA,Sputum,Cluster_75,Cluster_5559
GCA_016343225.1,CladeA,Sputum,Cluster_14,Cluster_4792
GCA_016343245.1,CladeA,Wound,Cluster_230,Cluster_5560
GCA_016343285.1,CladeB,Sputum,Cluster_17,Cluster_5561
GCA_016343305.1,CladeC,Sputum,Cluster_250,Cluster_5562
GCA_016343365.1,CladeA,Wound,Cluster_60,Cluster_5563
GCA_016343415.1,CladeA,Urinary,Cluster_116,Cluster_5564
GCA_016343465.1,CladeB,Sputum,Cluster_55,Cluster_5565
GCA_016343485.1,CladeB,Lung,Cluster_311,Cluster_5566
GCA_016343495.1,CladeA,Sputum,Cluster_28,Cluster_5567
GCA_016343505.1,CladeA,Blood,Cluster_20,Cluster_5568
GCA_016343605.1,CladeA,Wound,Cluster_37,Cluster_5288
GCA_016343625.1,CladeA,Urinary,Cluster_500,Cluster_5569
GCA_016343635.1,CladeA,Blood,Cluster_10,Cluster_5570
GCA_016343665.1,CladeA,Urinary,Cluster_147,Cluster_5571
GCA_016343685.1,CladeA,Urinary,Cluster_9,Cluster_5572
GCA_016343705.1,CladeA,Sputum,Cluster_117,Cluster_5573
GCA_016343725.1,CladeA,Sputum,Cluster_48,Cluster_5574
GCA_016343745.1,CladeB,Sputum,Cluster_17,Cluster_5575
GCA_016343755.1,CladeA,Lung,Cluster_60,Cluster_184
GCA_016343805.1,CladeA,Blood,Cluster_505,Cluster_5576
GCA_016343825.1,CladeA,Wound,Cluster_116,Cluster_5577
GCA_016343845.1,CladeB,Wound,Cluster_17,Cluster_5578
GCA_016343865.1,CladeA,Sputum,Cluster_60,Cluster_5579
GCA_016343905.1,CladeA,Sputum,Cluster_29,Cluster_5580
GCA_016343915.1,CladeB,Blood,Cluster_52,Cluster_5581
GCA_016343945.1,CladeB,Sputum,Cluster_11,Cluster_5582
GCA_016343965.1,CladeA,Sputum,Cluster_20,Cluster_5583
GCA_016343985.1,CladeA,Sputum,Cluster_60,Cluster_5584
GCA_016344005.1,CladeA,Sputum,Cluster_22,Cluster_5460
GCA_016344025.1,CladeA,Sputum,Cluster_147,Cluster_5585
GCA_016344045.1,CladeB,Sputum,Cluster_4,Cluster_5586
GCA_016344085.1,CladeA,Wound,Cluster_338,Cluster_5587
GCA_016344125.1,CladeB,Blood,Cluster_256,Cluster_5588
GCA_016461995.1,CladeA,Waste.Water,Cluster_25,Cluster_5589
GCA_016595165.1,CladeB,Urinary,Cluster_12,Cluster_15
GCA_016617775.1,CladeB,Pneumonia,Cluster_11,Cluster_446
GCA_016622185.1,CladeB,Ocean,Cluster_506,Cluster_5590
GCA_016622205.1,CladeB,Ocean,Cluster_506,Cluster_5590
GCA_016622225.1,CladeB,Ocean,Cluster_506,Cluster_5590
GCA_016622265.1,CladeB,Ocean,Cluster_506,Cluster_5590
GCA_016622285.1,CladeB,Ocean,Cluster_506,Cluster_5590
GCA_016622475.1,CladeB,Ocean,Cluster_506,Cluster_5590
GCA_016622505.1,CladeB,Ocean,Cluster_506,Cluster_5590
GCA_016681015.1,CladeA,Plant,Cluster_53,Cluster_411
GCA_016681025.1,CladeA,Plant,Cluster_53,Cluster_411
GCA_016743035.1,CladeC,Terrestrial,Cluster_437,Cluster_5591
GCA_016745135.1,CladeB,Sputum,Cluster_11,Cluster_256
GCA_016745155.1,CladeA,Sputum,Cluster_5,Cluster_281
GCA_016745175.1,CladeB,Urinary,Cluster_11,Cluster_5592
GCA_016745195.1,CladeB,Pneumonia,Cluster_11,Cluster_256
GCA_016762735.1,CladeA,Lung,Cluster_285,Cluster_1584
GCA_016765735.1,CladeA,Aquatic,Cluster_5,Cluster_590
GCA_016811975.1,CladeA,Blood,Cluster_1,Cluster_5593
GCA_016820015.1,CladeA,CF,Cluster_34,Cluster_5594
GCA_016820025.1,CladeA,CF,Cluster_10,Cluster_5595
GCA_016820055.1,CladeA,CF,Cluster_5,Cluster_5596
GCA_016820075.1,CladeA,CF,Cluster_20,Cluster_5597
GCA_016820095.1,CladeA,CF,Cluster_10,Cluster_30
GCA_016820115.1,CladeA,CF,Cluster_43,Cluster_911
GCA_016820125.1,CladeA,CF,Cluster_141,Cluster_5598
GCA_016836415.1,CladeB,Aquatic,Cluster_12,Cluster_5599
GCA_016836445.1,CladeB,Aquatic,Cluster_12,Cluster_5600
GCA_016836465.1,CladeA,Urinary,Cluster_1,Cluster_5601
GCA_016836485.1,CladeA,Urinary,Cluster_1,Cluster_5601
GCA_016836505.1,CladeA,Urinary,Cluster_1,Cluster_5601
GCA_016836525.1,CladeA,Ear,Cluster_53,Cluster_5602
GCA_016836545.1,CladeB,Ear,Cluster_32,Cluster_3626
GCA_016836565.1,CladeB,Ear,Cluster_32,Cluster_5603
GCA_016836585.1,CladeB,Ear,Cluster_11,Cluster_5604
GCA_016836605.1,CladeA,Urinary,Cluster_1,Cluster_5605
GCA_016836615.1,CladeA,Urinary,Cluster_1,Cluster_5606
GCA_016836645.1,CladeA,Urinary,Cluster_1,Cluster_1
GCA_016836665.1,CladeA,CF,Cluster_1,Cluster_2
GCA_016836685.1,CladeA,Urinary,Cluster_1,Cluster_1
GCA_016905405.1,CladeA,Urinary,Cluster_2,Cluster_3
GCA_016921215.1,CladeA,Urinary,Cluster_3,Cluster_4
GCA_016921235.1,CladeB,Rectal/Feces,Cluster_4,Cluster_5
GCA_016921245.1,CladeA,Wound,Cluster_5,Cluster_6
GCA_016921275.1,CladeC,Urinary,Cluster_6,Cluster_7
GCA_016921295.1,CladeA,Urinary,Cluster_1,Cluster_8
GCA_016921305.1,CladeB,Urinary,Cluster_7,Cluster_9
GCA_016921845.1,CladeA,Wound,Cluster_8,Cluster_10
GCA_016923395.2,CladeA,Urinary,Cluster_1,Cluster_11
GCA_016924255.2,CladeA,Blood,Cluster_9,Cluster_12
GCA_016924435.2,CladeA,Sputum,Cluster_10,Cluster_13
GCA_016924475.2,CladeB,Wound,Cluster_11,Cluster_14
GCA_016924545.2,CladeA,Lung,Cluster_1,Cluster_8
GCA_016925455.1,CladeB,Blood,Cluster_12,Cluster_15
GCA_016925475.1,CladeB,Blood,Cluster_12,Cluster_15
GCA_017152915.1,CladeC,Sputum,Cluster_6,Cluster_16
GCA_017153615.1,CladeA,Sputum,Cluster_13,Cluster_17
GCA_017153635.1,CladeA,Wound,Cluster_5,Cluster_18
GCA_017153675.1,CladeA,Sputum,Cluster_14,Cluster_19
GCA_017153815.1,CladeB,Wound,Cluster_11,Cluster_20
GCA_017168835.1,CladeB,Wound,Cluster_32,Cluster_3627
GCA_017168875.1,CladeB,Wound,Cluster_32,Cluster_3627
GCA_017169055.1,CladeB,Urinary,Cluster_12,Cluster_15
GCA_017169185.1,CladeB,Urinary,Cluster_12,Cluster_15
GCA_017169225.1,CladeB,Urinary,Cluster_12,Cluster_15
GCA_017169395.1,CladeA,Urinary,Cluster_1,Cluster_3628
GCA_017288095.1,CladeA,Sputum,Cluster_15,Cluster_21
GCA_017292115.1,CladeB,Urinary,Cluster_16,Cluster_22
GCA_017312205.1,CladeB,Urinary,Cluster_17,Cluster_23
GCA_017582255.1,CladeA,Sputum,Cluster_18,Cluster_24
GCA_017582385.1,CladeA,Urinary,Cluster_1,Cluster_25
GCA_017582685.1,CladeA,Wound,Cluster_1,Cluster_26
GCA_017582945.1,CladeA,Urinary,Cluster_1,Cluster_27
GCA_017592115.1,CladeA,Terrestrial,Cluster_19,Cluster_28
GCA_017592295.1,CladeA,Terrestrial,Cluster_19,Cluster_28
GCA_017599425.1,CladeA,CF,Cluster_20,Cluster_29
GCA_017599465.1,CladeA,CF,Cluster_10,Cluster_30
GCA_017599515.1,CladeB,CF,Cluster_21,Cluster_31
GCA_017653605.1,CladeA,Pneumonia,Cluster_5,Cluster_32
GCA_017653645.1,CladeA,Pneumonia,Cluster_22,Cluster_33
GCA_017653665.1,CladeA,Pneumonia,Cluster_5,Cluster_34
GCA_017653675.1,CladeA,Pneumonia,Cluster_23,Cluster_35
GCA_017653685.1,CladeA,Pneumonia,Cluster_24,Cluster_36
GCA_017653735.1,CladeA,CF,Cluster_25,Cluster_37
GCA_017693575.1,CladeA,Wound,Cluster_26,Cluster_38
GCA_017693635.1,CladeA,Wound,Cluster_1,Cluster_8
GCA_017693665.1,CladeA,Urinary,Cluster_1,Cluster_8
GCA_017693695.1,CladeA,Urinary,Cluster_26,Cluster_39
GCA_017693735.1,CladeB,Sputum,Cluster_12,Cluster_15
GCA_017693745.1,CladeB,Urinary,Cluster_16,Cluster_40
GCA_017693755.1,CladeB,Urinary,Cluster_16,Cluster_41
GCA_017694015.1,CladeA,Sputum,Cluster_27,Cluster_42
GCA_017741915.1,CladeA,Sputum,Cluster_10,Cluster_43
GCA_017741955.1,CladeA,Sputum,Cluster_28,Cluster_44
GCA_017741975.1,CladeA,Sputum,Cluster_29,Cluster_45
GCA_017741985.1,CladeA,Sputum,Cluster_28,Cluster_44
GCA_017742015.1,CladeA,Sputum,Cluster_30,Cluster_46
GCA_017742025.1,CladeA,Sputum,Cluster_31,Cluster_47
GCA_017742055.1,CladeA,Sputum,Cluster_2,Cluster_48
GCA_017742075.1,CladeA,Sputum,Cluster_28,Cluster_44
GCA_017742095.1,CladeA,Sputum,Cluster_24,Cluster_49
GCA_017742115.1,CladeA,Sputum,Cluster_10,Cluster_50
GCA_017742125.1,CladeA,Sputum,Cluster_30,Cluster_51
GCA_017742155.1,CladeA,Sputum,Cluster_10,Cluster_52
GCA_017742175.1,CladeA,Sputum,Cluster_5,Cluster_53
GCA_017742195.1,CladeA,Sputum,Cluster_28,Cluster_44
GCA_017838075.1,CladeB,Wound,Cluster_32,Cluster_54
GCA_017838135.1,CladeB,Urinary,Cluster_32,Cluster_54
GCA_017900915.1,CladeA,Terrestrial,Cluster_33,Cluster_55
GCA_018067405.1,CladeB,Blood,Cluster_11,Cluster_56
GCA_018107705.1,CladeA,Aquatic,Cluster_34,Cluster_57
GCA_018138365.1,CladeA,Rectal/Feces,Cluster_35,Cluster_58
GCA_018141565.1,CladeA,Urinary,Cluster_36,Cluster_59
GCA_018141625.1,CladeA,Urinary,Cluster_36,Cluster_59
GCA_018141645.1,CladeA,Urinary,Cluster_36,Cluster_60
GCA_018271685.1,CladeA,Wound,Cluster_10,Cluster_61
GCA_018271695.1,CladeA,Wound,Cluster_37,Cluster_62
GCA_018274585.1,CladeB,Lung,Cluster_11,Cluster_63
GCA_018274635.1,CladeB,Lung,Cluster_11,Cluster_63
GCA_018279285.1,CladeA,Urinary,Cluster_26,Cluster_39
GCA_018363605.1,CladeA,Rectal/Feces,Cluster_38,Cluster_64
GCA_018423525.1,CladeA,CF,Cluster_39,Cluster_65
GCA_018423545.1,CladeA,CF,Cluster_39,Cluster_65
GCA_018423565.1,CladeA,CF,Cluster_39,Cluster_65
GCA_018423585.1,CladeA,CF,Cluster_39,Cluster_65
GCA_018423595.1,CladeA,CF,Cluster_39,Cluster_65
GCA_018439475.1,CladeA,Rectal/Feces,Cluster_10,Cluster_66
GCA_018440375.1,CladeA,Lung,Cluster_40,Cluster_67
GCA_018440405.1,CladeA,Urinary,Cluster_20,Cluster_68
GCA_018441845.1,CladeA,Urinary,Cluster_9,Cluster_69
GCA_018447515.1,CladeA,Lung,Cluster_41,Cluster_70
GCA_018448985.1,CladeB,Urinary,Cluster_16,Cluster_22
GCA_018457045.1,CladeB,Lung,Cluster_42,Cluster_71
GCA_018457125.1,CladeA,Lung,Cluster_1,Cluster_8
GCA_018476785.1,CladeA,Urinary,Cluster_1,Cluster_72
GCA_018551515.1,CladeB,Sputum,Cluster_12,Cluster_73
GCA_018551635.1,CladeA,Wound,Cluster_1,Cluster_8
GCA_018598165.2,CladeA,Lung,Cluster_43,Cluster_74
GCA_018598245.2,CladeA,Lung,Cluster_43,Cluster_74
GCA_018598285.3,CladeA,Lung,Cluster_43,Cluster_74
GCA_018724925.1,CladeA,CF,Cluster_5,Cluster_75
GCA_018724945.1,CladeA,CF,Cluster_5,Cluster_76
GCA_018724965.1,CladeA,CF,Cluster_5,Cluster_77
GCA_018736165.1,CladeA,CF,Cluster_44,Cluster_78
GCA_018920465.1,CladeA,CF,Cluster_20,Cluster_79
GCA_018920495.1,CladeB,Aquatic,Cluster_11,Cluster_80
GCA_018920525.1,CladeB,Aquatic,Cluster_11,Cluster_80
GCA_018920545.1,CladeB,Aquatic,Cluster_11,Cluster_80
GCA_018920565.1,CladeB,Aquatic,Cluster_11,Cluster_80
GCA_018920605.1,CladeB,Aquatic,Cluster_11,Cluster_80
GCA_018920645.1,CladeB,Aquatic,Cluster_11,Cluster_81
GCA_018920695.1,CladeB,Aquatic,Cluster_11,Cluster_80
GCA_018920705.1,CladeB,Aquatic,Cluster_11,Cluster_80
GCA_018920745.1,CladeB,Aquatic,Cluster_11,Cluster_82
GCA_018920765.1,CladeB,Aquatic,Cluster_11,Cluster_80
GCA_018966565.1,CladeB,Blood,Cluster_45,Cluster_83
GCA_018966585.1,CladeA,Blood,Cluster_46,Cluster_84
GCA_018966645.1,CladeA,Blood,Cluster_47,Cluster_85
GCA_018966685.1,CladeB,Blood,Cluster_45,Cluster_83
GCA_018966695.1,CladeB,Blood,Cluster_17,Cluster_86
GCA_018966705.1,CladeA,Blood,Cluster_33,Cluster_87
GCA_019022575.1,CladeA,Blood,Cluster_48,Cluster_88
GCA_019022585.1,CladeA,Wound,Cluster_9,Cluster_89
GCA_019022735.1,CladeA,Blood,Cluster_5,Cluster_90
GCA_019084125.3,CladeB,Ear,Cluster_49,Cluster_91
GCA_019165005.1,CladeB,Blood,Cluster_11,Cluster_92
GCA_019165015.1,CladeA,Blood,Cluster_35,Cluster_93
GCA_019165025.1,CladeA,Blood,Cluster_30,Cluster_94
GCA_019165065.1,CladeA,Blood,Cluster_50,Cluster_95
GCA_019165095.1,CladeA,Blood,Cluster_51,Cluster_96
GCA_019165125.1,CladeB,Blood,Cluster_11,Cluster_92
GCA_019165145.1,CladeB,Blood,Cluster_17,Cluster_97
GCA_019165155.1,CladeB,Blood,Cluster_52,Cluster_98
GCA_019165185.1,CladeA,Blood,Cluster_51,Cluster_96
GCA_019165205.1,CladeA,Blood,Cluster_53,Cluster_99
GCA_019165225.1,CladeB,Blood,Cluster_17,Cluster_100
GCA_019165235.1,CladeA,Blood,Cluster_5,Cluster_101
GCA_019165265.1,CladeA,Blood,Cluster_1,Cluster_102
GCA_019165285.1,CladeA,Blood,Cluster_2,Cluster_103
GCA_019165305.1,CladeA,Blood,Cluster_34,Cluster_104
GCA_019165325.1,CladeA,Blood,Cluster_20,Cluster_105
GCA_019165345.1,CladeA,Blood,Cluster_24,Cluster_106
GCA_019165385.1,CladeA,Blood,Cluster_53,Cluster_99
GCA_019165405.1,CladeA,Blood,Cluster_24,Cluster_107
GCA_019165425.1,CladeA,Blood,Cluster_24,Cluster_107
GCA_019165525.1,CladeA,Blood,Cluster_10,Cluster_108
GCA_019165985.1,CladeA,Blood,Cluster_5,Cluster_109
GCA_019166005.1,CladeA,Blood,Cluster_10,Cluster_110
GCA_019166025.1,CladeA,Blood,Cluster_14,Cluster_111
GCA_019166165.1,CladeA,Blood,Cluster_1,Cluster_112
GCA_019166225.1,CladeA,Blood,Cluster_40,Cluster_113
GCA_019166235.1,CladeA,Blood,Cluster_10,Cluster_114
GCA_019166245.1,CladeA,Blood,Cluster_10,Cluster_115
GCA_019166265.1,CladeA,Blood,Cluster_5,Cluster_116
GCA_019166275.1,CladeA,Blood,Cluster_1,Cluster_117
GCA_019166325.1,CladeA,Blood,Cluster_20,Cluster_118
GCA_019166345.1,CladeA,Blood,Cluster_37,Cluster_119
GCA_019166355.1,CladeA,Blood,Cluster_54,Cluster_120
GCA_019166365.1,CladeB,Blood,Cluster_55,Cluster_121
GCA_019166405.1,CladeA,Blood,Cluster_35,Cluster_122
GCA_019166425.1,CladeB,Blood,Cluster_52,Cluster_123
GCA_019166445.1,CladeA,Blood,Cluster_9,Cluster_124
GCA_019166465.1,CladeA,Blood,Cluster_56,Cluster_125
GCA_019166485.1,CladeA,Blood,Cluster_2,Cluster_126
GCA_019166495.1,CladeB,Blood,Cluster_57,Cluster_127
GCA_019166525.1,CladeA,Blood,Cluster_35,Cluster_128
GCA_019166545.1,CladeA,Blood,Cluster_58,Cluster_129
GCA_019166565.1,CladeA,Blood,Cluster_59,Cluster_130
GCA_019166575.1,CladeA,Blood,Cluster_53,Cluster_131
GCA_019166605.1,CladeB,Blood,Cluster_16,Cluster_132
GCA_019166615.1,CladeA,Blood,Cluster_1,Cluster_133
GCA_019166645.1,CladeA,Blood,Cluster_60,Cluster_134
GCA_019166665.1,CladeA,Blood,Cluster_53,Cluster_131
GCA_019166675.1,CladeA,Blood,Cluster_5,Cluster_135
GCA_019166705.1,CladeB,Blood,Cluster_52,Cluster_136
GCA_019166725.1,CladeA,Blood,Cluster_10,Cluster_137
GCA_019166745.1,CladeA,Blood,Cluster_10,Cluster_138
GCA_019166765.1,CladeA,Blood,Cluster_40,Cluster_139
GCA_019166785.1,CladeA,Blood,Cluster_10,Cluster_140
GCA_019166795.1,CladeA,Blood,Cluster_40,Cluster_141
GCA_019166825.1,CladeB,Blood,Cluster_11,Cluster_142
GCA_019166865.1,CladeA,Blood,Cluster_53,Cluster_131
GCA_019166885.1,CladeA,Blood,Cluster_20,Cluster_143
GCA_019166905.1,CladeA,Blood,Cluster_61,Cluster_144
GCA_019166915.1,CladeA,Blood,Cluster_62,Cluster_145
GCA_019166935.1,CladeB,Blood,Cluster_57,Cluster_146
GCA_019166965.1,CladeA,Blood,Cluster_20,Cluster_147
GCA_019166985.1,CladeA,Blood,Cluster_53,Cluster_131
GCA_019166995.1,CladeA,Blood,Cluster_10,Cluster_148
GCA_019167005.1,CladeA,Blood,Cluster_10,Cluster_149
GCA_019167045.1,CladeA,Blood,Cluster_53,Cluster_131
GCA_019167065.1,CladeA,Blood,Cluster_1,Cluster_133
GCA_019167085.1,CladeA,Blood,Cluster_24,Cluster_150
GCA_019167105.1,CladeA,Blood,Cluster_63,Cluster_151
GCA_019167115.1,CladeA,Blood,Cluster_35,Cluster_128
GCA_019167125.1,CladeB,Blood,Cluster_17,Cluster_152
GCA_019167165.1,CladeB,Blood,Cluster_64,Cluster_153
GCA_019167185.1,CladeA,Blood,Cluster_43,Cluster_154
GCA_019167205.1,CladeA,Blood,Cluster_28,Cluster_155
GCA_019167215.1,CladeA,Blood,Cluster_25,Cluster_37
GCA_019167245.1,CladeA,Blood,Cluster_65,Cluster_156
GCA_019167265.1,CladeA,Blood,Cluster_40,Cluster_157
GCA_019167285.1,CladeA,Blood,Cluster_9,Cluster_158
GCA_019167315.1,CladeA,Blood,Cluster_66,Cluster_159
GCA_019167365.1,CladeA,Blood,Cluster_24,Cluster_106
GCA_019167385.1,CladeA,Blood,Cluster_24,Cluster_106
GCA_019167405.1,CladeB,Blood,Cluster_11,Cluster_160
GCA_019167415.1,CladeA,Blood,Cluster_67,Cluster_161
GCA_019167435.1,CladeA,Blood,Cluster_68,Cluster_162
GCA_019167445.1,CladeA,Blood,Cluster_24,Cluster_106
GCA_019167485.1,CladeA,Blood,Cluster_10,Cluster_163
GCA_019167505.1,CladeA,Blood,Cluster_50,Cluster_164
GCA_019167525.1,CladeA,Blood,Cluster_5,Cluster_165
GCA_019167535.1,CladeA,Blood,Cluster_69,Cluster_166
GCA_019167565.1,CladeA,Blood,Cluster_5,Cluster_167
GCA_019167585.1,CladeA,Blood,Cluster_5,Cluster_168
GCA_019167595.1,CladeA,Blood,Cluster_70,Cluster_169
GCA_019167625.1,CladeA,Blood,Cluster_71,Cluster_170
GCA_019167645.1,CladeA,Blood,Cluster_5,Cluster_101
GCA_019167665.1,CladeA,Blood,Cluster_24,Cluster_106
GCA_019167685.1,CladeA,Blood,Cluster_72,Cluster_171
GCA_019167705.1,CladeA,Blood,Cluster_24,Cluster_172
GCA_019167725.1,CladeA,Blood,Cluster_10,Cluster_173
GCA_019167735.1,CladeA,Blood,Cluster_2,Cluster_174
GCA_019167765.1,CladeA,Blood,Cluster_10,Cluster_175
GCA_019167775.1,CladeA,Blood,Cluster_56,Cluster_125
GCA_019167805.1,CladeA,Blood,Cluster_43,Cluster_176
GCA_019167825.1,CladeA,Blood,Cluster_5,Cluster_109
GCA_019167845.1,CladeA,Blood,Cluster_1,Cluster_177
GCA_019167865.1,CladeA,Blood,Cluster_2,Cluster_174
GCA_019167875.1,CladeA,Blood,Cluster_73,Cluster_178
GCA_019167905.1,CladeA,Blood,Cluster_20,Cluster_143
GCA_019167925.1,CladeA,Blood,Cluster_43,Cluster_176
GCA_019167935.1,CladeA,Blood,Cluster_66,Cluster_179
GCA_019167945.1,CladeB,Blood,Cluster_11,Cluster_180
GCA_019167985.1,CladeA,Blood,Cluster_53,Cluster_131
GCA_019168035.1,CladeA,Blood,Cluster_53,Cluster_131
GCA_019168065.1,CladeA,Blood,Cluster_53,Cluster_131
GCA_019168085.1,CladeA,Blood,Cluster_1,Cluster_181
GCA_019168105.1,CladeA,Blood,Cluster_63,Cluster_182
GCA_019168125.1,CladeA,Blood,Cluster_63,Cluster_182
GCA_019168145.1,CladeA,Blood,Cluster_63,Cluster_182
GCA_019168165.1,CladeA,Blood,Cluster_74,Cluster_183
GCA_019168185.1,CladeA,Blood,Cluster_60,Cluster_184
GCA_019168245.1,CladeB,Blood,Cluster_16,Cluster_132
GCA_019168255.1,CladeA,Blood,Cluster_56,Cluster_185
GCA_019281605.1,CladeA,Urinary,Cluster_38,Cluster_3629
GCA_019281655.1,CladeB,Urinary,Cluster_17,Cluster_3630
GCA_019281675.1,CladeA,Lung,Cluster_28,Cluster_3631
GCA_019281695.1,CladeB,Lung,Cluster_126,Cluster_3632
GCA_019281735.1,CladeB,Urinary,Cluster_16,Cluster_3633
GCA_019281795.1,CladeB,Urinary,Cluster_17,Cluster_3634
GCA_019281855.1,CladeB,Lung,Cluster_126,Cluster_3632
GCA_019281935.1,CladeA,Urinary,Cluster_35,Cluster_3635
GCA_019324825.1,CladeB,Wound,Cluster_11,Cluster_186
GCA_019430005.1,CladeA,Lung,Cluster_1,Cluster_187
GCA_019430465.1,CladeA,Lung,Cluster_5,Cluster_188
GCA_019430485.1,CladeA,Lung,Cluster_75,Cluster_189
GCA_019430535.1,CladeB,Urinary,Cluster_11,Cluster_190
GCA_019430605.1,CladeA,Urinary,Cluster_1,Cluster_191
GCA_019430635.1,CladeA,Urinary,Cluster_5,Cluster_192
GCA_019430665.1,CladeB,Wound,Cluster_76,Cluster_193
GCA_019430685.1,CladeA,Lung,Cluster_1,Cluster_194
GCA_019434075.1,CladeA,Sputum,Cluster_10,Cluster_195
GCA_019434095.1,CladeA,Sputum,Cluster_24,Cluster_196
GCA_019434135.1,CladeA,Sputum,Cluster_77,Cluster_197
GCA_019434195.1,CladeA,Sputum,Cluster_75,Cluster_198
GCA_019434235.1,CladeA,Rectal/Feces,Cluster_10,Cluster_30
GCA_019686225.1,CladeB,Sputum,Cluster_55,Cluster_121
GCA_019686305.1,CladeA,Wound,Cluster_78,Cluster_199
GCA_019686335.1,CladeB,Sputum,Cluster_11,Cluster_200
GCA_019686345.1,CladeA,Sputum,Cluster_79,Cluster_201
GCA_019686355.1,CladeA,Wound,Cluster_78,Cluster_202
GCA_019686395.1,CladeB,Sputum,Cluster_80,Cluster_203
GCA_019686415.1,CladeB,Sputum,Cluster_81,Cluster_204
GCA_019686435.1,CladeA,Sputum,Cluster_41,Cluster_205
GCA_019686455.1,CladeB,Sputum,Cluster_11,Cluster_206
GCA_019686495.1,CladeA,Sputum,Cluster_82,Cluster_207
GCA_019686525.1,CladeA,Lung,Cluster_61,Cluster_208
GCA_019686555.1,CladeB,Sputum,Cluster_57,Cluster_209
GCA_019686575.1,CladeA,Sputum,Cluster_43,Cluster_210
GCA_019686615.1,CladeA,Lung,Cluster_58,Cluster_211
GCA_019686625.1,CladeA,Sputum,Cluster_83,Cluster_212
GCA_019686665.1,CladeA,Urinary,Cluster_43,Cluster_210
GCA_019686695.1,CladeA,Sputum,Cluster_43,Cluster_210
GCA_019686715.1,CladeA,Sputum,Cluster_10,Cluster_213
GCA_019686735.1,CladeB,Lung,Cluster_84,Cluster_214
GCA_019686755.1,CladeA,Sputum,Cluster_5,Cluster_215
GCA_019686775.1,CladeA,Urinary,Cluster_5,Cluster_216
GCA_019686785.1,CladeB,Sputum,Cluster_16,Cluster_217
GCA_019686815.1,CladeA,Sputum,Cluster_43,Cluster_218
GCA_019686855.1,CladeB,Built.Environment,Cluster_11,Cluster_219
GCA_019686875.1,CladeA,Urinary,Cluster_53,Cluster_220
GCA_019686895.1,CladeA,Sputum,Cluster_53,Cluster_220
GCA_019686905.1,CladeA,Sputum,Cluster_53,Cluster_220
GCA_019686935.1,CladeA,Sputum,Cluster_5,Cluster_221
GCA_019686965.1,CladeA,Sputum,Cluster_53,Cluster_220
GCA_019686995.1,CladeA,Sputum,Cluster_53,Cluster_220
GCA_019687035.1,CladeA,Sputum,Cluster_53,Cluster_220
GCA_019687055.1,CladeA,Lung,Cluster_5,Cluster_222
GCA_019687075.1,CladeA,Lung,Cluster_85,Cluster_223
GCA_019687115.1,CladeA,Blood,Cluster_86,Cluster_224
GCA_019687135.1,CladeA,Sputum,Cluster_41,Cluster_225
GCA_019687175.1,CladeA,Urinary,Cluster_87,Cluster_226
GCA_019687195.1,CladeA,Sputum,Cluster_20,Cluster_227
GCA_019687205.1,CladeA,Sputum,Cluster_3,Cluster_228
GCA_019687225.1,CladeB,Sputum,Cluster_55,Cluster_229
GCA_019687255.1,CladeA,Blood,Cluster_20,Cluster_230
GCA_019687265.1,CladeB,Sputum,Cluster_11,Cluster_231
GCA_019687325.1,CladeA,Sputum,Cluster_66,Cluster_232
GCA_019687355.1,CladeA,Sputum,Cluster_1,Cluster_233
GCA_019687365.1,CladeA,Lung,Cluster_43,Cluster_234
GCA_019687395.1,CladeA,Lung,Cluster_5,Cluster_235
GCA_019687415.1,CladeB,Sputum,Cluster_7,Cluster_236
GCA_019687425.1,CladeB,Blood,Cluster_45,Cluster_237
GCA_019687465.1,CladeB,Blood,Cluster_45,Cluster_237
GCA_019687495.1,CladeA,Blood,Cluster_34,Cluster_238
GCA_019687525.1,CladeA,Lung,Cluster_41,Cluster_205
GCA_019687545.1,CladeB,Lung,Cluster_88,Cluster_239
GCA_019687575.1,CladeB,Sputum,Cluster_11,Cluster_231
GCA_019687595.1,CladeB,Sputum,Cluster_11,Cluster_231
GCA_019687615.1,CladeA,Lung,Cluster_89,Cluster_240
GCA_019687635.1,CladeB,Sputum,Cluster_16,Cluster_241
GCA_019687645.1,CladeA,Lung,Cluster_34,Cluster_242
GCA_019687675.1,CladeB,Sputum,Cluster_11,Cluster_231
GCA_019687715.1,CladeB,Sputum,Cluster_81,Cluster_243
GCA_019687725.1,CladeA,Sputum,Cluster_90,Cluster_244
GCA_019687755.1,CladeB,Lung,Cluster_91,Cluster_245
GCA_019687775.1,CladeB,Sputum,Cluster_11,Cluster_231
GCA_019687815.1,CladeB,Sputum,Cluster_11,Cluster_231
GCA_019687835.1,CladeA,Lung,Cluster_58,Cluster_246
GCA_019687855.1,CladeA,Sputum,Cluster_34,Cluster_247
GCA_019687875.1,CladeA,Sputum,Cluster_58,Cluster_246
GCA_019687895.1,CladeA,Sputum,Cluster_92,Cluster_248
GCA_019687915.1,CladeA,Sputum,Cluster_92,Cluster_248
GCA_019687935.1,CladeA,Sputum,Cluster_92,Cluster_248
GCA_019687955.1,CladeA,Sputum,Cluster_87,Cluster_249
GCA_019687975.1,CladeA,Sputum,Cluster_93,Cluster_250
GCA_019688005.1,CladeA,Sputum,Cluster_92,Cluster_248
GCA_019688035.1,CladeA,Sputum,Cluster_94,Cluster_251
GCA_019688055.1,CladeA,Urinary,Cluster_3,Cluster_252
GCA_019688075.1,CladeA,Sputum,Cluster_5,Cluster_253
GCA_019688095.1,CladeA,Sputum,Cluster_95,Cluster_254
GCA_019688115.1,CladeA,Lung,Cluster_96,Cluster_255
GCA_019688135.1,CladeB,Sputum,Cluster_11,Cluster_256
GCA_019688155.1,CladeA,Sputum,Cluster_41,Cluster_205
GCA_019688175.1,CladeA,Sputum,Cluster_41,Cluster_205
GCA_019688195.1,CladeA,Sputum,Cluster_10,Cluster_257
GCA_019688215.1,CladeA,Lung,Cluster_5,Cluster_258
GCA_019688235.1,CladeA,Urinary,Cluster_92,Cluster_259
GCA_019688275.1,CladeA,Blood,Cluster_43,Cluster_260
GCA_019688295.1,CladeA,Sputum,Cluster_94,Cluster_261
GCA_019688305.1,CladeA,Sputum,Cluster_68,Cluster_262
GCA_019688335.1,CladeB,Sputum,Cluster_45,Cluster_263
GCA_019688375.1,CladeA,Lung,Cluster_97,Cluster_264
GCA_019688455.1,CladeA,Sputum,Cluster_25,Cluster_265
GCA_019688475.1,CladeA,Lung,Cluster_10,Cluster_266
GCA_019688515.1,CladeB,Lung,Cluster_11,Cluster_256
GCA_019688525.1,CladeA,Sputum,Cluster_58,Cluster_267
GCA_019688555.1,CladeA,Built.Environment,Cluster_10,Cluster_268
GCA_019688575.1,CladeA,Blood,Cluster_24,Cluster_269
GCA_019688595.1,CladeA,Lung,Cluster_10,Cluster_270
GCA_019688615.1,CladeA,Blood,Cluster_34,Cluster_271
GCA_019688625.1,CladeA,Lung,Cluster_46,Cluster_272
GCA_019688675.1,CladeA,Sputum,Cluster_98,Cluster_273
GCA_019688695.1,CladeA,Throat,Cluster_94,Cluster_274
GCA_019688755.1,CladeA,Sputum,Cluster_24,Cluster_275
GCA_019690155.1,CladeA,Sputum,Cluster_3,Cluster_228
GCA_019690195.1,CladeA,Sputum,Cluster_5,Cluster_276
GCA_019690205.1,CladeA,Sputum,Cluster_85,Cluster_223
GCA_019690235.1,CladeA,Sputum,Cluster_43,Cluster_277
GCA_019690255.1,CladeA,Lung,Cluster_20,Cluster_278
GCA_019690275.1,CladeB,Sputum,Cluster_16,Cluster_217
GCA_019690295.1,CladeA,Urinary,Cluster_43,Cluster_279
GCA_019690305.1,CladeB,Sputum,Cluster_11,Cluster_280
GCA_019690335.1,CladeA,Wound,Cluster_5,Cluster_281
GCA_019690355.1,CladeA,Sputum,Cluster_43,Cluster_282
GCA_019690375.1,CladeA,Wound,Cluster_5,Cluster_283
GCA_019690395.1,CladeA,Wound,Cluster_5,Cluster_281
GCA_019690455.1,CladeB,Sputum,Cluster_11,Cluster_256
GCA_019690495.1,CladeB,Sputum,Cluster_11,Cluster_256
GCA_019690515.1,CladeB,Sputum,Cluster_12,Cluster_284
GCA_019690555.1,CladeA,Lung,Cluster_99,Cluster_285
GCA_019690575.1,CladeA,Lung,Cluster_5,Cluster_281
GCA_019690605.1,CladeA,Lung,Cluster_5,Cluster_281
GCA_019690625.1,CladeA,Lung,Cluster_5,Cluster_281
GCA_019690695.1,CladeB,Sputum,Cluster_11,Cluster_256
GCA_019690715.1,CladeB,Lung,Cluster_11,Cluster_256
GCA_019690735.1,CladeA,Lung,Cluster_99,Cluster_285
GCA_019690745.1,CladeA,Sputum,Cluster_5,Cluster_286
GCA_019690775.1,CladeA,Sputum,Cluster_5,Cluster_281
GCA_019690795.1,CladeA,Lung,Cluster_99,Cluster_285
GCA_019690815.1,CladeA,Sputum,Cluster_5,Cluster_281
GCA_019690835.1,CladeB,Sputum,Cluster_11,Cluster_256
GCA_019690855.1,CladeB,Sputum,Cluster_11,Cluster_256
GCA_019690875.1,CladeA,Sputum,Cluster_99,Cluster_285
GCA_019690915.1,CladeA,Sputum,Cluster_20,Cluster_287
GCA_019690935.1,CladeB,Sputum,Cluster_11,Cluster_256
GCA_019690955.1,CladeA,Sputum,Cluster_20,Cluster_287
GCA_019690975.1,CladeA,Sputum,Cluster_99,Cluster_285
GCA_019690995.1,CladeA,Lung,Cluster_99,Cluster_285
GCA_019691025.1,CladeA,Wound,Cluster_99,Cluster_285
GCA_019691075.1,CladeB,Throat,Cluster_16,Cluster_288
GCA_019691095.1,CladeB,Urinary,Cluster_16,Cluster_289
GCA_019691135.1,CladeA,Sputum,Cluster_5,Cluster_286
GCA_019691165.1,CladeA,Sputum,Cluster_100,Cluster_290
GCA_019691195.1,CladeA,Sputum,Cluster_101,Cluster_291
GCA_019691215.1,CladeA,Urinary,Cluster_102,Cluster_292
GCA_019738995.2,CladeA,Burn,Cluster_50,Cluster_293
GCA_019758675.1,CladeA,CF,Cluster_103,Cluster_294
GCA_019758955.1,CladeA,CF,Cluster_48,Cluster_295
GCA_019781145.1,CladeB,Pneumonia,Cluster_16,Cluster_22
GCA_019781155.1,CladeB,Rectal/Feces,Cluster_16,Cluster_22
GCA_019797635.1,CladeB,Urinary,Cluster_12,Cluster_296
GCA_019800235.1,CladeA,Blood,Cluster_5,Cluster_297
GCA_019800405.1,CladeA,Pneumonia,Cluster_26,Cluster_298
GCA_019915445.1,CladeA,Wound,Cluster_5,Cluster_299
GCA_019915465.1,CladeB,Lung,Cluster_52,Cluster_300
GCA_019990675.1,CladeA,CF,Cluster_10,Cluster_301
GCA_019991065.1,CladeA,Sputum,Cluster_10,Cluster_302
GCA_019991095.1,CladeA,Sputum,Cluster_10,Cluster_302
GCA_020011175.1,CladeA,Rectal/Feces,Cluster_24,Cluster_303
GCA_020035975.1,CladeA,Blood,Cluster_10,Cluster_30
GCA_020035985.1,CladeB,Blood,Cluster_12,Cluster_304
GCA_020036015.1,CladeA,Blood,Cluster_104,Cluster_305
GCA_020036025.1,CladeA,Blood,Cluster_10,Cluster_30
GCA_020036055.1,CladeA,Blood,Cluster_105,Cluster_306
GCA_020036075.1,CladeA,Blood,Cluster_10,Cluster_30
GCA_020036095.1,CladeA,Blood,Cluster_10,Cluster_30
GCA_020036115.1,CladeA,Blood,Cluster_106,Cluster_307
GCA_020036135.1,CladeA,Blood,Cluster_20,Cluster_308
GCA_020036155.1,CladeA,Blood,Cluster_99,Cluster_309
GCA_020036175.1,CladeB,Blood,Cluster_81,Cluster_310
GCA_020036195.1,CladeA,Blood,Cluster_5,Cluster_311
GCA_020036215.1,CladeB,Blood,Cluster_17,Cluster_312
GCA_020036235.1,CladeA,Blood,Cluster_96,Cluster_313
GCA_020036255.1,CladeA,Blood,Cluster_5,Cluster_314
GCA_020036275.1,CladeA,Blood,Cluster_10,Cluster_30
GCA_020036295.1,CladeA,Blood,Cluster_10,Cluster_30
GCA_020036315.1,CladeA,Blood,Cluster_10,Cluster_30
GCA_020036335.1,CladeA,Blood,Cluster_5,Cluster_315
GCA_020036355.1,CladeA,Blood,Cluster_10,Cluster_30
GCA_020036375.1,CladeA,Blood,Cluster_20,Cluster_316
GCA_020036385.1,CladeA,Blood,Cluster_10,Cluster_30
GCA_020036395.1,CladeA,Blood,Cluster_10,Cluster_30
GCA_020036435.1,CladeA,Blood,Cluster_10,Cluster_30
GCA_020036455.1,CladeA,Blood,Cluster_10,Cluster_30
GCA_020036475.1,CladeA,Blood,Cluster_10,Cluster_30
GCA_020036495.1,CladeA,Blood,Cluster_10,Cluster_30
GCA_020036505.1,CladeA,Blood,Cluster_107,Cluster_317
GCA_020036535.1,CladeA,Blood,Cluster_108,Cluster_318
GCA_020036555.1,CladeA,Blood,Cluster_65,Cluster_319
GCA_020036575.1,CladeA,Blood,Cluster_10,Cluster_30
GCA_020036595.1,CladeA,Blood,Cluster_53,Cluster_320
GCA_020036605.1,CladeA,Blood,Cluster_43,Cluster_321
GCA_020036615.1,CladeA,Blood,Cluster_109,Cluster_322
GCA_020036625.1,CladeA,Blood,Cluster_110,Cluster_323
GCA_020036675.1,CladeA,Blood,Cluster_10,Cluster_30
GCA_020036695.1,CladeA,Blood,Cluster_10,Cluster_30
GCA_020036715.1,CladeA,Blood,Cluster_10,Cluster_30
GCA_020036725.1,CladeB,Blood,Cluster_81,Cluster_324
GCA_020036755.1,CladeA,Blood,Cluster_10,Cluster_30
GCA_020036775.1,CladeA,Blood,Cluster_96,Cluster_313
GCA_020036785.1,CladeA,Blood,Cluster_10,Cluster_325
GCA_020036815.1,CladeA,Blood,Cluster_10,Cluster_30
GCA_020036825.1,CladeA,Blood,Cluster_87,Cluster_249
GCA_020036855.1,CladeA,Blood,Cluster_10,Cluster_30
GCA_020036875.1,CladeA,Blood,Cluster_111,Cluster_326
GCA_020036895.1,CladeB,Blood,Cluster_16,Cluster_327
GCA_020036905.1,CladeA,Blood,Cluster_10,Cluster_30
GCA_020036935.1,CladeA,Blood,Cluster_10,Cluster_30
GCA_020036955.1,CladeA,Blood,Cluster_103,Cluster_328
GCA_020036975.1,CladeA,Blood,Cluster_10,Cluster_30
GCA_020072085.1,CladeA,Plant,Cluster_20,Cluster_287
GCA_020072145.1,CladeA,Plant,Cluster_20,Cluster_287
GCA_020072185.1,CladeA,Plant,Cluster_5,Cluster_329
GCA_020072205.1,CladeA,Plant,Cluster_5,Cluster_329
GCA_020072275.1,CladeA,Plant,Cluster_5,Cluster_329
GCA_020102795.1,CladeA,CF,Cluster_39,Cluster_65
GCA_020404715.1,CladeB,Wound,Cluster_11,Cluster_330
GCA_020404825.1,CladeB,Urinary,Cluster_11,Cluster_330
GCA_020404885.1,CladeA,Lung,Cluster_1,Cluster_906
GCA_020405505.1,CladeA,CF,Cluster_36,Cluster_331
GCA_020406275.1,CladeA,CF,Cluster_10,Cluster_30
GCA_020406285.1,CladeA,CF,Cluster_36,Cluster_331
GCA_020406295.1,CladeA,CF,Cluster_10,Cluster_30
GCA_020406305.1,CladeA,CF,Cluster_10,Cluster_30
GCA_020406315.1,CladeA,CF,Cluster_10,Cluster_30
GCA_020406375.1,CladeA,CF,Cluster_10,Cluster_30
GCA_020406385.1,CladeB,CF,Cluster_81,Cluster_332
GCA_020406405.1,CladeA,CF,Cluster_99,Cluster_333
GCA_020406475.1,CladeA,CF,Cluster_99,Cluster_334
GCA_020406485.1,CladeA,CF,Cluster_10,Cluster_30
GCA_020406515.1,CladeA,CF,Cluster_99,Cluster_335
GCA_020406535.1,CladeA,CF,Cluster_10,Cluster_30
GCA_020406555.1,CladeB,CF,Cluster_81,Cluster_332
GCA_020567355.1,CladeB,Sputum,Cluster_112,Cluster_336
GCA_020567465.1,CladeA,Urinary,Cluster_113,Cluster_337
GCA_020639435.1,CladeB,Blood,Cluster_114,Cluster_338
GCA_020639485.1,CladeB,Blood,Cluster_114,Cluster_338
GCA_020639495.1,CladeA,Blood,Cluster_1,Cluster_339
GCA_020639535.1,CladeA,Blood,Cluster_1,Cluster_339
GCA_020639545.1,CladeA,Blood,Cluster_38,Cluster_340
GCA_020639575.1,CladeA,Blood,Cluster_60,Cluster_184
GCA_020639585.1,CladeA,Blood,Cluster_28,Cluster_341
GCA_020639615.1,CladeA,Blood,Cluster_35,Cluster_342
GCA_020639635.1,CladeA,Blood,Cluster_1,Cluster_339
GCA_020639655.1,CladeB,Blood,Cluster_114,Cluster_338
GCA_020639665.1,CladeB,Blood,Cluster_114,Cluster_338
GCA_020639715.1,CladeA,Blood,Cluster_1,Cluster_339
GCA_020639735.1,CladeB,Blood,Cluster_114,Cluster_338
GCA_020639755.1,CladeA,Blood,Cluster_115,Cluster_343
GCA_020639795.1,CladeA,Blood,Cluster_1,Cluster_344
GCA_020639815.1,CladeA,Blood,Cluster_20,Cluster_345
GCA_020639845.1,CladeA,Blood,Cluster_115,Cluster_343
GCA_020639875.1,CladeA,Blood,Cluster_10,Cluster_346
GCA_020639895.1,CladeA,Blood,Cluster_116,Cluster_347
GCA_020639915.1,CladeB,Blood,Cluster_52,Cluster_348
GCA_020639935.1,CladeB,Blood,Cluster_114,Cluster_338
GCA_020639945.1,CladeA,Blood,Cluster_14,Cluster_349
GCA_020639995.1,CladeA,Blood,Cluster_40,Cluster_350
GCA_020640015.1,CladeA,Blood,Cluster_56,Cluster_351
GCA_020640035.1,CladeA,Blood,Cluster_1,Cluster_339
GCA_020640075.1,CladeA,Blood,Cluster_26,Cluster_352
GCA_020640095.1,CladeA,Blood,Cluster_1,Cluster_339
GCA_020640115.1,CladeB,Blood,Cluster_114,Cluster_338
GCA_020640125.1,CladeA,Blood,Cluster_25,Cluster_37
GCA_020640135.1,CladeA,Blood,Cluster_117,Cluster_353
GCA_020640175.1,CladeA,Blood,Cluster_9,Cluster_354
GCA_020640195.1,CladeA,Blood,Cluster_59,Cluster_355
GCA_020640215.1,CladeA,Blood,Cluster_1,Cluster_339
GCA_020640235.1,CladeA,Blood,Cluster_1,Cluster_339
GCA_020640255.1,CladeA,Blood,Cluster_2,Cluster_356
GCA_020640275.1,CladeA,Blood,Cluster_118,Cluster_357
GCA_020640295.1,CladeB,Blood,Cluster_16,Cluster_358
GCA_020640335.1,CladeB,Blood,Cluster_52,Cluster_359
GCA_020640345.1,CladeA,Blood,Cluster_26,Cluster_352
GCA_020640375.1,CladeA,Blood,Cluster_115,Cluster_360
GCA_020640395.1,CladeA,Blood,Cluster_58,Cluster_361
GCA_020640415.1,CladeA,Blood,Cluster_1,Cluster_339
GCA_020640435.1,CladeA,Blood,Cluster_26,Cluster_352
GCA_020640455.1,CladeA,Blood,Cluster_115,Cluster_343
GCA_020640475.1,CladeB,Blood,Cluster_114,Cluster_338
GCA_020640485.1,CladeA,Blood,Cluster_1,Cluster_339
GCA_020640515.1,CladeA,Blood,Cluster_2,Cluster_362
GCA_020640525.1,CladeA,Blood,Cluster_1,Cluster_339
GCA_020640555.1,CladeA,Blood,Cluster_25,Cluster_37
GCA_020640575.1,CladeA,Blood,Cluster_10,Cluster_363
GCA_020640595.1,CladeA,Blood,Cluster_1,Cluster_339
GCA_020640605.1,CladeA,Blood,Cluster_119,Cluster_364
GCA_020640625.1,CladeA,Blood,Cluster_1,Cluster_339
GCA_020640655.1,CladeA,Blood,Cluster_66,Cluster_365
GCA_020640675.1,CladeA,Blood,Cluster_58,Cluster_366
GCA_020640705.1,CladeB,Blood,Cluster_114,Cluster_338
GCA_020640735.1,CladeA,Blood,Cluster_1,Cluster_339
GCA_020640795.1,CladeA,Blood,Cluster_1,Cluster_339
GCA_020640815.1,CladeA,Blood,Cluster_1,Cluster_339
GCA_020640835.1,CladeA,Blood,Cluster_120,Cluster_367
GCA_020640875.1,CladeB,Blood,Cluster_114,Cluster_338
GCA_020733525.1,CladeB,Lung,Cluster_11,Cluster_646
GCA_020771675.1,CladeA,Burn,Cluster_5,Cluster_368
GCA_020771755.1,CladeA,Burn,Cluster_121,Cluster_369
GCA_020781855.1,CladeA,Ocean,Cluster_122,Cluster_370
GCA_020905575.1,CladeB,Blood,Cluster_64,Cluster_371
GCA_020905595.1,CladeA,Blood,Cluster_95,Cluster_372
GCA_020905615.1,CladeA,Blood,Cluster_35,Cluster_373
GCA_020907765.1,CladeB,Terrestrial,Cluster_11,Cluster_374
GCA_020978345.1,CladeA,Aquatic,Cluster_2,Cluster_375
GCA_020990445.1,CladeB,Urinary,Cluster_11,Cluster_376
GCA_020990465.1,CladeA,Urinary,Cluster_1,Cluster_377
GCA_020990485.1,CladeA,Urinary,Cluster_1,Cluster_377
GCA_021012755.1,CladeB,Lung,Cluster_11,Cluster_378
GCA_021012775.1,CladeA,Sputum,Cluster_123,Cluster_379
GCA_021012805.1,CladeB,Lung,Cluster_11,Cluster_380
GCA_021013035.1,CladeA,Sputum,Cluster_124,Cluster_381
GCA_021013075.1,CladeA,Urinary,Cluster_1,Cluster_382
GCA_021013095.1,CladeA,Lung,Cluster_10,Cluster_383
GCA_021013115.1,CladeA,Sputum,Cluster_125,Cluster_384
GCA_021013135.1,CladeA,Sputum,Cluster_1,Cluster_382
GCA_021013155.1,CladeA,Lung,Cluster_1,Cluster_382
GCA_021013175.1,CladeA,Lung,Cluster_10,Cluster_385
GCA_021060785.1,CladeB,Blood,Cluster_126,Cluster_386
GCA_021060805.1,CladeA,Blood,Cluster_26,Cluster_387
GCA_021060815.1,CladeA,Blood,Cluster_26,Cluster_387
GCA_021060835.1,CladeA,Blood,Cluster_10,Cluster_388
GCA_021060945.1,CladeB,Blood,Cluster_127,Cluster_389
GCA_021060985.1,CladeA,Blood,Cluster_20,Cluster_390
GCA_021061005.1,CladeA,Blood,Cluster_10,Cluster_388
GCA_021061025.1,CladeA,Blood,Cluster_125,Cluster_391
GCA_021061045.1,CladeA,Blood,Cluster_1,Cluster_8
GCA_021061075.1,CladeA,Pneumonia,Cluster_1,Cluster_8
GCA_021061165.1,CladeA,Pneumonia,Cluster_10,Cluster_392
GCA_021061185.1,CladeB,Pneumonia,Cluster_11,Cluster_393
GCA_021061205.1,CladeA,Pneumonia,Cluster_10,Cluster_388
GCA_021061245.1,CladeA,Pneumonia,Cluster_1,Cluster_8
GCA_021061265.1,CladeB,Pneumonia,Cluster_11,Cluster_394
GCA_021061335.1,CladeA,Pneumonia,Cluster_10,Cluster_395
GCA_021061355.1,CladeA,Pneumonia,Cluster_26,Cluster_396
GCA_021061445.1,CladeA,Pneumonia,Cluster_50,Cluster_397
GCA_021166275.2,CladeA,Sputum,Cluster_128,Cluster_398
GCA_021166295.2,CladeA,Sputum,Cluster_94,Cluster_399
GCA_021166355.2,CladeA,Sputum,Cluster_129,Cluster_400
GCA_021166375.2,CladeA,Sputum,Cluster_120,Cluster_401
GCA_021184265.1,CladeB,Urinary,Cluster_130,Cluster_402
GCA_021249245.1,CladeA,Terrestrial,Cluster_34,Cluster_403
GCA_021294975.1,CladeB,CF,Cluster_11,Cluster_404
GCA_021295015.1,CladeB,CF,Cluster_11,Cluster_405
GCA_021295035.1,CladeB,CF,Cluster_11,Cluster_406
GCA_021295075.1,CladeB,CF,Cluster_11,Cluster_407
GCA_021378395.1,CladeA,Urinary,Cluster_1,Cluster_408
GCA_021391255.1,CladeA,Blood,Cluster_43,Cluster_409
GCA_021398755.1,CladeA,Lung,Cluster_35,Cluster_410
GCA_021432565.1,CladeA,Plant,Cluster_53,Cluster_411
GCA_021441525.1,CladeA,Sputum,Cluster_131,Cluster_412
GCA_021441545.1,CladeA,Sputum,Cluster_132,Cluster_413
GCA_021441565.1,CladeA,Wound,Cluster_69,Cluster_1593
GCA_021441585.1,CladeA,Wound,Cluster_133,Cluster_414
GCA_021441605.1,CladeB,Wound,Cluster_134,Cluster_415
GCA_021497305.1,CladeA,Lung,Cluster_1,Cluster_416
GCA_021497365.2,CladeA,Sputum,Cluster_5,Cluster_417
GCA_021497405.1,CladeB,Blood,Cluster_135,Cluster_418
GCA_021497425.1,CladeA,Lung,Cluster_34,Cluster_419
GCA_021497445.1,CladeA,Sputum,Cluster_75,Cluster_420
GCA_021502785.1,CladeA,Pneumonia,Cluster_10,Cluster_30
GCA_021502795.1,CladeA,Blood,Cluster_10,Cluster_30
GCA_021513595.1,CladeA,CF,Cluster_5,Cluster_421
GCA_021513615.1,CladeA,CF,Cluster_5,Cluster_421
GCA_021513635.1,CladeA,CF,Cluster_5,Cluster_421
GCA_021513675.1,CladeA,CF,Cluster_31,Cluster_422
GCA_021538595.1,CladeA,Aquatic,Cluster_136,Cluster_423
GCA_021538605.1,CladeA,Aquatic,Cluster_136,Cluster_423
GCA_021538635.1,CladeA,Aquatic,Cluster_136,Cluster_423
GCA_021573275.1,CladeB,Aquatic,Cluster_16,Cluster_424
GCA_021585035.3,CladeA,Urinary,Cluster_9,Cluster_425
GCA_021585115.3,CladeB,Wound,Cluster_137,Cluster_426
GCA_021585175.3,CladeB,Urinary,Cluster_11,Cluster_427
GCA_021590985.1,CladeA,Hospital.Environment,Cluster_9,Cluster_89
GCA_021591125.1,CladeB,Wound,Cluster_64,Cluster_428
GCA_021601605.3,CladeB,Wound,Cluster_64,Cluster_428
GCA_021601685.2,CladeB,Wound,Cluster_64,Cluster_429
GCA_021601745.3,CladeB,Skin,Cluster_64,Cluster_430
GCA_021601825.3,CladeA,Wound,Cluster_92,Cluster_431
GCA_021601885.1,CladeA,Wound,Cluster_24,Cluster_432
GCA_021601905.1,CladeA,Urinary,Cluster_19,Cluster_433
GCA_021602005.4,CladeA,Urinary,Cluster_90,Cluster_434
GCA_021602065.1,CladeA,Ear,Cluster_43,Cluster_435
GCA_021602105.1,CladeA,Ear,Cluster_26,Cluster_436
GCA_021610445.1,CladeB,Lung,Cluster_11,Cluster_437
GCA_021610465.1,CladeA,Wound,Cluster_9,Cluster_158
GCA_021610485.1,CladeA,Urinary,Cluster_5,Cluster_438
GCA_021614315.3,CladeA,Rectal/Feces,Cluster_50,Cluster_439
GCA_021614335.3,CladeA,Rectal/Feces,Cluster_50,Cluster_439
GCA_021614355.1,CladeB,Wound,Cluster_64,Cluster_430
GCA_021614415.1,CladeB,Sputum,Cluster_11,Cluster_440
GCA_021614495.1,CladeA,Sputum,Cluster_27,Cluster_441
GCA_021614615.1,CladeB,Urinary,Cluster_52,Cluster_442
GCA_021614635.1,CladeB,Sputum,Cluster_17,Cluster_443
GCA_021614675.1,CladeB,Urinary,Cluster_17,Cluster_443
GCA_021614695.1,CladeA,Urinary,Cluster_138,Cluster_444
GCA_021627875.3,CladeA,Urinary,Cluster_26,Cluster_445
GCA_021642185.3,CladeB,Lung,Cluster_11,Cluster_446
GCA_021642405.1,CladeB,Sputum,Cluster_11,Cluster_440
GCA_021642485.1,CladeA,Sputum,Cluster_27,Cluster_441
GCA_021643325.1,CladeB,Urinary,Cluster_64,Cluster_447
GCA_021643505.3,CladeB,Urinary,Cluster_52,Cluster_448
GCA_021643565.3,CladeB,Wound,Cluster_11,Cluster_449
GCA_021644225.1,CladeA,Sputum,Cluster_139,Cluster_450
GCA_021644245.3,CladeB,Wound,Cluster_11,Cluster_451
GCA_021644285.3,CladeB,Wound,Cluster_64,Cluster_430
GCA_021644425.2,CladeB,Wound,Cluster_64,Cluster_452
GCA_021644505.2,CladeB,Wound,Cluster_64,Cluster_453
GCA_021644705.3,CladeA,Wound,Cluster_140,Cluster_454
GCA_021645225.2,CladeB,Urinary,Cluster_64,Cluster_447
GCA_021645325.2,CladeB,Wound,Cluster_64,Cluster_455
GCA_021645405.1,CladeA,Wound,Cluster_141,Cluster_456
GCA_021645645.1,CladeB,Wound,Cluster_142,Cluster_457
GCA_021645945.1,CladeA,Wound,Cluster_10,Cluster_458
GCA_021645985.1,CladeB,Wound,Cluster_142,Cluster_457
GCA_021646025.1,CladeB,Wound,Cluster_142,Cluster_457
GCA_021646145.3,CladeA,Sputum,Cluster_20,Cluster_459
GCA_021646185.3,CladeA,Wound,Cluster_141,Cluster_460
GCA_021646285.2,CladeB,Wound,Cluster_52,Cluster_461
GCA_021646365.1,CladeA,Urinary,Cluster_1,Cluster_8
GCA_021651395.1,CladeB,Sputum,Cluster_11,Cluster_462
GCA_021656755.1,CladeA,Wound,Cluster_10,Cluster_463
GCA_021656975.1,CladeB,Urinary,Cluster_11,Cluster_464
GCA_021656995.1,CladeA,Sputum,Cluster_111,Cluster_465
GCA_021660055.1,CladeA,Urinary,Cluster_26,Cluster_466
GCA_021660775.3,CladeB,Wound,Cluster_52,Cluster_461
GCA_021660795.4,CladeB,Wound,Cluster_64,Cluster_467
GCA_021660815.2,CladeB,Wound,Cluster_64,Cluster_468
GCA_021660855.2,CladeB,Wound,Cluster_52,Cluster_469
GCA_021660875.3,CladeB,Wound,Cluster_64,Cluster_447
GCA_021660915.1,CladeB,Burn,Cluster_135,Cluster_470
GCA_021661575.3,CladeA,Sputum,Cluster_143,Cluster_471
GCA_021661655.3,CladeB,Wound,Cluster_64,Cluster_447
GCA_021661955.1,CladeA,Ear,Cluster_144,Cluster_472
GCA_021663155.3,CladeA,Sputum,Cluster_115,Cluster_473
GCA_021663215.1,CladeA,Sputum,Cluster_10,Cluster_474
GCA_021663395.1,CladeB,Urinary,Cluster_11,Cluster_475
GCA_021664695.3,CladeB,Lung,Cluster_145,Cluster_476
GCA_021664795.2,CladeB,Wound,Cluster_52,Cluster_477
GCA_021664815.3,CladeB,Sputum,Cluster_11,Cluster_478
GCA_021664935.1,CladeB,Sputum,Cluster_11,Cluster_478
GCA_021664955.3,CladeB,Lung,Cluster_11,Cluster_479
GCA_021665035.3,CladeB,Lung,Cluster_11,Cluster_478
GCA_021665175.1,CladeB,Urinary,Cluster_11,Cluster_478
GCA_021665235.1,CladeB,Sputum,Cluster_11,Cluster_478
GCA_021665395.4,CladeB,Lung,Cluster_17,Cluster_480
GCA_021666495.3,CladeA,Wound,Cluster_35,Cluster_342
GCA_021666535.1,CladeA,Wound,Cluster_5,Cluster_481
GCA_021666815.3,CladeB,Wound,Cluster_64,Cluster_428
GCA_021669215.3,CladeA,Urinary,Cluster_90,Cluster_482
GCA_021669235.3,CladeA,Wound,Cluster_116,Cluster_483
GCA_021669275.3,CladeB,Wound,Cluster_64,Cluster_430
GCA_021669335.3,CladeB,Wound,Cluster_64,Cluster_430
GCA_021669375.1,CladeB,Sputum,Cluster_64,Cluster_484
GCA_021669435.1,CladeA,Urinary,Cluster_90,Cluster_482
GCA_021669455.1,CladeA,Urinary,Cluster_90,Cluster_485
GCA_021669535.2,CladeB,Wound,Cluster_64,Cluster_430
GCA_021669555.3,CladeB,Urinary,Cluster_11,Cluster_486
GCA_021669735.3,CladeA,Wound,Cluster_26,Cluster_487
GCA_021669795.3,CladeA,Urinary,Cluster_5,Cluster_488
GCA_021669875.3,CladeA,Sputum,Cluster_24,Cluster_489
GCA_021670555.1,CladeA,CF,Cluster_20,Cluster_490
GCA_021670575.1,CladeA,CF,Cluster_20,Cluster_491
GCA_021670595.1,CladeA,CF,Cluster_20,Cluster_492
GCA_021670675.1,CladeA,CF,Cluster_20,Cluster_493
GCA_021670735.1,CladeA,CF,Cluster_20,Cluster_494
GCA_021670775.1,CladeA,CF,Cluster_20,Cluster_495
GCA_021671335.1,CladeA,Sputum,Cluster_146,Cluster_496
GCA_021673035.1,CladeA,Sputum,Cluster_10,Cluster_497
GCA_021673095.1,CladeA,Blood,Cluster_10,Cluster_498
GCA_021673395.1,CladeA,Sputum,Cluster_10,Cluster_499
GCA_021673485.1,CladeA,Urinary,Cluster_10,Cluster_500
GCA_021673555.1,CladeB,Urinary,Cluster_11,Cluster_501
GCA_021679115.1,CladeA,Lung,Cluster_70,Cluster_502
GCA_021679155.1,CladeA,Lung,Cluster_10,Cluster_503
GCA_021679195.1,CladeA,Lung,Cluster_87,Cluster_504
GCA_021679215.1,CladeA,Lung,Cluster_147,Cluster_505
GCA_021679235.1,CladeA,Lung,Cluster_148,Cluster_506
GCA_021679255.1,CladeB,Lung,Cluster_11,Cluster_507
GCA_021679275.1,CladeB,Aquatic,Cluster_55,Cluster_121
GCA_021679295.1,CladeA,Lung,Cluster_2,Cluster_508
GCA_021679315.1,CladeA,Aquatic,Cluster_1,Cluster_509
GCA_021679335.1,CladeA,Aquatic,Cluster_51,Cluster_510
GCA_021679355.1,CladeB,Aquatic,Cluster_11,Cluster_507
GCA_021679375.1,CladeA,Aquatic,Cluster_24,Cluster_511
GCA_021679395.1,CladeB,Aquatic,Cluster_11,Cluster_507
GCA_021679415.1,CladeA,Aquatic,Cluster_1,Cluster_512
GCA_021679455.1,CladeA,Aquatic,Cluster_2,Cluster_513
GCA_021679495.1,CladeA,Aquatic,Cluster_24,Cluster_514
GCA_021679515.1,CladeA,Aquatic,Cluster_1,Cluster_515
GCA_021679535.1,CladeA,Aquatic,Cluster_24,Cluster_514
GCA_021679555.1,CladeB,Aquatic,Cluster_55,Cluster_121
GCA_021679575.1,CladeB,Lung,Cluster_114,Cluster_516
GCA_021679595.1,CladeB,Aquatic,Cluster_55,Cluster_121
GCA_021679615.1,CladeB,Aquatic,Cluster_64,Cluster_153
GCA_021679655.1,CladeA,Aquatic,Cluster_5,Cluster_517
GCA_021679675.1,CladeA,Aquatic,Cluster_94,Cluster_518
GCA_021679695.1,CladeA,Aquatic,Cluster_51,Cluster_519
GCA_021679715.1,CladeB,Aquatic,Cluster_11,Cluster_507
GCA_021679755.1,CladeA,Aquatic,Cluster_1,Cluster_520
GCA_021679775.1,CladeB,Aquatic,Cluster_55,Cluster_121
GCA_021679815.1,CladeB,Aquatic,Cluster_42,Cluster_521
GCA_021679835.1,CladeA,Aquatic,Cluster_24,Cluster_522
GCA_021679855.1,CladeA,Aquatic,Cluster_1,Cluster_509
GCA_021679875.1,CladeA,Urinary,Cluster_58,Cluster_523
GCA_021679895.1,CladeB,Aquatic,Cluster_11,Cluster_507
GCA_021679915.1,CladeB,Urinary,Cluster_17,Cluster_524
GCA_021679935.1,CladeB,Lung,Cluster_11,Cluster_525
GCA_021679955.1,CladeA,Urinary,Cluster_110,Cluster_526
GCA_021679975.1,CladeB,Lung,Cluster_16,Cluster_527
GCA_021680015.1,CladeB,Lung,Cluster_114,Cluster_516
GCA_021680095.1,CladeA,Lung,Cluster_40,Cluster_528
GCA_021680115.1,CladeA,Lung,Cluster_20,Cluster_529
GCA_021680155.1,CladeA,Lung,Cluster_2,Cluster_508
GCA_021680175.1,CladeA,Lung,Cluster_58,Cluster_523
GCA_021680195.1,CladeB,Lung,Cluster_64,Cluster_153
GCA_021680215.1,CladeB,Urinary,Cluster_64,Cluster_153
GCA_021680235.1,CladeA,Urinary,Cluster_1,Cluster_530
GCA_021680255.1,CladeA,Lung,Cluster_149,Cluster_531
GCA_021680275.1,CladeB,Aquatic,Cluster_64,Cluster_153
GCA_021680315.1,CladeB,Aquatic,Cluster_17,Cluster_524
GCA_021680335.1,CladeA,Aquatic,Cluster_150,Cluster_532
GCA_021680355.1,CladeB,Aquatic,Cluster_11,Cluster_533
GCA_021680375.1,CladeB,Aquatic,Cluster_55,Cluster_534
GCA_021680395.1,CladeA,Aquatic,Cluster_26,Cluster_535
GCA_021680415.1,CladeA,Aquatic,Cluster_1,Cluster_509
GCA_021680435.1,CladeA,Aquatic,Cluster_5,Cluster_297
GCA_021680455.1,CladeA,Aquatic,Cluster_1,Cluster_536
GCA_021680475.1,CladeB,Aquatic,Cluster_55,Cluster_121
GCA_021680535.1,CladeA,Lung,Cluster_1,Cluster_520
GCA_021680555.1,CladeA,Urinary,Cluster_5,Cluster_537
GCA_021680595.1,CladeA,Lung,Cluster_110,Cluster_538
GCA_021680615.1,CladeA,Lung,Cluster_58,Cluster_523
GCA_021680655.1,CladeA,Aquatic,Cluster_24,Cluster_514
GCA_021680695.1,CladeA,Lung,Cluster_58,Cluster_523
GCA_021680715.1,CladeA,Aquatic,Cluster_58,Cluster_523
GCA_021680795.1,CladeB,Aquatic,Cluster_11,Cluster_539
GCA_021680815.1,CladeB,Urinary,Cluster_11,Cluster_507
GCA_021680835.1,CladeA,Urinary,Cluster_20,Cluster_540
GCA_021680895.1,CladeA,Lung,Cluster_58,Cluster_523
GCA_021680905.1,CladeB,Lung,Cluster_114,Cluster_516
GCA_021680935.1,CladeB,Aquatic,Cluster_151,Cluster_541
GCA_021680955.1,CladeA,Aquatic,Cluster_152,Cluster_542
GCA_021680975.1,CladeA,Aquatic,Cluster_75,Cluster_543
GCA_021680995.1,CladeB,Lung,Cluster_114,Cluster_516
GCA_021681075.1,CladeB,Aquatic,Cluster_11,Cluster_544
GCA_021681155.1,CladeB,Lung,Cluster_114,Cluster_516
GCA_021681195.1,CladeA,Lung,Cluster_1,Cluster_545
GCA_021681215.1,CladeB,Lung,Cluster_114,Cluster_516
GCA_021681235.1,CladeA,CF,Cluster_34,Cluster_546
GCA_021681255.1,CladeB,Lung,Cluster_114,Cluster_516
GCA_021681275.1,CladeB,Lung,Cluster_11,Cluster_507
GCA_021681295.1,CladeB,Lung,Cluster_114,Cluster_516
GCA_021681315.1,CladeA,CF,Cluster_34,Cluster_546
GCA_021681375.1,CladeA,CF,Cluster_34,Cluster_546
GCA_021681415.1,CladeA,CF,Cluster_34,Cluster_546
GCA_021681435.1,CladeA,CF,Cluster_41,Cluster_547
GCA_021681455.1,CladeA,CF,Cluster_34,Cluster_546
GCA_021681595.1,CladeA,CF,Cluster_56,Cluster_548
GCA_021681695.1,CladeA,CF,Cluster_68,Cluster_549
GCA_021681715.1,CladeA,CF,Cluster_68,Cluster_162
GCA_021681735.1,CladeA,CF,Cluster_56,Cluster_550
GCA_021681795.1,CladeA,CF,Cluster_56,Cluster_551
GCA_021681975.1,CladeA,CF,Cluster_34,Cluster_546
GCA_021682075.1,CladeA,CF,Cluster_34,Cluster_546
GCA_021682195.1,CladeA,CF,Cluster_68,Cluster_162
GCA_021682275.1,CladeA,CF,Cluster_34,Cluster_546
GCA_021682295.1,CladeA,CF,Cluster_34,Cluster_546
GCA_021682315.1,CladeA,CF,Cluster_56,Cluster_552
GCA_021682335.1,CladeA,CF,Cluster_56,Cluster_552
GCA_021682395.1,CladeA,CF,Cluster_68,Cluster_553
GCA_021682415.1,CladeA,CF,Cluster_56,Cluster_554
GCA_021682455.1,CladeA,CF,Cluster_56,Cluster_555
GCA_021682475.1,CladeA,CF,Cluster_56,Cluster_554
GCA_021682615.1,CladeA,CF,Cluster_34,Cluster_556
GCA_021682635.1,CladeA,CF,Cluster_34,Cluster_556
GCA_021682675.1,CladeA,CF,Cluster_34,Cluster_546
GCA_021682735.1,CladeA,CF,Cluster_56,Cluster_551
GCA_021682815.1,CladeA,CF,Cluster_56,Cluster_551
GCA_021682835.1,CladeA,CF,Cluster_34,Cluster_546
GCA_021682855.1,CladeA,CF,Cluster_41,Cluster_547
GCA_021682875.1,CladeA,CF,Cluster_34,Cluster_556
GCA_021682915.1,CladeA,CF,Cluster_34,Cluster_556
GCA_021682935.1,CladeA,CF,Cluster_41,Cluster_547
GCA_021682955.1,CladeA,CF,Cluster_68,Cluster_162
GCA_021682975.1,CladeA,CF,Cluster_34,Cluster_546
GCA_021683155.1,CladeA,CF,Cluster_58,Cluster_557
GCA_021689395.4,CladeA,Sputum,Cluster_153,Cluster_558
GCA_021693935.1,CladeA,Ocean,Cluster_10,Cluster_559
GCA_021693955.1,CladeA,Ocean,Cluster_53,Cluster_560
GCA_021694015.1,CladeA,Ocean,Cluster_10,Cluster_559
GCA_021694035.1,CladeA,Ocean,Cluster_53,Cluster_560
GCA_021695775.1,CladeA,Ocean,Cluster_10,Cluster_559
GCA_021696395.1,CladeA,Ocean,Cluster_56,Cluster_561
GCA_021696435.1,CladeA,Ocean,Cluster_56,Cluster_561
GCA_021696475.1,CladeA,Ocean,Cluster_56,Cluster_561
GCA_021696485.1,CladeA,Ocean,Cluster_56,Cluster_561
GCA_021696755.1,CladeA,Ocean,Cluster_56,Cluster_561
GCA_021696775.1,CladeA,Ocean,Cluster_56,Cluster_561
GCA_021696815.1,CladeA,Ocean,Cluster_56,Cluster_561
GCA_021696835.1,CladeA,Ocean,Cluster_56,Cluster_561
GCA_021697015.1,CladeA,Ocean,Cluster_56,Cluster_561
GCA_021697055.1,CladeA,Ocean,Cluster_56,Cluster_561
GCA_021697125.1,CladeA,Ocean,Cluster_56,Cluster_561
GCA_021700615.1,CladeB,Ocean,Cluster_114,Cluster_562
GCA_021703595.1,CladeA,Ocean,Cluster_10,Cluster_559
GCA_021704195.1,CladeA,Ocean,Cluster_10,Cluster_559
GCA_021704295.1,CladeA,Ocean,Cluster_53,Cluster_560
GCA_021704315.1,CladeA,Ocean,Cluster_53,Cluster_560
GCA_021704975.1,CladeA,Ocean,Cluster_53,Cluster_560
GCA_021705015.1,CladeA,Ocean,Cluster_53,Cluster_560
GCA_021705055.1,CladeA,Ocean,Cluster_53,Cluster_560
GCA_021705215.1,CladeA,Ocean,Cluster_53,Cluster_560
GCA_021705255.1,CladeA,Ocean,Cluster_53,Cluster_560
GCA_021705275.1,CladeA,Ocean,Cluster_53,Cluster_560
GCA_021705475.1,CladeA,Ocean,Cluster_10,Cluster_559
GCA_021705495.1,CladeA,Urinary,Cluster_154,Cluster_563
GCA_021705595.1,CladeA,Blood,Cluster_154,Cluster_563
GCA_021705615.3,CladeB,Urinary,Cluster_52,Cluster_564
GCA_021705755.3,CladeB,Urinary,Cluster_11,Cluster_565
GCA_021705775.1,CladeA,Wound,Cluster_10,Cluster_566
GCA_021705795.3,CladeA,Urinary,Cluster_29,Cluster_567
GCA_021705855.1,CladeB,Urinary,Cluster_11,Cluster_568
GCA_021705895.3,CladeB,Wound,Cluster_11,Cluster_569
GCA_021705955.3,CladeB,Urinary,Cluster_16,Cluster_22
GCA_021705975.3,CladeB,Urinary,Cluster_16,Cluster_22
GCA_021705995.3,CladeB,Wound,Cluster_11,Cluster_569
GCA_021708155.1,CladeB,Urinary,Cluster_11,Cluster_570
GCA_021708175.1,CladeB,Urinary,Cluster_11,Cluster_570
GCA_021708215.1,CladeB,Urinary,Cluster_11,Cluster_570
GCA_021708495.1,CladeB,Urinary,Cluster_11,Cluster_570
GCA_021708555.1,CladeB,Urinary,Cluster_11,Cluster_570
GCA_021708575.1,CladeB,Urinary,Cluster_11,Cluster_571
GCA_021708595.1,CladeB,Pneumonia,Cluster_11,Cluster_572
GCA_021712635.1,CladeA,Sputum,Cluster_20,Cluster_573
GCA_021712755.1,CladeA,Wound,Cluster_10,Cluster_574
GCA_021712775.1,CladeA,Sputum,Cluster_14,Cluster_575
GCA_021712815.1,CladeA,Lung,Cluster_2,Cluster_576
GCA_021712955.1,CladeB,Urinary,Cluster_11,Cluster_577
GCA_021730475.1,CladeB,Urinary,Cluster_155,Cluster_578
GCA_021739465.1,CladeB,Aquatic,Cluster_64,Cluster_153
GCA_021742045.1,CladeA,Sputum,Cluster_31,Cluster_579
GCA_021752625.3,CladeB,Sputum,Cluster_17,Cluster_580
GCA_021753005.3,CladeB,Urinary,Cluster_156,Cluster_581
GCA_021891925.1,CladeB,Lung,Cluster_114,Cluster_582
GCA_021891955.1,CladeA,Lung,Cluster_157,Cluster_583
GCA_021891975.1,CladeB,Lung,Cluster_17,Cluster_584
GCA_021891995.1,CladeA,Lung,Cluster_116,Cluster_585
GCA_021892005.1,CladeB,Lung,Cluster_158,Cluster_586
GCA_022106375.3,CladeB,Wound,Cluster_151,Cluster_587
GCA_022106975.1,CladeB,Wound,Cluster_64,Cluster_428
GCA_022107415.3,CladeB,Sputum,Cluster_11,Cluster_478
GCA_022107655.3,CladeB,Wound,Cluster_64,Cluster_428
GCA_022107675.1,CladeB,Wound,Cluster_64,Cluster_588
GCA_022117575.1,CladeA,Terrestrial,Cluster_50,Cluster_589
GCA_022213165.2,CladeA,Lung,Cluster_5,Cluster_590
GCA_022220245.1,CladeB,Sputum,Cluster_159,Cluster_591
GCA_022340945.1,CladeA,Lung,Cluster_160,Cluster_592
GCA_022340975.1,CladeA,Lung,Cluster_160,Cluster_592
GCA_022341005.1,CladeA,Sputum,Cluster_96,Cluster_593
GCA_022341025.1,CladeA,Sputum,Cluster_20,Cluster_227
GCA_022341045.1,CladeA,Lung,Cluster_20,Cluster_227
GCA_022341085.1,CladeA,Sputum,Cluster_96,Cluster_593
GCA_022341105.1,CladeA,Lung,Cluster_40,Cluster_594
GCA_022341125.1,CladeA,Lung,Cluster_40,Cluster_594
GCA_022341145.1,CladeA,Lung,Cluster_40,Cluster_594
GCA_022341175.1,CladeA,Lung,Cluster_245,Cluster_3636
GCA_022342405.1,CladeA,Lung,Cluster_20,Cluster_227
GCA_022342425.1,CladeA,Lung,Cluster_20,Cluster_227
GCA_022342485.1,CladeA,Lung,Cluster_40,Cluster_594
GCA_022342505.1,CladeA,Lung,Cluster_43,Cluster_595
GCA_022342525.1,CladeA,Lung,Cluster_43,Cluster_595
GCA_022342535.1,CladeA,Lung,Cluster_43,Cluster_595
GCA_022342565.1,CladeA,Sputum,Cluster_43,Cluster_595
GCA_022342575.1,CladeA,Sputum,Cluster_43,Cluster_595
GCA_022342605.1,CladeA,Sputum,Cluster_43,Cluster_595
GCA_022342625.1,CladeA,Sputum,Cluster_43,Cluster_595
GCA_022342635.1,CladeB,Urinary,Cluster_126,Cluster_386
GCA_022342655.1,CladeA,Sputum,Cluster_43,Cluster_595
GCA_022342685.1,CladeB,Sputum,Cluster_17,Cluster_596
GCA_022342705.1,CladeB,Sputum,Cluster_17,Cluster_596
GCA_022342725.1,CladeA,Sputum,Cluster_31,Cluster_579
GCA_022342745.1,CladeB,Sputum,Cluster_17,Cluster_596
GCA_022342765.1,CladeB,Sputum,Cluster_17,Cluster_596
GCA_022342785.1,CladeA,Sputum,Cluster_31,Cluster_579
GCA_022342805.1,CladeA,Lung,Cluster_90,Cluster_597
GCA_022342825.1,CladeA,Sputum,Cluster_90,Cluster_597
GCA_022342835.1,CladeA,Sputum,Cluster_90,Cluster_597
GCA_022342865.1,CladeA,Sputum,Cluster_90,Cluster_597
GCA_022424055.2,CladeA,Blood,Cluster_24,Cluster_598
GCA_022424105.1,CladeB,Blood,Cluster_21,Cluster_599
GCA_022424125.1,CladeA,Urinary,Cluster_5,Cluster_600
GCA_022430645.1,CladeA,Upper.Respiratory,Cluster_161,Cluster_601
GCA_022453765.1,CladeA,Terrestrial,Cluster_47,Cluster_602
GCA_022453825.1,CladeB,Plant,Cluster_126,Cluster_603
GCA_022475555.3,CladeB,Wound,Cluster_64,Cluster_428
GCA_022487965.1,CladeA,CF,Cluster_10,Cluster_604
GCA_022488025.1,CladeA,CF,Cluster_10,Cluster_605
GCA_022496575.1,CladeA,Terrestrial,Cluster_162,Cluster_606
GCA_022559545.1,CladeA,CF,Cluster_24,Cluster_607
GCA_022559565.1,CladeB,Urinary,Cluster_11,Cluster_608
GCA_022569875.1,CladeA,Aquatic,Cluster_35,Cluster_342
GCA_022569895.1,CladeA,Plant,Cluster_26,Cluster_609
GCA_022569915.1,CladeB,Ocean,Cluster_163,Cluster_610
GCA_022569995.1,CladeA,Aquatic,Cluster_48,Cluster_611
GCA_022570115.1,CladeB,Pneumonia,Cluster_76,Cluster_631
GCA_022570235.1,CladeA,Lung,Cluster_20,Cluster_612
GCA_022570435.1,CladeA,CF,Cluster_9,Cluster_613
GCA_022570455.1,CladeB,Lung,Cluster_11,Cluster_614
GCA_022570475.1,CladeB,CF,Cluster_17,Cluster_615
GCA_022593635.1,CladeB,Urinary,Cluster_11,Cluster_616
GCA_022593675.3,CladeB,Sputum,Cluster_64,Cluster_617
GCA_022627285.1,CladeA,Terrestrial,Cluster_53,Cluster_618
GCA_022637915.1,CladeA,CF,Cluster_10,Cluster_619
GCA_022638055.1,CladeA,CF,Cluster_60,Cluster_184
GCA_022638175.1,CladeA,CF,Cluster_60,Cluster_184
GCA_022649105.1,CladeA,CF,Cluster_2,Cluster_356
GCA_022649245.1,CladeA,CF,Cluster_60,Cluster_620
GCA_022670795.1,CladeA,Blood,Cluster_75,Cluster_621
GCA_022686225.2,CladeB,Blood,Cluster_45,Cluster_83
GCA_022686495.2,CladeA,Blood,Cluster_164,Cluster_622
GCA_022687525.2,CladeB,Blood,Cluster_45,Cluster_83
GCA_022695975.1,CladeA,Urinary,Cluster_90,Cluster_623
GCA_022696005.1,CladeA,Lung,Cluster_10,Cluster_624
GCA_022700635.2,CladeA,Urinary,Cluster_53,Cluster_625
GCA_022810825.1,CladeB,CF,Cluster_17,Cluster_626
GCA_022810865.1,CladeB,Burn,Cluster_81,Cluster_627
GCA_022810885.1,CladeB,Burn,Cluster_81,Cluster_627
GCA_022810905.1,CladeB,Burn,Cluster_81,Cluster_627
GCA_022810925.1,CladeB,Burn,Cluster_81,Cluster_627
GCA_022810945.1,CladeA,Burn,Cluster_24,Cluster_628
GCA_022810965.1,CladeB,Burn,Cluster_81,Cluster_627
GCA_022810985.1,CladeA,Burn,Cluster_24,Cluster_628
GCA_022811005.1,CladeA,Burn,Cluster_24,Cluster_628
GCA_022811025.1,CladeA,Burn,Cluster_24,Cluster_628
GCA_022811045.1,CladeA,Burn,Cluster_24,Cluster_628
GCA_022811065.1,CladeA,Burn,Cluster_24,Cluster_628
GCA_022811805.1,CladeB,Burn,Cluster_81,Cluster_627
GCA_022818985.1,CladeB,Blood,Cluster_12,Cluster_629
GCA_022819005.1,CladeA,Urinary,Cluster_102,Cluster_630
GCA_022870525.1,CladeB,Sputum,Cluster_76,Cluster_631
GCA_022870545.1,CladeA,CF,Cluster_50,Cluster_632
GCA_022870565.1,CladeA,CF,Cluster_25,Cluster_633
GCA_022871905.3,CladeB,Wound,Cluster_11,Cluster_478
GCA_022896475.3,CladeA,Wound,Cluster_165,Cluster_634
GCA_022915975.2,CladeB,Urinary,Cluster_64,Cluster_635
GCA_022916475.3,CladeB,Urinary,Cluster_64,Cluster_636
GCA_022976535.1,CladeA,CF,Cluster_60,Cluster_184
GCA_022976545.1,CladeA,CF,Cluster_166,Cluster_637
GCA_022985295.1,CladeA,Blood,Cluster_2,Cluster_513
GCA_023060065.1,CladeB,Blood,Cluster_16,Cluster_638
GCA_023060405.1,CladeB,Lung,Cluster_11,Cluster_639
GCA_023060435.1,CladeA,Lung,Cluster_167,Cluster_640
GCA_023060945.1,CladeA,Urinary,Cluster_26,Cluster_641
GCA_023074215.1,CladeA,Aquatic,Cluster_59,Cluster_642
GCA_023074235.1,CladeA,Throat,Cluster_34,Cluster_643
GCA_023074245.1,CladeA,Rectal/Feces,Cluster_34,Cluster_643
GCA_023074255.1,CladeA,Aquatic,Cluster_24,Cluster_644
GCA_023074295.1,CladeA,Throat,Cluster_34,Cluster_643
GCA_023074315.1,CladeA,Rectal/Feces,Cluster_34,Cluster_643
GCA_023074345.1,CladeB,Aquatic,Cluster_151,Cluster_645
GCA_023093935.1,CladeA,Ocean,Cluster_1,Cluster_8
GCA_023093955.2,CladeB,Ocean,Cluster_11,Cluster_646
GCA_023093975.1,CladeB,Ocean,Cluster_11,Cluster_646
GCA_023101265.1,CladeA,Rectal/Feces,Cluster_34,Cluster_643
GCA_023101285.1,CladeA,Rectal/Feces,Cluster_34,Cluster_643
GCA_023101305.1,CladeB,Aquatic,Cluster_151,Cluster_645
GCA_023272865.1,CladeB,Burn,Cluster_80,Cluster_647
GCA_023380065.1,CladeA,Sputum,Cluster_34,Cluster_648
GCA_023520735.1,CladeB,Pneumonia,Cluster_16,Cluster_649
GCA_023563925.3,CladeB,Lung,Cluster_64,Cluster_430
GCA_023564345.3,CladeB,Sputum,Cluster_64,Cluster_430
GCA_023565185.3,CladeA,Urinary,Cluster_9,Cluster_650
GCA_023571485.1,CladeA,Sputum,Cluster_10,Cluster_651
GCA_023572225.1,CladeB,Blood,Cluster_16,Cluster_638
GCA_023572465.1,CladeA,Urinary,Cluster_26,Cluster_652
GCA_023572485.1,CladeA,Urinary,Cluster_26,Cluster_653
GCA_023572525.1,CladeA,Urinary,Cluster_26,Cluster_654
GCA_023572735.3,CladeA,Skin,Cluster_168,Cluster_655
GCA_023612335.1,CladeA,CF,Cluster_82,Cluster_656
GCA_023615765.2,CladeA,Urinary,Cluster_90,Cluster_657
GCA_023656185.1,CladeA,CF,Cluster_9,Cluster_658
GCA_023743275.1,CladeA,CF,Cluster_123,Cluster_379
GCA_023755865.3,CladeB,Urinary,Cluster_17,Cluster_659
GCA_023775735.1,CladeA,Ocean,Cluster_5,Cluster_660
GCA_023778565.1,CladeA,Ocean,Cluster_19,Cluster_661
GCA_023779105.1,CladeA,Ocean,Cluster_169,Cluster_662
GCA_023779145.1,CladeA,Ocean,Cluster_41,Cluster_663
GCA_023782125.1,CladeA,Ocean,Cluster_5,Cluster_664
GCA_023787075.1,CladeA,Ocean,Cluster_5,Cluster_660
GCA_023806065.1,CladeB,Sputum,Cluster_151,Cluster_665
GCA_023806095.1,CladeB,Wound,Cluster_112,Cluster_666
GCA_023806145.1,CladeA,Sputum,Cluster_43,Cluster_667
GCA_023806205.1,CladeB,Wound,Cluster_112,Cluster_668
GCA_023806225.1,CladeB,Sputum,Cluster_145,Cluster_669
GCA_023806245.1,CladeB,Sputum,Cluster_112,Cluster_668
GCA_023806265.1,CladeB,Wound,Cluster_112,Cluster_666
GCA_023806295.1,CladeB,Wound,Cluster_112,Cluster_668
GCA_023806345.1,CladeB,Sputum,Cluster_151,Cluster_665
GCA_023806385.1,CladeA,Sputum,Cluster_43,Cluster_667
GCA_023806395.1,CladeB,Sputum,Cluster_112,Cluster_668
GCA_023806425.1,CladeB,Sputum,Cluster_145,Cluster_669
GCA_023818395.1,CladeB,Sputum,Cluster_81,Cluster_670
GCA_023824855.1,CladeA,Ocean,Cluster_169,Cluster_662
GCA_023824935.1,CladeB,Ocean,Cluster_11,Cluster_671
GCA_023825675.1,CladeA,Ocean,Cluster_41,Cluster_663
GCA_023825695.1,CladeA,Ocean,Cluster_5,Cluster_660
GCA_023825735.1,CladeA,Ocean,Cluster_121,Cluster_369
GCA_023827955.3,CladeB,Urinary,Cluster_52,Cluster_672
GCA_023829535.1,CladeA,Ocean,Cluster_121,Cluster_673
GCA_023835895.3,CladeA,Sputum,Cluster_58,Cluster_674
GCA_023844285.1,CladeA,Wound,Cluster_10,Cluster_675
GCA_023887645.1,CladeA,Urinary,Cluster_10,Cluster_30
GCA_023887665.1,CladeA,Blood,Cluster_10,Cluster_30
GCA_023903775.1,CladeA,Blood,Cluster_1,Cluster_676
GCA_023903795.1,CladeA,Blood,Cluster_75,Cluster_677
GCA_023903815.1,CladeA,Sputum,Cluster_139,Cluster_678
GCA_023903835.1,CladeA,Lung,Cluster_5,Cluster_679
GCA_023903975.1,CladeB,Lung,Cluster_11,Cluster_256
GCA_023903995.1,CladeB,Lung,Cluster_11,Cluster_256
GCA_023904035.1,CladeB,Lung,Cluster_12,Cluster_680
GCA_023904055.1,CladeB,Urinary,Cluster_11,Cluster_256
GCA_023904075.1,CladeB,Lung,Cluster_11,Cluster_256
GCA_023904175.1,CladeB,Lung,Cluster_11,Cluster_256
GCA_023904255.1,CladeA,Sputum,Cluster_63,Cluster_681
GCA_023904295.1,CladeA,Wound,Cluster_170,Cluster_682
GCA_023904335.1,CladeA,Wound,Cluster_10,Cluster_683
GCA_023904515.1,CladeA,Lung,Cluster_25,Cluster_684
GCA_023904615.1,CladeB,Lung,Cluster_16,Cluster_22
GCA_023904635.1,CladeB,Urinary,Cluster_11,Cluster_256
GCA_023904655.1,CladeA,Blood,Cluster_171,Cluster_685
GCA_023904675.1,CladeB,Blood,Cluster_12,Cluster_686
GCA_023904695.1,CladeB,Lung,Cluster_11,Cluster_256
GCA_023904715.1,CladeB,Lung,Cluster_11,Cluster_256
GCA_023904775.1,CladeA,Lung,Cluster_102,Cluster_687
GCA_023904795.1,CladeB,Wound,Cluster_172,Cluster_688
GCA_023904815.1,CladeB,Wound,Cluster_11,Cluster_689
GCA_023904905.1,CladeA,CF,Cluster_173,Cluster_690
GCA_023904915.1,CladeA,CF,Cluster_82,Cluster_691
GCA_023904955.1,CladeA,CF,Cluster_174,Cluster_692
GCA_023905105.1,CladeA,CF,Cluster_82,Cluster_693
GCA_023905215.1,CladeA,CF,Cluster_175,Cluster_694
GCA_023905245.1,CladeB,CF,Cluster_176,Cluster_695
GCA_023905285.1,CladeB,CF,Cluster_32,Cluster_696
GCA_023905365.1,CladeA,CF,Cluster_82,Cluster_691
GCA_023905445.1,CladeA,CF,Cluster_87,Cluster_697
GCA_023905465.1,CladeB,CF,Cluster_17,Cluster_698
GCA_023905485.1,CladeB,CF,Cluster_17,Cluster_699
GCA_023905545.1,CladeB,CF,Cluster_17,Cluster_700
GCA_023905565.1,CladeA,CF,Cluster_5,Cluster_590
GCA_023905585.1,CladeB,CF,Cluster_64,Cluster_701
GCA_023905595.1,CladeA,CF,Cluster_2,Cluster_356
GCA_023905605.1,CladeA,CF,Cluster_5,Cluster_590
GCA_023905645.1,CladeA,CF,Cluster_5,Cluster_590
GCA_023905745.1,CladeA,CF,Cluster_92,Cluster_702
GCA_023905825.1,CladeB,CF,Cluster_151,Cluster_703
GCA_023905875.1,CladeA,CF,Cluster_58,Cluster_704
GCA_023906065.1,CladeA,CF,Cluster_58,Cluster_705
GCA_023906265.1,CladeA,CF,Cluster_177,Cluster_706
GCA_023906295.1,CladeA,CF,Cluster_2,Cluster_707
GCA_023906355.1,CladeA,CF,Cluster_10,Cluster_708
GCA_023906495.1,CladeA,CF,Cluster_178,Cluster_709
GCA_023906665.1,CladeA,CF,Cluster_179,Cluster_710
GCA_023906795.1,CladeA,CF,Cluster_179,Cluster_711
GCA_023906845.1,CladeB,CF,Cluster_180,Cluster_712
GCA_023906955.1,CladeA,CF,Cluster_179,Cluster_713
GCA_023907065.1,CladeA,CF,Cluster_48,Cluster_714
GCA_023907965.1,CladeA,CF,Cluster_40,Cluster_715
GCA_023907995.1,CladeA,CF,Cluster_94,Cluster_716
GCA_023908025.1,CladeA,CF,Cluster_181,Cluster_717
GCA_023908185.1,CladeA,CF,Cluster_75,Cluster_718
GCA_023908305.1,CladeA,CF,Cluster_179,Cluster_719
GCA_023908315.1,CladeA,CF,Cluster_179,Cluster_720
GCA_023908485.1,CladeA,CF,Cluster_182,Cluster_721
GCA_023908605.1,CladeA,CF,Cluster_179,Cluster_722
GCA_023908625.1,CladeA,CF,Cluster_94,Cluster_723
GCA_023908645.1,CladeA,CF,Cluster_34,Cluster_724
GCA_023908665.1,CladeA,CF,Cluster_116,Cluster_725
GCA_023908705.1,CladeA,CF,Cluster_175,Cluster_726
GCA_023908745.1,CladeA,CF,Cluster_9,Cluster_658
GCA_023908775.1,CladeA,CF,Cluster_10,Cluster_727
GCA_023908805.1,CladeA,CF,Cluster_125,Cluster_728
GCA_023908895.1,CladeA,CF,Cluster_179,Cluster_729
GCA_023908915.1,CladeA,CF,Cluster_48,Cluster_730
GCA_023908965.1,CladeA,CF,Cluster_60,Cluster_731
GCA_023909005.1,CladeB,CF,Cluster_4,Cluster_732
GCA_023909035.1,CladeA,CF,Cluster_183,Cluster_733
GCA_023909085.1,CladeA,CF,Cluster_90,Cluster_734
GCA_023909165.1,CladeA,CF,Cluster_48,Cluster_735
GCA_023909235.1,CladeA,CF,Cluster_149,Cluster_736
GCA_023909265.1,CladeA,CF,Cluster_61,Cluster_737
GCA_023909345.1,CladeA,CF,Cluster_30,Cluster_738
GCA_023909485.1,CladeA,CF,Cluster_10,Cluster_739
GCA_023909505.1,CladeA,CF,Cluster_94,Cluster_740
GCA_023909515.1,CladeA,CF,Cluster_37,Cluster_741
GCA_023909565.1,CladeA,CF,Cluster_22,Cluster_742
GCA_023909805.1,CladeA,CF,Cluster_184,Cluster_743
GCA_023909905.1,CladeA,CF,Cluster_103,Cluster_744
GCA_023909975.1,CladeA,CF,Cluster_24,Cluster_745
GCA_023910135.1,CladeB,CF,Cluster_12,Cluster_746
GCA_023910245.1,CladeA,CF,Cluster_10,Cluster_747
GCA_023910725.1,CladeB,CF,Cluster_185,Cluster_748
GCA_023910775.1,CladeB,CF,Cluster_186,Cluster_749
GCA_023910825.1,CladeA,CF,Cluster_10,Cluster_750
GCA_023910835.1,CladeA,CF,Cluster_75,Cluster_751
GCA_023910865.1,CladeB,CF,Cluster_17,Cluster_752
GCA_023910885.1,CladeA,CF,Cluster_187,Cluster_753
GCA_023911005.1,CladeA,CF,Cluster_60,Cluster_754
GCA_023911025.1,CladeA,CF,Cluster_60,Cluster_755
GCA_023911055.1,CladeA,CF,Cluster_60,Cluster_184
GCA_023911205.1,CladeA,CF,Cluster_34,Cluster_756
GCA_023911285.1,CladeA,CF,Cluster_30,Cluster_757
GCA_023911555.1,CladeA,CF,Cluster_58,Cluster_758
GCA_023911615.1,CladeA,CF,Cluster_5,Cluster_759
GCA_023911625.1,CladeA,CF,Cluster_60,Cluster_760
GCA_023911735.1,CladeA,CF,Cluster_20,Cluster_761
GCA_023911795.1,CladeA,CF,Cluster_58,Cluster_762
GCA_023911835.1,CladeA,CF,Cluster_1,Cluster_763
GCA_023911855.1,CladeA,CF,Cluster_10,Cluster_675
GCA_023911885.1,CladeB,CF,Cluster_57,Cluster_764
GCA_023912075.1,CladeA,CF,Cluster_50,Cluster_765
GCA_023912155.1,CladeA,CF,Cluster_95,Cluster_766
GCA_023912185.1,CladeA,CF,Cluster_166,Cluster_767
GCA_023912315.1,CladeA,CF,Cluster_56,Cluster_768
GCA_023912355.1,CladeB,CF,Cluster_188,Cluster_769
GCA_023912365.1,CladeA,CF,Cluster_20,Cluster_770
GCA_023912555.1,CladeA,CF,Cluster_26,Cluster_771
GCA_023912795.1,CladeA,CF,Cluster_43,Cluster_772
GCA_023912835.1,CladeA,CF,Cluster_9,Cluster_773
GCA_023914385.1,CladeB,Ear,Cluster_189,Cluster_774
GCA_023914405.1,CladeA,Lung,Cluster_26,Cluster_775
GCA_023914425.1,CladeA,Urinary,Cluster_190,Cluster_776
GCA_023914485.1,CladeB,Blood,Cluster_11,Cluster_256
GCA_023914505.1,CladeB,Blood,Cluster_11,Cluster_256
GCA_023914525.1,CladeB,Lung,Cluster_81,Cluster_627
GCA_023914585.1,CladeA,Sputum,Cluster_10,Cluster_777
GCA_023914645.1,CladeB,Urinary,Cluster_11,Cluster_778
GCA_023915865.1,CladeA,Urinary,Cluster_40,Cluster_779
GCA_023915985.1,CladeB,Ear,Cluster_17,Cluster_780
GCA_023916015.1,CladeB,Lung,Cluster_17,Cluster_781
GCA_023916045.1,CladeA,Ear,Cluster_25,Cluster_782
GCA_023916165.1,CladeA,Lung,Cluster_26,Cluster_783
GCA_023924365.1,CladeA,CF,Cluster_10,Cluster_784
GCA_023927885.1,CladeA,CF,Cluster_10,Cluster_785
GCA_023927905.1,CladeA,CF,Cluster_10,Cluster_785
GCA_023927915.1,CladeA,CF,Cluster_10,Cluster_785
GCA_023927925.1,CladeA,CF,Cluster_10,Cluster_785
GCA_023927965.1,CladeA,CF,Cluster_10,Cluster_785
GCA_023927985.1,CladeA,CF,Cluster_2,Cluster_786
GCA_023928005.1,CladeA,CF,Cluster_2,Cluster_787
GCA_023928015.1,CladeA,CF,Cluster_2,Cluster_787
GCA_023928045.1,CladeA,CF,Cluster_10,Cluster_785
GCA_023928065.1,CladeA,CF,Cluster_2,Cluster_787
GCA_023928105.1,CladeA,CF,Cluster_2,Cluster_787
GCA_023928125.1,CladeA,CF,Cluster_2,Cluster_787
GCA_023928145.1,CladeA,CF,Cluster_2,Cluster_787
GCA_023928155.1,CladeA,CF,Cluster_2,Cluster_788
GCA_023928205.1,CladeA,CF,Cluster_2,Cluster_513
GCA_023928215.1,CladeA,CF,Cluster_95,Cluster_789
GCA_023928245.1,CladeB,CF,Cluster_176,Cluster_790
GCA_023928285.1,CladeA,CF,Cluster_10,Cluster_791
GCA_023928305.1,CladeA,CF,Cluster_191,Cluster_792
GCA_023928315.1,CladeB,CF,Cluster_17,Cluster_793
GCA_023928345.1,CladeA,CF,Cluster_149,Cluster_794
GCA_023928385.1,CladeB,CF,Cluster_17,Cluster_781
GCA_023928445.1,CladeA,CF,Cluster_35,Cluster_795
GCA_023928455.1,CladeA,CF,Cluster_192,Cluster_796
GCA_023928485.1,CladeA,CF,Cluster_25,Cluster_37
GCA_023928495.1,CladeB,CF,Cluster_17,Cluster_781
GCA_023928525.1,CladeB,CF,Cluster_17,Cluster_797
GCA_023928545.1,CladeA,CF,Cluster_70,Cluster_798
GCA_023928565.1,CladeA,CF,Cluster_19,Cluster_799
GCA_023928585.1,CladeA,CF,Cluster_70,Cluster_798
GCA_023928655.1,CladeA,CF,Cluster_60,Cluster_800
GCA_023928685.1,CladeA,CF,Cluster_19,Cluster_799
GCA_023928705.1,CladeA,CF,Cluster_24,Cluster_801
GCA_023928745.1,CladeA,CF,Cluster_19,Cluster_802
GCA_023928765.1,CladeA,CF,Cluster_10,Cluster_803
GCA_023928785.1,CladeA,CF,Cluster_193,Cluster_804
GCA_023928805.1,CladeA,CF,Cluster_193,Cluster_804
GCA_023928825.1,CladeA,CF,Cluster_193,Cluster_804
GCA_023928865.1,CladeB,CF,Cluster_17,Cluster_781
GCA_023928875.1,CladeB,CF,Cluster_17,Cluster_781
GCA_023928905.1,CladeB,CF,Cluster_17,Cluster_781
GCA_023928925.1,CladeB,CF,Cluster_17,Cluster_781
GCA_023928945.1,CladeA,CF,Cluster_35,Cluster_805
GCA_023928965.1,CladeA,CF,Cluster_24,Cluster_806
GCA_023928985.1,CladeA,CF,Cluster_2,Cluster_356
GCA_023929005.1,CladeB,CF,Cluster_17,Cluster_781
GCA_023929025.1,CladeA,CF,Cluster_94,Cluster_261
GCA_023929045.1,CladeA,CF,Cluster_194,Cluster_807
GCA_023929065.1,CladeA,CF,Cluster_20,Cluster_808
GCA_023929085.1,CladeA,CF,Cluster_20,Cluster_808
GCA_023929105.1,CladeA,CF,Cluster_20,Cluster_808
GCA_023929125.1,CladeA,CF,Cluster_195,Cluster_809
GCA_023929145.1,CladeA,CF,Cluster_195,Cluster_809
GCA_023929165.1,CladeA,CF,Cluster_195,Cluster_809
GCA_023929175.1,CladeA,CF,Cluster_195,Cluster_809
GCA_023929205.1,CladeA,CF,Cluster_195,Cluster_809
GCA_023929225.1,CladeA,CF,Cluster_195,Cluster_809
GCA_023929265.1,CladeA,CF,Cluster_1,Cluster_810
GCA_023929345.1,CladeB,CF,Cluster_64,Cluster_153
GCA_023929365.1,CladeB,CF,Cluster_17,Cluster_811
GCA_023929385.1,CladeA,CF,Cluster_10,Cluster_812
GCA_023929445.1,CladeA,CF,Cluster_35,Cluster_813
GCA_023929455.1,CladeA,CF,Cluster_35,Cluster_813
GCA_023929485.1,CladeB,CF,Cluster_17,Cluster_814
GCA_023929525.1,CladeA,CF,Cluster_51,Cluster_815
GCA_023929545.1,CladeA,CF,Cluster_60,Cluster_816
GCA_023929555.1,CladeA,CF,Cluster_10,Cluster_817
GCA_023929805.1,CladeB,CF,Cluster_196,Cluster_818
GCA_023929825.1,CladeA,CF,Cluster_30,Cluster_94
GCA_023929845.1,CladeA,CF,Cluster_48,Cluster_819
GCA_023929945.1,CladeB,CF,Cluster_17,Cluster_820
GCA_023930005.1,CladeA,CF,Cluster_35,Cluster_821
GCA_023930025.1,CladeB,CF,Cluster_197,Cluster_822
GCA_023930045.1,CladeA,CF,Cluster_2,Cluster_356
GCA_023930125.1,CladeA,CF,Cluster_35,Cluster_821
GCA_023932215.1,CladeA,CF,Cluster_10,Cluster_785
GCA_023932285.1,CladeA,CF,Cluster_2,Cluster_823
GCA_023932305.1,CladeA,CF,Cluster_10,Cluster_785
GCA_023932365.1,CladeA,CF,Cluster_2,Cluster_786
GCA_023932415.1,CladeA,CF,Cluster_10,Cluster_785
GCA_023932485.1,CladeA,CF,Cluster_2,Cluster_788
GCA_023932505.1,CladeA,CF,Cluster_2,Cluster_787
GCA_023932585.1,CladeA,CF,Cluster_2,Cluster_787
GCA_023932625.1,CladeA,CF,Cluster_2,Cluster_788
GCA_023932645.1,CladeA,CF,Cluster_2,Cluster_787
GCA_023932665.1,CladeA,CF,Cluster_2,Cluster_788
GCA_023932705.1,CladeA,CF,Cluster_82,Cluster_691
GCA_023932765.1,CladeA,CF,Cluster_31,Cluster_422
GCA_023932825.1,CladeA,CF,Cluster_191,Cluster_792
GCA_023932865.1,CladeA,CF,Cluster_25,Cluster_824
GCA_023932875.1,CladeA,CF,Cluster_10,Cluster_791
GCA_023932925.1,CladeA,CF,Cluster_25,Cluster_824
GCA_023933025.1,CladeB,CF,Cluster_17,Cluster_781
GCA_023933035.1,CladeA,CF,Cluster_198,Cluster_825
GCA_023933045.1,CladeA,CF,Cluster_192,Cluster_796
GCA_023933105.1,CladeA,CF,Cluster_19,Cluster_799
GCA_023933145.1,CladeA,CF,Cluster_10,Cluster_826
GCA_023933165.1,CladeB,CF,Cluster_17,Cluster_827
GCA_023933175.1,CladeA,CF,Cluster_10,Cluster_803
GCA_023933195.1,CladeA,CF,Cluster_10,Cluster_803
GCA_023933225.1,CladeA,CF,Cluster_199,Cluster_828
GCA_023933265.1,CladeA,CF,Cluster_199,Cluster_828
GCA_023933285.1,CladeB,CF,Cluster_17,Cluster_781
GCA_023933295.1,CladeA,CF,Cluster_10,Cluster_829
GCA_023933325.1,CladeA,CF,Cluster_9,Cluster_830
GCA_023933345.1,CladeA,CF,Cluster_10,Cluster_831
GCA_023933385.1,CladeB,CF,Cluster_52,Cluster_832
GCA_023933405.1,CladeA,CF,Cluster_34,Cluster_833
GCA_023933425.1,CladeB,CF,Cluster_200,Cluster_834
GCA_023933465.1,CladeB,CF,Cluster_80,Cluster_835
GCA_023933485.1,CladeB,CF,Cluster_80,Cluster_836
GCA_023933495.1,CladeB,CF,Cluster_80,Cluster_836
GCA_023933505.1,CladeB,CF,Cluster_80,Cluster_836
GCA_023933545.1,CladeB,CF,Cluster_80,Cluster_836
GCA_023933565.1,CladeB,CF,Cluster_80,Cluster_836
GCA_023933585.1,CladeB,CF,Cluster_52,Cluster_832
GCA_023933595.1,CladeA,CF,Cluster_199,Cluster_828
GCA_023933625.1,CladeB,CF,Cluster_17,Cluster_827
GCA_023933645.1,CladeA,CF,Cluster_20,Cluster_808
GCA_023933665.1,CladeA,CF,Cluster_60,Cluster_184
GCA_023933685.1,CladeA,CF,Cluster_20,Cluster_808
GCA_023933705.1,CladeB,CF,Cluster_80,Cluster_837
GCA_023933725.1,CladeA,CF,Cluster_9,Cluster_838
GCA_023933765.1,CladeA,CF,Cluster_60,Cluster_839
GCA_023933795.1,CladeA,CF,Cluster_24,Cluster_840
GCA_023933825.1,CladeA,CF,Cluster_60,Cluster_839
GCA_023933865.1,CladeA,CF,Cluster_5,Cluster_841
GCA_023933925.1,CladeA,CF,Cluster_25,Cluster_842
GCA_023933965.1,CladeB,CF,Cluster_17,Cluster_843
GCA_023933985.1,CladeA,CF,Cluster_115,Cluster_844
GCA_023934005.1,CladeA,CF,Cluster_10,Cluster_845
GCA_023934025.1,CladeA,CF,Cluster_35,Cluster_821
GCA_023934425.1,CladeA,Lung,Cluster_56,Cluster_846
GCA_023934845.1,CladeA,Blood,Cluster_28,Cluster_847
GCA_023936685.1,CladeA,Ear,Cluster_20,Cluster_848
GCA_023937245.1,CladeA,Wound,Cluster_125,Cluster_849
GCA_023940065.1,CladeA,Wound,Cluster_24,Cluster_850
GCA_023940185.1,CladeA,Urinary,Cluster_201,Cluster_851
GCA_023940835.1,CladeB,Wound,Cluster_11,Cluster_852
GCA_023942875.1,CladeA,Wound,Cluster_60,Cluster_853
GCA_023945195.1,CladeA,Wound,Cluster_202,Cluster_854
GCA_023945815.1,CladeA,Lung,Cluster_25,Cluster_855
GCA_023946115.1,CladeA,Lung,Cluster_25,Cluster_856
GCA_023946125.1,CladeA,Lung,Cluster_70,Cluster_857
GCA_023946235.1,CladeB,Lung,Cluster_11,Cluster_256
GCA_023946295.1,CladeA,Lung,Cluster_10,Cluster_858
GCA_023946615.1,CladeA,Wound,Cluster_20,Cluster_859
GCA_023948315.1,CladeB,Urinary,Cluster_11,Cluster_860
GCA_023948415.1,CladeA,Ear,Cluster_20,Cluster_861
GCA_023949275.1,CladeA,Lung,Cluster_203,Cluster_862
GCA_023950515.1,CladeA,Lung,Cluster_24,Cluster_863
GCA_023951475.1,CladeA,Blood,Cluster_2,Cluster_864
GCA_023951555.1,CladeA,Lung,Cluster_139,Cluster_865
GCA_023951875.1,CladeB,Lung,Cluster_64,Cluster_866
GCA_023951975.1,CladeB,Wound,Cluster_16,Cluster_867
GCA_023952255.1,CladeA,Lung,Cluster_20,Cluster_868
GCA_023952415.1,CladeA,Lung,Cluster_1,Cluster_869
GCA_023955375.1,CladeA,Wound,Cluster_24,Cluster_870
GCA_023958495.1,CladeA,Urinary,Cluster_97,Cluster_871
GCA_023958525.1,CladeA,Ear,Cluster_5,Cluster_872
GCA_023959055.1,CladeB,Lung,Cluster_114,Cluster_873
GCA_023959375.1,CladeA,Lung,Cluster_18,Cluster_874
GCA_023959395.1,CladeB,Lung,Cluster_12,Cluster_875
GCA_023960535.1,CladeA,Urinary,Cluster_83,Cluster_876
GCA_023960755.1,CladeA,Lung,Cluster_103,Cluster_877
GCA_023960855.1,CladeB,Lung,Cluster_64,Cluster_878
GCA_023961515.1,CladeB,Lung,Cluster_52,Cluster_879
GCA_023962535.1,CladeB,Urinary,Cluster_11,Cluster_880
GCA_023962635.1,CladeB,Wound,Cluster_11,Cluster_881
GCA_023962735.1,CladeB,Urinary,Cluster_11,Cluster_881
GCA_023962835.1,CladeB,Wound,Cluster_11,Cluster_646
GCA_023962995.1,CladeA,Lung,Cluster_20,Cluster_882
GCA_023963315.1,CladeB,Urinary,Cluster_11,Cluster_883
GCA_023963935.1,CladeA,Lung,Cluster_204,Cluster_884
GCA_023992075.1,CladeB,Wound,Cluster_64,Cluster_885
GCA_023992135.1,CladeB,Blood,Cluster_205,Cluster_886
GCA_023992835.1,CladeA,Blood,Cluster_206,Cluster_887
GCA_023992975.1,CladeB,Urinary,Cluster_11,Cluster_256
GCA_023993035.1,CladeB,Blood,Cluster_11,Cluster_256
GCA_023993075.1,CladeA,Blood,Cluster_26,Cluster_775
GCA_023993095.1,CladeB,Lung,Cluster_81,Cluster_888
GCA_023993115.1,CladeB,Blood,Cluster_207,Cluster_889
GCA_023993135.1,CladeB,Blood,Cluster_12,Cluster_890
GCA_023993175.1,CladeB,Urinary,Cluster_208,Cluster_891
GCA_023993295.1,CladeA,Wound,Cluster_30,Cluster_892
GCA_023993475.1,CladeA,Lung,Cluster_26,Cluster_893
GCA_024001265.1,CladeA,CF,Cluster_13,Cluster_894
GCA_024004335.1,CladeA,Ocean,Cluster_58,Cluster_3637
GCA_024004375.1,CladeA,CF,Cluster_209,Cluster_895
GCA_024004535.1,CladeA,CF,Cluster_209,Cluster_895
GCA_024004675.1,CladeA,CF,Cluster_209,Cluster_895
GCA_024004715.1,CladeA,CF,Cluster_209,Cluster_896
GCA_024005235.1,CladeB,Blood,Cluster_64,Cluster_897
GCA_024005285.1,CladeA,Blood,Cluster_210,Cluster_898
GCA_024005335.1,CladeA,CF,Cluster_211,Cluster_899
GCA_024005435.1,CladeA,Blood,Cluster_212,Cluster_900
GCA_024072735.1,CladeA,Lung,Cluster_5,Cluster_590
GCA_024106415.1,CladeA,CF,Cluster_5,Cluster_590
GCA_024106435.1,CladeA,CF,Cluster_5,Cluster_590
GCA_024106455.1,CladeA,CF,Cluster_5,Cluster_590
GCA_024106465.1,CladeA,CF,Cluster_5,Cluster_590
GCA_024106475.1,CladeA,CF,Cluster_5,Cluster_590
GCA_024106535.1,CladeA,CF,Cluster_5,Cluster_590
GCA_024106555.1,CladeA,CF,Cluster_5,Cluster_590
GCA_024106575.1,CladeA,CF,Cluster_5,Cluster_590
GCA_024106585.1,CladeA,CF,Cluster_5,Cluster_590
GCA_024106605.1,CladeA,CF,Cluster_5,Cluster_590
GCA_024106625.1,CladeA,CF,Cluster_5,Cluster_590
GCA_024106655.1,CladeA,CF,Cluster_5,Cluster_590
GCA_024106665.1,CladeA,CF,Cluster_5,Cluster_590
GCA_024106675.1,CladeA,CF,Cluster_5,Cluster_590
GCA_024106685.1,CladeA,CF,Cluster_5,Cluster_590
GCA_024106755.1,CladeA,CF,Cluster_5,Cluster_590
GCA_024106775.1,CladeA,CF,Cluster_5,Cluster_590
GCA_024106785.1,CladeA,CF,Cluster_5,Cluster_590
GCA_024106795.1,CladeA,CF,Cluster_5,Cluster_590
GCA_024106835.1,CladeA,CF,Cluster_5,Cluster_590
GCA_024106875.1,CladeA,CF,Cluster_5,Cluster_590
GCA_024106895.1,CladeA,CF,Cluster_5,Cluster_590
GCA_024106915.1,CladeA,CF,Cluster_5,Cluster_590
GCA_024106935.1,CladeA,CF,Cluster_5,Cluster_590
GCA_024106955.1,CladeA,CF,Cluster_5,Cluster_590
GCA_024106975.1,CladeA,CF,Cluster_5,Cluster_590
GCA_024106995.1,CladeA,CF,Cluster_5,Cluster_590
GCA_024107015.1,CladeA,CF,Cluster_5,Cluster_590
GCA_024107025.1,CladeA,CF,Cluster_5,Cluster_590
GCA_024107055.1,CladeA,CF,Cluster_5,Cluster_590
GCA_024107075.1,CladeA,CF,Cluster_5,Cluster_590
GCA_024107095.1,CladeA,CF,Cluster_5,Cluster_590
GCA_024107115.1,CladeA,CF,Cluster_5,Cluster_590
GCA_024107135.1,CladeA,CF,Cluster_5,Cluster_590
GCA_024107145.1,CladeA,CF,Cluster_5,Cluster_590
GCA_024107195.1,CladeA,CF,Cluster_5,Cluster_590
GCA_024107215.1,CladeA,CF,Cluster_5,Cluster_590
GCA_024107235.1,CladeA,CF,Cluster_5,Cluster_590
GCA_024107245.1,CladeA,CF,Cluster_5,Cluster_590
GCA_024107255.1,CladeA,CF,Cluster_5,Cluster_590
GCA_024107275.1,CladeA,CF,Cluster_5,Cluster_590
GCA_024107315.1,CladeA,CF,Cluster_5,Cluster_590
GCA_024107345.1,CladeA,CF,Cluster_5,Cluster_590
GCA_024126335.1,CladeA,Wound,Cluster_5,Cluster_590
GCA_024126355.1,CladeA,Wound,Cluster_5,Cluster_590
GCA_024133545.1,CladeB,Urinary,Cluster_52,Cluster_564
GCA_024179125.1,CladeB,Sputum,Cluster_112,Cluster_668
GCA_024179135.1,CladeA,Sputum,Cluster_43,Cluster_667
GCA_024179165.1,CladeB,Sputum,Cluster_151,Cluster_665
GCA_024179205.1,CladeB,Wound,Cluster_112,Cluster_666
GCA_024179235.1,CladeB,Wound,Cluster_112,Cluster_668
GCA_024179265.1,CladeB,Sputum,Cluster_145,Cluster_669
GCA_024244425.1,CladeA,Sputum,Cluster_24,Cluster_901
GCA_024256745.1,CladeB,Sputum,Cluster_55,Cluster_902
GCA_024262065.1,CladeA,Terrestrial,Cluster_213,Cluster_903
GCA_024264885.1,CladeA,Sputum,Cluster_214,Cluster_904
GCA_024266805.1,CladeA,Terrestrial,Cluster_148,Cluster_905
GCA_024266915.1,CladeA,Blood,Cluster_1,Cluster_906
GCA_024266935.1,CladeA,Pneumonia,Cluster_1,Cluster_906
GCA_024272005.1,CladeA,Sputum,Cluster_40,Cluster_594
GCA_024272145.1,CladeA,Sputum,Cluster_60,Cluster_907
GCA_024272185.1,CladeA,Sputum,Cluster_214,Cluster_904
GCA_024272245.1,CladeA,Sputum,Cluster_24,Cluster_901
GCA_024300845.1,CladeA,Built.Environment,Cluster_66,Cluster_908
GCA_024301205.1,CladeA,Sputum,Cluster_40,Cluster_594
GCA_024301225.1,CladeA,Sputum,Cluster_24,Cluster_909
GCA_024302045.1,CladeA,Sputum,Cluster_40,Cluster_594
GCA_024303245.1,CladeA,Sputum,Cluster_5,Cluster_910
GCA_024303345.1,CladeA,Sputum,Cluster_24,Cluster_909
GCA_024303385.1,CladeA,Sputum,Cluster_24,Cluster_909
GCA_024319495.1,CladeA,CF,Cluster_43,Cluster_911
GCA_024350965.1,CladeA,CF,Cluster_146,Cluster_496
GCA_024353225.1,CladeA,Sputum,Cluster_20,Cluster_912
GCA_024353305.1,CladeA,Sputum,Cluster_40,Cluster_594
GCA_024353705.1,CladeB,Sputum,Cluster_55,Cluster_902
GCA_024359685.1,CladeB,Sputum,Cluster_55,Cluster_902
GCA_024368995.1,CladeA,Sputum,Cluster_24,Cluster_909
GCA_024369355.1,CladeA,Sputum,Cluster_5,Cluster_910
GCA_024369435.1,CladeB,Blood,Cluster_137,Cluster_913
GCA_024369535.1,CladeA,Sputum,Cluster_5,Cluster_910
GCA_024369575.1,CladeA,Sputum,Cluster_60,Cluster_907
GCA_024369735.1,CladeA,Sputum,Cluster_24,Cluster_914
GCA_024371315.1,CladeA,CF,Cluster_146,Cluster_496
GCA_024372435.1,CladeA,Sputum,Cluster_214,Cluster_904
GCA_024379935.1,CladeA,Sputum,Cluster_20,Cluster_912
GCA_024397355.1,CladeA,Terrestrial,Cluster_94,Cluster_915
GCA_024417645.1,CladeA,Wound,Cluster_9,Cluster_425
GCA_024439995.1,CladeA,Sputum,Cluster_40,Cluster_594
GCA_024440055.1,CladeA,Sputum,Cluster_24,Cluster_909
GCA_024440075.1,CladeA,Sputum,Cluster_214,Cluster_904
GCA_024464615.1,CladeC,Aquatic,Cluster_215,Cluster_916
GCA_024464665.1,CladeC,Aquatic,Cluster_216,Cluster_917
GCA_024481005.1,CladeA,Sputum,Cluster_40,Cluster_594
GCA_024481025.1,CladeA,Sputum,Cluster_24,Cluster_914
GCA_024481065.1,CladeA,Sputum,Cluster_20,Cluster_912
GCA_024481245.1,CladeB,Sputum,Cluster_55,Cluster_902
GCA_024481265.1,CladeB,Sputum,Cluster_55,Cluster_902
GCA_024481285.1,CladeA,Sputum,Cluster_24,Cluster_901
GCA_024481305.1,CladeA,Sputum,Cluster_24,Cluster_901
GCA_024481765.1,CladeA,Sputum,Cluster_24,Cluster_914
GCA_024481785.1,CladeB,Sputum,Cluster_55,Cluster_902
GCA_024482285.1,CladeA,Sputum,Cluster_20,Cluster_912
GCA_024482305.1,CladeA,Sputum,Cluster_5,Cluster_910
GCA_024482325.1,CladeA,Sputum,Cluster_20,Cluster_912
GCA_024482445.1,CladeA,Sputum,Cluster_24,Cluster_909
GCA_024482485.1,CladeA,Sputum,Cluster_24,Cluster_901
GCA_024482505.1,CladeA,Sputum,Cluster_24,Cluster_901
GCA_024482525.1,CladeA,Sputum,Cluster_214,Cluster_904
GCA_024482545.1,CladeA,Sputum,Cluster_214,Cluster_904
GCA_024482945.1,CladeA,Sputum,Cluster_5,Cluster_910
GCA_024482965.1,CladeA,Sputum,Cluster_60,Cluster_907
GCA_024483085.1,CladeA,Sputum,Cluster_20,Cluster_912
GCA_024483325.1,CladeB,Sputum,Cluster_55,Cluster_902
GCA_024483345.1,CladeA,Sputum,Cluster_214,Cluster_904
GCA_024487485.1,CladeA,Blood,Cluster_5,Cluster_918
GCA_024487825.1,CladeA,Sputum,Cluster_5,Cluster_910
GCA_024489075.3,CladeB,Wound,Cluster_11,Cluster_919
GCA_024518495.1,CladeA,Sputum,Cluster_24,Cluster_901
GCA_024521195.1,CladeA,Sputum,Cluster_40,Cluster_594
GCA_024521215.1,CladeA,Sputum,Cluster_60,Cluster_907
GCA_024527595.1,CladeA,Sputum,Cluster_40,Cluster_594
GCA_024527635.1,CladeA,Sputum,Cluster_60,Cluster_907
GCA_024541875.1,CladeA,Blood,Cluster_104,Cluster_920
GCA_024542355.1,CladeA,Sputum,Cluster_214,Cluster_904
GCA_024542375.1,CladeA,Sputum,Cluster_214,Cluster_904
GCA_024542495.1,CladeA,Sputum,Cluster_24,Cluster_909
GCA_024542515.1,CladeA,Sputum,Cluster_24,Cluster_909
GCA_024542555.1,CladeA,Sputum,Cluster_24,Cluster_901
GCA_024542575.1,CladeA,Sputum,Cluster_214,Cluster_904
GCA_024584495.1,CladeB,Lung,Cluster_11,Cluster_256
GCA_024587595.1,CladeA,early.CF,Cluster_93,Cluster_921
GCA_024588055.1,CladeA,CF,Cluster_217,Cluster_922
GCA_024588085.1,CladeA,CF,Cluster_115,Cluster_923
GCA_024615665.1,CladeA,Rectal/Feces,Cluster_161,Cluster_924
GCA_024615725.1,CladeB,Rectal/Feces,Cluster_218,Cluster_925
GCA_024615745.1,CladeA,Rectal/Feces,Cluster_53,Cluster_926
GCA_024618245.1,CladeA,Rectal/Feces,Cluster_94,Cluster_927
GCA_024633375.1,CladeA,Rectal/Feces,Cluster_10,Cluster_928
GCA_024656755.1,CladeA,Rectal/Feces,Cluster_120,Cluster_929
GCA_024656775.1,CladeB,Rectal/Feces,Cluster_64,Cluster_153
GCA_024656795.1,CladeA,Rectal/Feces,Cluster_182,Cluster_930
GCA_024708035.1,CladeA,Sputum,Cluster_40,Cluster_594
GCA_024714515.1,CladeA,Lung,Cluster_123,Cluster_931
GCA_024714535.1,CladeA,Urinary,Cluster_123,Cluster_932
GCA_024714555.1,CladeA,Urinary,Cluster_123,Cluster_932
GCA_024714595.1,CladeA,Lung,Cluster_123,Cluster_931
GCA_024714615.1,CladeA,Lung,Cluster_123,Cluster_931
GCA_024714635.1,CladeA,Lung,Cluster_123,Cluster_931
GCA_024714655.1,CladeA,Wound,Cluster_123,Cluster_931
GCA_024714665.1,CladeA,Wound,Cluster_123,Cluster_931
GCA_024714695.1,CladeA,Lung,Cluster_123,Cluster_931
GCA_024714715.1,CladeA,Lung,Cluster_123,Cluster_932
GCA_024714765.1,CladeA,Lung,Cluster_123,Cluster_931
GCA_024714975.1,CladeA,Urinary,Cluster_123,Cluster_932
GCA_024714985.1,CladeA,Urinary,Cluster_123,Cluster_932
GCA_024715035.1,CladeA,Urinary,Cluster_123,Cluster_931
GCA_024715055.1,CladeA,Urinary,Cluster_123,Cluster_932
GCA_024715075.1,CladeA,Urinary,Cluster_123,Cluster_932
GCA_024715095.1,CladeA,Urinary,Cluster_123,Cluster_932
GCA_024716355.1,CladeA,Lung,Cluster_123,Cluster_932
GCA_024716395.1,CladeA,Urinary,Cluster_123,Cluster_933
GCA_024716815.1,CladeA,Lung,Cluster_123,Cluster_932
GCA_024717115.1,CladeA,Urinary,Cluster_123,Cluster_931
GCA_024717155.1,CladeA,Lung,Cluster_123,Cluster_931
GCA_024717275.1,CladeA,Lung,Cluster_123,Cluster_931
GCA_024717375.1,CladeA,Lung,Cluster_123,Cluster_931
GCA_024718565.1,CladeA,Urinary,Cluster_123,Cluster_931
GCA_024718675.1,CladeA,Lung,Cluster_123,Cluster_931
GCA_024719085.1,CladeA,Lung,Cluster_123,Cluster_931
GCA_024719675.1,CladeA,Urinary,Cluster_123,Cluster_931
GCA_024719775.1,CladeA,Urinary,Cluster_123,Cluster_931
GCA_024719795.1,CladeA,Lung,Cluster_123,Cluster_931
GCA_024719975.1,CladeA,Lung,Cluster_123,Cluster_931
GCA_024719995.1,CladeA,Wound,Cluster_123,Cluster_931
GCA_024720315.1,CladeA,Urinary,Cluster_123,Cluster_931
GCA_024720355.1,CladeA,Lung,Cluster_123,Cluster_931
GCA_024720515.1,CladeA,Lung,Cluster_123,Cluster_931
GCA_024720595.1,CladeA,Urinary,Cluster_123,Cluster_931
GCA_024734795.1,CladeB,Lung,Cluster_12,Cluster_934
GCA_024734815.1,CladeA,Wound,Cluster_175,Cluster_935
GCA_024738605.1,CladeB,Lung,Cluster_55,Cluster_936
GCA_024739045.1,CladeA,Urinary,Cluster_1,Cluster_8
GCA_024739065.1,CladeB,Blood,Cluster_64,Cluster_937
GCA_024739145.1,CladeA,Lung,Cluster_5,Cluster_938
GCA_024760445.1,CladeA,Aquatic,Cluster_5,Cluster_590
GCA_024922025.3,CladeB,Sputum,Cluster_32,Cluster_939
GCA_024972855.1,CladeB,Lung,Cluster_11,Cluster_940
GCA_025000305.1,CladeB,Wound,Cluster_11,Cluster_941
GCA_025079255.1,CladeA,CF,Cluster_1,Cluster_942
GCA_025103985.1,CladeA,CF,Cluster_26,Cluster_943
GCA_025103995.1,CladeA,CF,Cluster_9,Cluster_944
GCA_025104005.1,CladeA,CF,Cluster_2,Cluster_945
GCA_025104045.1,CladeB,CF,Cluster_151,Cluster_946
GCA_025104065.1,CladeA,CF,Cluster_219,Cluster_947
GCA_025104085.1,CladeA,CF,Cluster_10,Cluster_948
GCA_025104095.1,CladeB,CF,Cluster_52,Cluster_949
GCA_025104115.1,CladeA,CF,Cluster_220,Cluster_950
GCA_025104145.1,CladeA,CF,Cluster_40,Cluster_951
GCA_025104165.1,CladeB,CF,Cluster_52,Cluster_952
GCA_025104185.1,CladeA,CF,Cluster_9,Cluster_953
GCA_025104205.1,CladeA,CF,Cluster_9,Cluster_953
GCA_025104215.1,CladeA,CF,Cluster_66,Cluster_954
GCA_025104325.1,CladeA,CF,Cluster_66,Cluster_955
GCA_025104365.1,CladeA,CF,Cluster_46,Cluster_956
GCA_025104425.1,CladeA,CF,Cluster_37,Cluster_957
GCA_025104435.1,CladeA,CF,Cluster_10,Cluster_958
GCA_025104445.1,CladeA,CF,Cluster_9,Cluster_953
GCA_025104545.1,CladeA,CF,Cluster_71,Cluster_959
GCA_025104605.1,CladeA,CF,Cluster_221,Cluster_960
GCA_025104615.1,CladeA,CF,Cluster_82,Cluster_961
GCA_025104705.1,CladeA,CF,Cluster_70,Cluster_962
GCA_025104715.1,CladeA,CF,Cluster_10,Cluster_958
GCA_025104805.1,CladeA,CF,Cluster_10,Cluster_963
GCA_025104815.1,CladeA,CF,Cluster_24,Cluster_964
GCA_025104885.1,CladeA,CF,Cluster_60,Cluster_965
GCA_025104905.1,CladeA,CF,Cluster_24,Cluster_966
GCA_025104915.1,CladeA,CF,Cluster_60,Cluster_965
GCA_025104945.1,CladeA,CF,Cluster_222,Cluster_967
GCA_025104965.1,CladeA,CF,Cluster_94,Cluster_968
GCA_025105005.1,CladeA,CF,Cluster_123,Cluster_969
GCA_025105025.1,CladeB,CF,Cluster_17,Cluster_970
GCA_025105045.1,CladeA,CF,Cluster_34,Cluster_971
GCA_025105065.1,CladeA,CF,Cluster_223,Cluster_972
GCA_025105075.1,CladeA,CF,Cluster_224,Cluster_973
GCA_025105105.1,CladeA,CF,Cluster_10,Cluster_974
GCA_025105125.1,CladeA,CF,Cluster_5,Cluster_975
GCA_025105145.1,CladeA,CF,Cluster_10,Cluster_963
GCA_025105165.1,CladeA,CF,Cluster_87,Cluster_976
GCA_025105175.1,CladeA,CF,Cluster_225,Cluster_977
GCA_025105225.1,CladeA,CF,Cluster_226,Cluster_978
GCA_025105245.1,CladeA,CF,Cluster_94,Cluster_979
GCA_025105255.1,CladeB,CF,Cluster_57,Cluster_980
GCA_025105265.1,CladeA,CF,Cluster_2,Cluster_356
GCA_025105305.1,CladeA,CF,Cluster_43,Cluster_981
GCA_025105345.1,CladeA,CF,Cluster_175,Cluster_982
GCA_025105355.1,CladeB,CF,Cluster_52,Cluster_949
GCA_025105405.1,CladeA,CF,Cluster_70,Cluster_983
GCA_025105425.1,CladeA,CF,Cluster_10,Cluster_984
GCA_025105445.1,CladeA,CF,Cluster_221,Cluster_985
GCA_025105485.1,CladeA,CF,Cluster_28,Cluster_986
GCA_025105505.1,CladeA,CF,Cluster_24,Cluster_987
GCA_025105545.1,CladeB,CF,Cluster_42,Cluster_988
GCA_025105565.1,CladeA,CF,Cluster_24,Cluster_989
GCA_025105575.1,CladeA,CF,Cluster_173,Cluster_990
GCA_025105605.1,CladeA,CF,Cluster_24,Cluster_991
GCA_025105625.1,CladeB,CF,Cluster_11,Cluster_231
GCA_025105665.1,CladeA,CF,Cluster_2,Cluster_356
GCA_025105675.1,CladeB,CF,Cluster_11,Cluster_231
GCA_025105705.1,CladeA,CF,Cluster_28,Cluster_992
GCA_025105725.1,CladeA,CF,Cluster_70,Cluster_993
GCA_025105745.1,CladeB,CF,Cluster_57,Cluster_994
GCA_025105785.1,CladeB,CF,Cluster_159,Cluster_995
GCA_025105805.1,CladeA,CF,Cluster_227,Cluster_996
GCA_025105825.1,CladeB,CF,Cluster_11,Cluster_997
GCA_025105845.1,CladeA,CF,Cluster_5,Cluster_998
GCA_025105855.1,CladeB,CF,Cluster_17,Cluster_999
GCA_025105865.1,CladeA,CF,Cluster_228,Cluster_1000
GCA_025105895.1,CladeB,CF,Cluster_17,Cluster_1001
GCA_025105925.1,CladeA,CF,Cluster_147,Cluster_1002
GCA_025105945.1,CladeA,CF,Cluster_229,Cluster_1003
GCA_025105955.1,CladeA,CF,Cluster_5,Cluster_1004
GCA_025105985.1,CladeA,CF,Cluster_9,Cluster_1005
GCA_025106005.1,CladeA,CF,Cluster_229,Cluster_1003
GCA_025106015.1,CladeA,CF,Cluster_60,Cluster_1006
GCA_025106045.1,CladeA,CF,Cluster_70,Cluster_1007
GCA_025106105.1,CladeA,CF,Cluster_140,Cluster_1008
GCA_025106125.1,CladeA,CF,Cluster_230,Cluster_1009
GCA_025106135.1,CladeA,CF,Cluster_229,Cluster_1003
GCA_025106165.1,CladeA,CF,Cluster_30,Cluster_94
GCA_025106185.1,CladeA,CF,Cluster_50,Cluster_1010
GCA_025106205.1,CladeA,CF,Cluster_2,Cluster_1011
GCA_025106245.1,CladeA,CF,Cluster_9,Cluster_1012
GCA_025106305.1,CladeA,CF,Cluster_10,Cluster_1013
GCA_025106315.1,CladeA,CF,Cluster_10,Cluster_1014
GCA_025106385.1,CladeA,CF,Cluster_70,Cluster_1007
GCA_025106395.1,CladeA,CF,Cluster_5,Cluster_1015
GCA_025106445.1,CladeA,CF,Cluster_26,Cluster_1016
GCA_025106485.1,CladeA,CF,Cluster_43,Cluster_1017
GCA_025106495.1,CladeA,CF,Cluster_217,Cluster_1018
GCA_025106585.1,CladeA,CF,Cluster_66,Cluster_1019
GCA_025106645.1,CladeA,CF,Cluster_231,Cluster_1020
GCA_025106655.1,CladeA,CF,Cluster_2,Cluster_1021
GCA_025106705.1,CladeA,CF,Cluster_10,Cluster_1022
GCA_025106765.1,CladeA,CF,Cluster_43,Cluster_321
GCA_025106785.1,CladeA,CF,Cluster_37,Cluster_1023
GCA_025106845.1,CladeA,CF,Cluster_40,Cluster_1024
GCA_025106875.1,CladeA,CF,Cluster_10,Cluster_1025
GCA_025106925.1,CladeA,CF,Cluster_58,Cluster_1026
GCA_025107025.1,CladeA,CF,Cluster_5,Cluster_998
GCA_025107065.1,CladeA,CF,Cluster_5,Cluster_998
GCA_025107075.1,CladeA,CF,Cluster_5,Cluster_998
GCA_025107105.1,CladeA,CF,Cluster_2,Cluster_356
GCA_025107155.1,CladeA,CF,Cluster_5,Cluster_1027
GCA_025107225.1,CladeB,CF,Cluster_135,Cluster_1028
GCA_025107325.1,CladeA,CF,Cluster_35,Cluster_1029
GCA_025107335.1,CladeA,CF,Cluster_9,Cluster_953
GCA_025107345.1,CladeA,CF,Cluster_10,Cluster_1025
GCA_025107355.1,CladeA,CF,Cluster_103,Cluster_1030
GCA_025107365.1,CladeA,CF,Cluster_232,Cluster_1031
GCA_025107505.1,CladeA,CF,Cluster_231,Cluster_1032
GCA_025107525.1,CladeA,CF,Cluster_20,Cluster_1033
GCA_025107565.1,CladeA,CF,Cluster_2,Cluster_356
GCA_025107575.1,CladeA,CF,Cluster_231,Cluster_1032
GCA_025107585.1,CladeA,CF,Cluster_9,Cluster_953
GCA_025107705.1,CladeA,CF,Cluster_58,Cluster_1034
GCA_025107765.1,CladeA,CF,Cluster_233,Cluster_1035
GCA_025107775.1,CladeA,CF,Cluster_43,Cluster_1036
GCA_025107825.1,CladeA,CF,Cluster_234,Cluster_1037
GCA_025107845.1,CladeA,CF,Cluster_75,Cluster_1038
GCA_025107865.1,CladeA,CF,Cluster_10,Cluster_1039
GCA_025107875.1,CladeB,CF,Cluster_57,Cluster_1040
GCA_025107905.1,CladeB,CF,Cluster_57,Cluster_1040
GCA_025107925.1,CladeA,CF,Cluster_2,Cluster_1041
GCA_025107945.1,CladeA,CF,Cluster_70,Cluster_1042
GCA_025107965.1,CladeA,CF,Cluster_5,Cluster_1015
GCA_025107985.1,CladeA,CF,Cluster_213,Cluster_1043
GCA_025108005.1,CladeB,CF,Cluster_52,Cluster_1044
GCA_025108045.1,CladeA,CF,Cluster_60,Cluster_1045
GCA_025108065.1,CladeA,CF,Cluster_9,Cluster_1046
GCA_025108075.1,CladeA,CF,Cluster_70,Cluster_1007
GCA_025108085.1,CladeA,CF,Cluster_43,Cluster_321
GCA_025108125.1,CladeA,CF,Cluster_43,Cluster_1047
GCA_025108145.1,CladeB,CF,Cluster_145,Cluster_1048
GCA_025108165.1,CladeA,CF,Cluster_99,Cluster_1049
GCA_025108175.1,CladeA,CF,Cluster_25,Cluster_1050
GCA_025108185.1,CladeA,CF,Cluster_65,Cluster_1051
GCA_025108225.1,CladeA,CF,Cluster_99,Cluster_1049
GCA_025108245.1,CladeA,CF,Cluster_2,Cluster_1011
GCA_025108265.1,CladeA,CF,Cluster_9,Cluster_1052
GCA_025108285.1,CladeA,CF,Cluster_10,Cluster_1053
GCA_025108305.1,CladeA,CF,Cluster_231,Cluster_1054
GCA_025108325.1,CladeA,CF,Cluster_220,Cluster_950
GCA_025108345.1,CladeA,CF,Cluster_220,Cluster_950
GCA_025108365.1,CladeA,CF,Cluster_24,Cluster_1055
GCA_025108385.1,CladeB,CF,Cluster_235,Cluster_1056
GCA_025108425.1,CladeA,CF,Cluster_10,Cluster_1057
GCA_025108445.1,CladeA,CF,Cluster_236,Cluster_1058
GCA_025108455.1,CladeB,CF,Cluster_52,Cluster_1059
GCA_025108485.1,CladeA,CF,Cluster_115,Cluster_1060
GCA_025108495.1,CladeA,CF,Cluster_70,Cluster_1061
GCA_025108525.1,CladeA,CF,Cluster_66,Cluster_1062
GCA_025108545.1,CladeA,CF,Cluster_10,Cluster_1063
GCA_025108555.1,CladeA,CF,Cluster_35,Cluster_1064
GCA_025108585.1,CladeA,CF,Cluster_24,Cluster_966
GCA_025108605.1,CladeA,CF,Cluster_60,Cluster_1065
GCA_025108615.1,CladeA,CF,Cluster_60,Cluster_1065
GCA_025122615.1,CladeA,CF,Cluster_2,Cluster_1066
GCA_025122635.1,CladeB,CF,Cluster_52,Cluster_1044
GCA_025122655.1,CladeA,CF,Cluster_25,Cluster_1050
GCA_025122675.1,CladeA,CF,Cluster_20,Cluster_1067
GCA_025122695.1,CladeA,CF,Cluster_9,Cluster_1068
GCA_025122715.1,CladeA,CF,Cluster_59,Cluster_1069
GCA_025122735.1,CladeA,CF,Cluster_43,Cluster_321
GCA_025122755.1,CladeA,CF,Cluster_2,Cluster_356
GCA_025122775.1,CladeA,CF,Cluster_5,Cluster_1070
GCA_025122815.1,CladeA,CF,Cluster_40,Cluster_1071
GCA_025122835.1,CladeA,CF,Cluster_5,Cluster_1070
GCA_025122855.1,CladeA,CF,Cluster_40,Cluster_1071
GCA_025122875.1,CladeA,CF,Cluster_40,Cluster_1071
GCA_025122895.1,CladeA,CF,Cluster_40,Cluster_1071
GCA_025122915.1,CladeA,CF,Cluster_10,Cluster_1053
GCA_025122935.1,CladeA,CF,Cluster_10,Cluster_1053
GCA_025122955.1,CladeB,CF,Cluster_151,Cluster_946
GCA_025122975.1,CladeA,CF,Cluster_237,Cluster_1072
GCA_025122995.1,CladeA,CF,Cluster_26,Cluster_1073
GCA_025123015.1,CladeA,CF,Cluster_58,Cluster_1026
GCA_025123035.1,CladeB,CF,Cluster_42,Cluster_1074
GCA_025123055.1,CladeB,CF,Cluster_42,Cluster_1074
GCA_025123075.1,CladeB,CF,Cluster_151,Cluster_946
GCA_025123095.1,CladeA,CF,Cluster_60,Cluster_1075
GCA_025123115.1,CladeA,CF,Cluster_58,Cluster_1026
GCA_025123135.1,CladeB,CF,Cluster_42,Cluster_1074
GCA_025123155.1,CladeA,CF,Cluster_28,Cluster_1076
GCA_025123175.1,CladeB,CF,Cluster_42,Cluster_1074
GCA_025123195.1,CladeA,CF,Cluster_221,Cluster_985
GCA_025123215.1,CladeA,CF,Cluster_43,Cluster_1047
GCA_025123235.1,CladeA,CF,Cluster_70,Cluster_1007
GCA_025123255.1,CladeA,CF,Cluster_2,Cluster_356
GCA_025123275.1,CladeB,CF,Cluster_11,Cluster_1077
GCA_025123295.1,CladeA,CF,Cluster_5,Cluster_1004
GCA_025123315.1,CladeA,CF,Cluster_43,Cluster_321
GCA_025123325.1,CladeB,CF,Cluster_17,Cluster_999
GCA_025123355.1,CladeA,CF,Cluster_5,Cluster_1004
GCA_025123375.1,CladeA,CF,Cluster_5,Cluster_1004
GCA_025123395.1,CladeA,CF,Cluster_228,Cluster_1000
GCA_025123415.1,CladeA,CF,Cluster_5,Cluster_1004
GCA_025123435.1,CladeA,CF,Cluster_70,Cluster_1007
GCA_025123455.1,CladeB,CF,Cluster_11,Cluster_231
GCA_025123475.1,CladeA,CF,Cluster_2,Cluster_356
GCA_025123495.1,CladeA,CF,Cluster_70,Cluster_1007
GCA_025123515.1,CladeA,CF,Cluster_28,Cluster_1078
GCA_025123525.1,CladeA,CF,Cluster_2,Cluster_356
GCA_025123555.1,CladeA,CF,Cluster_70,Cluster_1007
GCA_025123565.1,CladeA,CF,Cluster_10,Cluster_1079
GCA_025123595.1,CladeA,CF,Cluster_9,Cluster_1012
GCA_025123615.1,CladeA,CF,Cluster_94,Cluster_968
GCA_025123655.1,CladeA,CF,Cluster_70,Cluster_1007
GCA_025123695.1,CladeA,CF,Cluster_2,Cluster_1080
GCA_025123715.1,CladeA,CF,Cluster_228,Cluster_1000
GCA_025123735.1,CladeA,CF,Cluster_10,Cluster_1013
GCA_025123755.1,CladeB,CF,Cluster_42,Cluster_1081
GCA_025123775.1,CladeA,CF,Cluster_28,Cluster_1078
GCA_025123795.1,CladeA,CF,Cluster_94,Cluster_968
GCA_025123815.1,CladeA,CF,Cluster_40,Cluster_1071
GCA_025123835.1,CladeA,CF,Cluster_40,Cluster_1071
GCA_025123855.1,CladeA,CF,Cluster_175,Cluster_1082
GCA_025123875.1,CladeA,CF,Cluster_221,Cluster_985
GCA_025123915.1,CladeA,CF,Cluster_99,Cluster_1049
GCA_025123935.1,CladeA,CF,Cluster_238,Cluster_1083
GCA_025123955.1,CladeA,CF,Cluster_94,Cluster_968
GCA_025123975.1,CladeA,CF,Cluster_30,Cluster_94
GCA_025123995.1,CladeA,CF,Cluster_10,Cluster_1084
GCA_025124015.1,CladeA,CF,Cluster_28,Cluster_1078
GCA_025124035.1,CladeA,CF,Cluster_9,Cluster_1052
GCA_025124055.1,CladeA,CF,Cluster_10,Cluster_1084
GCA_025124075.1,CladeA,CF,Cluster_2,Cluster_356
GCA_025124095.1,CladeA,CF,Cluster_20,Cluster_1033
GCA_025124135.1,CladeA,CF,Cluster_175,Cluster_1082
GCA_025124155.1,CladeA,CF,Cluster_20,Cluster_1067
GCA_025124175.1,CladeA,CF,Cluster_5,Cluster_1015
GCA_025124195.1,CladeA,CF,Cluster_2,Cluster_356
GCA_025124215.1,CladeA,CF,Cluster_59,Cluster_1069
GCA_025124235.1,CladeA,CF,Cluster_94,Cluster_968
GCA_025124255.1,CladeA,CF,Cluster_2,Cluster_356
GCA_025124275.1,CladeA,CF,Cluster_2,Cluster_356
GCA_025124295.1,CladeA,CF,Cluster_9,Cluster_1052
GCA_025124315.1,CladeA,CF,Cluster_10,Cluster_1039
GCA_025124335.1,CladeA,CF,Cluster_10,Cluster_1039
GCA_025124355.1,CladeA,CF,Cluster_30,Cluster_94
GCA_025124365.1,CladeA,CF,Cluster_20,Cluster_1067
GCA_025124395.1,CladeA,CF,Cluster_10,Cluster_1039
GCA_025124415.1,CladeA,CF,Cluster_2,Cluster_1085
GCA_025124435.1,CladeA,CF,Cluster_2,Cluster_1085
GCA_025124455.1,CladeA,CF,Cluster_66,Cluster_1086
GCA_025124475.1,CladeA,CF,Cluster_66,Cluster_1086
GCA_025124495.1,CladeA,CF,Cluster_40,Cluster_1071
GCA_025124505.1,CladeA,CF,Cluster_20,Cluster_1067
GCA_025124535.1,CladeA,CF,Cluster_5,Cluster_1070
GCA_025124555.1,CladeA,CF,Cluster_58,Cluster_1034
GCA_025124575.1,CladeA,CF,Cluster_40,Cluster_1024
GCA_025124595.1,CladeA,CF,Cluster_58,Cluster_1026
GCA_025124615.1,CladeA,CF,Cluster_10,Cluster_1025
GCA_025124635.1,CladeA,CF,Cluster_43,Cluster_1087
GCA_025124655.1,CladeA,CF,Cluster_10,Cluster_1039
GCA_025124695.1,CladeB,CF,Cluster_52,Cluster_1044
GCA_025124715.1,CladeA,CF,Cluster_10,Cluster_1088
GCA_025124735.1,CladeA,CF,Cluster_9,Cluster_1068
GCA_025124755.1,CladeA,CF,Cluster_239,Cluster_1089
GCA_025124775.1,CladeA,CF,Cluster_2,Cluster_356
GCA_025124795.1,CladeA,CF,Cluster_233,Cluster_1035
GCA_025124815.1,CladeA,CF,Cluster_239,Cluster_1089
GCA_025124835.1,CladeA,CF,Cluster_233,Cluster_1035
GCA_025124855.1,CladeA,CF,Cluster_59,Cluster_1069
GCA_025124875.1,CladeA,CF,Cluster_70,Cluster_1042
GCA_025124895.1,CladeA,CF,Cluster_70,Cluster_1042
GCA_025124915.1,CladeA,CF,Cluster_236,Cluster_1090
GCA_025124935.1,CladeA,CF,Cluster_99,Cluster_1049
GCA_025124955.1,CladeA,CF,Cluster_37,Cluster_957
GCA_025124975.1,CladeA,CF,Cluster_70,Cluster_1091
GCA_025125015.1,CladeA,CF,Cluster_236,Cluster_1092
GCA_025125035.1,CladeA,CF,Cluster_2,Cluster_1080
GCA_025125055.1,CladeA,CF,Cluster_2,Cluster_356
GCA_025125075.1,CladeB,CF,Cluster_52,Cluster_1093
GCA_025125095.1,CladeA,CF,Cluster_60,Cluster_1065
GCA_025125115.1,CladeA,CF,Cluster_213,Cluster_1043
GCA_025125135.1,CladeB,CF,Cluster_176,Cluster_1094
GCA_025125155.1,CladeA,CF,Cluster_240,Cluster_1095
GCA_025125175.1,CladeA,CF,Cluster_2,Cluster_356
GCA_025125195.1,CladeA,CF,Cluster_20,Cluster_1096
GCA_025125215.1,CladeA,CF,Cluster_10,Cluster_958
GCA_025125235.1,CladeA,CF,Cluster_10,Cluster_963
GCA_025125255.1,CladeB,CF,Cluster_176,Cluster_1094
GCA_025125275.1,CladeA,CF,Cluster_40,Cluster_1071
GCA_025125295.1,CladeB,CF,Cluster_241,Cluster_1097
GCA_025125315.1,CladeA,CF,Cluster_70,Cluster_962
GCA_025125335.1,CladeA,CF,Cluster_10,Cluster_1039
GCA_025125355.1,CladeA,CF,Cluster_2,Cluster_356
GCA_025125375.1,CladeA,CF,Cluster_59,Cluster_1069
GCA_025125395.1,CladeA,CF,Cluster_5,Cluster_1004
GCA_025125415.1,CladeA,CF,Cluster_40,Cluster_1071
GCA_025125435.1,CladeA,CF,Cluster_10,Cluster_1039
GCA_025125455.1,CladeA,CF,Cluster_40,Cluster_1071
GCA_025125475.1,CladeB,CF,Cluster_241,Cluster_1097
GCA_025125495.1,CladeA,CF,Cluster_70,Cluster_1091
GCA_025125515.1,CladeB,CF,Cluster_4,Cluster_1098
GCA_025125535.1,CladeA,CF,Cluster_5,Cluster_1004
GCA_025125555.1,CladeB,CF,Cluster_4,Cluster_1098
GCA_025125575.1,CladeA,CF,Cluster_222,Cluster_967
GCA_025125595.1,CladeA,CF,Cluster_2,Cluster_1066
GCA_025125615.1,CladeB,CF,Cluster_4,Cluster_1098
GCA_025125635.1,CladeA,CF,Cluster_10,Cluster_1079
GCA_025125675.1,CladeA,CF,Cluster_20,Cluster_1067
GCA_025125695.1,CladeA,CF,Cluster_43,Cluster_1047
GCA_025125715.1,CladeA,CF,Cluster_99,Cluster_1049
GCA_025125735.1,CladeA,CF,Cluster_2,Cluster_1066
GCA_025125755.1,CladeA,CF,Cluster_70,Cluster_1007
GCA_025125775.1,CladeA,CF,Cluster_24,Cluster_1099
GCA_025125795.1,CladeA,CF,Cluster_70,Cluster_1007
GCA_025125815.1,CladeA,CF,Cluster_70,Cluster_1007
GCA_025125835.1,CladeA,CF,Cluster_70,Cluster_1007
GCA_025125855.1,CladeA,CF,Cluster_9,Cluster_953
GCA_025125875.1,CladeA,CF,Cluster_9,Cluster_1052
GCA_025125895.1,CladeA,CF,Cluster_10,Cluster_1079
GCA_025125915.1,CladeA,CF,Cluster_59,Cluster_1069
GCA_025125935.1,CladeA,CF,Cluster_24,Cluster_966
GCA_025125955.1,CladeA,CF,Cluster_5,Cluster_1015
GCA_025125975.1,CladeA,CF,Cluster_43,Cluster_1047
GCA_025125995.1,CladeA,CF,Cluster_2,Cluster_1085
GCA_025126015.1,CladeA,CF,Cluster_10,Cluster_1039
GCA_025126055.1,CladeA,CF,Cluster_70,Cluster_983
GCA_025126075.1,CladeA,CF,Cluster_10,Cluster_1039
GCA_025126095.1,CladeA,CF,Cluster_65,Cluster_1051
GCA_025126115.1,CladeA,CF,Cluster_99,Cluster_1049
GCA_025126135.1,CladeA,CF,Cluster_94,Cluster_968
GCA_025126155.1,CladeA,CF,Cluster_99,Cluster_1049
GCA_025126175.1,CladeA,CF,Cluster_43,Cluster_1100
GCA_025126195.1,CladeA,CF,Cluster_43,Cluster_1100
GCA_025126215.1,CladeB,CF,Cluster_57,Cluster_980
GCA_025126235.1,CladeA,CF,Cluster_59,Cluster_1069
GCA_025126255.1,CladeA,CF,Cluster_35,Cluster_1101
GCA_025126275.1,CladeA,CF,Cluster_24,Cluster_966
GCA_025126335.1,CladeA,CF,Cluster_94,Cluster_968
GCA_025126355.1,CladeA,CF,Cluster_94,Cluster_979
GCA_025126375.1,CladeA,CF,Cluster_35,Cluster_1101
GCA_025126395.1,CladeA,CF,Cluster_58,Cluster_1026
GCA_025126415.1,CladeA,CF,Cluster_58,Cluster_1026
GCA_025126435.1,CladeA,CF,Cluster_2,Cluster_356
GCA_025126455.1,CladeA,CF,Cluster_10,Cluster_974
GCA_025126475.1,CladeA,CF,Cluster_10,Cluster_974
GCA_025126495.1,CladeA,CF,Cluster_10,Cluster_974
GCA_025126515.1,CladeA,CF,Cluster_10,Cluster_974
GCA_025126535.1,CladeA,CF,Cluster_106,Cluster_1102
GCA_025126555.1,CladeA,CF,Cluster_28,Cluster_992
GCA_025126575.1,CladeA,CF,Cluster_28,Cluster_992
GCA_025126595.1,CladeA,CF,Cluster_10,Cluster_948
GCA_025126615.1,CladeA,CF,Cluster_229,Cluster_1003
GCA_025126635.1,CladeA,CF,Cluster_115,Cluster_1103
GCA_025126675.1,CladeA,CF,Cluster_10,Cluster_963
GCA_025126695.1,CladeA,CF,Cluster_10,Cluster_963
GCA_025126735.1,CladeA,CF,Cluster_66,Cluster_1104
GCA_025126755.1,CladeA,CF,Cluster_229,Cluster_1003
GCA_025126775.1,CladeB,CF,Cluster_114,Cluster_1105
GCA_025126795.1,CladeA,CF,Cluster_10,Cluster_1106
GCA_025126855.1,CladeA,CF,Cluster_221,Cluster_985
GCA_025126875.1,CladeA,CF,Cluster_9,Cluster_1012
GCA_025126915.1,CladeA,CF,Cluster_213,Cluster_1043
GCA_025126935.1,CladeA,CF,Cluster_9,Cluster_953
GCA_025126955.1,CladeA,CF,Cluster_9,Cluster_953
GCA_025126975.1,CladeA,CF,Cluster_43,Cluster_1036
GCA_025126995.1,CladeA,CF,Cluster_59,Cluster_1069
GCA_025127015.1,CladeA,CF,Cluster_24,Cluster_966
GCA_025127035.1,CladeA,CF,Cluster_9,Cluster_953
GCA_025127335.1,CladeA,CF,Cluster_103,Cluster_1107
GCA_025127355.1,CladeA,CF,Cluster_103,Cluster_1107
GCA_025127375.1,CladeA,CF,Cluster_75,Cluster_1038
GCA_025127395.1,CladeA,CF,Cluster_175,Cluster_982
GCA_025127415.1,CladeA,CF,Cluster_40,Cluster_1071
GCA_025127435.1,CladeA,CF,Cluster_99,Cluster_1049
GCA_025127455.1,CladeA,CF,Cluster_5,Cluster_1015
GCA_025127475.1,CladeA,CF,Cluster_175,Cluster_982
GCA_025127495.1,CladeA,CF,Cluster_103,Cluster_1108
GCA_025127515.1,CladeA,CF,Cluster_9,Cluster_953
GCA_025127535.1,CladeA,CF,Cluster_229,Cluster_1003
GCA_025127555.1,CladeA,CF,Cluster_70,Cluster_1091
GCA_025127575.1,CladeA,CF,Cluster_10,Cluster_1109
GCA_025127595.1,CladeA,CF,Cluster_70,Cluster_1091
GCA_025127615.1,CladeA,CF,Cluster_70,Cluster_1091
GCA_025127635.1,CladeA,CF,Cluster_70,Cluster_1091
GCA_025127675.1,CladeA,CF,Cluster_236,Cluster_1110
GCA_025127715.1,CladeA,CF,Cluster_40,Cluster_1071
GCA_025127745.1,CladeA,CF,Cluster_2,Cluster_356
GCA_025129375.1,CladeA,CF,Cluster_58,Cluster_1111
GCA_025129395.1,CladeA,CF,Cluster_43,Cluster_321
GCA_025129415.1,CladeA,CF,Cluster_217,Cluster_1018
GCA_025129435.1,CladeB,CF,Cluster_176,Cluster_1094
GCA_025129455.1,CladeB,CF,Cluster_114,Cluster_1112
GCA_025129475.1,CladeA,CF,Cluster_43,Cluster_321
GCA_025129485.1,CladeA,CF,Cluster_2,Cluster_356
GCA_025129515.1,CladeB,CF,Cluster_114,Cluster_1112
GCA_025129535.1,CladeA,CF,Cluster_60,Cluster_1075
GCA_025129545.1,CladeA,CF,Cluster_60,Cluster_1075
GCA_025129575.1,CladeB,CF,Cluster_235,Cluster_1056
GCA_025129595.1,CladeA,CF,Cluster_24,Cluster_991
GCA_025129615.1,CladeA,CF,Cluster_224,Cluster_973
GCA_025129655.1,CladeA,CF,Cluster_24,Cluster_966
GCA_025129675.1,CladeA,CF,Cluster_229,Cluster_1113
GCA_025129695.1,CladeA,CF,Cluster_24,Cluster_966
GCA_025129715.1,CladeA,CF,Cluster_224,Cluster_973
GCA_025129735.1,CladeA,CF,Cluster_24,Cluster_966
GCA_025129755.1,CladeB,CF,Cluster_235,Cluster_1056
GCA_025129775.1,CladeA,CF,Cluster_24,Cluster_966
GCA_025129795.1,CladeA,CF,Cluster_10,Cluster_1114
GCA_025129815.1,CladeA,CF,Cluster_10,Cluster_1115
GCA_025129835.1,CladeA,CF,Cluster_5,Cluster_1116
GCA_025129845.1,CladeA,CF,Cluster_94,Cluster_979
GCA_025129875.1,CladeA,CF,Cluster_9,Cluster_953
GCA_025129895.1,CladeA,CF,Cluster_99,Cluster_1049
GCA_025129915.1,CladeA,CF,Cluster_9,Cluster_1052
GCA_025129935.1,CladeA,CF,Cluster_2,Cluster_356
GCA_025129955.1,CladeB,CF,Cluster_114,Cluster_1105
GCA_025129975.1,CladeA,CF,Cluster_59,Cluster_1069
GCA_025129995.1,CladeA,CF,Cluster_9,Cluster_1012
GCA_025130035.1,CladeA,CF,Cluster_103,Cluster_1117
GCA_025130055.1,CladeA,CF,Cluster_94,Cluster_979
GCA_025130075.1,CladeA,CF,Cluster_5,Cluster_1004
GCA_025130095.1,CladeA,CF,Cluster_10,Cluster_1118
GCA_025130115.1,CladeA,CF,Cluster_5,Cluster_1004
GCA_025130135.1,CladeA,CF,Cluster_75,Cluster_1038
GCA_025130155.1,CladeA,CF,Cluster_10,Cluster_1106
GCA_025130175.1,CladeA,CF,Cluster_10,Cluster_1118
GCA_025130195.1,CladeA,CF,Cluster_59,Cluster_1069
GCA_025130215.1,CladeA,CF,Cluster_10,Cluster_1039
GCA_025130235.1,CladeA,CF,Cluster_5,Cluster_1116
GCA_025130255.1,CladeA,CF,Cluster_237,Cluster_1119
GCA_025130275.1,CladeA,CF,Cluster_242,Cluster_1120
GCA_025130295.1,CladeA,CF,Cluster_5,Cluster_1116
GCA_025130315.1,CladeA,CF,Cluster_71,Cluster_170
GCA_025130335.1,CladeA,CF,Cluster_5,Cluster_1116
GCA_025130355.1,CladeA,CF,Cluster_5,Cluster_1116
GCA_025130375.1,CladeA,CF,Cluster_40,Cluster_1121
GCA_025130395.1,CladeA,CF,Cluster_5,Cluster_1116
GCA_025130415.1,CladeA,CF,Cluster_26,Cluster_1073
GCA_025130435.1,CladeA,CF,Cluster_220,Cluster_950
GCA_025130475.1,CladeA,CF,Cluster_236,Cluster_1122
GCA_025130535.1,CladeA,CF,Cluster_2,Cluster_1066
GCA_025130555.1,CladeA,CF,Cluster_2,Cluster_1066
GCA_025130575.1,CladeA,CF,Cluster_5,Cluster_1004
GCA_025130595.1,CladeA,CF,Cluster_9,Cluster_1012
GCA_025130615.1,CladeA,CF,Cluster_20,Cluster_1067
GCA_025130635.1,CladeA,CF,Cluster_9,Cluster_1052
GCA_025130655.1,CladeA,CF,Cluster_9,Cluster_953
GCA_025130675.1,CladeA,CF,Cluster_9,Cluster_953
GCA_025130695.1,CladeA,CF,Cluster_20,Cluster_1067
GCA_025130715.1,CladeA,CF,Cluster_9,Cluster_1052
GCA_025130735.1,CladeA,CF,Cluster_10,Cluster_1115
GCA_025130775.1,CladeA,CF,Cluster_2,Cluster_356
GCA_025130795.1,CladeA,CF,Cluster_9,Cluster_953
GCA_025131235.1,CladeA,CF,Cluster_5,Cluster_1004
GCA_025131255.1,CladeB,CF,Cluster_235,Cluster_1056
GCA_025131275.1,CladeA,CF,Cluster_35,Cluster_1123
GCA_025131295.1,CladeB,CF,Cluster_235,Cluster_1056
GCA_025131315.1,CladeA,CF,Cluster_28,Cluster_1076
GCA_025131335.1,CladeA,CF,Cluster_1,Cluster_1124
GCA_025131375.1,CladeA,CF,Cluster_5,Cluster_1004
GCA_025131395.1,CladeA,CF,Cluster_1,Cluster_1125
GCA_025131415.1,CladeA,CF,Cluster_70,Cluster_1091
GCA_025131435.1,CladeA,CF,Cluster_70,Cluster_1091
GCA_025131455.1,CladeA,CF,Cluster_70,Cluster_1091
GCA_025131465.1,CladeA,CF,Cluster_1,Cluster_1124
GCA_025131495.1,CladeA,CF,Cluster_24,Cluster_1126
GCA_025131555.1,CladeA,CF,Cluster_43,Cluster_321
GCA_025131575.1,CladeA,CF,Cluster_43,Cluster_321
GCA_025131595.1,CladeA,CF,Cluster_43,Cluster_321
GCA_025131615.1,CladeB,CF,Cluster_52,Cluster_1059
GCA_025131635.1,CladeA,CF,Cluster_28,Cluster_986
GCA_025131655.1,CladeA,CF,Cluster_37,Cluster_957
GCA_025131675.1,CladeA,CF,Cluster_147,Cluster_1002
GCA_025131695.1,CladeA,CF,Cluster_35,Cluster_1101
GCA_025131715.1,CladeB,CF,Cluster_4,Cluster_1098
GCA_025131735.1,CladeA,CF,Cluster_24,Cluster_1127
GCA_025131775.1,CladeA,CF,Cluster_60,Cluster_1075
GCA_025131795.1,CladeA,CF,Cluster_5,Cluster_1116
GCA_025131815.1,CladeA,CF,Cluster_70,Cluster_1061
GCA_025131835.1,CladeA,CF,Cluster_5,Cluster_1116
GCA_025131855.1,CladeA,CF,Cluster_10,Cluster_1115
GCA_025131875.1,CladeA,CF,Cluster_175,Cluster_982
GCA_025131895.1,CladeA,CF,Cluster_5,Cluster_1004
GCA_025131915.1,CladeA,CF,Cluster_10,Cluster_1063
GCA_025131935.1,CladeB,CF,Cluster_11,Cluster_997
GCA_025131955.1,CladeA,CF,Cluster_111,Cluster_1128
GCA_025131975.1,CladeA,CF,Cluster_60,Cluster_1075
GCA_025131995.1,CladeA,CF,Cluster_75,Cluster_1038
GCA_025132035.1,CladeA,CF,Cluster_24,Cluster_966
GCA_025132075.1,CladeA,CF,Cluster_5,Cluster_1116
GCA_025132095.1,CladeA,CF,Cluster_5,Cluster_1116
GCA_025132135.1,CladeA,CF,Cluster_5,Cluster_1116
GCA_025132175.1,CladeA,CF,Cluster_5,Cluster_1116
GCA_025132195.1,CladeA,CF,Cluster_5,Cluster_1116
GCA_025132235.1,CladeA,CF,Cluster_60,Cluster_1129
GCA_025132255.1,CladeA,CF,Cluster_10,Cluster_1130
GCA_025132275.1,CladeA,CF,Cluster_5,Cluster_1116
GCA_025132295.1,CladeA,CF,Cluster_242,Cluster_1120
GCA_025132315.1,CladeA,CF,Cluster_60,Cluster_1129
GCA_025132335.1,CladeA,CF,Cluster_24,Cluster_1126
GCA_025132355.1,CladeA,CF,Cluster_60,Cluster_1129
GCA_025132365.1,CladeA,CF,Cluster_5,Cluster_1116
GCA_025132385.1,CladeA,CF,Cluster_40,Cluster_1121
GCA_025132435.1,CladeA,CF,Cluster_5,Cluster_998
GCA_025132455.1,CladeA,CF,Cluster_24,Cluster_966
GCA_025132475.1,CladeA,CF,Cluster_40,Cluster_1121
GCA_025132495.1,CladeA,CF,Cluster_9,Cluster_953
GCA_025132515.1,CladeA,CF,Cluster_28,Cluster_1076
GCA_025132535.1,CladeA,CF,Cluster_221,Cluster_985
GCA_025132555.1,CladeA,CF,Cluster_243,Cluster_1131
GCA_025132575.1,CladeA,CF,Cluster_40,Cluster_1121
GCA_025132595.1,CladeA,CF,Cluster_5,Cluster_1116
GCA_025132615.1,CladeA,CF,Cluster_5,Cluster_1116
GCA_025132635.1,CladeA,CF,Cluster_40,Cluster_1121
GCA_025132655.1,CladeA,CF,Cluster_9,Cluster_953
GCA_025132675.1,CladeA,CF,Cluster_9,Cluster_1132
GCA_025132695.1,CladeA,CF,Cluster_60,Cluster_1129
GCA_025132725.1,CladeA,CF,Cluster_5,Cluster_1116
GCA_025152895.1,CladeA,Sputum,Cluster_244,Cluster_1133
GCA_025152995.1,CladeB,Sputum,Cluster_12,Cluster_1134
GCA_025153375.1,CladeB,Sputum,Cluster_11,Cluster_256
GCA_025153405.1,CladeB,Wound,Cluster_12,Cluster_1135
GCA_025200845.1,CladeA,Hospital.Environment,Cluster_245,Cluster_1136
GCA_025224135.1,CladeB,Blood,Cluster_64,Cluster_430
GCA_025224795.3,CladeB,Sputum,Cluster_64,Cluster_430
GCA_025224815.1,CladeB,Sputum,Cluster_52,Cluster_1137
GCA_025235085.1,CladeA,Ear,Cluster_25,Cluster_1138
GCA_025235125.1,CladeB,Ear,Cluster_57,Cluster_1139
GCA_025235145.1,CladeB,Ear,Cluster_57,Cluster_1139
GCA_025235175.1,CladeA,Ear,Cluster_43,Cluster_1140
GCA_025235205.1,CladeB,Ear,Cluster_57,Cluster_1139
GCA_025235225.1,CladeA,Ear,Cluster_5,Cluster_1141
GCA_025235245.1,CladeB,Ear,Cluster_57,Cluster_1139
GCA_025235285.1,CladeB,Ear,Cluster_57,Cluster_1139
GCA_025235305.1,CladeB,Ear,Cluster_57,Cluster_1139
GCA_025235325.1,CladeB,Ear,Cluster_57,Cluster_1139
GCA_025235345.1,CladeA,Ear,Cluster_246,Cluster_1142
GCA_025235365.1,CladeB,Ear,Cluster_57,Cluster_1139
GCA_025235385.1,CladeB,Ear,Cluster_12,Cluster_1143
GCA_025235395.1,CladeA,Ear,Cluster_1,Cluster_1144
GCA_025235425.1,CladeB,Ear,Cluster_57,Cluster_1139
GCA_025235445.1,CladeB,Ear,Cluster_57,Cluster_1139
GCA_025235465.1,CladeB,Ear,Cluster_57,Cluster_1139
GCA_025235485.1,CladeB,Ear,Cluster_57,Cluster_1139
GCA_025235505.1,CladeB,Ear,Cluster_57,Cluster_1139
GCA_025235515.1,CladeB,Ear,Cluster_57,Cluster_1145
GCA_025235545.1,CladeB,Ear,Cluster_57,Cluster_1139
GCA_025235565.1,CladeA,Ear,Cluster_43,Cluster_1146
GCA_025235585.1,CladeB,Ear,Cluster_57,Cluster_1147
GCA_025235605.1,CladeB,Ear,Cluster_57,Cluster_1139
GCA_025235625.1,CladeB,Ear,Cluster_57,Cluster_1139
GCA_025235645.1,CladeB,Ear,Cluster_57,Cluster_1147
GCA_025235665.1,CladeB,Ear,Cluster_57,Cluster_1139
GCA_025235685.1,CladeA,Ear,Cluster_34,Cluster_1148
GCA_025235705.1,CladeB,Ear,Cluster_57,Cluster_1147
GCA_025235715.1,CladeB,Ear,Cluster_196,Cluster_1149
GCA_025235745.1,CladeB,Ear,Cluster_57,Cluster_1139
GCA_025235765.1,CladeA,Ear,Cluster_58,Cluster_1150
GCA_025235785.1,CladeB,Ear,Cluster_57,Cluster_1139
GCA_025235805.1,CladeA,Ear,Cluster_58,Cluster_1151
GCA_025235825.1,CladeA,Ear,Cluster_141,Cluster_1152
GCA_025235845.1,CladeB,Ear,Cluster_57,Cluster_1139
GCA_025235865.1,CladeB,Ear,Cluster_57,Cluster_1139
GCA_025235875.1,CladeB,Ear,Cluster_57,Cluster_1147
GCA_025235925.1,CladeA,Ear,Cluster_58,Cluster_1150
GCA_025235965.1,CladeB,Ear,Cluster_57,Cluster_1139
GCA_025235985.1,CladeB,Ear,Cluster_57,Cluster_1139
GCA_025236005.1,CladeB,Ear,Cluster_57,Cluster_1139
GCA_025236025.1,CladeA,Ear,Cluster_3,Cluster_1153
GCA_025236045.1,CladeA,Ear,Cluster_25,Cluster_1154
GCA_025236065.1,CladeB,Ear,Cluster_57,Cluster_1139
GCA_025236085.1,CladeB,Ear,Cluster_126,Cluster_1155
GCA_025236095.1,CladeB,Ear,Cluster_57,Cluster_1139
GCA_025236125.1,CladeB,Ear,Cluster_156,Cluster_1156
GCA_025236145.1,CladeA,Ear,Cluster_5,Cluster_1157
GCA_025236165.1,CladeB,Ear,Cluster_57,Cluster_1158
GCA_025236185.1,CladeB,Ear,Cluster_57,Cluster_1139
GCA_025236205.1,CladeA,Ear,Cluster_20,Cluster_1159
GCA_025236225.1,CladeB,Ear,Cluster_57,Cluster_1139
GCA_025236265.1,CladeB,Ear,Cluster_57,Cluster_1139
GCA_025236285.1,CladeB,Ear,Cluster_11,Cluster_256
GCA_025236295.1,CladeB,Ear,Cluster_57,Cluster_1139
GCA_025236325.1,CladeB,Ear,Cluster_57,Cluster_1139
GCA_025236345.1,CladeA,Ear,Cluster_201,Cluster_1160
GCA_025236355.1,CladeB,Ear,Cluster_57,Cluster_1161
GCA_025236365.1,CladeA,Ear,Cluster_1,Cluster_1162
GCA_025236405.1,CladeA,Ear,Cluster_201,Cluster_1160
GCA_025236415.1,CladeA,Ear,Cluster_178,Cluster_1163
GCA_025236485.1,CladeB,Ear,Cluster_57,Cluster_1139
GCA_025236505.1,CladeA,Ear,Cluster_247,Cluster_1164
GCA_025236515.1,CladeB,Ear,Cluster_57,Cluster_1139
GCA_025236565.1,CladeB,Ear,Cluster_57,Cluster_1165
GCA_025236585.1,CladeA,Ear,Cluster_5,Cluster_1166
GCA_025236595.1,CladeB,Ear,Cluster_57,Cluster_1139
GCA_025236625.1,CladeB,Ear,Cluster_57,Cluster_1139
GCA_025236645.1,CladeB,Ear,Cluster_57,Cluster_1139
GCA_025236665.1,CladeA,Ear,Cluster_25,Cluster_1167
GCA_025236685.1,CladeB,Ear,Cluster_57,Cluster_1168
GCA_025236705.1,CladeA,Ear,Cluster_8,Cluster_1169
GCA_025236765.1,CladeB,Ear,Cluster_57,Cluster_1168
GCA_025236785.1,CladeB,Ear,Cluster_57,Cluster_1139
GCA_025236815.1,CladeB,Ear,Cluster_57,Cluster_1139
GCA_025236845.1,CladeB,Ear,Cluster_57,Cluster_1139
GCA_025236865.1,CladeB,Ear,Cluster_57,Cluster_1139
GCA_025236885.1,CladeB,Ear,Cluster_57,Cluster_1139
GCA_025236925.1,CladeB,Ear,Cluster_57,Cluster_1139
GCA_025236945.1,CladeB,Ear,Cluster_57,Cluster_1139
GCA_025236965.1,CladeA,Ear,Cluster_86,Cluster_1170
GCA_025236975.1,CladeB,Ear,Cluster_57,Cluster_1139
GCA_025237005.1,CladeB,Ear,Cluster_57,Cluster_1139
GCA_025237025.1,CladeA,Ear,Cluster_25,Cluster_1171
GCA_025237045.1,CladeB,Ear,Cluster_57,Cluster_1139
GCA_025237065.1,CladeA,Ear,Cluster_10,Cluster_1172
GCA_025237075.1,CladeB,Ear,Cluster_57,Cluster_1147
GCA_025237105.1,CladeA,Ear,Cluster_24,Cluster_1173
GCA_025237125.1,CladeB,Ear,Cluster_57,Cluster_1139
GCA_025237145.1,CladeB,Ear,Cluster_57,Cluster_1147
GCA_025237155.1,CladeA,Ear,Cluster_43,Cluster_1174
GCA_025237185.1,CladeB,Ear,Cluster_57,Cluster_1139
GCA_025237205.1,CladeB,Ear,Cluster_57,Cluster_1139
GCA_025237225.1,CladeA,Ear,Cluster_10,Cluster_1175
GCA_025237245.1,CladeA,Ear,Cluster_5,Cluster_1176
GCA_025237325.1,CladeB,Ear,Cluster_57,Cluster_1147
GCA_025237345.1,CladeB,Ear,Cluster_57,Cluster_1139
GCA_025237365.1,CladeB,Ear,Cluster_248,Cluster_1177
GCA_025237385.1,CladeB,Ear,Cluster_57,Cluster_1139
GCA_025237405.1,CladeB,Ear,Cluster_57,Cluster_1139
GCA_025237445.1,CladeB,Ear,Cluster_57,Cluster_1147
GCA_025237465.1,CladeB,Ear,Cluster_57,Cluster_1139
GCA_025237485.1,CladeB,Ear,Cluster_57,Cluster_1139
GCA_025237505.1,CladeB,Ear,Cluster_57,Cluster_1178
GCA_025237525.1,CladeB,Ear,Cluster_57,Cluster_1139
GCA_025237605.1,CladeB,Ear,Cluster_57,Cluster_1139
GCA_025237625.1,CladeB,Ear,Cluster_57,Cluster_1139
GCA_025237665.1,CladeB,Ear,Cluster_57,Cluster_1139
GCA_025237685.1,CladeB,Ear,Cluster_57,Cluster_1147
GCA_025237705.1,CladeB,Ear,Cluster_57,Cluster_1147
GCA_025237725.1,CladeB,Ear,Cluster_57,Cluster_1139
GCA_025237735.1,CladeB,Ear,Cluster_57,Cluster_1147
GCA_025237765.1,CladeB,Ear,Cluster_57,Cluster_1179
GCA_025237785.1,CladeB,Ear,Cluster_57,Cluster_1147
GCA_025237825.1,CladeB,Ear,Cluster_57,Cluster_1139
GCA_025237845.1,CladeA,Ear,Cluster_46,Cluster_1180
GCA_025237875.1,CladeB,Ear,Cluster_57,Cluster_1139
GCA_025237925.1,CladeB,Ear,Cluster_57,Cluster_1139
GCA_025237985.1,CladeB,Ear,Cluster_57,Cluster_1139
GCA_025238205.1,CladeB,Ear,Cluster_57,Cluster_1147
GCA_025238225.1,CladeB,Ear,Cluster_57,Cluster_1139
GCA_025238245.1,CladeB,Ear,Cluster_57,Cluster_1139
GCA_025238325.1,CladeB,Ear,Cluster_57,Cluster_1139
GCA_025238445.1,CladeA,Ear,Cluster_2,Cluster_1181
GCA_025238525.1,CladeB,Ear,Cluster_57,Cluster_1139
GCA_025238555.1,CladeA,Ear,Cluster_25,Cluster_1182
GCA_025238685.1,CladeB,Ear,Cluster_11,Cluster_1183
GCA_025238705.1,CladeB,Ear,Cluster_57,Cluster_1139
GCA_025238785.1,CladeA,Ear,Cluster_9,Cluster_1184
GCA_025238795.1,CladeB,Ear,Cluster_57,Cluster_1147
GCA_025238825.1,CladeB,Ear,Cluster_57,Cluster_1147
GCA_025244965.1,CladeA,Aquatic,Cluster_5,Cluster_590
GCA_025452135.1,CladeA,Aquatic,Cluster_5,Cluster_590
GCA_025456545.1,CladeB,Aquatic,Cluster_12,Cluster_15
GCA_025456615.1,CladeB,Aquatic,Cluster_12,Cluster_1185
GCA_025456625.1,CladeB,Aquatic,Cluster_12,Cluster_1186
GCA_025456665.1,CladeA,Aquatic,Cluster_94,Cluster_1187
GCA_025456695.1,CladeB,Aquatic,Cluster_80,Cluster_1188
GCA_025456705.1,CladeB,Aquatic,Cluster_12,Cluster_1189
GCA_025456715.1,CladeB,Aquatic,Cluster_12,Cluster_15
GCA_025459385.1,CladeA,Aquatic,Cluster_123,Cluster_1190
GCA_025459465.1,CladeA,Aquatic,Cluster_26,Cluster_1191
GCA_025459485.1,CladeB,Aquatic,Cluster_12,Cluster_15
GCA_025459495.1,CladeB,Aquatic,Cluster_12,Cluster_1192
GCA_025496205.3,CladeA,Urinary,Cluster_9,Cluster_425
GCA_025580225.2,CladeB,Blood,Cluster_64,Cluster_430
GCA_025603235.1,CladeA,CF,Cluster_105,Cluster_1193
GCA_025603565.1,CladeA,CF,Cluster_5,Cluster_1194
GCA_025603585.1,CladeA,CF,Cluster_20,Cluster_1195
GCA_025603605.1,CladeA,CF,Cluster_20,Cluster_1195
GCA_025603965.1,CladeA,CF,Cluster_105,Cluster_1193
GCA_025606035.1,CladeA,CF,Cluster_249,Cluster_1196
GCA_025657935.1,CladeA,Lung,Cluster_75,Cluster_1197
GCA_025658075.1,CladeA,Upper.Respiratory,Cluster_75,Cluster_1197
GCA_025661715.1,CladeA,Sputum,Cluster_75,Cluster_1197
GCA_025661735.1,CladeA,Sputum,Cluster_75,Cluster_1197
GCA_025661775.1,CladeB,Sputum,Cluster_114,Cluster_1198
GCA_025661795.1,CladeA,Lung,Cluster_75,Cluster_1197
GCA_025661815.1,CladeA,Sputum,Cluster_75,Cluster_1197
GCA_025661895.1,CladeA,Sputum,Cluster_10,Cluster_1199
GCA_025661915.1,CladeA,Sputum,Cluster_75,Cluster_1197
GCA_025661925.1,CladeA,Sputum,Cluster_75,Cluster_1197
GCA_025661955.1,CladeA,Sputum,Cluster_75,Cluster_1197
GCA_025661965.1,CladeA,Lung,Cluster_75,Cluster_1197
GCA_025661995.1,CladeA,Lung,Cluster_75,Cluster_1197
GCA_025662015.1,CladeA,Sputum,Cluster_60,Cluster_184
GCA_025662025.1,CladeA,Lung,Cluster_60,Cluster_184
GCA_025662095.1,CladeA,Lung,Cluster_75,Cluster_1197
GCA_025662205.1,CladeA,Lung,Cluster_75,Cluster_1197
GCA_025662275.1,CladeA,Sputum,Cluster_10,Cluster_1199
GCA_025716885.1,CladeA,Ocean,Cluster_24,Cluster_1200
GCA_025716915.1,CladeA,Ocean,Cluster_24,Cluster_1200
GCA_025716925.1,CladeA,Ocean,Cluster_24,Cluster_1200
GCA_025717095.1,CladeC,Hospital.Environment,Cluster_250,Cluster_1201
GCA_025723085.1,CladeA,Blood,Cluster_1,Cluster_1202
GCA_025736955.1,CladeB,Ear,Cluster_57,Cluster_1147
GCA_025736975.1,CladeB,Ear,Cluster_57,Cluster_1139
GCA_025778435.1,CladeA,Wound,Cluster_9,Cluster_1203
GCA_025780215.1,CladeA,Sputum,Cluster_46,Cluster_1204
GCA_025780235.1,CladeB,Sputum,Cluster_7,Cluster_1205
GCA_025780255.1,CladeA,Sputum,Cluster_206,Cluster_1206
GCA_025780265.1,CladeB,Sputum,Cluster_81,Cluster_670
GCA_025780275.1,CladeA,Sputum,Cluster_23,Cluster_1207
GCA_025780335.1,CladeA,Sputum,Cluster_219,Cluster_1208
GCA_025780345.1,CladeA,Sputum,Cluster_46,Cluster_1204
GCA_025780375.1,CladeA,Sputum,Cluster_206,Cluster_1209
GCA_025780385.1,CladeA,Sputum,Cluster_251,Cluster_1210
GCA_025780415.1,CladeA,Sputum,Cluster_67,Cluster_1211
GCA_025780435.1,CladeA,Sputum,Cluster_219,Cluster_1208
GCA_025780455.1,CladeB,Sputum,Cluster_81,Cluster_670
GCA_025780475.1,CladeA,Sputum,Cluster_252,Cluster_1212
GCA_025780495.1,CladeA,Sputum,Cluster_43,Cluster_260
GCA_025780515.1,CladeA,Sputum,Cluster_67,Cluster_1211
GCA_025780545.1,CladeA,Sputum,Cluster_206,Cluster_1209
GCA_025780565.1,CladeA,Sputum,Cluster_219,Cluster_1208
GCA_025780585.1,CladeB,Sputum,Cluster_16,Cluster_1213
GCA_025780615.1,CladeA,Sputum,Cluster_206,Cluster_1209
GCA_025780635.1,CladeA,Sputum,Cluster_25,Cluster_1214
GCA_025780675.1,CladeA,Sputum,Cluster_184,Cluster_1215
GCA_025780695.1,CladeA,Sputum,Cluster_43,Cluster_1216
GCA_025780705.1,CladeA,Sputum,Cluster_206,Cluster_1209
GCA_025780735.1,CladeA,Sputum,Cluster_43,Cluster_1216
GCA_025780755.1,CladeA,Sputum,Cluster_43,Cluster_1216
GCA_025780775.1,CladeB,Sputum,Cluster_81,Cluster_670
GCA_025780795.1,CladeA,Sputum,Cluster_43,Cluster_1216
GCA_025780805.1,CladeA,Sputum,Cluster_219,Cluster_1208
GCA_025780835.1,CladeA,Sputum,Cluster_5,Cluster_1217
GCA_025780855.1,CladeA,Sputum,Cluster_43,Cluster_1216
GCA_025780875.1,CladeA,Sputum,Cluster_20,Cluster_227
GCA_025780895.1,CladeA,Sputum,Cluster_43,Cluster_260
GCA_025780905.1,CladeA,Sputum,Cluster_219,Cluster_1208
GCA_025780935.1,CladeA,Sputum,Cluster_43,Cluster_1218
GCA_025780955.1,CladeB,Sputum,Cluster_81,Cluster_670
GCA_025790885.1,CladeB,Urinary,Cluster_253,Cluster_1219
GCA_025791125.1,CladeA,Wound,Cluster_173,Cluster_1220
GCA_025791575.1,CladeA,Wound,Cluster_48,Cluster_1221
GCA_025791595.1,CladeB,Lung,Cluster_64,Cluster_1222
GCA_025792185.1,CladeB,Lung,Cluster_64,Cluster_1223
GCA_025798645.1,CladeA,Lung,Cluster_26,Cluster_1224
GCA_025798705.1,CladeA,Lung,Cluster_26,Cluster_1224
GCA_025798725.1,CladeA,Sputum,Cluster_1,Cluster_1225
GCA_025798735.1,CladeA,Lung,Cluster_1,Cluster_1226
GCA_025798765.1,CladeA,Lung,Cluster_26,Cluster_1224
GCA_025798825.1,CladeB,Urinary,Cluster_11,Cluster_256
GCA_025798845.1,CladeA,Urinary,Cluster_9,Cluster_1227
GCA_025798905.1,CladeB,Lung,Cluster_17,Cluster_1228
GCA_025799005.1,CladeA,Urinary,Cluster_10,Cluster_1229
GCA_025799025.1,CladeA,Urinary,Cluster_71,Cluster_1230
GCA_025799045.1,CladeB,Lung,Cluster_52,Cluster_1231
GCA_025799065.1,CladeA,Urinary,Cluster_5,Cluster_1232
GCA_025799105.1,CladeA,Urinary,Cluster_26,Cluster_1233
GCA_025799125.1,CladeA,Lung,Cluster_1,Cluster_1234
GCA_025799145.1,CladeA,Urinary,Cluster_1,Cluster_1235
GCA_025799215.1,CladeA,Blood,Cluster_26,Cluster_1236
GCA_025799275.1,CladeA,Blood,Cluster_26,Cluster_1237
GCA_025799305.1,CladeA,Wound,Cluster_26,Cluster_1238
GCA_025799325.1,CladeA,Urinary,Cluster_1,Cluster_1239
GCA_025799405.1,CladeB,Built.Environment,Cluster_64,Cluster_1240
GCA_025799415.1,CladeB,Built.Environment,Cluster_64,Cluster_1241
GCA_025799445.1,CladeA,Built.Environment,Cluster_26,Cluster_1224
GCA_025799465.1,CladeA,Built.Environment,Cluster_1,Cluster_1242
GCA_025799485.1,CladeA,Built.Environment,Cluster_1,Cluster_1243
GCA_025799505.1,CladeA,Built.Environment,Cluster_26,Cluster_1224
GCA_025799545.1,CladeB,Built.Environment,Cluster_64,Cluster_1244
GCA_025799585.1,CladeA,Built.Environment,Cluster_1,Cluster_1225
GCA_025799595.1,CladeA,Built.Environment,Cluster_26,Cluster_1245
GCA_025799645.1,CladeA,Built.Environment,Cluster_9,Cluster_1227
GCA_025799725.1,CladeB,Built.Environment,Cluster_52,Cluster_1246
GCA_025799745.1,CladeB,Built.Environment,Cluster_114,Cluster_1247
GCA_025799765.1,CladeB,Built.Environment,Cluster_114,Cluster_1248
GCA_025799805.1,CladeB,Built.Environment,Cluster_114,Cluster_1249
GCA_025799845.1,CladeB,Built.Environment,Cluster_52,Cluster_1250
GCA_025799855.1,CladeB,Built.Environment,Cluster_64,Cluster_1251
GCA_025799905.1,CladeB,Aquatic,Cluster_151,Cluster_1252
GCA_025799945.1,CladeA,Built.Environment,Cluster_1,Cluster_1253
GCA_025799965.1,CladeA,Built.Environment,Cluster_26,Cluster_1254
GCA_025799985.1,CladeB,Built.Environment,Cluster_52,Cluster_1255
GCA_025800005.1,CladeA,Built.Environment,Cluster_5,Cluster_1256
GCA_025800025.1,CladeA,Built.Environment,Cluster_9,Cluster_1257
GCA_025800085.1,CladeB,Built.Environment,Cluster_126,Cluster_1258
GCA_025886975.1,CladeB,Urinary,Cluster_52,Cluster_1259
GCA_025908315.1,CladeC,CF,Cluster_216,Cluster_1260
GCA_025910095.1,CladeA,Blood,Cluster_10,Cluster_1261
GCA_025910125.1,CladeA,Built.Environment,Cluster_10,Cluster_1262
GCA_026014145.1,CladeA,Wound,Cluster_1,Cluster_1263
GCA_026014185.1,CladeA,Wound,Cluster_26,Cluster_1264
GCA_026014195.1,CladeB,Urinary,Cluster_11,Cluster_1265
GCA_026014215.1,CladeB,Urinary,Cluster_12,Cluster_1266
GCA_026014295.1,CladeB,Lung,Cluster_11,Cluster_1267
GCA_026014365.1,CladeA,Lung,Cluster_1,Cluster_11
GCA_026014385.1,CladeB,Blood,Cluster_11,Cluster_1265
GCA_026014395.1,CladeA,Lung,Cluster_1,Cluster_11
GCA_026014445.1,CladeA,Wound,Cluster_26,Cluster_1268
GCA_026046135.3,CladeA,Rectal/Feces,Cluster_26,Cluster_1269
GCA_026046155.3,CladeA,Rectal/Feces,Cluster_26,Cluster_1270
GCA_026071155.1,CladeA,Urinary,Cluster_26,Cluster_893
GCA_026071195.3,CladeA,Lung,Cluster_26,Cluster_1271
GCA_026071255.3,CladeA,Lung,Cluster_26,Cluster_893
GCA_026113925.1,CladeA,Aquatic,Cluster_254,Cluster_1272
GCA_026178425.4,CladeA,Rectal/Feces,Cluster_61,Cluster_1273
GCA_026182765.3,CladeB,Skin,Cluster_11,Cluster_1274
GCA_026221715.1,CladeB,Urinary,Cluster_52,Cluster_1275
GCA_026239815.1,CladeA,Pneumonia,Cluster_43,Cluster_1276
GCA_026239835.1,CladeB,Wound,Cluster_32,Cluster_939
GCA_026239885.1,CladeB,Wound,Cluster_52,Cluster_1277
GCA_026239915.1,CladeB,Wound,Cluster_12,Cluster_15
GCA_026239935.1,CladeB,Pneumonia,Cluster_12,Cluster_15
GCA_026239955.1,CladeB,Pneumonia,Cluster_12,Cluster_15
GCA_026249145.3,CladeA,Lung,Cluster_26,Cluster_893
GCA_026284155.1,CladeC,Hospital.Environment,Cluster_255,Cluster_1278
GCA_026337635.1,CladeA,Burn,Cluster_51,Cluster_1279
GCA_026337675.1,CladeA,Burn,Cluster_51,Cluster_1279
GCA_026341285.1,CladeA,CF,Cluster_166,Cluster_1280
GCA_026341305.1,CladeA,CF,Cluster_166,Cluster_1281
GCA_026531255.2,CladeB,Upper.Respiratory,Cluster_12,Cluster_15
GCA_026531595.2,CladeB,Sputum,Cluster_12,Cluster_15
GCA_026531615.2,CladeB,Urinary,Cluster_12,Cluster_15
GCA_026623065.1,CladeA,Sputum,Cluster_19,Cluster_1282
GCA_026623075.1,CladeA,Sputum,Cluster_95,Cluster_1283
GCA_026623105.1,CladeA,Sputum,Cluster_101,Cluster_1284
GCA_026623125.1,CladeA,Sputum,Cluster_101,Cluster_1284
GCA_026623145.1,CladeA,Sputum,Cluster_103,Cluster_1285
GCA_026623165.1,CladeA,Sputum,Cluster_103,Cluster_1285
GCA_026623175.1,CladeA,Sputum,Cluster_101,Cluster_1284
GCA_026623185.1,CladeA,Sputum,Cluster_101,Cluster_1284
GCA_026623225.1,CladeA,Sputum,Cluster_19,Cluster_1282
GCA_026623255.1,CladeB,Sputum,Cluster_256,Cluster_1286
GCA_026623265.1,CladeA,Sputum,Cluster_51,Cluster_1287
GCA_026623305.1,CladeA,Sputum,Cluster_51,Cluster_1287
GCA_026623325.1,CladeA,Sputum,Cluster_20,Cluster_1288
GCA_026623345.1,CladeA,Sputum,Cluster_20,Cluster_1288
GCA_026623365.1,CladeA,Sputum,Cluster_95,Cluster_1283
GCA_026625905.1,CladeA,Plant,Cluster_36,Cluster_3638
GCA_026636135.1,CladeA,Eye,Cluster_147,Cluster_3588
GCA_026636195.1,CladeA,Plant,Cluster_36,Cluster_3638
GCA_026649405.1,CladeA,Urinary,Cluster_10,Cluster_1289
GCA_026727755.1,CladeA,Ocean,Cluster_203,Cluster_1290
GCA_026730595.3,CladeA,Urinary,Cluster_257,Cluster_1291
GCA_026739515.1,CladeB,Lung,Cluster_52,Cluster_1275
GCA_026739535.1,CladeB,Urinary,Cluster_52,Cluster_1275
GCA_026784845.1,CladeA,Wound,Cluster_5,Cluster_1292
GCA_026870135.1,CladeA,Lung,Cluster_2,Cluster_1293
GCA_026890985.1,CladeA,Aquatic,Cluster_258,Cluster_1294
GCA_026913035.1,CladeB,Blood,Cluster_151,Cluster_1295
GCA_026958895.1,CladeA,Blood,Cluster_5,Cluster_1296
GCA_027102215.3,CladeA,Lung,Cluster_10,Cluster_1297
GCA_027102275.3,CladeB,Sputum,Cluster_52,Cluster_1298
GCA_027261535.1,CladeB,Urinary,Cluster_52,Cluster_1299
GCA_027359235.1,CladeA,Blood,Cluster_43,Cluster_1300
GCA_027560445.3,CladeA,Blood,Cluster_10,Cluster_1301
GCA_027562385.1,CladeB,Urinary,Cluster_52,Cluster_1302
GCA_027570415.1,CladeA,CF,Cluster_103,Cluster_1303
GCA_027570435.1,CladeA,CF,Cluster_10,Cluster_1304
GCA_027570455.1,CladeA,CF,Cluster_10,Cluster_1305
GCA_027570475.1,CladeB,CF,Cluster_151,Cluster_1306
GCA_027570495.1,CladeA,CF,Cluster_103,Cluster_1307
GCA_027570515.1,CladeB,CF,Cluster_52,Cluster_1308
GCA_027570535.1,CladeA,CF,Cluster_115,Cluster_1309
GCA_027570555.1,CladeA,CF,Cluster_10,Cluster_195
GCA_027570575.1,CladeA,CF,Cluster_2,Cluster_356
GCA_027570595.1,CladeA,CF,Cluster_9,Cluster_1310
GCA_027570615.1,CladeA,CF,Cluster_10,Cluster_1311
GCA_027570635.1,CladeA,CF,Cluster_10,Cluster_1312
GCA_027570655.1,CladeA,CF,Cluster_82,Cluster_691
GCA_027570675.1,CladeA,CF,Cluster_24,Cluster_1313
GCA_027570715.1,CladeB,CF,Cluster_11,Cluster_1314
GCA_027570735.1,CladeA,CF,Cluster_10,Cluster_1315
GCA_027570755.1,CladeA,CF,Cluster_177,Cluster_1316
GCA_027570775.1,CladeA,CF,Cluster_146,Cluster_496
GCA_027570795.1,CladeB,CF,Cluster_17,Cluster_1317
GCA_027570815.1,CladeA,CF,Cluster_60,Cluster_1318
GCA_027570835.1,CladeA,CF,Cluster_10,Cluster_1319
GCA_027570855.1,CladeA,CF,Cluster_2,Cluster_513
GCA_027570875.1,CladeA,CF,Cluster_10,Cluster_1320
GCA_027570895.1,CladeB,CF,Cluster_259,Cluster_1321
GCA_027570915.1,CladeA,CF,Cluster_146,Cluster_496
GCA_027570935.1,CladeA,CF,Cluster_103,Cluster_1322
GCA_027570955.1,CladeA,CF,Cluster_10,Cluster_1323
GCA_027570975.1,CladeA,CF,Cluster_34,Cluster_1324
GCA_027570995.1,CladeA,CF,Cluster_9,Cluster_1325
GCA_027571015.1,CladeA,CF,Cluster_58,Cluster_1326
GCA_027571055.1,CladeA,CF,Cluster_40,Cluster_1327
GCA_027571075.1,CladeB,CF,Cluster_260,Cluster_1328
GCA_027571095.1,CladeB,CF,Cluster_261,Cluster_1329
GCA_027571115.1,CladeB,CF,Cluster_16,Cluster_1330
GCA_027571135.1,CladeB,CF,Cluster_16,Cluster_1330
GCA_027571155.1,CladeA,CF,Cluster_10,Cluster_1331
GCA_027571175.1,CladeA,CF,Cluster_82,Cluster_691
GCA_027571195.1,CladeA,CF,Cluster_10,Cluster_1304
GCA_027571215.1,CladeA,CF,Cluster_48,Cluster_1332
GCA_027571305.1,CladeA,CF,Cluster_82,Cluster_691
GCA_027571325.1,CladeA,CF,Cluster_24,Cluster_1333
GCA_027571345.1,CladeB,CF,Cluster_4,Cluster_1334
GCA_027571365.1,CladeB,CF,Cluster_4,Cluster_1334
GCA_027583375.1,CladeB,Lung,Cluster_11,Cluster_256
GCA_027583445.1,CladeB,Sputum,Cluster_12,Cluster_284
GCA_027583515.1,CladeA,Built.Environment,Cluster_5,Cluster_1335
GCA_027583525.1,CladeA,Sputum,Cluster_5,Cluster_281
GCA_027583535.1,CladeA,Lung,Cluster_5,Cluster_1336
GCA_027583575.1,CladeA,Sputum,Cluster_5,Cluster_1337
GCA_027583585.1,CladeA,Sputum,Cluster_5,Cluster_281
GCA_027583615.1,CladeA,Lung,Cluster_5,Cluster_281
GCA_027583635.1,CladeA,Lung,Cluster_5,Cluster_281
GCA_027583655.1,CladeB,Lung,Cluster_11,Cluster_256
GCA_027583695.1,CladeB,Sputum,Cluster_11,Cluster_256
GCA_027583705.1,CladeB,Lung,Cluster_11,Cluster_256
GCA_027583735.1,CladeA,Lung,Cluster_5,Cluster_281
GCA_027583755.1,CladeB,Sputum,Cluster_11,Cluster_256
GCA_027583775.1,CladeA,Sputum,Cluster_99,Cluster_285
GCA_027583795.1,CladeA,Lung,Cluster_99,Cluster_285
GCA_027583815.1,CladeA,Sputum,Cluster_20,Cluster_287
GCA_027587335.1,CladeA,Lung,Cluster_99,Cluster_285
GCA_027587355.1,CladeA,Wound,Cluster_99,Cluster_285
GCA_027594685.1,CladeA,Sputum,Cluster_31,Cluster_1338
GCA_027594965.1,CladeA,Blood,Cluster_43,Cluster_1339
GCA_027626995.1,CladeA,CF,Cluster_10,Cluster_1320
GCA_027627015.1,CladeA,CF,Cluster_2,Cluster_1340
GCA_027627025.1,CladeA,CF,Cluster_66,Cluster_1341
GCA_027627035.1,CladeA,CF,Cluster_10,Cluster_1342
GCA_027627075.1,CladeA,CF,Cluster_60,Cluster_184
GCA_027627095.1,CladeA,CF,Cluster_28,Cluster_1343
GCA_027627115.1,CladeA,CF,Cluster_25,Cluster_37
GCA_027627125.1,CladeA,CF,Cluster_40,Cluster_1344
GCA_027627175.1,CladeA,CF,Cluster_162,Cluster_1345
GCA_027627185.1,CladeA,CF,Cluster_60,Cluster_1346
GCA_027627285.1,CladeA,CF,Cluster_5,Cluster_1347
GCA_027856155.1,CladeA,Built.Environment,Cluster_262,Cluster_1348
GCA_027856235.1,CladeA,Urinary,Cluster_5,Cluster_1349
GCA_027857055.1,CladeA,Aquatic,Cluster_263,Cluster_1350
GCA_027857065.1,CladeB,Waste.Water,Cluster_52,Cluster_1351
GCA_027857075.1,CladeB,Waste.Water,Cluster_52,Cluster_1351
GCA_027857085.1,CladeB,Waste.Water,Cluster_52,Cluster_1351
GCA_027857155.1,CladeB,Aquatic,Cluster_126,Cluster_386
GCA_027857165.1,CladeB,Aquatic,Cluster_126,Cluster_386
GCA_027857185.1,CladeA,Aquatic,Cluster_149,Cluster_1352
GCA_027857215.1,CladeA,Aquatic,Cluster_138,Cluster_1353
GCA_027857235.1,CladeA,Aquatic,Cluster_258,Cluster_1354
GCA_027857255.1,CladeA,Aquatic,Cluster_24,Cluster_1355
GCA_027857275.1,CladeA,Aquatic,Cluster_10,Cluster_1356
GCA_027857285.1,CladeA,Aquatic,Cluster_66,Cluster_1357
GCA_027857315.1,CladeA,Aquatic,Cluster_10,Cluster_1356
GCA_027857325.1,CladeB,Waste.Water,Cluster_11,Cluster_1358
GCA_027857365.1,CladeB,Waste.Water,Cluster_11,Cluster_1358
GCA_027857395.1,CladeA,Waste.Water,Cluster_35,Cluster_1359
GCA_027857405.1,CladeA,Waste.Water,Cluster_5,Cluster_1360
GCA_027891115.1,CladeB,Sputum,Cluster_16,Cluster_22
GCA_027908735.1,CladeB,Urinary,Cluster_16,Cluster_22
GCA_027959685.3,CladeB,Wound,Cluster_11,Cluster_1361
GCA_028053955.3,CladeB,Sputum,Cluster_32,Cluster_939
GCA_028053975.4,CladeA,Sputum,Cluster_94,Cluster_1362
GCA_028053995.3,CladeB,Urinary,Cluster_52,Cluster_564
GCA_028057075.3,CladeB,Ear,Cluster_112,Cluster_1363
GCA_028057675.3,CladeA,Sputum,Cluster_230,Cluster_1364
GCA_028058275.3,CladeB,Urinary,Cluster_11,Cluster_1365
GCA_028062185.3,CladeA,Wound,Cluster_60,Cluster_1366
GCA_028062835.3,CladeB,Sputum,Cluster_11,Cluster_1367
GCA_028062845.3,CladeA,Sputum,Cluster_10,Cluster_1368
GCA_028062935.3,CladeB,Sputum,Cluster_11,Cluster_1367
GCA_028063055.3,CladeB,Urinary,Cluster_52,Cluster_1259
GCA_028063095.3,CladeA,Sputum,Cluster_36,Cluster_1369
GCA_028063215.3,CladeB,Blood,Cluster_11,Cluster_569
GCA_028063995.3,CladeA,Urinary,Cluster_20,Cluster_1370
GCA_028064255.3,CladeA,Urinary,Cluster_20,Cluster_1371
GCA_028064675.3,CladeA,Sputum,Cluster_5,Cluster_1372
GCA_028065035.3,CladeA,Sputum,Cluster_113,Cluster_1373
GCA_028065855.3,CladeA,Urinary,Cluster_24,Cluster_1374
GCA_028066515.3,CladeA,Wound,Cluster_78,Cluster_1375
GCA_028188985.3,CladeB,Eye,Cluster_32,Cluster_939
GCA_028307885.1,CladeA,Lung,Cluster_10,Cluster_1376
GCA_028331285.1,CladeA,Animal,Cluster_48,Cluster_1377
GCA_028331455.1,CladeA,Throat,Cluster_141,Cluster_1378
GCA_028331485.1,CladeA,Throat,Cluster_141,Cluster_1378
GCA_028331495.1,CladeB,Throat,Cluster_55,Cluster_1379
GCA_028331545.1,CladeA,Throat,Cluster_242,Cluster_1380
GCA_028331555.1,CladeA,Throat,Cluster_40,Cluster_1381
GCA_028331605.1,CladeB,Throat,Cluster_16,Cluster_1382
GCA_028331645.1,CladeA,Throat,Cluster_202,Cluster_1383
GCA_028366335.3,CladeB,Rectal/Feces,Cluster_32,Cluster_939
GCA_028366415.3,CladeB,Rectal/Feces,Cluster_32,Cluster_939
GCA_028366535.3,CladeA,Lung,Cluster_10,Cluster_1384
GCA_028367665.1,CladeA,Urinary,Cluster_1,Cluster_1385
GCA_028403965.1,CladeA,Lung,Cluster_1,Cluster_1386
GCA_028404005.1,CladeA,Urinary,Cluster_1,Cluster_1387
GCA_028404025.1,CladeA,Sputum,Cluster_1,Cluster_27
GCA_028404045.1,CladeA,Sputum,Cluster_1,Cluster_1388
GCA_028404065.1,CladeA,Urinary,Cluster_1,Cluster_8
GCA_028404085.1,CladeA,Lung,Cluster_1,Cluster_1389
GCA_028404105.1,CladeA,Urinary,Cluster_1,Cluster_1390
GCA_028435275.1,CladeA,CF,Cluster_26,Cluster_1391
GCA_028435405.1,CladeA,CF,Cluster_264,Cluster_1392
GCA_028435425.1,CladeA,CF,Cluster_2,Cluster_1393
GCA_028435445.1,CladeA,CF,Cluster_1,Cluster_1394
GCA_028435455.1,CladeA,CF,Cluster_50,Cluster_1395
GCA_028435485.1,CladeB,CF,Cluster_55,Cluster_1396
GCA_028435515.1,CladeA,CF,Cluster_10,Cluster_1397
GCA_028435545.1,CladeA,CF,Cluster_66,Cluster_1398
GCA_028435555.1,CladeA,CF,Cluster_66,Cluster_1398
GCA_028435585.1,CladeA,CF,Cluster_66,Cluster_1398
GCA_028435605.1,CladeA,CF,Cluster_20,Cluster_1399
GCA_028435625.1,CladeB,CF,Cluster_17,Cluster_1400
GCA_028435645.1,CladeB,CF,Cluster_17,Cluster_1401
GCA_028435665.1,CladeA,CF,Cluster_10,Cluster_1402
GCA_028435685.1,CladeA,CF,Cluster_237,Cluster_1403
GCA_028435705.1,CladeA,CF,Cluster_10,Cluster_1404
GCA_028435785.1,CladeA,CF,Cluster_22,Cluster_1405
GCA_028435815.1,CladeA,CF,Cluster_184,Cluster_1406
GCA_028435825.1,CladeA,CF,Cluster_237,Cluster_1407
GCA_028435865.1,CladeA,CF,Cluster_10,Cluster_1408
GCA_028435945.1,CladeA,CF,Cluster_184,Cluster_1406
GCA_028439485.1,CladeA,Rectal/Feces,Cluster_20,Cluster_227
GCA_028448065.2,CladeB,Urinary,Cluster_12,Cluster_15
GCA_028517585.3,CladeB,Urinary,Cluster_126,Cluster_1409
GCA_028551535.1,CladeA,Rectal/Feces,Cluster_1,Cluster_1410
GCA_028567115.1,CladeA,CF,Cluster_1,Cluster_1411
GCA_028567125.1,CladeA,CF,Cluster_103,Cluster_1412
GCA_028567155.1,CladeB,CF,Cluster_176,Cluster_1413
GCA_028567195.1,CladeA,CF,Cluster_5,Cluster_1414
GCA_028567215.1,CladeA,CF,Cluster_24,Cluster_1415
GCA_028567235.1,CladeA,CF,Cluster_140,Cluster_1416
GCA_028567255.1,CladeA,CF,Cluster_10,Cluster_1417
GCA_028567265.1,CladeC,CF,Cluster_250,Cluster_1418
GCA_028567275.1,CladeA,CF,Cluster_89,Cluster_1419
GCA_028567285.1,CladeA,CF,Cluster_10,Cluster_1420
GCA_028567335.1,CladeA,CF,Cluster_24,Cluster_1421
GCA_028567355.1,CladeA,CF,Cluster_152,Cluster_1422
GCA_028567365.1,CladeB,CF,Cluster_64,Cluster_1423
GCA_028567395.1,CladeA,CF,Cluster_198,Cluster_1424
GCA_028567415.1,CladeB,CF,Cluster_114,Cluster_1425
GCA_028567435.1,CladeA,CF,Cluster_24,Cluster_1426
GCA_028567455.1,CladeB,CF,Cluster_17,Cluster_1427
GCA_028567465.1,CladeB,CF,Cluster_17,Cluster_1427
GCA_028567475.1,CladeA,CF,Cluster_25,Cluster_1428
GCA_028567515.1,CladeA,CF,Cluster_26,Cluster_1429
GCA_028567575.1,CladeA,CF,Cluster_103,Cluster_1412
GCA_028567585.1,CladeA,CF,Cluster_48,Cluster_1430
GCA_028567615.1,CladeA,CF,Cluster_2,Cluster_1431
GCA_028567625.1,CladeA,CF,Cluster_103,Cluster_1412
GCA_028567655.1,CladeA,CF,Cluster_60,Cluster_1432
GCA_028567675.1,CladeA,CF,Cluster_60,Cluster_1433
GCA_028567695.1,CladeA,CF,Cluster_265,Cluster_1434
GCA_028567705.1,CladeA,CF,Cluster_78,Cluster_1435
GCA_028567735.1,CladeA,CF,Cluster_266,Cluster_1436
GCA_028567755.1,CladeA,CF,Cluster_10,Cluster_1437
GCA_028567775.1,CladeA,CF,Cluster_230,Cluster_1438
GCA_028567785.1,CladeA,CF,Cluster_10,Cluster_1439
GCA_028567815.1,CladeA,CF,Cluster_2,Cluster_1440
GCA_028567845.1,CladeA,CF,Cluster_41,Cluster_1441
GCA_028567875.1,CladeA,CF,Cluster_26,Cluster_1442
GCA_028567895.1,CladeA,CF,Cluster_5,Cluster_1443
GCA_028567915.1,CladeA,CF,Cluster_93,Cluster_1444
GCA_028567925.1,CladeA,CF,Cluster_230,Cluster_1445
GCA_028567955.1,CladeA,CF,Cluster_103,Cluster_1446
GCA_028567975.1,CladeA,CF,Cluster_267,Cluster_1447
GCA_028567995.1,CladeA,CF,Cluster_268,Cluster_1448
GCA_028568015.1,CladeA,CF,Cluster_34,Cluster_1449
GCA_028568035.1,CladeA,CF,Cluster_258,Cluster_1450
GCA_028568055.1,CladeA,CF,Cluster_103,Cluster_1451
GCA_028568075.1,CladeA,CF,Cluster_115,Cluster_1452
GCA_028568085.1,CladeA,CF,Cluster_5,Cluster_1453
GCA_028568115.1,CladeA,CF,Cluster_10,Cluster_1454
GCA_028568135.1,CladeB,CF,Cluster_42,Cluster_1455
GCA_028568175.1,CladeA,CF,Cluster_95,Cluster_1456
GCA_028568195.1,CladeA,CF,Cluster_103,Cluster_1457
GCA_028568215.1,CladeA,CF,Cluster_269,Cluster_1458
GCA_028568235.1,CladeB,CF,Cluster_126,Cluster_1459
GCA_028568275.1,CladeA,CF,Cluster_2,Cluster_1460
GCA_028568295.1,CladeA,CF,Cluster_103,Cluster_1461
GCA_028568315.1,CladeA,CF,Cluster_20,Cluster_1462
GCA_028568325.1,CladeA,CF,Cluster_10,Cluster_1463
GCA_028568355.1,CladeA,CF,Cluster_270,Cluster_1464
GCA_028568375.1,CladeA,CF,Cluster_35,Cluster_1465
GCA_028568385.1,CladeA,CF,Cluster_20,Cluster_1466
GCA_028568415.1,CladeA,CF,Cluster_10,Cluster_1467
GCA_028568425.1,CladeA,CF,Cluster_82,Cluster_1468
GCA_028568455.1,CladeB,CF,Cluster_17,Cluster_615
GCA_028568475.1,CladeA,CF,Cluster_5,Cluster_590
GCA_028568485.1,CladeA,CF,Cluster_9,Cluster_613
GCA_028568515.1,CladeA,CF,Cluster_10,Cluster_605
GCA_028568535.1,CladeA,CF,Cluster_10,Cluster_604
GCA_028568555.1,CladeA,CF,Cluster_149,Cluster_1469
GCA_028568575.1,CladeA,CF,Cluster_230,Cluster_1470
GCA_028568585.1,CladeA,CF,Cluster_10,Cluster_605
GCA_028568655.1,CladeB,CF,Cluster_17,Cluster_814
GCA_028568665.1,CladeA,CF,Cluster_70,Cluster_1471
GCA_028568785.1,CladeA,CF,Cluster_24,Cluster_1472
GCA_028568895.1,CladeA,CF,Cluster_26,Cluster_1473
GCA_028568995.1,CladeA,CF,Cluster_75,Cluster_1474
GCA_028569195.1,CladeA,CF,Cluster_24,Cluster_1475
GCA_028569315.1,CladeA,CF,Cluster_271,Cluster_1476
GCA_028569325.1,CladeA,CF,Cluster_14,Cluster_1477
GCA_028569335.1,CladeA,CF,Cluster_272,Cluster_1478
GCA_028569395.1,CladeA,CF,Cluster_273,Cluster_1479
GCA_028569405.1,CladeA,CF,Cluster_10,Cluster_1480
GCA_028569425.1,CladeA,CF,Cluster_141,Cluster_1481
GCA_028569435.1,CladeA,CF,Cluster_273,Cluster_1482
GCA_028569475.1,CladeA,CF,Cluster_258,Cluster_1483
GCA_028569495.1,CladeA,CF,Cluster_20,Cluster_1484
GCA_028569515.1,CladeA,CF,Cluster_60,Cluster_1485
GCA_028569525.1,CladeA,CF,Cluster_46,Cluster_1486
GCA_028569555.1,CladeA,CF,Cluster_66,Cluster_1487
GCA_028569575.1,CladeA,CF,Cluster_58,Cluster_1488
GCA_028569595.1,CladeA,CF,Cluster_239,Cluster_1489
GCA_028569675.1,CladeA,CF,Cluster_1,Cluster_1490
GCA_028569695.1,CladeA,CF,Cluster_9,Cluster_1491
GCA_028569715.1,CladeA,CF,Cluster_63,Cluster_1492
GCA_028569735.1,CladeA,CF,Cluster_274,Cluster_1493
GCA_028569745.1,CladeA,CF,Cluster_40,Cluster_1494
GCA_028569775.1,CladeA,CF,Cluster_82,Cluster_691
GCA_028569785.1,CladeB,CF,Cluster_275,Cluster_1495
GCA_028569815.1,CladeB,CF,Cluster_275,Cluster_1496
GCA_028569835.1,CladeA,CF,Cluster_40,Cluster_1497
GCA_028569865.1,CladeA,CF,Cluster_60,Cluster_184
GCA_028569875.1,CladeA,CF,Cluster_30,Cluster_94
GCA_028569905.1,CladeA,CF,Cluster_128,Cluster_1498
GCA_028569925.1,CladeA,CF,Cluster_2,Cluster_1499
GCA_028569945.1,CladeB,CF,Cluster_275,Cluster_1500
GCA_028569965.1,CladeA,CF,Cluster_43,Cluster_1501
GCA_028593825.1,CladeB,Urinary,Cluster_114,Cluster_1502
GCA_028594365.1,CladeA,Urinary,Cluster_1,Cluster_1503
GCA_028595335.1,CladeB,Urinary,Cluster_12,Cluster_1504
GCA_028595385.1,CladeB,Urinary,Cluster_12,Cluster_1505
GCA_028595405.1,CladeB,Urinary,Cluster_16,Cluster_22
GCA_028595425.1,CladeA,Urinary,Cluster_276,Cluster_1506
GCA_028595435.1,CladeA,Urinary,Cluster_61,Cluster_1507
GCA_028595445.1,CladeB,Urinary,Cluster_16,Cluster_22
GCA_028595485.1,CladeB,Urinary,Cluster_12,Cluster_1504
GCA_028595505.2,CladeA,Urinary,Cluster_5,Cluster_1508
GCA_028595525.2,CladeA,Urinary,Cluster_123,Cluster_1509
GCA_028595535.1,CladeB,Urinary,Cluster_16,Cluster_22
GCA_028595585.1,CladeB,Urinary,Cluster_16,Cluster_22
GCA_028595605.1,CladeA,Urinary,Cluster_123,Cluster_1509
GCA_028595615.2,CladeA,Urinary,Cluster_5,Cluster_1508
GCA_028595635.1,CladeB,Urinary,Cluster_12,Cluster_1504
GCA_028595665.1,CladeA,Urinary,Cluster_61,Cluster_1507
GCA_028595685.1,CladeA,Urinary,Cluster_5,Cluster_1508
GCA_028595705.1,CladeB,Urinary,Cluster_16,Cluster_22
GCA_028595725.1,CladeA,Urinary,Cluster_277,Cluster_1510
GCA_028595745.1,CladeA,Urinary,Cluster_5,Cluster_1508
GCA_028595755.1,CladeA,Urinary,Cluster_61,Cluster_1507
GCA_028595815.1,CladeA,Urinary,Cluster_5,Cluster_1508
GCA_028595865.2,CladeA,Urinary,Cluster_61,Cluster_1507
GCA_028595885.1,CladeA,Urinary,Cluster_5,Cluster_1508
GCA_028595895.1,CladeB,Urinary,Cluster_16,Cluster_22
GCA_028622015.1,CladeB,Blood,Cluster_64,Cluster_1511
GCA_028644255.3,CladeA,Rectal/Feces,Cluster_50,Cluster_1512
GCA_028683175.1,CladeA,Lung,Cluster_34,Cluster_1513
GCA_028683195.1,CladeA,Lung,Cluster_278,Cluster_1514
GCA_028683205.1,CladeA,Lung,Cluster_14,Cluster_1515
GCA_028683235.1,CladeA,Urinary,Cluster_247,Cluster_1516
GCA_028683285.1,CladeA,Lung,Cluster_10,Cluster_1517
GCA_028753595.3,CladeB,Urinary,Cluster_17,Cluster_1518
GCA_028804015.1,CladeA,CF,Cluster_2,Cluster_1519
GCA_028804055.1,CladeA,CF,Cluster_9,Cluster_1520
GCA_028804085.1,CladeA,CF,Cluster_60,Cluster_1129
GCA_028804095.1,CladeA,CF,Cluster_60,Cluster_1521
GCA_028805645.1,CladeA,CF,Cluster_2,Cluster_356
GCA_028805815.1,CladeA,CF,Cluster_9,Cluster_1522
GCA_028805835.1,CladeA,CF,Cluster_9,Cluster_1132
GCA_028805965.1,CladeA,CF,Cluster_9,Cluster_1523
GCA_028805985.1,CladeB,CF,Cluster_11,Cluster_1524
GCA_028808355.1,CladeA,CF,Cluster_2,Cluster_1525
GCA_028808375.1,CladeA,CF,Cluster_60,Cluster_1526
GCA_028808415.1,CladeB,CF,Cluster_64,Cluster_1527
GCA_028808435.1,CladeB,CF,Cluster_11,Cluster_1528
GCA_028814015.1,CladeA,CF,Cluster_60,Cluster_184
GCA_028826575.1,CladeA,CF,Cluster_82,Cluster_691
GCA_028826635.1,CladeA,CF,Cluster_82,Cluster_691
GCA_028826655.1,CladeA,CF,Cluster_82,Cluster_691
GCA_028826675.1,CladeA,CF,Cluster_82,Cluster_691
GCA_028895145.1,CladeA,Blood,Cluster_20,Cluster_1529
GCA_028895265.1,CladeA,Ear,Cluster_60,Cluster_184
GCA_028904995.3,CladeB,Urinary,Cluster_11,Cluster_1530
GCA_028937265.3,CladeB,Blood,Cluster_64,Cluster_1531
GCA_028970225.1,CladeA,Terrestrial,Cluster_5,Cluster_1532
GCA_028994295.1,CladeA,Urinary,Cluster_10,Cluster_30
GCA_028994335.1,CladeA,Ocean,Cluster_10,Cluster_30
GCA_028994375.1,CladeA,Sputum,Cluster_10,Cluster_30
GCA_028994405.1,CladeA,Urinary,Cluster_90,Cluster_623
GCA_028994475.1,CladeA,Urinary,Cluster_5,Cluster_590
GCA_029048445.2,CladeB,Urinary,Cluster_32,Cluster_939
GCA_029102685.1,CladeA,Lung,Cluster_279,Cluster_1533
GCA_029102705.1,CladeA,Lung,Cluster_26,Cluster_1534
GCA_029102715.1,CladeB,Urinary,Cluster_12,Cluster_1535
GCA_029102905.1,CladeB,Lung,Cluster_57,Cluster_1536
GCA_029102915.1,CladeA,Ocean,Cluster_168,Cluster_1537
GCA_029102935.1,CladeA,Aquatic,Cluster_43,Cluster_1538
GCA_029103055.1,CladeA,Aquatic,Cluster_24,Cluster_1539
GCA_029174605.3,CladeA,Urinary,Cluster_9,Cluster_1540
GCA_029214105.3,CladeB,Eye,Cluster_32,Cluster_939
GCA_029223505.1,CladeB,Blood,Cluster_16,Cluster_22
GCA_029233625.3,CladeA,Lung,Cluster_116,Cluster_1541
GCA_029323475.3,CladeA,Sputum,Cluster_9,Cluster_425
GCA_029380325.1,CladeA,Sputum,Cluster_10,Cluster_1542
GCA_029397015.1,CladeB,Lung,Cluster_81,Cluster_627
GCA_029397095.1,CladeA,Built.Environment,Cluster_2,Cluster_356
GCA_029397175.1,CladeA,Lung,Cluster_2,Cluster_1543
GCA_029397235.1,CladeA,Wound,Cluster_2,Cluster_1544
GCA_029397255.1,CladeB,Lung,Cluster_81,Cluster_627
GCA_029397295.1,CladeB,Sputum,Cluster_17,Cluster_781
GCA_029397375.1,CladeA,Sputum,Cluster_2,Cluster_1543
GCA_029397435.1,CladeB,Built.Environment,Cluster_17,Cluster_1545
GCA_029397595.1,CladeB,Urinary,Cluster_17,Cluster_1546
GCA_029397675.1,CladeB,Urinary,Cluster_17,Cluster_781
GCA_029397695.1,CladeA,Sputum,Cluster_2,Cluster_356
GCA_029397895.1,CladeA,Burn,Cluster_2,Cluster_1543
GCA_029397955.1,CladeA,Sputum,Cluster_2,Cluster_1547
GCA_029397975.1,CladeA,Lung,Cluster_2,Cluster_356
GCA_029398015.1,CladeA,Built.Environment,Cluster_2,Cluster_356
GCA_029398055.1,CladeA,Lung,Cluster_2,Cluster_1548
GCA_029398075.1,CladeA,Built.Environment,Cluster_2,Cluster_513
GCA_029398165.1,CladeB,Built.Environment,Cluster_17,Cluster_1545
GCA_029398195.1,CladeB,Sputum,Cluster_17,Cluster_1549
GCA_029398255.1,CladeA,Sputum,Cluster_2,Cluster_356
GCA_029398335.1,CladeB,Lung,Cluster_81,Cluster_627
GCA_029398355.1,CladeB,Burn,Cluster_81,Cluster_627
GCA_029398495.1,CladeB,Burn,Cluster_81,Cluster_627
GCA_029398535.1,CladeB,Lung,Cluster_81,Cluster_627
GCA_029398675.1,CladeB,Built.Environment,Cluster_81,Cluster_627
GCA_029398695.1,CladeA,Built.Environment,Cluster_2,Cluster_1543
GCA_029398715.1,CladeB,Built.Environment,Cluster_81,Cluster_627
GCA_029398735.1,CladeB,Built.Environment,Cluster_17,Cluster_1545
GCA_029398775.1,CladeB,Built.Environment,Cluster_81,Cluster_627
GCA_029398835.1,CladeB,Built.Environment,Cluster_81,Cluster_627
GCA_029398875.1,CladeA,Built.Environment,Cluster_2,Cluster_1550
GCA_029398895.1,CladeA,Lung,Cluster_2,Cluster_356
GCA_029399055.1,CladeB,Lung,Cluster_81,Cluster_627
GCA_029399095.1,CladeB,Lung,Cluster_81,Cluster_627
GCA_029399175.1,CladeB,Lung,Cluster_81,Cluster_627
GCA_029399195.1,CladeB,Built.Environment,Cluster_17,Cluster_1545
GCA_029399235.1,CladeB,Sputum,Cluster_81,Cluster_1551
GCA_029399655.1,CladeA,Urinary,Cluster_280,Cluster_1552
GCA_029399695.1,CladeB,Lung,Cluster_57,Cluster_1553
GCA_029399715.1,CladeA,Wound,Cluster_10,Cluster_1554
GCA_029399755.1,CladeA,Lung,Cluster_9,Cluster_1555
GCA_029399775.1,CladeA,Urinary,Cluster_103,Cluster_1556
GCA_029399815.1,CladeA,Sputum,Cluster_94,Cluster_1557
GCA_029399835.1,CladeA,Urinary,Cluster_281,Cluster_1558
GCA_029400175.1,CladeB,Built.Environment,Cluster_17,Cluster_1545
GCA_029400235.1,CladeA,Lung,Cluster_2,Cluster_356
GCA_029400415.1,CladeB,Aquatic,Cluster_17,Cluster_1545
GCA_029400515.1,CladeB,Aquatic,Cluster_81,Cluster_627
GCA_029421795.3,CladeB,Urinary,Cluster_11,Cluster_1559
GCA_029423715.3,CladeB,Urinary,Cluster_52,Cluster_1351
GCA_029448395.3,CladeB,Sputum,Cluster_64,Cluster_1560
GCA_029520895.1,CladeA,Hospital.Environment,Cluster_9,Cluster_1561
GCA_029568445.1,CladeA,Urinary,Cluster_26,Cluster_1562
GCA_029570335.1,CladeA,Blood,Cluster_1,Cluster_27
GCA_029580535.3,CladeB,Urinary,Cluster_52,Cluster_1302
GCA_029603265.1,CladeA,Wound,Cluster_75,Cluster_1563
GCA_029603285.1,CladeA,Lung,Cluster_206,Cluster_1564
GCA_029603305.1,CladeA,Wound,Cluster_230,Cluster_1565
GCA_029603315.1,CladeB,Lung,Cluster_11,Cluster_256
GCA_029603345.1,CladeB,Lung,Cluster_11,Cluster_256
GCA_029603365.1,CladeB,Wound,Cluster_12,Cluster_15
GCA_029603375.1,CladeB,Wound,Cluster_12,Cluster_15
GCA_029603405.1,CladeB,Wound,Cluster_12,Cluster_15
GCA_029603415.1,CladeB,Lung,Cluster_156,Cluster_1566
GCA_029603445.1,CladeB,Blood,Cluster_11,Cluster_256
GCA_029603465.1,CladeA,Blood,Cluster_50,Cluster_1567
GCA_029603475.1,CladeA,Lung,Cluster_75,Cluster_1563
GCA_029603505.1,CladeA,Wound,Cluster_58,Cluster_1568
GCA_029603525.1,CladeA,Lung,Cluster_50,Cluster_1567
GCA_029603545.1,CladeB,Wound,Cluster_11,Cluster_1569
GCA_029603565.1,CladeB,Wound,Cluster_11,Cluster_1570
GCA_029603575.1,CladeA,Wound,Cluster_282,Cluster_1571
GCA_029603595.1,CladeA,Urinary,Cluster_90,Cluster_1572
GCA_029603625.1,CladeA,Blood,Cluster_283,Cluster_1573
GCA_029603645.1,CladeA,Wound,Cluster_50,Cluster_1567
GCA_029603655.1,CladeB,Wound,Cluster_16,Cluster_1574
GCA_029603665.1,CladeB,Wound,Cluster_11,Cluster_256
GCA_029603705.1,CladeB,Wound,Cluster_11,Cluster_256
GCA_029603725.1,CladeB,Lung,Cluster_112,Cluster_1575
GCA_029603745.1,CladeB,Urinary,Cluster_11,Cluster_1576
GCA_029603755.1,CladeA,Wound,Cluster_50,Cluster_1567
GCA_029603785.1,CladeB,Blood,Cluster_11,Cluster_256
GCA_029603805.1,CladeA,Lung,Cluster_75,Cluster_1563
GCA_029603825.1,CladeB,Lung,Cluster_11,Cluster_256
GCA_029603835.1,CladeB,Lung,Cluster_11,Cluster_1577
GCA_029603865.1,CladeB,Urinary,Cluster_55,Cluster_1578
GCA_029603875.1,CladeA,Urinary,Cluster_231,Cluster_1579
GCA_029603905.1,CladeA,Lung,Cluster_206,Cluster_1580
GCA_029603925.1,CladeA,Wound,Cluster_75,Cluster_1563
GCA_029603945.1,CladeA,Wound,Cluster_50,Cluster_1567
GCA_029603955.1,CladeA,Wound,Cluster_206,Cluster_1580
GCA_029603985.1,CladeA,Wound,Cluster_75,Cluster_1563
GCA_029604005.1,CladeA,Wound,Cluster_231,Cluster_1579
GCA_029604025.1,CladeA,Wound,Cluster_284,Cluster_1581
GCA_029604045.1,CladeB,Lung,Cluster_12,Cluster_15
GCA_029604065.1,CladeB,Wound,Cluster_12,Cluster_15
GCA_029604075.1,CladeB,Blood,Cluster_11,Cluster_256
GCA_029604105.1,CladeB,Wound,Cluster_12,Cluster_15
GCA_029604165.1,CladeA,Blood,Cluster_133,Cluster_414
GCA_029604175.1,CladeA,Blood,Cluster_58,Cluster_1582
GCA_029604215.1,CladeA,Lung,Cluster_75,Cluster_1563
GCA_029604245.1,CladeA,Lung,Cluster_50,Cluster_1567
GCA_029604265.1,CladeB,Lung,Cluster_156,Cluster_1566
GCA_029604275.1,CladeA,Urinary,Cluster_231,Cluster_1579
GCA_029604285.1,CladeA,Wound,Cluster_5,Cluster_1583
GCA_029604345.1,CladeB,Blood,Cluster_11,Cluster_256
GCA_029604385.1,CladeB,Lung,Cluster_156,Cluster_1566
GCA_029604395.1,CladeB,Lung,Cluster_12,Cluster_15
GCA_029604445.1,CladeB,Lung,Cluster_12,Cluster_15
GCA_029604465.1,CladeB,Lung,Cluster_12,Cluster_15
GCA_029604485.1,CladeB,Lung,Cluster_12,Cluster_15
GCA_029604505.1,CladeB,Wound,Cluster_12,Cluster_15
GCA_029604525.1,CladeA,Lung,Cluster_285,Cluster_1584
GCA_029604535.1,CladeB,Urinary,Cluster_12,Cluster_15
GCA_029604545.1,CladeA,Urinary,Cluster_5,Cluster_1585
GCA_029604575.1,CladeA,Wound,Cluster_206,Cluster_1580
GCA_029604605.1,CladeA,Urinary,Cluster_99,Cluster_1586
GCA_029604625.1,CladeA,Lung,Cluster_285,Cluster_1584
GCA_029604645.1,CladeA,Blood,Cluster_82,Cluster_1587
GCA_029604665.1,CladeA,Lung,Cluster_26,Cluster_1588
GCA_029604685.1,CladeB,Wound,Cluster_4,Cluster_1589
GCA_029604705.1,CladeA,Lung,Cluster_50,Cluster_1567
GCA_029604725.1,CladeB,Blood,Cluster_12,Cluster_15
GCA_029604735.1,CladeA,Urinary,Cluster_231,Cluster_1579
GCA_029604765.1,CladeA,Blood,Cluster_50,Cluster_1567
GCA_029604785.1,CladeB,Lung,Cluster_12,Cluster_15
GCA_029604805.1,CladeB,Wound,Cluster_64,Cluster_1590
GCA_029604815.1,CladeA,Urinary,Cluster_99,Cluster_1586
GCA_029604845.1,CladeA,Lung,Cluster_19,Cluster_1591
GCA_029604865.1,CladeB,Blood,Cluster_11,Cluster_1576
GCA_029604885.1,CladeA,Urinary,Cluster_231,Cluster_1579
GCA_029604925.1,CladeA,Wound,Cluster_5,Cluster_1592
GCA_029604935.1,CladeA,Wound,Cluster_69,Cluster_1593
GCA_029604945.1,CladeB,Lung,Cluster_11,Cluster_256
GCA_029604975.1,CladeA,Lung,Cluster_26,Cluster_1588
GCA_029605005.1,CladeB,Blood,Cluster_12,Cluster_15
GCA_029605025.1,CladeA,Blood,Cluster_50,Cluster_1567
GCA_029605045.1,CladeA,Wound,Cluster_50,Cluster_1567
GCA_029605065.1,CladeA,Wound,Cluster_5,Cluster_1594
GCA_029605085.1,CladeB,Blood,Cluster_11,Cluster_256
GCA_029605105.1,CladeA,Urinary,Cluster_286,Cluster_1595
GCA_029605125.1,CladeA,Lung,Cluster_50,Cluster_1567
GCA_029605145.1,CladeA,Lung,Cluster_1,Cluster_194
GCA_029605155.1,CladeB,Lung,Cluster_12,Cluster_15
GCA_029605185.1,CladeA,Wound,Cluster_20,Cluster_1596
GCA_029605205.1,CladeB,Blood,Cluster_11,Cluster_1576
GCA_029605225.1,CladeB,Wound,Cluster_12,Cluster_15
GCA_029605245.1,CladeB,Blood,Cluster_12,Cluster_15
GCA_029605255.1,CladeA,Wound,Cluster_285,Cluster_1584
GCA_029605285.1,CladeA,Wound,Cluster_285,Cluster_1584
GCA_029605295.1,CladeB,Lung,Cluster_12,Cluster_15
GCA_029605325.1,CladeA,Lung,Cluster_50,Cluster_1567
GCA_029605345.1,CladeB,Lung,Cluster_11,Cluster_256
GCA_029605365.1,CladeA,Wound,Cluster_1,Cluster_194
GCA_029605525.1,CladeA,Lung,Cluster_131,Cluster_412
GCA_029605625.1,CladeA,Wound,Cluster_50,Cluster_1567
GCA_029605665.1,CladeA,Lung,Cluster_50,Cluster_1567
GCA_029605685.1,CladeB,Wound,Cluster_57,Cluster_1597
GCA_029605705.1,CladeA,Urinary,Cluster_50,Cluster_1567
GCA_029605735.1,CladeA,Lung,Cluster_132,Cluster_413
GCA_029605825.1,CladeA,Lung,Cluster_75,Cluster_1563
GCA_029605845.1,CladeA,Wound,Cluster_61,Cluster_1598
GCA_029605905.1,CladeB,Lung,Cluster_12,Cluster_15
GCA_029605925.1,CladeA,Wound,Cluster_285,Cluster_1584
GCA_029605935.1,CladeA,Lung,Cluster_50,Cluster_1567
GCA_029605955.1,CladeB,Wound,Cluster_11,Cluster_256
GCA_029605975.1,CladeB,Lung,Cluster_57,Cluster_1599
GCA_029606005.1,CladeA,Wound,Cluster_26,Cluster_1600
GCA_029606025.1,CladeA,Lung,Cluster_26,Cluster_1601
GCA_029606035.1,CladeB,Urinary,Cluster_155,Cluster_578
GCA_029606045.1,CladeB,Urinary,Cluster_17,Cluster_1602
GCA_029606065.1,CladeB,Wound,Cluster_12,Cluster_15
GCA_029623895.1,CladeB,Ocean,Cluster_156,Cluster_1603
GCA_029628305.1,CladeA,CF,Cluster_37,Cluster_1604
GCA_029628385.1,CladeA,CF,Cluster_37,Cluster_1604
GCA_029628885.1,CladeA,CF,Cluster_37,Cluster_1604
GCA_029630625.1,CladeA,CF,Cluster_37,Cluster_1604
GCA_029630645.1,CladeA,CF,Cluster_37,Cluster_1604
GCA_029630665.1,CladeA,CF,Cluster_37,Cluster_1604
GCA_029630985.1,CladeA,CF,Cluster_37,Cluster_1604
GCA_029635925.2,CladeB,Lung,Cluster_11,Cluster_577
GCA_029635965.2,CladeB,Blood,Cluster_11,Cluster_1605
GCA_029635985.1,CladeB,Blood,Cluster_11,Cluster_577
GCA_029636025.2,CladeA,Lung,Cluster_74,Cluster_1606
GCA_029645555.1,CladeB,Blood,Cluster_81,Cluster_627
GCA_029707565.3,CladeA,Wound,Cluster_5,Cluster_1607
GCA_029748935.3,CladeB,Hospital.Environment,Cluster_32,Cluster_939
GCA_029833775.3,CladeA,Wound,Cluster_20,Cluster_1608
GCA_029856995.1,CladeA,Sputum,Cluster_3,Cluster_1609
GCA_029857015.1,CladeA,Sputum,Cluster_5,Cluster_1610
GCA_029870495.1,CladeA,Sputum,Cluster_3,Cluster_1609
GCA_029870505.1,CladeA,Sputum,Cluster_3,Cluster_1609
GCA_029870525.1,CladeA,Sputum,Cluster_43,Cluster_1611
GCA_029870535.1,CladeA,Sputum,Cluster_3,Cluster_1609
GCA_029871135.1,CladeA,CF,Cluster_82,Cluster_1612
GCA_029871145.1,CladeA,CF,Cluster_82,Cluster_1612
GCA_029873055.1,CladeA,CF,Cluster_82,Cluster_1612
GCA_029888185.1,CladeB,Lung,Cluster_32,Cluster_939
GCA_029907785.1,CladeA,Sputum,Cluster_266,Cluster_1613
GCA_029953735.1,CladeA,Built.Environment,Cluster_58,Cluster_1614
GCA_029953755.1,CladeA,Sputum,Cluster_5,Cluster_1615
GCA_029953765.1,CladeA,Sputum,Cluster_20,Cluster_1616
GCA_029953835.1,CladeB,Sputum,Cluster_218,Cluster_1617
GCA_029953855.1,CladeA,Sputum,Cluster_94,Cluster_968
GCA_029953875.1,CladeB,Sputum,Cluster_218,Cluster_1617
GCA_029953935.1,CladeA,Blood,Cluster_10,Cluster_30
GCA_029953955.1,CladeA,Built.Environment,Cluster_10,Cluster_30
GCA_029953965.1,CladeA,Built.Environment,Cluster_5,Cluster_1618
GCA_029953995.1,CladeA,Sputum,Cluster_5,Cluster_314
GCA_029954035.1,CladeA,Built.Environment,Cluster_10,Cluster_30
GCA_029954055.1,CladeA,Sputum,Cluster_10,Cluster_30
GCA_029954065.1,CladeA,Built.Environment,Cluster_10,Cluster_30
GCA_029954115.1,CladeA,Sputum,Cluster_10,Cluster_30
GCA_029954135.1,CladeA,Built.Environment,Cluster_10,Cluster_30
GCA_029954155.1,CladeA,Wound,Cluster_10,Cluster_30
GCA_029954175.1,CladeA,Sputum,Cluster_10,Cluster_30
GCA_029954195.1,CladeB,Built.Environment,Cluster_218,Cluster_1617
GCA_029954205.1,CladeA,Built.Environment,Cluster_10,Cluster_30
GCA_029954255.1,CladeA,Sputum,Cluster_10,Cluster_30
GCA_029954275.1,CladeA,Sputum,Cluster_46,Cluster_1619
GCA_029954305.1,CladeA,Sputum,Cluster_10,Cluster_1620
GCA_029954335.1,CladeA,Built.Environment,Cluster_10,Cluster_30
GCA_029954365.1,CladeB,Urinary,Cluster_57,Cluster_1165
GCA_029954395.1,CladeA,Built.Environment,Cluster_36,Cluster_1621
GCA_029954405.1,CladeB,Urinary,Cluster_57,Cluster_1165
GCA_029954415.1,CladeB,Sputum,Cluster_11,Cluster_256
GCA_029954455.1,CladeA,Sputum,Cluster_104,Cluster_1622
GCA_029954475.1,CladeB,Urinary,Cluster_126,Cluster_1623
GCA_029954495.1,CladeA,Sputum,Cluster_10,Cluster_1620
GCA_029954515.1,CladeA,Sputum,Cluster_3,Cluster_1624
GCA_029954535.1,CladeB,Sputum,Cluster_126,Cluster_1623
GCA_029954555.1,CladeB,Sputum,Cluster_12,Cluster_1625
GCA_029954575.1,CladeA,Sputum,Cluster_94,Cluster_261
GCA_029954615.1,CladeB,Sputum,Cluster_126,Cluster_1623
GCA_029954635.1,CladeB,Sputum,Cluster_12,Cluster_1625
GCA_029954655.1,CladeA,Sputum,Cluster_51,Cluster_1626
GCA_029954675.1,CladeA,Sputum,Cluster_43,Cluster_1627
GCA_029954705.1,CladeA,Sputum,Cluster_46,Cluster_1628
GCA_029954715.1,CladeA,Sputum,Cluster_90,Cluster_1629
GCA_029954755.1,CladeA,Sputum,Cluster_90,Cluster_1629
GCA_029954775.1,CladeA,Sputum,Cluster_43,Cluster_321
GCA_029954795.1,CladeA,Sputum,Cluster_5,Cluster_281
GCA_029954805.1,CladeA,Sputum,Cluster_23,Cluster_1630
GCA_029954835.1,CladeB,Sputum,Cluster_16,Cluster_1631
GCA_029954855.1,CladeA,Sputum,Cluster_5,Cluster_1632
GCA_029954875.1,CladeA,Sputum,Cluster_31,Cluster_422
GCA_029954895.1,CladeA,Sputum,Cluster_213,Cluster_1633
GCA_029954935.1,CladeA,Sputum,Cluster_43,Cluster_1634
GCA_029954955.1,CladeA,Urinary,Cluster_113,Cluster_1635
GCA_029954975.1,CladeA,Sputum,Cluster_3,Cluster_1636
GCA_029954995.1,CladeA,Sputum,Cluster_43,Cluster_321
GCA_029955035.1,CladeA,Sputum,Cluster_24,Cluster_1637
GCA_029955055.1,CladeA,Sputum,Cluster_5,Cluster_1638
GCA_029955065.1,CladeA,Sputum,Cluster_24,Cluster_1637
GCA_029955095.1,CladeA,Sputum,Cluster_41,Cluster_1639
GCA_029955105.1,CladeB,Sputum,Cluster_55,Cluster_1640
GCA_029955135.1,CladeA,Sputum,Cluster_104,Cluster_1622
GCA_029955995.1,CladeA,Blood,Cluster_75,Cluster_1641
GCA_029956085.1,CladeB,Blood,Cluster_17,Cluster_1642
GCA_029961245.1,CladeA,Wound,Cluster_10,Cluster_458
GCA_029961265.1,CladeB,Wound,Cluster_142,Cluster_457
GCA_029961285.1,CladeB,Wound,Cluster_64,Cluster_467
GCA_029961305.1,CladeB,Wound,Cluster_142,Cluster_457
GCA_029961325.1,CladeB,Wound,Cluster_64,Cluster_467
GCA_029961345.1,CladeB,Wound,Cluster_142,Cluster_457
GCA_029961365.1,CladeB,Wound,Cluster_52,Cluster_1643
GCA_029961385.1,CladeB,Wound,Cluster_81,Cluster_627
GCA_029961405.1,CladeB,Wound,Cluster_81,Cluster_627
GCA_029961425.1,CladeB,Wound,Cluster_81,Cluster_627
GCA_029961445.1,CladeA,Wound,Cluster_10,Cluster_458
GCA_029961465.1,CladeB,Wound,Cluster_145,Cluster_476
GCA_029961485.1,CladeA,Sputum,Cluster_34,Cluster_1644
GCA_029961505.1,CladeB,Wound,Cluster_145,Cluster_476
GCA_029961525.1,CladeB,Wound,Cluster_17,Cluster_1645
GCA_029961565.1,CladeB,Sputum,Cluster_64,Cluster_484
GCA_029961585.1,CladeB,Wound,Cluster_64,Cluster_430
GCA_029961605.1,CladeB,Wound,Cluster_189,Cluster_1646
GCA_029961625.1,CladeB,Wound,Cluster_64,Cluster_588
GCA_029961665.1,CladeA,Wound,Cluster_141,Cluster_456
GCA_029962165.1,CladeB,Blood,Cluster_55,Cluster_1647
GCA_029962185.1,CladeA,Wound,Cluster_24,Cluster_1648
GCA_029962205.1,CladeB,Wound,Cluster_64,Cluster_430
GCA_029980215.1,CladeA,Urinary,Cluster_63,Cluster_1649
GCA_029987535.1,CladeA,Animal,Cluster_1,Cluster_1650
GCA_029987555.1,CladeB,Animal,Cluster_12,Cluster_1651
GCA_029987565.1,CladeB,Animal,Cluster_12,Cluster_1652
GCA_029987595.1,CladeB,Animal,Cluster_12,Cluster_1651
GCA_029987655.1,CladeA,Animal,Cluster_5,Cluster_1653
GCA_029987675.1,CladeA,Animal,Cluster_229,Cluster_1654
GCA_029987695.1,CladeA,Animal,Cluster_1,Cluster_1650
GCA_029987715.1,CladeA,Animal,Cluster_209,Cluster_1655
GCA_029987735.1,CladeA,Animal,Cluster_287,Cluster_1656
GCA_029987775.1,CladeA,Animal,Cluster_1,Cluster_1650
GCA_029987795.1,CladeA,Animal,Cluster_19,Cluster_1657
GCA_029987835.1,CladeA,Animal,Cluster_287,Cluster_1658
GCA_029987915.1,CladeB,Animal,Cluster_12,Cluster_1659
GCA_029987935.1,CladeA,Animal,Cluster_3,Cluster_1660
GCA_029987975.1,CladeA,Animal,Cluster_3,Cluster_1660
GCA_029987995.1,CladeB,Animal,Cluster_7,Cluster_1661
GCA_029988015.1,CladeA,Animal,Cluster_160,Cluster_1662
GCA_029988035.1,CladeB,Animal,Cluster_7,Cluster_1661
GCA_029988045.1,CladeA,Animal,Cluster_19,Cluster_1657
GCA_029988065.1,CladeA,Animal,Cluster_141,Cluster_1663
GCA_029988135.1,CladeA,Animal,Cluster_1,Cluster_1650
GCA_029988225.1,CladeA,Animal,Cluster_141,Cluster_1663
GCA_029988235.1,CladeB,Animal,Cluster_12,Cluster_1651
GCA_029988275.1,CladeB,Animal,Cluster_288,Cluster_1664
GCA_029988315.1,CladeA,Animal,Cluster_10,Cluster_1665
GCA_029988355.1,CladeB,Animal,Cluster_12,Cluster_1651
GCA_029988375.1,CladeA,Animal,Cluster_1,Cluster_1666
GCA_029988395.1,CladeA,Animal,Cluster_99,Cluster_1667
GCA_029988415.1,CladeA,Animal,Cluster_24,Cluster_1668
GCA_029988425.1,CladeA,Animal,Cluster_3,Cluster_1660
GCA_029988475.1,CladeA,Animal,Cluster_19,Cluster_1657
GCA_029988495.1,CladeA,Animal,Cluster_43,Cluster_1627
GCA_029988615.1,CladeA,Animal,Cluster_24,Cluster_1669
GCA_029988635.1,CladeB,Animal,Cluster_12,Cluster_1670
GCA_029988695.1,CladeA,Animal,Cluster_20,Cluster_1671
GCA_029988715.1,CladeA,Animal,Cluster_1,Cluster_1650
GCA_029988735.1,CladeA,Animal,Cluster_9,Cluster_1672
GCA_029988755.1,CladeA,Animal,Cluster_3,Cluster_1673
GCA_029988775.1,CladeA,Animal,Cluster_25,Cluster_1674
GCA_029988795.1,CladeA,Animal,Cluster_68,Cluster_1675
GCA_029988815.1,CladeA,Animal,Cluster_53,Cluster_1676
GCA_029988875.1,CladeB,Animal,Cluster_12,Cluster_1677
GCA_029988985.1,CladeA,Animal,Cluster_53,Cluster_1676
GCA_029989025.1,CladeA,Animal,Cluster_3,Cluster_1673
GCA_029989045.1,CladeB,Animal,Cluster_12,Cluster_1652
GCA_029989105.1,CladeA,Animal,Cluster_59,Cluster_1678
GCA_029989125.1,CladeA,Animal,Cluster_68,Cluster_1675
GCA_029989145.1,CladeB,Animal,Cluster_12,Cluster_1652
GCA_029989165.1,CladeA,Animal,Cluster_43,Cluster_1679
GCA_029989205.1,CladeA,Animal,Cluster_10,Cluster_1665
GCA_029989225.1,CladeB,Animal,Cluster_12,Cluster_1670
GCA_029989285.1,CladeA,Animal,Cluster_10,Cluster_1680
GCA_029989295.1,CladeA,Animal,Cluster_5,Cluster_1681
GCA_029989525.1,CladeB,Animal,Cluster_17,Cluster_1682
GCA_029989535.1,CladeA,Animal,Cluster_1,Cluster_1683
GCA_029989565.1,CladeA,Animal,Cluster_43,Cluster_1627
GCA_029989605.1,CladeA,Animal,Cluster_5,Cluster_1684
GCA_029989635.1,CladeA,Animal,Cluster_43,Cluster_1679
GCA_029989665.1,CladeA,Animal,Cluster_5,Cluster_1653
GCA_029989685.1,CladeB,Animal,Cluster_17,Cluster_1682
GCA_029989725.1,CladeA,Animal,Cluster_1,Cluster_1685
GCA_029989745.1,CladeA,Animal,Cluster_3,Cluster_1660
GCA_029989785.1,CladeA,Animal,Cluster_99,Cluster_1686
GCA_029989805.1,CladeA,Animal,Cluster_10,Cluster_1687
GCA_029989885.1,CladeA,Animal,Cluster_101,Cluster_1688
GCA_029989895.1,CladeB,Animal,Cluster_17,Cluster_1682
GCA_029989905.1,CladeA,Animal,Cluster_8,Cluster_1689
GCA_029989945.1,CladeA,Animal,Cluster_102,Cluster_1690
GCA_029989975.1,CladeB,Animal,Cluster_17,Cluster_1682
GCA_029990005.1,CladeB,Animal,Cluster_16,Cluster_1691
GCA_029990015.1,CladeA,Animal,Cluster_3,Cluster_1660
GCA_029990045.1,CladeA,Animal,Cluster_43,Cluster_1627
GCA_029990065.1,CladeA,Animal,Cluster_5,Cluster_1692
GCA_029990085.1,CladeA,Animal,Cluster_43,Cluster_1627
GCA_030005615.1,CladeA,Terrestrial,Cluster_106,Cluster_1693
GCA_030015625.1,CladeA,Animal,Cluster_26,Cluster_1694
GCA_030015635.1,CladeA,Animal,Cluster_50,Cluster_1695
GCA_030015665.1,CladeB,Animal,Cluster_288,Cluster_1664
GCA_030015685.1,CladeA,Animal,Cluster_5,Cluster_1696
GCA_030015705.1,CladeA,Animal,Cluster_289,Cluster_1697
GCA_030015725.1,CladeA,Animal,Cluster_53,Cluster_1676
GCA_030015745.1,CladeA,Animal,Cluster_26,Cluster_1698
GCA_030015765.1,CladeB,Animal,Cluster_11,Cluster_1699
GCA_030015795.1,CladeA,Animal,Cluster_290,Cluster_1700
GCA_030015835.1,CladeA,Animal,Cluster_26,Cluster_1698
GCA_030015855.1,CladeA,Animal,Cluster_291,Cluster_1701
GCA_030015875.1,CladeB,Animal,Cluster_12,Cluster_1651
GCA_030015895.1,CladeA,Animal,Cluster_24,Cluster_1668
GCA_030015915.1,CladeA,Animal,Cluster_168,Cluster_1702
GCA_030015935.1,CladeA,Animal,Cluster_20,Cluster_1671
GCA_030015955.1,CladeA,Animal,Cluster_24,Cluster_1668
GCA_030015975.1,CladeA,Animal,Cluster_66,Cluster_1703
GCA_030016035.1,CladeA,Animal,Cluster_169,Cluster_1704
GCA_030016095.1,CladeA,Animal,Cluster_290,Cluster_1700
GCA_030028275.1,CladeA,Terrestrial,Cluster_1,Cluster_1705
GCA_030034615.1,CladeA,Sputum,Cluster_10,Cluster_30
GCA_030034635.1,CladeA,Urinary,Cluster_10,Cluster_30
GCA_030034655.1,CladeA,Ocean,Cluster_10,Cluster_30
GCA_030034675.1,CladeA,Sputum,Cluster_10,Cluster_30
GCA_030121675.1,CladeA,Waste.Water,Cluster_51,Cluster_1279
GCA_030121875.1,CladeA,Lung,Cluster_99,Cluster_285
GCA_030121895.1,CladeA,Lung,Cluster_99,Cluster_285
GCA_030121975.1,CladeB,Pneumonia,Cluster_11,Cluster_256
GCA_030122015.1,CladeA,Lung,Cluster_99,Cluster_285
GCA_030122035.1,CladeA,Wound,Cluster_5,Cluster_3639
GCA_030122055.1,CladeA,Lung,Cluster_99,Cluster_285
GCA_030122075.1,CladeA,Urinary,Cluster_43,Cluster_1706
GCA_030122095.1,CladeA,Pneumonia,Cluster_99,Cluster_285
GCA_030122115.1,CladeB,Lung,Cluster_11,Cluster_256
GCA_030183055.1,CladeA,Wound,Cluster_1,Cluster_8
GCA_030183115.1,CladeA,Wound,Cluster_1,Cluster_8
GCA_030183175.1,CladeA,Blood,Cluster_1,Cluster_8
GCA_030183215.1,CladeA,Blood,Cluster_1,Cluster_8
GCA_030183235.1,CladeA,Lung,Cluster_1,Cluster_8
GCA_030183295.1,CladeA,Urinary,Cluster_1,Cluster_8
GCA_030183315.1,CladeA,Wound,Cluster_1,Cluster_8
GCA_030183335.1,CladeA,Blood,Cluster_1,Cluster_8
GCA_030183355.2,CladeA,Wound,Cluster_1,Cluster_8
GCA_030183415.1,CladeA,Lung,Cluster_1,Cluster_8
GCA_030183445.1,CladeA,Wound,Cluster_1,Cluster_8
GCA_030183595.1,CladeA,Wound,Cluster_1,Cluster_8
GCA_030183735.1,CladeA,Urinary,Cluster_1,Cluster_8
GCA_030183855.2,CladeA,Blood,Cluster_1,Cluster_8
GCA_030185635.1,CladeA,Lung,Cluster_1,Cluster_8
GCA_030185655.1,CladeA,Wound,Cluster_1,Cluster_8
GCA_030185775.1,CladeA,Urinary,Cluster_1,Cluster_8
GCA_030185815.2,CladeA,Urinary,Cluster_1,Cluster_8
GCA_030185895.1,CladeA,Blood,Cluster_1,Cluster_8
GCA_030185915.2,CladeA,Lung,Cluster_1,Cluster_8
GCA_030185965.2,CladeA,Wound,Cluster_1,Cluster_1707
GCA_030186195.2,CladeA,Urinary,Cluster_1,Cluster_8
GCA_030186295.2,CladeA,Urinary,Cluster_1,Cluster_8
GCA_030186335.2,CladeA,Urinary,Cluster_1,Cluster_8
GCA_030186385.2,CladeA,Wound,Cluster_1,Cluster_8
GCA_030186505.1,CladeA,Urinary,Cluster_1,Cluster_8
GCA_030186885.2,CladeA,Lung,Cluster_1,Cluster_8
GCA_030186915.2,CladeA,Urinary,Cluster_1,Cluster_8
GCA_030248805.1,CladeA,CF,Cluster_292,Cluster_1708
GCA_030248835.1,CladeA,CF,Cluster_292,Cluster_1708
GCA_030252465.1,CladeA,CF,Cluster_1,Cluster_942
GCA_030253475.1,CladeB,Wound,Cluster_32,Cluster_939
GCA_030283365.1,CladeA,Rectal/Feces,Cluster_46,Cluster_1709
GCA_030283505.1,CladeA,Wound,Cluster_46,Cluster_1709
GCA_030283545.1,CladeA,Rectal/Feces,Cluster_46,Cluster_1709
GCA_030284605.1,CladeA,Rectal/Feces,Cluster_43,Cluster_1710
GCA_030369815.1,CladeB,Rectal/Feces,Cluster_4,Cluster_1711
GCA_030369835.1,CladeA,Rectal/Feces,Cluster_170,Cluster_1712
GCA_030410175.1,CladeA,Pneumonia,Cluster_1,Cluster_1713
GCA_030410875.1,CladeA,CF,Cluster_105,Cluster_1193
GCA_030410895.1,CladeA,CF,Cluster_5,Cluster_1194
GCA_030410935.1,CladeA,CF,Cluster_249,Cluster_1714
GCA_030410955.1,CladeA,CF,Cluster_20,Cluster_1195
GCA_030411375.1,CladeB,CF,Cluster_11,Cluster_404
GCA_030411385.1,CladeA,CF,Cluster_5,Cluster_1715
GCA_030434895.1,CladeB,Urinary,Cluster_196,Cluster_1716
GCA_030444495.1,CladeA,CF,Cluster_103,Cluster_1717
GCA_030489625.1,CladeB,Sputum,Cluster_11,Cluster_1718
GCA_030540985.1,CladeA,Hospital.Environment,Cluster_293,Cluster_1719
GCA_030544365.1,CladeB,Pneumonia,Cluster_17,Cluster_814
GCA_030544385.1,CladeB,Pneumonia,Cluster_17,Cluster_814
GCA_030544405.1,CladeB,Lung,Cluster_12,Cluster_15
GCA_030563585.1,CladeA,CF,Cluster_10,Cluster_1720
GCA_030563765.1,CladeA,CF,Cluster_10,Cluster_1720
GCA_030564045.1,CladeA,CF,Cluster_10,Cluster_1720
GCA_030587625.1,CladeB,Blood,Cluster_52,Cluster_1721
GCA_030587645.1,CladeB,Blood,Cluster_52,Cluster_1721
GCA_030676715.1,CladeA,Ear,Cluster_128,Cluster_1722
GCA_030688825.1,CladeB,CF,Cluster_11,Cluster_256
GCA_030688835.1,CladeA,CF,Cluster_10,Cluster_30
GCA_030688875.1,CladeB,CF,Cluster_81,Cluster_670
GCA_030711435.1,CladeA,Sputum,Cluster_43,Cluster_1723
GCA_030711445.1,CladeB,Sputum,Cluster_16,Cluster_1724
GCA_030711485.1,CladeA,Sputum,Cluster_5,Cluster_1725
GCA_030711515.1,CladeB,Sputum,Cluster_16,Cluster_1726
GCA_030711535.1,CladeA,Sputum,Cluster_63,Cluster_1727
GCA_030711615.1,CladeA,Sputum,Cluster_5,Cluster_281
GCA_030711625.1,CladeB,Sputum,Cluster_11,Cluster_1718
GCA_030711655.1,CladeB,Sputum,Cluster_11,Cluster_1718
GCA_030711665.1,CladeB,Sputum,Cluster_11,Cluster_1718
GCA_030711695.1,CladeB,Sputum,Cluster_294,Cluster_1728
GCA_030711775.1,CladeA,Sputum,Cluster_41,Cluster_1729
GCA_030711785.1,CladeA,Sputum,Cluster_295,Cluster_1730
GCA_030711805.1,CladeA,Sputum,Cluster_41,Cluster_1731
GCA_030711875.1,CladeA,Sputum,Cluster_43,Cluster_1732
GCA_030711895.1,CladeB,Sputum,Cluster_16,Cluster_1733
GCA_030711905.1,CladeB,Sputum,Cluster_16,Cluster_1733
GCA_030711955.1,CladeB,Lung,Cluster_294,Cluster_1728
GCA_030711985.1,CladeB,Sputum,Cluster_12,Cluster_1734
GCA_030712015.1,CladeA,Sputum,Cluster_102,Cluster_1735
GCA_030712025.1,CladeB,Sputum,Cluster_16,Cluster_1736
GCA_030712055.1,CladeB,Sputum,Cluster_294,Cluster_1728
GCA_030712075.1,CladeA,Sputum,Cluster_102,Cluster_1735
GCA_030712125.1,CladeA,Sputum,Cluster_102,Cluster_1735
GCA_030712155.1,CladeB,Lung,Cluster_294,Cluster_1728
GCA_030712175.1,CladeB,Pneumonia,Cluster_294,Cluster_1728
GCA_030712195.1,CladeB,Sputum,Cluster_16,Cluster_1737
GCA_030712205.1,CladeA,Sputum,Cluster_102,Cluster_1735
GCA_030712235.1,CladeA,Sputum,Cluster_90,Cluster_1738
GCA_030712255.1,CladeA,Sputum,Cluster_59,Cluster_1739
GCA_030712315.1,CladeA,Sputum,Cluster_102,Cluster_1735
GCA_030714765.1,CladeA,Wound,Cluster_102,Cluster_1735
GCA_030714855.1,CladeA,Sputum,Cluster_3,Cluster_1609
GCA_030714875.1,CladeA,Sputum,Cluster_296,Cluster_1740
GCA_030714895.1,CladeA,Sputum,Cluster_59,Cluster_1739
GCA_030714955.1,CladeA,Sputum,Cluster_59,Cluster_1739
GCA_030737955.1,CladeA,Sputum,Cluster_190,Cluster_1741
GCA_030737975.1,CladeB,Sputum,Cluster_81,Cluster_1742
GCA_030737995.1,CladeA,Pneumonia,Cluster_24,Cluster_1743
GCA_030738015.1,CladeA,Sputum,Cluster_43,Cluster_1744
GCA_030738035.1,CladeA,Sputum,Cluster_20,Cluster_1745
GCA_030738055.1,CladeA,Sputum,Cluster_20,Cluster_882
GCA_030738065.1,CladeA,Sputum,Cluster_1,Cluster_1746
GCA_030738095.1,CladeA,Sputum,Cluster_203,Cluster_1747
GCA_030738105.1,CladeA,Lung,Cluster_62,Cluster_1751
GCA_030738135.1,CladeA,Lung,Cluster_10,Cluster_1748
GCA_030738155.1,CladeB,Wound,Cluster_12,Cluster_3640
GCA_030738175.1,CladeB,Wound,Cluster_135,Cluster_3641
GCA_030738195.1,CladeA,Blood,Cluster_20,Cluster_1749
GCA_030738215.1,CladeB,Sputum,Cluster_16,Cluster_1750
GCA_030738235.1,CladeA,Sputum,Cluster_62,Cluster_1751
GCA_030738255.1,CladeA,Lung,Cluster_87,Cluster_1752
GCA_030738265.1,CladeB,Lung,Cluster_16,Cluster_1750
GCA_030738295.1,CladeA,Sputum,Cluster_1,Cluster_1753
GCA_030738305.1,CladeB,Sputum,Cluster_4,Cluster_1754
GCA_030738335.1,CladeA,Ocean,Cluster_28,Cluster_1755
GCA_030738355.1,CladeA,Sputum,Cluster_2,Cluster_1756
GCA_030738375.1,CladeA,Blood,Cluster_28,Cluster_1755
GCA_030738385.1,CladeB,Sputum,Cluster_11,Cluster_256
GCA_030738415.1,CladeA,Lung,Cluster_40,Cluster_1757
GCA_030738435.1,CladeB,Pneumonia,Cluster_11,Cluster_1758
GCA_030738455.1,CladeA,Pneumonia,Cluster_221,Cluster_1759
GCA_030738475.1,CladeA,Blood,Cluster_8,Cluster_1760
GCA_030738515.1,CladeA,Sputum,Cluster_297,Cluster_1761
GCA_030738525.1,CladeA,Built.Environment,Cluster_34,Cluster_1762
GCA_030738555.1,CladeB,Urinary,Cluster_196,Cluster_1763
GCA_030738575.1,CladeB,Blood,Cluster_16,Cluster_1750
GCA_030738585.1,CladeA,Blood,Cluster_87,Cluster_1764
GCA_030738655.1,CladeA,Sputum,Cluster_24,Cluster_1765
GCA_030738675.1,CladeA,Sputum,Cluster_24,Cluster_1766
GCA_030738695.1,CladeA,Sputum,Cluster_5,Cluster_1767
GCA_030738715.1,CladeA,Sputum,Cluster_213,Cluster_1768
GCA_030738735.1,CladeB,Sputum,Cluster_45,Cluster_1769
GCA_030738755.1,CladeA,Sputum,Cluster_10,Cluster_1770
GCA_030738775.1,CladeA,Burn,Cluster_293,Cluster_1771
GCA_030738785.1,CladeA,Blood,Cluster_5,Cluster_1772
GCA_030738805.1,CladeB,Urinary,Cluster_205,Cluster_1773
GCA_030738835.1,CladeB,Upper.Respiratory,Cluster_4,Cluster_3642
GCA_030738855.1,CladeA,Urinary,Cluster_40,Cluster_594
GCA_030738895.1,CladeA,Blood,Cluster_97,Cluster_264
GCA_030738935.1,CladeA,Plant,Cluster_94,Cluster_1774
GCA_030738975.1,CladeA,Blood,Cluster_298,Cluster_1775
GCA_030738995.1,CladeA,Wound,Cluster_148,Cluster_1776
GCA_030739015.1,CladeB,Pneumonia,Cluster_4,Cluster_1777
GCA_030739035.1,CladeB,Sputum,Cluster_126,Cluster_1409
GCA_030739055.1,CladeB,Sputum,Cluster_81,Cluster_1778
GCA_030739075.1,CladeA,Sputum,Cluster_141,Cluster_1779
GCA_030739085.1,CladeA,Sputum,Cluster_20,Cluster_1780
GCA_030739115.1,CladeA,Sputum,Cluster_56,Cluster_1781
GCA_030739125.1,CladeB,Sputum,Cluster_299,Cluster_1782
GCA_030739155.1,CladeA,Sputum,Cluster_10,Cluster_1783
GCA_030739175.1,CladeA,Pneumonia,Cluster_5,Cluster_1767
GCA_030739185.1,CladeA,Sputum,Cluster_26,Cluster_1784
GCA_030739215.1,CladeB,Sputum,Cluster_81,Cluster_1778
GCA_030739235.1,CladeA,Lung,Cluster_90,Cluster_1785
GCA_030739255.1,CladeA,Sputum,Cluster_300,Cluster_1786
GCA_030739275.1,CladeA,Sputum,Cluster_26,Cluster_1787
GCA_030739295.1,CladeA,Sputum,Cluster_20,Cluster_1788
GCA_030739305.1,CladeA,Sputum,Cluster_10,Cluster_1783
GCA_030739335.1,CladeA,Sputum,Cluster_10,Cluster_1770
GCA_030739355.1,CladeA,Sputum,Cluster_25,Cluster_1789
GCA_030739375.1,CladeA,Sputum,Cluster_20,Cluster_1790
GCA_030739395.1,CladeA,Sputum,Cluster_38,Cluster_1791
GCA_030739415.1,CladeA,Sputum,Cluster_5,Cluster_1792
GCA_030739435.1,CladeB,Sputum,Cluster_81,Cluster_1778
GCA_030739445.1,CladeB,Sputum,Cluster_126,Cluster_1409
GCA_030741955.1,CladeA,Sputum,Cluster_153,Cluster_1793
GCA_030741965.1,CladeA,Sputum,Cluster_24,Cluster_1794
GCA_030741975.1,CladeA,Sputum,Cluster_34,Cluster_1795
GCA_030742025.1,CladeB,Sputum,Cluster_299,Cluster_1782
GCA_030742055.1,CladeA,Sputum,Cluster_34,Cluster_1796
GCA_030742075.1,CladeB,Sputum,Cluster_4,Cluster_1797
GCA_030742085.1,CladeA,Sputum,Cluster_106,Cluster_1798
GCA_030742105.1,CladeA,Sputum,Cluster_103,Cluster_1799
GCA_030742115.1,CladeA,Sputum,Cluster_26,Cluster_1787
GCA_030742155.1,CladeA,Sputum,Cluster_106,Cluster_1798
GCA_030742165.1,CladeA,Sputum,Cluster_94,Cluster_1800
GCA_030742195.1,CladeB,Sputum,Cluster_11,Cluster_1801
GCA_030742205.1,CladeA,Sputum,Cluster_271,Cluster_1802
GCA_030742215.1,CladeA,Sputum,Cluster_24,Cluster_1803
GCA_030742255.1,CladeA,Sputum,Cluster_115,Cluster_1804
GCA_030742265.1,CladeA,Sputum,Cluster_209,Cluster_1805
GCA_030742275.1,CladeA,Sputum,Cluster_94,Cluster_1806
GCA_030742295.1,CladeA,Sputum,Cluster_25,Cluster_1807
GCA_030742305.1,CladeA,Sputum,Cluster_301,Cluster_1808
GCA_030742365.1,CladeA,Sputum,Cluster_58,Cluster_1809
GCA_030742375.1,CladeA,Urinary,Cluster_302,Cluster_1810
GCA_030742385.1,CladeA,Sputum,Cluster_303,Cluster_1811
GCA_030758435.1,CladeB,Sputum,Cluster_11,Cluster_1812
GCA_030767045.1,CladeB,Eye,Cluster_32,Cluster_939
GCA_030767195.1,CladeB,Eye,Cluster_32,Cluster_939
GCA_030843825.1,CladeA,Rectal/Feces,Cluster_87,Cluster_1813
GCA_030846375.1,CladeB,Pneumonia,Cluster_52,Cluster_1814
GCA_030846395.1,CladeB,CF,Cluster_17,Cluster_814
GCA_030846425.1,CladeB,CF,Cluster_17,Cluster_814
GCA_030848745.1,CladeA,Blood,Cluster_58,Cluster_1815
GCA_030850305.1,CladeA,Sputum,Cluster_1,Cluster_1816
GCA_030850475.1,CladeB,Urinary,Cluster_11,Cluster_1817
GCA_030850615.1,CladeA,Sputum,Cluster_1,Cluster_1818
GCA_030851945.1,CladeB,Urinary,Cluster_12,Cluster_1819
GCA_030851965.1,CladeB,Urinary,Cluster_11,Cluster_446
GCA_030851985.1,CladeB,Sputum,Cluster_11,Cluster_446
GCA_030865145.1,CladeA,Wound,Cluster_1,Cluster_906
GCA_030865255.1,CladeA,Lung,Cluster_1,Cluster_906
GCA_030865265.1,CladeA,Lung,Cluster_1,Cluster_906
GCA_030865465.1,CladeA,Lung,Cluster_1,Cluster_1820
GCA_030865505.1,CladeA,Lung,Cluster_1,Cluster_906
GCA_030865525.1,CladeA,Wound,Cluster_1,Cluster_1820
GCA_030865565.1,CladeA,Lung,Cluster_1,Cluster_906
GCA_030865575.1,CladeA,Urinary,Cluster_1,Cluster_906
GCA_030865645.1,CladeA,Urinary,Cluster_1,Cluster_906
GCA_030865665.1,CladeA,Urinary,Cluster_1,Cluster_1821
GCA_030865725.1,CladeA,Wound,Cluster_1,Cluster_1820
GCA_030865745.1,CladeA,Lung,Cluster_1,Cluster_906
GCA_030866885.1,CladeA,Skin,Cluster_34,Cluster_643
GCA_030866905.1,CladeA,Skin,Cluster_83,Cluster_1822
GCA_030866925.2,CladeA,Skin,Cluster_83,Cluster_1823
GCA_030908445.1,CladeB,Lung,Cluster_135,Cluster_1824
GCA_031157565.1,CladeA,Sputum,Cluster_5,Cluster_1825
GCA_031157575.1,CladeA,Wound,Cluster_24,Cluster_1826
GCA_031158715.1,CladeA,Lung,Cluster_5,Cluster_1827
GCA_031163585.1,CladeA,Ocean,Cluster_2,Cluster_3643
GCA_031163685.1,CladeA,Ocean,Cluster_141,Cluster_3644
GCA_031165265.1,CladeA,Ocean,Cluster_5,Cluster_3645
GCA_031165285.1,CladeA,Ocean,Cluster_141,Cluster_3644
GCA_031203965.1,CladeB,Pneumonia,Cluster_196,Cluster_1828
GCA_031203975.1,CladeA,Blood,Cluster_46,Cluster_1829
GCA_031204015.1,CladeB,Pneumonia,Cluster_16,Cluster_1830
GCA_031204035.1,CladeA,Blood,Cluster_43,Cluster_1831
GCA_031204085.1,CladeB,Pneumonia,Cluster_16,Cluster_1830
GCA_031204225.1,CladeA,Pneumonia,Cluster_304,Cluster_1832
GCA_031204235.1,CladeA,Urinary,Cluster_190,Cluster_1833
GCA_031204255.1,CladeA,Pneumonia,Cluster_10,Cluster_1834
GCA_031204265.1,CladeA,Pneumonia,Cluster_304,Cluster_1832
GCA_031204275.1,CladeA,Urinary,Cluster_26,Cluster_1835
GCA_031204455.1,CladeA,Pneumonia,Cluster_35,Cluster_1836
GCA_031204495.1,CladeA,Pneumonia,Cluster_35,Cluster_1836
GCA_031205085.1,CladeA,Pneumonia,Cluster_10,Cluster_1837
GCA_031205245.1,CladeB,Pneumonia,Cluster_12,Cluster_1838
GCA_031205275.1,CladeB,Pneumonia,Cluster_196,Cluster_1828
GCA_031205345.1,CladeA,Pneumonia,Cluster_305,Cluster_1839
GCA_031205365.1,CladeB,Pneumonia,Cluster_12,Cluster_1838
GCA_031205385.1,CladeA,Pneumonia,Cluster_160,Cluster_1840
GCA_031205455.1,CladeB,Pneumonia,Cluster_126,Cluster_386
GCA_031205555.1,CladeB,Pneumonia,Cluster_4,Cluster_1841
GCA_031205565.1,CladeA,Wound,Cluster_60,Cluster_184
GCA_031205585.1,CladeA,Pneumonia,Cluster_199,Cluster_1842
GCA_031205615.1,CladeA,Pneumonia,Cluster_24,Cluster_1843
GCA_031205665.1,CladeA,Pneumonia,Cluster_10,Cluster_1844
GCA_031205775.1,CladeB,Pneumonia,Cluster_4,Cluster_1841
GCA_031205835.1,CladeA,Pneumonia,Cluster_305,Cluster_1839
GCA_031205865.1,CladeB,Pneumonia,Cluster_55,Cluster_1845
GCA_031205885.1,CladeA,Pneumonia,Cluster_305,Cluster_1839
GCA_031205955.1,CladeA,Pneumonia,Cluster_160,Cluster_1840
GCA_031205965.1,CladeA,Urinary,Cluster_5,Cluster_1846
GCA_031206055.1,CladeB,Pneumonia,Cluster_196,Cluster_1828
GCA_031206065.1,CladeB,Pneumonia,Cluster_4,Cluster_1841
GCA_031206075.1,CladeB,Pneumonia,Cluster_55,Cluster_1845
GCA_031206155.1,CladeA,Pneumonia,Cluster_60,Cluster_184
GCA_031206165.1,CladeA,Pneumonia,Cluster_5,Cluster_1846
GCA_031206255.1,CladeA,Pneumonia,Cluster_60,Cluster_184
GCA_031206275.1,CladeB,Pneumonia,Cluster_196,Cluster_1828
GCA_031206285.1,CladeA,Urinary,Cluster_199,Cluster_1842
GCA_031206315.1,CladeB,Urinary,Cluster_55,Cluster_1845
GCA_031206325.1,CladeA,Pneumonia,Cluster_35,Cluster_1836
GCA_031206355.1,CladeA,Urinary,Cluster_46,Cluster_1847
GCA_031206375.1,CladeA,Pneumonia,Cluster_62,Cluster_1848
GCA_031206395.1,CladeB,Pneumonia,Cluster_196,Cluster_1828
GCA_031206415.1,CladeA,Pneumonia,Cluster_43,Cluster_1831
GCA_031206425.1,CladeB,Pneumonia,Cluster_126,Cluster_386
GCA_031206465.1,CladeB,Pneumonia,Cluster_55,Cluster_1849
GCA_031206495.1,CladeB,Pneumonia,Cluster_11,Cluster_1850
GCA_031206525.1,CladeA,Pneumonia,Cluster_203,Cluster_1851
GCA_031206555.1,CladeA,Pneumonia,Cluster_20,Cluster_227
GCA_031206565.1,CladeB,Pneumonia,Cluster_76,Cluster_1852
GCA_031206575.1,CladeB,Pneumonia,Cluster_16,Cluster_1853
GCA_031206615.1,CladeA,Pneumonia,Cluster_133,Cluster_1854
GCA_031206625.1,CladeA,Pneumonia,Cluster_43,Cluster_1831
GCA_031206655.1,CladeB,Pneumonia,Cluster_12,Cluster_1838
GCA_031206675.1,CladeA,Pneumonia,Cluster_203,Cluster_1851
GCA_031206685.1,CladeB,Pneumonia,Cluster_196,Cluster_1828
GCA_031206695.1,CladeA,Pneumonia,Cluster_85,Cluster_1855
GCA_031206735.1,CladeA,Urinary,Cluster_24,Cluster_1843
GCA_031206755.1,CladeB,Pneumonia,Cluster_12,Cluster_1856
GCA_031206775.1,CladeB,Pneumonia,Cluster_11,Cluster_1850
GCA_031206785.1,CladeA,Urinary,Cluster_246,Cluster_1857
GCA_031206795.1,CladeA,Pneumonia,Cluster_43,Cluster_1831
GCA_031206835.1,CladeA,Pneumonia,Cluster_141,Cluster_1858
GCA_031206855.1,CladeA,Pneumonia,Cluster_1,Cluster_1683
GCA_031206865.1,CladeA,Pneumonia,Cluster_221,Cluster_1859
GCA_031206875.1,CladeA,Urinary,Cluster_245,Cluster_1860
GCA_031206915.1,CladeB,Pneumonia,Cluster_4,Cluster_1841
GCA_031206925.1,CladeA,Urinary,Cluster_5,Cluster_1861
GCA_031206955.1,CladeB,Pneumonia,Cluster_12,Cluster_1856
GCA_031206985.1,CladeA,Pneumonia,Cluster_5,Cluster_1862
GCA_031207005.1,CladeA,Pneumonia,Cluster_43,Cluster_1863
GCA_031207025.1,CladeA,Pneumonia,Cluster_10,Cluster_1837
GCA_031207035.1,CladeA,Pneumonia,Cluster_277,Cluster_1864
GCA_031207075.1,CladeB,Pneumonia,Cluster_12,Cluster_1838
GCA_031207095.1,CladeB,Pneumonia,Cluster_76,Cluster_1852
GCA_031207105.1,CladeA,Pneumonia,Cluster_246,Cluster_1857
GCA_031207135.1,CladeA,Urinary,Cluster_43,Cluster_1865
GCA_031207145.1,CladeB,Urinary,Cluster_4,Cluster_1841
GCA_031207275.1,CladeA,Pneumonia,Cluster_43,Cluster_1831
GCA_031207285.1,CladeA,Pneumonia,Cluster_306,Cluster_1866
GCA_031207295.1,CladeA,Pneumonia,Cluster_245,Cluster_1860
GCA_031207325.1,CladeA,Urinary,Cluster_43,Cluster_1831
GCA_031207415.1,CladeB,Pneumonia,Cluster_12,Cluster_1838
GCA_031207455.1,CladeA,Urinary,Cluster_58,Cluster_1867
GCA_031207485.1,CladeA,Urinary,Cluster_43,Cluster_1865
GCA_031207495.1,CladeA,Pneumonia,Cluster_5,Cluster_1861
GCA_031207515.1,CladeA,Pneumonia,Cluster_85,Cluster_1855
GCA_031207595.1,CladeB,Pneumonia,Cluster_16,Cluster_1853
GCA_031207685.1,CladeA,Pneumonia,Cluster_20,Cluster_227
GCA_031207695.1,CladeB,Pneumonia,Cluster_196,Cluster_1828
GCA_031207745.1,CladeB,Pneumonia,Cluster_126,Cluster_386
GCA_031207835.1,CladeA,Pneumonia,Cluster_20,Cluster_1868
GCA_031207875.1,CladeA,Pneumonia,Cluster_22,Cluster_1869
GCA_031207895.1,CladeA,Pneumonia,Cluster_133,Cluster_1854
GCA_031207905.1,CladeB,Urinary,Cluster_196,Cluster_1828
GCA_031207915.1,CladeB,Pneumonia,Cluster_55,Cluster_1870
GCA_031208035.1,CladeA,Pneumonia,Cluster_85,Cluster_1855
GCA_031208075.1,CladeB,Pneumonia,Cluster_12,Cluster_1871
GCA_031208095.1,CladeA,Pneumonia,Cluster_20,Cluster_1868
GCA_031208105.1,CladeA,Pneumonia,Cluster_26,Cluster_1872
GCA_031208165.1,CladeA,Pneumonia,Cluster_211,Cluster_1873
GCA_031208205.1,CladeA,Blood,Cluster_22,Cluster_1869
GCA_031208255.1,CladeA,Urinary,Cluster_211,Cluster_1873
GCA_031208315.1,CladeB,Urinary,Cluster_196,Cluster_1828
GCA_031208325.1,CladeA,Pneumonia,Cluster_43,Cluster_1865
GCA_031208335.1,CladeB,Pneumonia,Cluster_196,Cluster_1828
GCA_031208345.1,CladeA,Pneumonia,Cluster_43,Cluster_1865
GCA_031208375.1,CladeB,Urinary,Cluster_196,Cluster_1828
GCA_031208475.1,CladeA,Urinary,Cluster_150,Cluster_1874
GCA_031208495.1,CladeA,Urinary,Cluster_43,Cluster_1831
GCA_031208515.1,CladeA,Pneumonia,Cluster_46,Cluster_1829
GCA_031208525.1,CladeA,Pneumonia,Cluster_190,Cluster_1833
GCA_031208535.1,CladeA,Pneumonia,Cluster_150,Cluster_1874
GCA_031208575.1,CladeA,Pneumonia,Cluster_266,Cluster_1875
GCA_031208585.1,CladeA,Pneumonia,Cluster_266,Cluster_1875
GCA_031208615.1,CladeA,Pneumonia,Cluster_26,Cluster_1835
GCA_031208635.1,CladeA,Pneumonia,Cluster_10,Cluster_1834
GCA_031208835.1,CladeA,Pneumonia,Cluster_35,Cluster_1836
GCA_031208995.1,CladeA,Pneumonia,Cluster_46,Cluster_1876
GCA_031209135.1,CladeA,Pneumonia,Cluster_26,Cluster_1872
GCA_031209295.1,CladeA,Pneumonia,Cluster_58,Cluster_1867
GCA_031209455.1,CladeA,Urinary,Cluster_306,Cluster_1866
GCA_031209655.1,CladeA,Pneumonia,Cluster_24,Cluster_1877
GCA_031209845.1,CladeA,Pneumonia,Cluster_46,Cluster_1847
GCA_031209905.1,CladeA,Pneumonia,Cluster_277,Cluster_1864
GCA_031210065.1,CladeA,Pneumonia,Cluster_141,Cluster_1858
GCA_031210355.1,CladeA,Pneumonia,Cluster_160,Cluster_1840
GCA_031210405.1,CladeA,Pneumonia,Cluster_1,Cluster_1878
GCA_031210535.1,CladeA,Pneumonia,Cluster_117,Cluster_1879
GCA_031210565.1,CladeA,Pneumonia,Cluster_10,Cluster_1837
GCA_031210595.1,CladeB,Pneumonia,Cluster_189,Cluster_1880
GCA_031210615.1,CladeA,Pneumonia,Cluster_24,Cluster_1877
GCA_031210635.1,CladeA,Pneumonia,Cluster_5,Cluster_1881
GCA_031210655.1,CladeA,Pneumonia,Cluster_160,Cluster_1882
GCA_031210675.1,CladeB,Pneumonia,Cluster_4,Cluster_1841
GCA_031210695.1,CladeA,Wound,Cluster_60,Cluster_184
GCA_031210715.1,CladeA,Urinary,Cluster_43,Cluster_1831
GCA_031210735.1,CladeB,Pneumonia,Cluster_4,Cluster_1841
GCA_031210765.1,CladeB,Urinary,Cluster_196,Cluster_1828
GCA_031210785.1,CladeB,Urinary,Cluster_12,Cluster_1871
GCA_031210805.1,CladeB,Pneumonia,Cluster_196,Cluster_1828
GCA_031210825.1,CladeB,Urinary,Cluster_189,Cluster_1880
GCA_031210845.1,CladeA,Urinary,Cluster_117,Cluster_1879
GCA_031210865.1,CladeA,Pneumonia,Cluster_24,Cluster_1843
GCA_031210885.1,CladeB,Pneumonia,Cluster_4,Cluster_1841
GCA_031210905.1,CladeB,Pneumonia,Cluster_12,Cluster_1838
GCA_031210915.1,CladeB,Pneumonia,Cluster_57,Cluster_1158
GCA_031210945.1,CladeA,Pneumonia,Cluster_43,Cluster_1865
GCA_031210965.1,CladeA,Pneumonia,Cluster_60,Cluster_184
GCA_031210985.1,CladeA,Pneumonia,Cluster_24,Cluster_1843
GCA_031210995.1,CladeB,Pneumonia,Cluster_196,Cluster_1828
GCA_031211025.1,CladeA,Pneumonia,Cluster_46,Cluster_1876
GCA_031211045.1,CladeA,Wound,Cluster_60,Cluster_184
GCA_031211065.1,CladeA,Pneumonia,Cluster_10,Cluster_1844
GCA_031211085.1,CladeA,Pneumonia,Cluster_221,Cluster_1859
GCA_031211205.1,CladeA,Pneumonia,Cluster_1,Cluster_1878
GCA_031211485.1,CladeA,Urinary,Cluster_3,Cluster_252
GCA_031212645.1,CladeA,Urinary,Cluster_3,Cluster_1883
GCA_031218375.1,CladeA,Sputum,Cluster_3,Cluster_1884
GCA_031219395.1,CladeB,Sputum,Cluster_11,Cluster_256
GCA_031221745.1,CladeA,Sputum,Cluster_43,Cluster_1885
GCA_031223175.1,CladeB,Sputum,Cluster_11,Cluster_280
GCA_031224255.1,CladeA,Sputum,Cluster_5,Cluster_1886
GCA_031224875.1,CladeA,Sputum,Cluster_5,Cluster_417
GCA_031340055.2,CladeA,Wound,Cluster_157,Cluster_1887
GCA_031394635.1,CladeB,Urinary,Cluster_114,Cluster_1888
GCA_031394685.2,CladeA,Wound,Cluster_116,Cluster_1889
GCA_031463955.2,CladeB,Wound,Cluster_17,Cluster_1890
GCA_031486835.2,CladeA,Lung,Cluster_58,Cluster_1891
GCA_031488955.2,CladeA,Lung,Cluster_267,Cluster_1892
GCA_031488975.2,CladeA,Wound,Cluster_10,Cluster_1893
GCA_031580535.1,CladeA,Blood,Cluster_9,Cluster_1894
GCA_031580635.1,CladeA,Blood,Cluster_9,Cluster_1894
GCA_031627815.2,CladeB,Sputum,Cluster_64,Cluster_452
GCA_031658015.2,CladeA,Sputum,Cluster_10,Cluster_566
GCA_031731655.1,CladeA,CF,Cluster_30,Cluster_1895
GCA_031732515.1,CladeA,CF,Cluster_307,Cluster_1896
GCA_031733195.1,CladeB,Plant,Cluster_4,Cluster_1897
GCA_031804255.2,CladeB,Urinary,Cluster_16,Cluster_22
GCA_031822475.1,CladeA,Upper.Respiratory,Cluster_1,Cluster_8
GCA_031822515.1,CladeA,Lung,Cluster_1,Cluster_8
GCA_031822535.1,CladeA,Lung,Cluster_1,Cluster_8
GCA_031822555.1,CladeB,Lung,Cluster_11,Cluster_1898
GCA_031822575.1,CladeB,Sputum,Cluster_11,Cluster_1899
GCA_031822595.1,CladeB,Lung,Cluster_11,Cluster_1898
GCA_031822615.1,CladeA,Urinary,Cluster_1,Cluster_408
GCA_031822635.1,CladeA,Lung,Cluster_1,Cluster_408
GCA_031822655.1,CladeB,Urinary,Cluster_11,Cluster_1900
GCA_031822675.1,CladeA,Blood,Cluster_26,Cluster_1901
GCA_031822695.1,CladeB,Lung,Cluster_11,Cluster_1898
GCA_031822715.1,CladeA,Wound,Cluster_1,Cluster_1902
GCA_031822735.1,CladeA,Wound,Cluster_1,Cluster_1902
GCA_031822775.1,CladeA,Urinary,Cluster_1,Cluster_408
GCA_031822815.1,CladeB,Urinary,Cluster_11,Cluster_1899
GCA_031822835.1,CladeA,Sputum,Cluster_1,Cluster_1902
GCA_031822845.1,CladeA,Throat,Cluster_1,Cluster_1902
GCA_031822875.1,CladeA,Wound,Cluster_1,Cluster_1902
GCA_031822945.1,CladeA,Urinary,Cluster_1,Cluster_1903
GCA_031823015.1,CladeB,Lung,Cluster_11,Cluster_1899
GCA_031823035.1,CladeB,Lung,Cluster_11,Cluster_1899
GCA_031823055.1,CladeA,Urinary,Cluster_1,Cluster_408
GCA_031823075.1,CladeB,Lung,Cluster_11,Cluster_1899
GCA_031823135.1,CladeA,Wound,Cluster_26,Cluster_1901
GCA_031823195.1,CladeA,Wound,Cluster_50,Cluster_1904
GCA_031823255.1,CladeA,Urinary,Cluster_26,Cluster_1191
GCA_031823335.1,CladeA,Lung,Cluster_1,Cluster_408
GCA_031823555.1,CladeA,Lung,Cluster_5,Cluster_1905
GCA_031823575.1,CladeA,Wound,Cluster_10,Cluster_1906
GCA_031823595.1,CladeA,Sputum,Cluster_56,Cluster_1907
GCA_031823655.1,CladeB,Urinary,Cluster_11,Cluster_1899
GCA_031823735.1,CladeA,Wound,Cluster_1,Cluster_1908
GCA_031823755.1,CladeA,Urinary,Cluster_10,Cluster_1909
GCA_031823775.1,CladeB,Lung,Cluster_11,Cluster_1910
GCA_031823855.1,CladeA,Urinary,Cluster_26,Cluster_1191
GCA_031823875.1,CladeA,Wound,Cluster_1,Cluster_1908
GCA_031823895.1,CladeA,Urinary,Cluster_5,Cluster_1911
GCA_031823935.1,CladeA,Wound,Cluster_1,Cluster_1908
GCA_031823975.1,CladeA,Wound,Cluster_24,Cluster_1912
GCA_031824055.1,CladeA,Wound,Cluster_1,Cluster_1908
GCA_031824075.1,CladeB,Lung,Cluster_11,Cluster_1913
GCA_031824115.1,CladeB,Urinary,Cluster_11,Cluster_1899
GCA_031824135.1,CladeB,Urinary,Cluster_12,Cluster_15
GCA_031824235.1,CladeA,Urinary,Cluster_26,Cluster_1901
GCA_031824275.1,CladeA,Urinary,Cluster_5,Cluster_1914
GCA_031824335.1,CladeB,Lung,Cluster_11,Cluster_1915
GCA_031824345.1,CladeB,Lung,Cluster_11,Cluster_1916
GCA_031824365.1,CladeB,Lung,Cluster_11,Cluster_1917
GCA_031824435.1,CladeA,Wound,Cluster_5,Cluster_1918
GCA_031824455.1,CladeA,Lung,Cluster_5,Cluster_1919
GCA_031824475.1,CladeA,Lung,Cluster_5,Cluster_1919
GCA_031824495.1,CladeA,Urinary,Cluster_1,Cluster_1920
GCA_031824535.1,CladeA,Wound,Cluster_26,Cluster_1901
GCA_031824555.1,CladeA,Urinary,Cluster_26,Cluster_1191
GCA_031824575.1,CladeA,Urinary,Cluster_26,Cluster_1901
GCA_031824595.1,CladeB,Sputum,Cluster_11,Cluster_1899
GCA_031824615.1,CladeB,Urinary,Cluster_12,Cluster_15
GCA_031824635.1,CladeB,Lung,Cluster_11,Cluster_1899
GCA_031824655.1,CladeB,Throat,Cluster_11,Cluster_1899
GCA_031824695.1,CladeB,Sputum,Cluster_11,Cluster_1899
GCA_031824715.1,CladeB,Lung,Cluster_11,Cluster_1899
GCA_031824735.1,CladeB,Wound,Cluster_11,Cluster_1899
GCA_031824775.1,CladeB,Lung,Cluster_11,Cluster_1916
GCA_031824795.1,CladeB,Urinary,Cluster_12,Cluster_15
GCA_031825255.1,CladeA,Urinary,Cluster_5,Cluster_1921
GCA_031825295.1,CladeA,Urinary,Cluster_78,Cluster_1922
GCA_031825315.1,CladeA,Wound,Cluster_78,Cluster_1922
GCA_031825335.1,CladeA,Wound,Cluster_43,Cluster_1923
GCA_031825395.1,CladeA,Wound,Cluster_98,Cluster_1924
GCA_031825435.1,CladeA,Blood,Cluster_143,Cluster_1925
GCA_031825515.1,CladeB,Lung,Cluster_81,Cluster_1926
GCA_031825535.1,CladeA,Blood,Cluster_5,Cluster_1927
GCA_031825555.1,CladeB,Lung,Cluster_80,Cluster_1928
GCA_031825635.1,CladeA,Urinary,Cluster_34,Cluster_1929
GCA_031825675.1,CladeA,Urinary,Cluster_5,Cluster_1930
GCA_031825955.1,CladeB,Lung,Cluster_11,Cluster_1899
GCA_031825995.1,CladeB,Urinary,Cluster_12,Cluster_15
GCA_031826235.1,CladeB,Urinary,Cluster_11,Cluster_1899
GCA_031826255.1,CladeB,Lung,Cluster_11,Cluster_1898
GCA_031836355.2,CladeA,Sputum,Cluster_36,Cluster_1931
GCA_031846125.1,CladeB,Rectal/Feces,Cluster_12,Cluster_1932
GCA_031847255.1,CladeA,CF,Cluster_22,Cluster_1933
GCA_031847275.1,CladeA,CF,Cluster_22,Cluster_1934
GCA_031847315.1,CladeA,CF,Cluster_22,Cluster_1935
GCA_031847335.1,CladeA,CF,Cluster_10,Cluster_1936
GCA_031847355.1,CladeA,CF,Cluster_22,Cluster_1934
GCA_031847375.1,CladeA,CF,Cluster_10,Cluster_1936
GCA_031847395.1,CladeA,CF,Cluster_10,Cluster_1936
GCA_031847415.1,CladeA,CF,Cluster_22,Cluster_1935
GCA_031847435.1,CladeA,CF,Cluster_10,Cluster_1936
GCA_031847455.1,CladeA,CF,Cluster_10,Cluster_1936
GCA_031847475.1,CladeA,CF,Cluster_10,Cluster_1936
GCA_031847495.1,CladeA,CF,Cluster_10,Cluster_1936
GCA_031847515.1,CladeA,CF,Cluster_225,Cluster_1937
GCA_031847535.1,CladeA,CF,Cluster_225,Cluster_1937
GCA_031847555.1,CladeA,CF,Cluster_225,Cluster_1937
GCA_031847575.1,CladeA,CF,Cluster_225,Cluster_1937
GCA_031847595.1,CladeA,CF,Cluster_225,Cluster_1937
GCA_031847615.1,CladeA,CF,Cluster_225,Cluster_1937
GCA_031847635.1,CladeA,CF,Cluster_225,Cluster_1937
GCA_031847655.1,CladeA,CF,Cluster_225,Cluster_1937
GCA_031847675.1,CladeA,CF,Cluster_22,Cluster_1935
GCA_031847695.1,CladeA,CF,Cluster_125,Cluster_1938
GCA_031847705.1,CladeA,CF,Cluster_22,Cluster_1935
GCA_031847735.1,CladeA,CF,Cluster_125,Cluster_1939
GCA_031847755.1,CladeA,CF,Cluster_125,Cluster_1940
GCA_031847775.1,CladeA,CF,Cluster_125,Cluster_1939
GCA_031847795.1,CladeA,CF,Cluster_125,Cluster_1939
GCA_031847815.1,CladeA,CF,Cluster_125,Cluster_1939
GCA_031847835.1,CladeA,CF,Cluster_125,Cluster_1939
GCA_031847855.1,CladeA,CF,Cluster_125,Cluster_1939
GCA_031847875.1,CladeA,CF,Cluster_125,Cluster_1939
GCA_031847895.1,CladeA,CF,Cluster_125,Cluster_1941
GCA_031847915.1,CladeA,CF,Cluster_125,Cluster_1939
GCA_031847935.1,CladeA,CF,Cluster_125,Cluster_1939
GCA_031847955.1,CladeA,CF,Cluster_125,Cluster_1942
GCA_031847975.1,CladeA,CF,Cluster_125,Cluster_1939
GCA_031847995.1,CladeA,CF,Cluster_125,Cluster_1939
GCA_031848015.1,CladeA,CF,Cluster_60,Cluster_1075
GCA_031848055.1,CladeA,CF,Cluster_60,Cluster_1075
GCA_031848095.1,CladeA,CF,Cluster_60,Cluster_1075
GCA_031848115.1,CladeA,CF,Cluster_60,Cluster_1075
GCA_031848135.1,CladeA,CF,Cluster_60,Cluster_1075
GCA_031848155.1,CladeA,CF,Cluster_10,Cluster_1943
GCA_031848175.1,CladeA,CF,Cluster_60,Cluster_1075
GCA_031848195.1,CladeA,CF,Cluster_60,Cluster_1075
GCA_031848215.1,CladeA,CF,Cluster_10,Cluster_1943
GCA_031848235.1,CladeA,CF,Cluster_10,Cluster_1943
GCA_031848255.1,CladeA,CF,Cluster_10,Cluster_1943
GCA_031848275.1,CladeA,CF,Cluster_60,Cluster_1075
GCA_031848295.1,CladeA,CF,Cluster_10,Cluster_1944
GCA_031848315.1,CladeA,CF,Cluster_10,Cluster_1944
GCA_031848335.1,CladeA,CF,Cluster_37,Cluster_1945
GCA_031848355.1,CladeA,CF,Cluster_37,Cluster_1945
GCA_031848375.1,CladeA,CF,Cluster_37,Cluster_1945
GCA_031848395.1,CladeA,CF,Cluster_37,Cluster_1945
GCA_031848415.1,CladeA,CF,Cluster_37,Cluster_1945
GCA_031848435.1,CladeA,CF,Cluster_37,Cluster_1945
GCA_031848455.1,CladeA,CF,Cluster_37,Cluster_1945
GCA_031848475.1,CladeA,CF,Cluster_37,Cluster_1945
GCA_031848495.1,CladeA,CF,Cluster_37,Cluster_1945
GCA_031848515.1,CladeA,CF,Cluster_37,Cluster_1945
GCA_031848535.1,CladeA,CF,Cluster_306,Cluster_1946
GCA_031848555.1,CladeA,CF,Cluster_306,Cluster_1946
GCA_031848575.1,CladeA,CF,Cluster_37,Cluster_1945
GCA_031848595.1,CladeA,CF,Cluster_306,Cluster_1946
GCA_031848615.1,CladeA,CF,Cluster_306,Cluster_1946
GCA_031848635.1,CladeA,CF,Cluster_306,Cluster_1946
GCA_031848655.1,CladeA,CF,Cluster_306,Cluster_1946
GCA_031848675.1,CladeA,CF,Cluster_306,Cluster_1946
GCA_031848695.1,CladeA,CF,Cluster_306,Cluster_1946
GCA_031848715.1,CladeA,CF,Cluster_306,Cluster_1946
GCA_031848735.1,CladeA,CF,Cluster_306,Cluster_1946
GCA_031848755.1,CladeA,CF,Cluster_306,Cluster_1946
GCA_031848775.1,CladeA,CF,Cluster_306,Cluster_1946
GCA_031848795.1,CladeA,CF,Cluster_306,Cluster_1947
GCA_031848815.1,CladeA,CF,Cluster_306,Cluster_1946
GCA_031848835.1,CladeA,CF,Cluster_40,Cluster_1948
GCA_031848875.1,CladeA,CF,Cluster_2,Cluster_1949
GCA_031848895.1,CladeA,CF,Cluster_40,Cluster_1948
GCA_031848915.1,CladeA,CF,Cluster_10,Cluster_1950
GCA_031848935.1,CladeA,CF,Cluster_2,Cluster_1949
GCA_031848955.1,CladeA,CF,Cluster_2,Cluster_1949
GCA_031848975.1,CladeA,CF,Cluster_2,Cluster_1949
GCA_031848995.1,CladeA,CF,Cluster_2,Cluster_1949
GCA_031849015.1,CladeA,CF,Cluster_2,Cluster_1949
GCA_031849035.1,CladeA,CF,Cluster_2,Cluster_1949
GCA_031849055.1,CladeA,CF,Cluster_2,Cluster_1949
GCA_031849075.1,CladeA,CF,Cluster_308,Cluster_1951
GCA_031849095.1,CladeA,CF,Cluster_308,Cluster_1951
GCA_031849115.1,CladeA,CF,Cluster_308,Cluster_1951
GCA_031849175.1,CladeA,CF,Cluster_2,Cluster_356
GCA_031849295.1,CladeA,CF,Cluster_2,Cluster_356
GCA_031849375.1,CladeA,CF,Cluster_66,Cluster_1952
GCA_031849395.1,CladeA,CF,Cluster_66,Cluster_1952
GCA_031849415.1,CladeA,CF,Cluster_66,Cluster_1952
GCA_031849435.1,CladeA,CF,Cluster_103,Cluster_1953
GCA_031849455.1,CladeA,CF,Cluster_103,Cluster_1954
GCA_031849475.1,CladeA,CF,Cluster_103,Cluster_1955
GCA_031849495.1,CladeA,CF,Cluster_103,Cluster_1955
GCA_031849515.1,CladeA,CF,Cluster_103,Cluster_1956
GCA_031849535.1,CladeA,CF,Cluster_103,Cluster_1957
GCA_031849555.1,CladeA,CF,Cluster_2,Cluster_1949
GCA_031849575.1,CladeA,CF,Cluster_9,Cluster_1958
GCA_031849595.1,CladeA,CF,Cluster_2,Cluster_1949
GCA_031849615.1,CladeA,CF,Cluster_2,Cluster_1949
GCA_031849635.1,CladeA,CF,Cluster_2,Cluster_1949
GCA_031849655.1,CladeA,CF,Cluster_2,Cluster_1949
GCA_031849675.1,CladeA,CF,Cluster_58,Cluster_1959
GCA_031849695.1,CladeA,CF,Cluster_58,Cluster_1959
GCA_031849715.1,CladeA,CF,Cluster_58,Cluster_1959
GCA_031849735.1,CladeA,CF,Cluster_58,Cluster_1959
GCA_031849755.1,CladeA,CF,Cluster_58,Cluster_1959
GCA_031849795.1,CladeA,CF,Cluster_58,Cluster_1959
GCA_031849815.1,CladeA,CF,Cluster_58,Cluster_1959
GCA_031849835.1,CladeA,CF,Cluster_58,Cluster_1959
GCA_031849855.1,CladeA,CF,Cluster_103,Cluster_1960
GCA_031849875.1,CladeA,CF,Cluster_103,Cluster_1961
GCA_031849895.1,CladeA,CF,Cluster_103,Cluster_1960
GCA_031849915.1,CladeA,CF,Cluster_58,Cluster_1959
GCA_031849935.1,CladeA,CF,Cluster_103,Cluster_1960
GCA_031849955.1,CladeA,CF,Cluster_103,Cluster_1960
GCA_031849995.1,CladeA,CF,Cluster_103,Cluster_1960
GCA_031850015.1,CladeA,CF,Cluster_35,Cluster_1962
GCA_031850035.1,CladeA,CF,Cluster_35,Cluster_1963
GCA_031850055.1,CladeA,CF,Cluster_35,Cluster_1964
GCA_031850075.1,CladeA,CF,Cluster_35,Cluster_1965
GCA_031850095.1,CladeA,CF,Cluster_35,Cluster_1966
GCA_031850115.1,CladeA,CF,Cluster_35,Cluster_1966
GCA_031850135.1,CladeA,CF,Cluster_35,Cluster_1966
GCA_031850155.1,CladeA,CF,Cluster_35,Cluster_1966
GCA_031850175.1,CladeA,CF,Cluster_35,Cluster_1966
GCA_031850195.1,CladeA,CF,Cluster_10,Cluster_1967
GCA_031850235.1,CladeA,CF,Cluster_10,Cluster_1967
GCA_031850255.1,CladeA,CF,Cluster_10,Cluster_1967
GCA_031850275.1,CladeA,CF,Cluster_10,Cluster_1967
GCA_031850295.1,CladeA,CF,Cluster_10,Cluster_1967
GCA_031850315.1,CladeA,CF,Cluster_10,Cluster_1967
GCA_031850335.1,CladeA,CF,Cluster_10,Cluster_1967
GCA_031850355.1,CladeA,CF,Cluster_2,Cluster_1968
GCA_031850375.1,CladeA,CF,Cluster_10,Cluster_1517
GCA_031850395.1,CladeA,CF,Cluster_10,Cluster_1517
GCA_031850415.1,CladeA,CF,Cluster_10,Cluster_1969
GCA_031850435.1,CladeA,CF,Cluster_10,Cluster_1970
GCA_031850455.1,CladeA,CF,Cluster_10,Cluster_1517
GCA_031850475.1,CladeA,CF,Cluster_10,Cluster_1971
GCA_031850495.1,CladeA,CF,Cluster_10,Cluster_1517
GCA_031850505.1,CladeA,CF,Cluster_70,Cluster_1972
GCA_031850515.1,CladeA,CF,Cluster_289,Cluster_1973
GCA_031850555.1,CladeA,CF,Cluster_289,Cluster_1974
GCA_031850575.1,CladeA,CF,Cluster_10,Cluster_1975
GCA_031850585.1,CladeA,CF,Cluster_289,Cluster_1976
GCA_031850595.1,CladeA,CF,Cluster_289,Cluster_1977
GCA_031850615.1,CladeA,CF,Cluster_289,Cluster_1978
GCA_031850655.1,CladeA,CF,Cluster_289,Cluster_1979
GCA_031850675.1,CladeA,CF,Cluster_289,Cluster_1980
GCA_031850695.1,CladeA,CF,Cluster_2,Cluster_356
GCA_031850705.1,CladeA,CF,Cluster_289,Cluster_1981
GCA_031850735.1,CladeA,CF,Cluster_289,Cluster_1982
GCA_031850765.1,CladeA,CF,Cluster_2,Cluster_356
GCA_031850775.1,CladeA,CF,Cluster_2,Cluster_356
GCA_031850805.1,CladeA,CF,Cluster_289,Cluster_1983
GCA_031850835.1,CladeA,CF,Cluster_289,Cluster_1983
GCA_031851105.1,CladeB,Lung,Cluster_112,Cluster_3646
GCA_031851185.1,CladeA,Lung,Cluster_136,Cluster_3647
GCA_031851265.1,CladeA,Lung,Cluster_5,Cluster_3648
GCA_031851285.1,CladeA,Lung,Cluster_63,Cluster_3649
GCA_031851725.1,CladeA,Aquatic,Cluster_35,Cluster_1984
GCA_031879975.1,CladeA,Ocean,Cluster_229,Cluster_3650
GCA_031892905.2,CladeA,Sputum,Cluster_60,Cluster_1985
GCA_031892925.2,CladeA,Rectal/Feces,Cluster_26,Cluster_1270
GCA_031924625.2,CladeA,Urinary,Cluster_24,Cluster_1986
GCA_031924765.2,CladeB,Urinary,Cluster_32,Cluster_939
GCA_031924825.2,CladeA,Sputum,Cluster_143,Cluster_1987
GCA_031926225.2,CladeB,Sputum,Cluster_52,Cluster_1351
GCA_032231025.1,CladeB,Throat,Cluster_11,Cluster_1988
GCA_032231045.1,CladeA,Urinary,Cluster_26,Cluster_1191
GCA_032231065.1,CladeB,Urinary,Cluster_11,Cluster_1989
GCA_032231085.1,CladeA,Wound,Cluster_26,Cluster_1191
GCA_032231105.1,CladeB,Lung,Cluster_12,Cluster_15
GCA_032251875.1,CladeB,Urinary,Cluster_11,Cluster_446
GCA_032252495.1,CladeA,Urinary,Cluster_309,Cluster_1990
GCA_032252955.1,CladeB,Sputum,Cluster_310,Cluster_1991
GCA_032252975.1,CladeA,Sputum,Cluster_10,Cluster_1992
GCA_032290545.1,CladeB,Urinary,Cluster_11,Cluster_1899
GCA_032290565.1,CladeB,Urinary,Cluster_11,Cluster_1993
GCA_032290585.1,CladeB,Wound,Cluster_11,Cluster_1994
GCA_032290665.1,CladeB,Urinary,Cluster_11,Cluster_1899
GCA_032292165.2,CladeA,Urinary,Cluster_10,Cluster_566
GCA_032292255.2,CladeB,Wound,Cluster_112,Cluster_1995
GCA_032334355.1,CladeA,Blood,Cluster_43,Cluster_1996
GCA_032334455.1,CladeA,Blood,Cluster_43,Cluster_1996
GCA_032335095.2,CladeB,Wound,Cluster_126,Cluster_1997
GCA_032457135.2,CladeA,Wound,Cluster_36,Cluster_1998
GCA_032463705.1,CladeA,Sputum,Cluster_10,Cluster_30
GCA_032464475.1,CladeA,CF,Cluster_60,Cluster_1999
GCA_032472315.1,CladeB,Rectal/Feces,Cluster_17,Cluster_2000
GCA_032474135.1,CladeB,Rectal/Feces,Cluster_17,Cluster_814
GCA_032475235.1,CladeB,Rectal/Feces,Cluster_17,Cluster_2001
GCA_032500805.1,CladeB,Rectal/Feces,Cluster_17,Cluster_2002
GCA_032501545.1,CladeB,Rectal/Feces,Cluster_17,Cluster_814
GCA_032502885.1,CladeB,Rectal/Feces,Cluster_17,Cluster_814
GCA_032503265.1,CladeB,Rectal/Feces,Cluster_17,Cluster_814
GCA_032504995.1,CladeA,Rectal/Feces,Cluster_10,Cluster_108
GCA_032507305.1,CladeB,Rectal/Feces,Cluster_16,Cluster_2003
GCA_032507595.1,CladeA,Rectal/Feces,Cluster_2,Cluster_1080
GCA_032507605.1,CladeB,Rectal/Feces,Cluster_16,Cluster_2003
GCA_032513015.2,CladeA,Sputum,Cluster_26,Cluster_2004
GCA_032529225.1,CladeA,Sputum,Cluster_34,Cluster_2005
GCA_032529245.1,CladeA,Sputum,Cluster_179,Cluster_2006
GCA_032529265.1,CladeA,Sputum,Cluster_179,Cluster_2006
GCA_032529365.1,CladeA,CF,Cluster_165,Cluster_2007
GCA_032529405.1,CladeA,CF,Cluster_165,Cluster_2007
GCA_032542745.1,CladeB,Wound,Cluster_16,Cluster_22
GCA_032547965.1,CladeA,Rectal/Feces,Cluster_5,Cluster_2008
GCA_032548385.1,CladeB,Rectal/Feces,Cluster_17,Cluster_814
GCA_032551895.1,CladeA,Rectal/Feces,Cluster_60,Cluster_2009
GCA_032552395.1,CladeB,Rectal/Feces,Cluster_17,Cluster_2000
GCA_032556875.1,CladeB,Rectal/Feces,Cluster_17,Cluster_814
GCA_032558275.1,CladeB,Rectal/Feces,Cluster_17,Cluster_814
GCA_032558535.1,CladeB,Rectal/Feces,Cluster_12,Cluster_2010
GCA_032571175.1,CladeB,Rectal/Feces,Cluster_17,Cluster_814
GCA_032571375.1,CladeA,Rectal/Feces,Cluster_9,Cluster_2011
GCA_032572255.1,CladeA,Rectal/Feces,Cluster_60,Cluster_2009
GCA_032572935.1,CladeB,Rectal/Feces,Cluster_17,Cluster_814
GCA_032577275.1,CladeA,Rectal/Feces,Cluster_103,Cluster_2012
GCA_032579155.1,CladeB,Rectal/Feces,Cluster_16,Cluster_22
GCA_032580225.1,CladeB,Rectal/Feces,Cluster_17,Cluster_814
GCA_032582735.1,CladeB,Rectal/Feces,Cluster_17,Cluster_2001
GCA_032583435.1,CladeB,Rectal/Feces,Cluster_17,Cluster_814
GCA_032595935.1,CladeB,Rectal/Feces,Cluster_17,Cluster_814
GCA_032598925.1,CladeA,Sputum,Cluster_102,Cluster_2013
GCA_032618815.1,CladeA,Aquatic,Cluster_43,Cluster_2014
GCA_032633405.2,CladeB,Urinary,Cluster_32,Cluster_939
GCA_032634425.2,CladeA,Sputum,Cluster_83,Cluster_2015
GCA_032654385.2,CladeB,Urinary,Cluster_114,Cluster_2016
GCA_032696765.1,CladeB,Wound,Cluster_218,Cluster_1617
GCA_032699645.1,CladeB,Lung,Cluster_17,Cluster_2017
GCA_032734565.2,CladeA,Urinary,Cluster_40,Cluster_2018
GCA_032742135.1,CladeB,Wound,Cluster_57,Cluster_2019
GCA_032755975.1,CladeB,Eye,Cluster_32,Cluster_939
GCA_032761935.1,CladeA,Ocean,Cluster_90,Cluster_2020
GCA_032771495.1,CladeA,Aquatic,Cluster_93,Cluster_2021
GCA_032771975.2,CladeB,Urinary,Cluster_64,Cluster_2022
GCA_032781225.1,CladeA,Animal,Cluster_282,Cluster_2023
GCA_032782825.1,CladeA,Animal,Cluster_282,Cluster_2023
GCA_032782845.1,CladeA,Animal,Cluster_282,Cluster_2023
GCA_032803675.1,CladeB,Pneumonia,Cluster_189,Cluster_2024
GCA_032822875.2,CladeB,Sputum,Cluster_52,Cluster_1351
GCA_032822935.2,CladeB,Wound,Cluster_11,Cluster_2025
GCA_032827015.2,CladeB,Sputum,Cluster_32,Cluster_939
GCA_032841675.1,CladeA,Blood,Cluster_1,Cluster_27
GCA_032841715.1,CladeB,Blood,Cluster_114,Cluster_2026
GCA_032843285.1,CladeA,Pneumonia,Cluster_212,Cluster_900
GCA_032843325.1,CladeA,Blood,Cluster_5,Cluster_2027
GCA_032843345.1,CladeB,Pneumonia,Cluster_311,Cluster_2028
GCA_032843365.1,CladeA,Blood,Cluster_10,Cluster_2029
GCA_032843385.1,CladeB,Pneumonia,Cluster_312,Cluster_2030
GCA_032843405.1,CladeB,Pneumonia,Cluster_52,Cluster_2031
GCA_032843425.1,CladeB,Blood,Cluster_52,Cluster_2032
GCA_032843445.1,CladeA,Blood,Cluster_10,Cluster_2033
GCA_032843465.1,CladeA,Blood,Cluster_26,Cluster_2302
GCA_032843485.3,CladeB,Pneumonia,Cluster_17,Cluster_781
GCA_032843505.1,CladeA,Urinary,Cluster_1,Cluster_27
GCA_032843525.1,CladeA,Pneumonia,Cluster_1,Cluster_27
GCA_032843545.1,CladeA,Pneumonia,Cluster_1,Cluster_27
GCA_032843565.1,CladeA,Pneumonia,Cluster_1,Cluster_27
GCA_032843585.1,CladeA,Pneumonia,Cluster_25,Cluster_2303
GCA_032843605.1,CladeA,Blood,Cluster_1,Cluster_27
GCA_032843725.1,CladeA,Blood,Cluster_1,Cluster_27
GCA_032843745.1,CladeA,Pneumonia,Cluster_5,Cluster_2304
GCA_032843765.1,CladeB,Pneumonia,Cluster_11,Cluster_2305
GCA_032843785.1,CladeB,Blood,Cluster_11,Cluster_2305
GCA_032843805.1,CladeA,Blood,Cluster_1,Cluster_27
GCA_032843885.3,CladeB,Urinary,Cluster_11,Cluster_2306
GCA_032843905.3,CladeA,Urinary,Cluster_1,Cluster_27
GCA_032843925.1,CladeB,Pneumonia,Cluster_11,Cluster_2307
GCA_032843945.1,CladeB,Pneumonia,Cluster_11,Cluster_2308
GCA_032844025.1,CladeA,Urinary,Cluster_50,Cluster_2309
GCA_032844045.1,CladeA,Urinary,Cluster_1,Cluster_8
GCA_032844105.1,CladeB,Pneumonia,Cluster_11,Cluster_2308
GCA_032864095.2,CladeB,Hospital.Environment,Cluster_32,Cluster_939
GCA_032864615.2,CladeA,Rectal/Feces,Cluster_26,Cluster_2310
GCA_032864795.2,CladeB,Urinary,Cluster_16,Cluster_22
GCA_032865875.2,CladeB,Urinary,Cluster_52,Cluster_2311
GCA_032878795.1,CladeA,Lung,Cluster_1,Cluster_2312
GCA_032941915.1,CladeB,Blood,Cluster_330,Cluster_2313
GCA_032977085.1,CladeA,Aquatic,Cluster_331,Cluster_2314
GCA_032979225.2,CladeA,Hospital.Environment,Cluster_10,Cluster_2315
GCA_032997485.2,CladeA,Urinary,Cluster_2,Cluster_2316
GCA_033017835.1,CladeB,Aquatic,Cluster_80,Cluster_2317
GCA_033089555.1,CladeA,CF,Cluster_3,Cluster_2318
GCA_033090095.1,CladeA,CF,Cluster_2,Cluster_2319
GCA_033090255.1,CladeA,CF,Cluster_166,Cluster_2320
GCA_033090295.1,CladeA,CF,Cluster_166,Cluster_2321
GCA_033090315.1,CladeA,CF,Cluster_179,Cluster_2322
GCA_033090335.1,CladeA,CF,Cluster_34,Cluster_2323
GCA_033090355.1,CladeA,CF,Cluster_34,Cluster_2324
GCA_033090375.1,CladeA,CF,Cluster_203,Cluster_2325
GCA_033090455.1,CladeA,CF,Cluster_25,Cluster_37
GCA_033090475.1,CladeA,CF,Cluster_237,Cluster_2326
GCA_033090595.1,CladeA,CF,Cluster_229,Cluster_2327
GCA_033090615.1,CladeA,CF,Cluster_229,Cluster_2327
GCA_033090695.1,CladeA,CF,Cluster_179,Cluster_2328
GCA_033090715.1,CladeA,CF,Cluster_5,Cluster_2329
GCA_033090735.1,CladeA,CF,Cluster_237,Cluster_2330
GCA_033090755.1,CladeA,CF,Cluster_66,Cluster_2331
GCA_033090795.1,CladeA,CF,Cluster_5,Cluster_2332
GCA_033090845.1,CladeA,CF,Cluster_22,Cluster_2333
GCA_033090945.1,CladeA,CF,Cluster_10,Cluster_2334
GCA_033090975.1,CladeA,CF,Cluster_43,Cluster_2335
GCA_033090995.1,CladeA,CF,Cluster_43,Cluster_2336
GCA_033091015.1,CladeA,CF,Cluster_43,Cluster_2337
GCA_033091055.1,CladeA,CF,Cluster_25,Cluster_2338
GCA_033091075.1,CladeA,CF,Cluster_43,Cluster_2339
GCA_033091195.1,CladeA,CF,Cluster_82,Cluster_691
GCA_033091215.1,CladeA,CF,Cluster_82,Cluster_2340
GCA_033091235.1,CladeA,CF,Cluster_82,Cluster_691
GCA_033091275.1,CladeA,CF,Cluster_82,Cluster_691
GCA_033091475.1,CladeA,CF,Cluster_26,Cluster_2341
GCA_033091495.1,CladeB,CF,Cluster_32,Cluster_2342
GCA_033091515.1,CladeA,CF,Cluster_2,Cluster_2343
GCA_033091575.1,CladeB,CF,Cluster_55,Cluster_2344
GCA_033091595.1,CladeA,CF,Cluster_82,Cluster_691
GCA_033091615.1,CladeA,CF,Cluster_2,Cluster_356
GCA_033091655.1,CladeA,CF,Cluster_82,Cluster_691
GCA_033091795.1,CladeA,CF,Cluster_82,Cluster_691
GCA_033108345.1,CladeB,Sputum,Cluster_114,Cluster_2345
GCA_033140525.1,CladeA,Wound,Cluster_1,Cluster_2346
GCA_033140545.1,CladeA,Wound,Cluster_90,Cluster_2347
GCA_033140565.1,CladeA,Wound,Cluster_34,Cluster_2348
GCA_033140585.1,CladeB,Wound,Cluster_52,Cluster_2349
GCA_033140605.1,CladeA,Wound,Cluster_43,Cluster_2350
GCA_033140625.1,CladeA,Wound,Cluster_15,Cluster_2351
GCA_033140645.1,CladeA,Wound,Cluster_63,Cluster_2352
GCA_033140685.1,CladeA,Wound,Cluster_5,Cluster_2353
GCA_033140705.1,CladeA,Wound,Cluster_78,Cluster_2354
GCA_033140725.1,CladeA,Wound,Cluster_278,Cluster_2355
GCA_033140745.1,CladeA,Wound,Cluster_332,Cluster_2356
GCA_033140765.1,CladeA,Wound,Cluster_283,Cluster_2357
GCA_033140785.1,CladeA,Wound,Cluster_68,Cluster_2358
GCA_033140805.1,CladeA,Wound,Cluster_138,Cluster_2359
GCA_033140825.1,CladeB,Wound,Cluster_12,Cluster_2360
GCA_033140845.1,CladeA,Wound,Cluster_169,Cluster_2361
GCA_033140865.1,CladeB,Wound,Cluster_7,Cluster_2362
GCA_033140885.1,CladeA,Wound,Cluster_43,Cluster_2363
GCA_033140905.1,CladeA,Wound,Cluster_5,Cluster_2364
GCA_033140945.1,CladeA,Wound,Cluster_43,Cluster_2365
GCA_033140965.1,CladeA,Wound,Cluster_5,Cluster_1861
GCA_033140985.1,CladeA,Wound,Cluster_160,Cluster_2366
GCA_033142615.1,CladeA,Wound,Cluster_43,Cluster_2367
GCA_033142635.1,CladeA,Wound,Cluster_97,Cluster_2368
GCA_033142655.1,CladeA,Wound,Cluster_5,Cluster_2369
GCA_033142695.1,CladeB,Wound,Cluster_142,Cluster_2370
GCA_033142735.1,CladeA,Wound,Cluster_5,Cluster_2371
GCA_033142755.1,CladeA,Wound,Cluster_25,Cluster_2372
GCA_033147455.2,CladeB,Urinary,Cluster_16,Cluster_2373
GCA_033186895.2,CladeB,Wound,Cluster_11,Cluster_2374
GCA_033239025.2,CladeA,Wound,Cluster_68,Cluster_2375
GCA_033283205.2,CladeA,Wound,Cluster_20,Cluster_2376
GCA_033323425.2,CladeA,Urinary,Cluster_138,Cluster_444
GCA_033335935.1,CladeB,Eye,Cluster_32,Cluster_939
GCA_033345415.1,CladeA,Terrestrial,Cluster_20,Cluster_2377
GCA_033374175.1,CladeB,Urinary,Cluster_11,Cluster_1576
GCA_033375015.1,CladeB,Urinary,Cluster_11,Cluster_2378
GCA_033375815.1,CladeA,Urinary,Cluster_1,Cluster_2379
GCA_033568565.2,CladeA,Rectal/Feces,Cluster_26,Cluster_1270
GCA_033656965.1,CladeA,Aquatic,Cluster_5,Cluster_2380
GCA_033657535.1,CladeA,Urinary,Cluster_10,Cluster_2381
GCA_033668285.1,CladeB,Lung,Cluster_333,Cluster_2382
GCA_033691635.1,CladeA,Lung,Cluster_5,Cluster_297
GCA_033691655.1,CladeA,Lung,Cluster_5,Cluster_297
GCA_033691695.1,CladeA,Lung,Cluster_5,Cluster_297
GCA_033700815.1,CladeB,Urinary,Cluster_52,Cluster_564
GCA_033795925.1,CladeA,Urinary,Cluster_10,Cluster_2383
GCA_033795965.1,CladeA,Urinary,Cluster_5,Cluster_2384
GCA_033795985.1,CladeA,Urinary,Cluster_35,Cluster_2385
GCA_033796005.1,CladeB,Urinary,Cluster_11,Cluster_2386
GCA_033796045.1,CladeA,Urinary,Cluster_164,Cluster_2387
GCA_033796445.1,CladeA,Lung,Cluster_43,Cluster_2388
GCA_033796485.1,CladeA,Wound,Cluster_10,Cluster_30
GCA_033796495.1,CladeA,Built.Environment,Cluster_247,Cluster_2389
GCA_033796565.1,CladeB,Burn,Cluster_112,Cluster_668
GCA_033796585.1,CladeA,Wound,Cluster_5,Cluster_590
GCA_033796595.1,CladeB,Built.Environment,Cluster_55,Cluster_2390
GCA_033796645.1,CladeA,Throat,Cluster_5,Cluster_2391
GCA_033796665.1,CladeA,Rectal/Feces,Cluster_53,Cluster_2392
GCA_033796675.1,CladeA,Burn,Cluster_43,Cluster_2393
GCA_033796765.1,CladeA,Built.Environment,Cluster_5,Cluster_2394
GCA_033796775.1,CladeA,Built.Environment,Cluster_247,Cluster_2389
GCA_033796805.1,CladeA,Lung,Cluster_43,Cluster_2388
GCA_033796825.1,CladeA,Built.Environment,Cluster_162,Cluster_2395
GCA_033796845.1,CladeA,Throat,Cluster_10,Cluster_2396
GCA_033796865.1,CladeA,Skin,Cluster_5,Cluster_2397
GCA_033796885.1,CladeA,Built.Environment,Cluster_138,Cluster_1353
GCA_033796905.1,CladeA,Urinary,Cluster_28,Cluster_2398
GCA_033796925.1,CladeA,Sputum,Cluster_34,Cluster_2399
GCA_033796965.1,CladeA,Sputum,Cluster_153,Cluster_2400
GCA_033797025.1,CladeA,Pneumonia,Cluster_10,Cluster_346
GCA_033797035.1,CladeA,Lung,Cluster_141,Cluster_2401
GCA_033797065.1,CladeA,Sputum,Cluster_87,Cluster_249
GCA_033797075.1,CladeA,Sputum,Cluster_87,Cluster_249
GCA_033797105.1,CladeB,Lung,Cluster_57,Cluster_1158
GCA_033797125.1,CladeA,Sputum,Cluster_35,Cluster_2402
GCA_033797145.1,CladeB,Sputum,Cluster_45,Cluster_237
GCA_033797155.1,CladeA,Lung,Cluster_206,Cluster_2403
GCA_033797175.1,CladeB,Burn,Cluster_112,Cluster_668
GCA_033797225.1,CladeA,Sputum,Cluster_58,Cluster_1568
GCA_033797285.1,CladeA,Plant,Cluster_20,Cluster_227
GCA_033797325.1,CladeB,Sputum,Cluster_64,Cluster_153
GCA_033797365.1,CladeA,Sputum,Cluster_173,Cluster_2404
GCA_033797375.1,CladeB,Sputum,Cluster_17,Cluster_814
GCA_033797385.1,CladeB,Lung,Cluster_17,Cluster_2405
GCA_033797395.1,CladeA,Sputum,Cluster_20,Cluster_2406
GCA_033797415.1,CladeA,Ear,Cluster_20,Cluster_2407
GCA_033797435.1,CladeA,Ocean,Cluster_24,Cluster_2408
GCA_033797455.1,CladeB,Sputum,Cluster_16,Cluster_2409
GCA_033797475.1,CladeA,Sputum,Cluster_334,Cluster_2410
GCA_033797515.1,CladeA,Ocean,Cluster_141,Cluster_2411
GCA_033797535.1,CladeA,Wound,Cluster_58,Cluster_2412
GCA_033797575.1,CladeB,Sputum,Cluster_11,Cluster_2413
GCA_033797595.1,CladeA,Blood,Cluster_43,Cluster_2414
GCA_033797615.1,CladeA,Sputum,Cluster_1,Cluster_2415
GCA_033797655.1,CladeA,Plant,Cluster_46,Cluster_3651
GCA_033797675.1,CladeA,Wound,Cluster_20,Cluster_2416
GCA_033797695.1,CladeB,Throat,Cluster_55,Cluster_2417
GCA_033797745.1,CladeB,Sputum,Cluster_11,Cluster_2418
GCA_033797785.1,CladeA,Throat,Cluster_10,Cluster_2419
GCA_033797805.1,CladeA,Ocean,Cluster_20,Cluster_2420
GCA_033797825.1,CladeA,Sputum,Cluster_20,Cluster_2421
GCA_033797885.1,CladeB,Sputum,Cluster_4,Cluster_2422
GCA_033797905.1,CladeB,Sputum,Cluster_45,Cluster_2423
GCA_033797925.1,CladeA,Sputum,Cluster_5,Cluster_2424
GCA_033797945.1,CladeB,Ocean,Cluster_4,Cluster_2422
GCA_033797965.1,CladeA,Blood,Cluster_162,Cluster_2425
GCA_033798015.1,CladeA,Throat,Cluster_58,Cluster_2426
GCA_033798045.1,CladeB,Sputum,Cluster_55,Cluster_2427
GCA_033798085.1,CladeB,Skin,Cluster_414,Cluster_3652
GCA_033798145.1,CladeA,Wound,Cluster_334,Cluster_2428
GCA_033798185.1,CladeB,Skin,Cluster_126,Cluster_3653
GCA_033798225.1,CladeA,Wound,Cluster_222,Cluster_2429
GCA_033798245.1,CladeB,Wound,Cluster_45,Cluster_237
GCA_033798265.1,CladeA,Sputum,Cluster_231,Cluster_2430
GCA_033798305.1,CladeA,Ear,Cluster_335,Cluster_2431
GCA_033798345.1,CladeB,Wound,Cluster_16,Cluster_2432
GCA_033798365.1,CladeA,Wound,Cluster_173,Cluster_2404
GCA_033798385.1,CladeA,Lung,Cluster_229,Cluster_2433
GCA_033798395.1,CladeB,Sputum,Cluster_145,Cluster_669
GCA_033798425.1,CladeA,Blood,Cluster_5,Cluster_2434
GCA_033798445.1,CladeB,Lung,Cluster_11,Cluster_256
GCA_033821935.1,CladeB,Urinary,Cluster_17,Cluster_2435
GCA_033843105.1,CladeA,Pneumonia,Cluster_90,Cluster_2436
GCA_033870935.1,CladeA,Sputum,Cluster_24,Cluster_2437
GCA_033870975.1,CladeA,Sputum,Cluster_203,Cluster_2438
GCA_033871155.1,CladeA,Sputum,Cluster_24,Cluster_2439
GCA_033871235.1,CladeA,Urinary,Cluster_336,Cluster_2440
GCA_033871375.1,CladeA,Wound,Cluster_103,Cluster_2441
GCA_033871455.1,CladeA,Sputum,Cluster_103,Cluster_2442
GCA_033871695.1,CladeA,Sputum,Cluster_337,Cluster_2443
GCA_033872015.1,CladeA,Wound,Cluster_206,Cluster_2444
GCA_033872135.1,CladeA,Sputum,Cluster_40,Cluster_2445
GCA_033872175.1,CladeA,Wound,Cluster_20,Cluster_2446
GCA_033872555.1,CladeA,Sputum,Cluster_34,Cluster_2447
GCA_033872595.1,CladeA,Sputum,Cluster_1,Cluster_2448
GCA_033872895.1,CladeA,Sputum,Cluster_53,Cluster_2449
GCA_033872955.1,CladeA,Urinary,Cluster_338,Cluster_2450
GCA_033873015.1,CladeA,Urinary,Cluster_26,Cluster_2451
GCA_033873495.1,CladeA,Sputum,Cluster_10,Cluster_2452
GCA_033873515.1,CladeA,Sputum,Cluster_24,Cluster_2453
GCA_033873715.1,CladeA,Sputum,Cluster_308,Cluster_2454
GCA_033873835.1,CladeB,Sputum,Cluster_57,Cluster_2455
GCA_033873975.1,CladeA,Wound,Cluster_40,Cluster_2456
GCA_033874015.1,CladeA,Lung,Cluster_103,Cluster_2457
GCA_033874045.1,CladeA,Sputum,Cluster_24,Cluster_2458
GCA_033874095.1,CladeA,Wound,Cluster_43,Cluster_2459
GCA_033874275.1,CladeA,Sputum,Cluster_66,Cluster_2460
GCA_033874775.1,CladeA,Sputum,Cluster_35,Cluster_2461
GCA_033874995.1,CladeB,Urinary,Cluster_64,Cluster_2462
GCA_033882865.1,CladeA,Sputum,Cluster_5,Cluster_2463
GCA_033882885.1,CladeA,Sputum,Cluster_10,Cluster_2464
GCA_033883165.1,CladeB,Sputum,Cluster_311,Cluster_2465
GCA_033883185.1,CladeA,Wound,Cluster_238,Cluster_2466
GCA_033883225.1,CladeA,Urinary,Cluster_206,Cluster_2467
GCA_033883255.1,CladeA,Urinary,Cluster_2,Cluster_356
GCA_033883315.1,CladeA,Sputum,Cluster_70,Cluster_2468
GCA_033883335.1,CladeB,Wound,Cluster_339,Cluster_2469
GCA_033883355.1,CladeA,Sputum,Cluster_136,Cluster_2470
GCA_033883375.1,CladeA,Sputum,Cluster_2,Cluster_2471
GCA_033883475.1,CladeA,Sputum,Cluster_66,Cluster_2472
GCA_033883595.1,CladeB,Wound,Cluster_205,Cluster_2473
GCA_033883615.1,CladeA,Sputum,Cluster_35,Cluster_2474
GCA_033883635.1,CladeB,Upper.Respiratory,Cluster_135,Cluster_2475
GCA_033884245.1,CladeB,Sputum,Cluster_114,Cluster_2476
GCA_033884265.1,CladeA,Urinary,Cluster_289,Cluster_2477
GCA_033884325.1,CladeA,Urinary,Cluster_40,Cluster_2478
GCA_033884505.1,CladeA,Sputum,Cluster_5,Cluster_2479
GCA_033884715.1,CladeA,Wound,Cluster_340,Cluster_2480
GCA_033889725.1,CladeB,Wound,Cluster_57,Cluster_2481
GCA_033889825.1,CladeA,Upper.Respiratory,Cluster_35,Cluster_2482
GCA_033889845.1,CladeA,Blood,Cluster_341,Cluster_2483
GCA_033889865.1,CladeA,Wound,Cluster_36,Cluster_2484
GCA_033889945.1,CladeA,Urinary,Cluster_125,Cluster_2485
GCA_033889965.1,CladeA,Sputum,Cluster_28,Cluster_2486
GCA_033889985.1,CladeA,Sputum,Cluster_90,Cluster_2487
GCA_033890025.1,CladeA,Urinary,Cluster_206,Cluster_2467
GCA_033890065.1,CladeA,Urinary,Cluster_24,Cluster_2488
GCA_033890145.1,CladeB,Sputum,Cluster_114,Cluster_2476
GCA_033890155.1,CladeA,Urinary,Cluster_60,Cluster_1075
GCA_033890185.1,CladeA,Sputum,Cluster_10,Cluster_2489
GCA_033890225.1,CladeA,Sputum,Cluster_24,Cluster_2453
GCA_033890245.1,CladeA,Sputum,Cluster_24,Cluster_2490
GCA_033890265.1,CladeA,Sputum,Cluster_10,Cluster_2491
GCA_033890305.1,CladeA,Wound,Cluster_5,Cluster_2492
GCA_033890325.1,CladeA,Sputum,Cluster_26,Cluster_2493
GCA_033890365.1,CladeB,Urinary,Cluster_17,Cluster_2494
GCA_033890385.1,CladeA,Upper.Respiratory,Cluster_5,Cluster_2495
GCA_033890405.1,CladeA,Sputum,Cluster_318,Cluster_2496
GCA_033890465.1,CladeA,Blood,Cluster_34,Cluster_2497
GCA_033890485.1,CladeA,Urinary,Cluster_58,Cluster_2498
GCA_033890565.1,CladeA,Sputum,Cluster_10,Cluster_2499
GCA_033890585.1,CladeA,Sputum,Cluster_46,Cluster_2500
GCA_033890705.1,CladeA,Urinary,Cluster_2,Cluster_356
GCA_033891365.1,CladeA,Wound,Cluster_115,Cluster_2501
GCA_033891405.1,CladeA,Urinary,Cluster_8,Cluster_2502
GCA_033891945.1,CladeB,Wound,Cluster_151,Cluster_2503
GCA_033892925.1,CladeB,Wound,Cluster_126,Cluster_1409
GCA_033892945.1,CladeA,Sputum,Cluster_9,Cluster_2504
GCA_033895445.1,CladeA,Urinary,Cluster_9,Cluster_2505
GCA_033895765.1,CladeA,Wound,Cluster_9,Cluster_89
GCA_033895785.1,CladeA,Sputum,Cluster_24,Cluster_2453
GCA_033938505.1,CladeA,Blood,Cluster_30,Cluster_2506
GCA_033969945.1,CladeA,Urinary,Cluster_1,Cluster_2507
GCA_034043915.1,CladeB,Urinary,Cluster_17,Cluster_2508
GCA_034120925.1,CladeB,Lung,Cluster_64,Cluster_430
GCA_034127025.2,CladeB,Wound,Cluster_52,Cluster_2509
GCA_034127035.1,CladeA,Urinary,Cluster_90,Cluster_2510
GCA_034151685.1,CladeA,Rectal/Feces,Cluster_342,Cluster_2511
GCA_034151885.1,CladeA,Rectal/Feces,Cluster_5,Cluster_2512
GCA_034190815.1,CladeB,Pneumonia,Cluster_64,Cluster_2513
GCA_034258885.1,CladeA,Sputum,Cluster_160,Cluster_2514
GCA_034259025.1,CladeA,Wound,Cluster_1,Cluster_8
GCA_034328985.1,CladeA,Urinary,Cluster_36,Cluster_1998
GCA_034437855.1,CladeA,Lung,Cluster_43,Cluster_2515
GCA_034437935.1,CladeA,Rectal/Feces,Cluster_43,Cluster_2515
GCA_034438115.1,CladeA,Rectal/Feces,Cluster_43,Cluster_2515
GCA_034438175.1,CladeA,Lung,Cluster_43,Cluster_2515
GCA_034438215.1,CladeA,Rectal/Feces,Cluster_68,Cluster_2516
GCA_034438235.1,CladeA,Lung,Cluster_43,Cluster_2515
GCA_034438255.1,CladeA,Lung,Cluster_43,Cluster_2515
GCA_034438295.1,CladeA,Rectal/Feces,Cluster_43,Cluster_2515
GCA_034438315.1,CladeA,Rectal/Feces,Cluster_43,Cluster_2515
GCA_034438435.1,CladeA,Lung,Cluster_43,Cluster_2515
GCA_034438485.1,CladeA,Rectal/Feces,Cluster_43,Cluster_2515
GCA_034438735.1,CladeA,Rectal/Feces,Cluster_43,Cluster_2515
GCA_034445205.1,CladeA,Sputum,Cluster_24,Cluster_2517
GCA_034480705.1,CladeB,Blood,Cluster_11,Cluster_2518
GCA_034480885.1,CladeB,Urinary,Cluster_11,Cluster_2519
GCA_034518205.1,CladeA,Hospital.Environment,Cluster_20,Cluster_3654
GCA_034555035.1,CladeB,Waste.Water,Cluster_343,Cluster_2520
GCA_034574595.1,CladeA,Ocean,Cluster_20,Cluster_3655
GCA_034575535.1,CladeA,Urinary,Cluster_90,Cluster_2521
GCA_034575735.1,CladeA,Sputum,Cluster_53,Cluster_2522
GCA_034576055.1,CladeA,Lung,Cluster_195,Cluster_2523
GCA_034705215.1,CladeA,Urinary,Cluster_58,Cluster_1568
GCA_034810865.1,CladeA,Urinary,Cluster_237,Cluster_2524
GCA_034811505.1,CladeA,Rectal/Feces,Cluster_20,Cluster_2525
GCA_034812885.1,CladeA,Sputum,Cluster_344,Cluster_2526
GCA_034813025.1,CladeA,Lung,Cluster_344,Cluster_2526
GCA_034813085.1,CladeA,Sputum,Cluster_344,Cluster_2526
GCA_034814165.1,CladeA,Urinary,Cluster_103,Cluster_2527
GCA_034814185.1,CladeB,Urinary,Cluster_52,Cluster_2528
GCA_034814755.1,CladeA,Urinary,Cluster_58,Cluster_2529
GCA_034815085.1,CladeA,Urinary,Cluster_2,Cluster_513
GCA_034815425.1,CladeA,Wound,Cluster_20,Cluster_2530
GCA_034815925.1,CladeA,Blood,Cluster_43,Cluster_321
GCA_034816085.1,CladeA,Urinary,Cluster_20,Cluster_2531
GCA_034816415.1,CladeA,Urinary,Cluster_222,Cluster_2532
GCA_034816645.1,CladeA,Urinary,Cluster_10,Cluster_2533
GCA_034816665.1,CladeB,Lung,Cluster_52,Cluster_2534
GCA_034817445.1,CladeA,Sputum,Cluster_242,Cluster_2535
GCA_035007205.1,CladeC,Rectal/Feces,Cluster_345,Cluster_2536
GCA_035007225.1,CladeA,Aquatic,Cluster_51,Cluster_2537
GCA_035007245.1,CladeA,Aquatic,Cluster_9,Cluster_2538
GCA_035007255.1,CladeA,Aquatic,Cluster_2,Cluster_356
GCA_035007285.1,CladeA,Aquatic,Cluster_10,Cluster_2539
GCA_035007305.1,CladeA,Aquatic,Cluster_10,Cluster_2540
GCA_035007325.1,CladeA,Aquatic,Cluster_152,Cluster_2541
GCA_035007345.1,CladeB,Aquatic,Cluster_346,Cluster_2542
GCA_035007365.1,CladeA,Aquatic,Cluster_56,Cluster_2543
GCA_035007385.1,CladeB,Rectal/Feces,Cluster_55,Cluster_2544
GCA_035007405.1,CladeA,Rectal/Feces,Cluster_43,Cluster_2545
GCA_035007425.1,CladeA,Rectal/Feces,Cluster_63,Cluster_2546
GCA_035007445.1,CladeA,Aquatic,Cluster_9,Cluster_2547
GCA_035007465.1,CladeB,Rectal/Feces,Cluster_151,Cluster_2548
GCA_035007485.1,CladeA,Aquatic,Cluster_9,Cluster_2547
GCA_035007505.1,CladeA,Rectal/Feces,Cluster_9,Cluster_2549
GCA_035007525.1,CladeA,Aquatic,Cluster_9,Cluster_2549
GCA_035007545.1,CladeA,Aquatic,Cluster_75,Cluster_2550
GCA_035007565.1,CladeA,Aquatic,Cluster_75,Cluster_2550
GCA_035007585.1,CladeA,Rectal/Feces,Cluster_75,Cluster_2550
GCA_035007605.1,CladeA,Rectal/Feces,Cluster_75,Cluster_2550
GCA_035007625.1,CladeA,Rectal/Feces,Cluster_75,Cluster_2550
GCA_035007645.1,CladeA,Aquatic,Cluster_35,Cluster_342
GCA_035007665.1,CladeA,Aquatic,Cluster_35,Cluster_342
GCA_035007685.1,CladeA,Aquatic,Cluster_35,Cluster_342
GCA_035007705.1,CladeA,Aquatic,Cluster_5,Cluster_297
GCA_035007725.1,CladeA,Aquatic,Cluster_5,Cluster_297
GCA_035007735.1,CladeA,Aquatic,Cluster_5,Cluster_297
GCA_035007785.1,CladeA,Aquatic,Cluster_5,Cluster_2551
GCA_035007805.1,CladeA,Aquatic,Cluster_5,Cluster_2551
GCA_035007825.1,CladeA,Aquatic,Cluster_90,Cluster_2552
GCA_035007845.1,CladeA,Aquatic,Cluster_90,Cluster_2552
GCA_035007865.1,CladeB,Aquatic,Cluster_11,Cluster_1900
GCA_035007885.1,CladeB,Aquatic,Cluster_52,Cluster_2553
GCA_035007905.1,CladeB,Aquatic,Cluster_52,Cluster_2553
GCA_035007925.1,CladeB,Rectal/Feces,Cluster_11,Cluster_1900
GCA_035007945.1,CladeB,Aquatic,Cluster_126,Cluster_386
GCA_035007965.1,CladeB,Aquatic,Cluster_126,Cluster_386
GCA_035007985.1,CladeB,Aquatic,Cluster_114,Cluster_2554
GCA_035008005.1,CladeB,Aquatic,Cluster_114,Cluster_2554
GCA_035008025.1,CladeB,Aquatic,Cluster_114,Cluster_2554
GCA_035008045.1,CladeB,Aquatic,Cluster_17,Cluster_781
GCA_035008065.1,CladeB,Rectal/Feces,Cluster_114,Cluster_2554
GCA_035008085.1,CladeB,Aquatic,Cluster_17,Cluster_814
GCA_035008105.1,CladeB,Rectal/Feces,Cluster_114,Cluster_2554
GCA_035008125.1,CladeB,Aquatic,Cluster_17,Cluster_781
GCA_035008145.1,CladeB,Aquatic,Cluster_17,Cluster_814
GCA_035008165.1,CladeB,Aquatic,Cluster_17,Cluster_814
GCA_035008185.1,CladeB,Aquatic,Cluster_17,Cluster_814
GCA_035008205.1,CladeB,Aquatic,Cluster_17,Cluster_814
GCA_035008225.1,CladeB,Rectal/Feces,Cluster_17,Cluster_814
GCA_035013585.1,CladeA,Urinary,Cluster_10,Cluster_30
GCA_035013605.1,CladeA,Sputum,Cluster_10,Cluster_30
GCA_035013665.1,CladeA,Sputum,Cluster_10,Cluster_2555
GCA_035013735.1,CladeA,Sputum,Cluster_10,Cluster_30
GCA_035197065.1,CladeA,CF,Cluster_2,Cluster_2556
GCA_035197965.1,CladeA,Lung,Cluster_28,Cluster_2557
GCA_035198885.1,CladeB,Skin,Cluster_112,Cluster_2558
GCA_035384685.1,CladeA,Sputum,Cluster_20,Cluster_2559
GCA_035557195.2,CladeA,Urinary,Cluster_1,Cluster_2560
GCA_035666215.1,CladeA,Terrestrial,Cluster_5,Cluster_679
GCA_035724745.1,CladeA,CF,Cluster_209,Cluster_895
GCA_035724765.1,CladeA,CF,Cluster_209,Cluster_895
GCA_035724785.1,CladeA,CF,Cluster_209,Cluster_895
GCA_035724805.1,CladeA,CF,Cluster_209,Cluster_895
GCA_035724925.1,CladeA,CF,Cluster_209,Cluster_895
GCA_035724945.1,CladeA,CF,Cluster_209,Cluster_895
GCA_035724965.1,CladeA,CF,Cluster_347,Cluster_2561
GCA_035724985.1,CladeA,CF,Cluster_348,Cluster_2562
GCA_035725005.1,CladeA,CF,Cluster_347,Cluster_2561
GCA_035725105.1,CladeA,CF,Cluster_348,Cluster_2562
GCA_035725125.1,CladeA,CF,Cluster_348,Cluster_2562
GCA_035725185.1,CladeA,CF,Cluster_348,Cluster_2562
GCA_035725235.1,CladeA,CF,Cluster_348,Cluster_2562
GCA_035727185.1,CladeA,CF,Cluster_348,Cluster_2562
GCA_035727225.1,CladeA,CF,Cluster_348,Cluster_2562
GCA_035727265.1,CladeA,CF,Cluster_348,Cluster_2562
GCA_035727275.1,CladeA,CF,Cluster_348,Cluster_2562
GCA_035727325.1,CladeA,CF,Cluster_209,Cluster_895
GCA_035727385.1,CladeA,CF,Cluster_209,Cluster_895
GCA_035727405.1,CladeA,CF,Cluster_209,Cluster_895
GCA_035727425.1,CladeA,CF,Cluster_209,Cluster_895
GCA_035727435.1,CladeA,CF,Cluster_209,Cluster_895
GCA_035727445.1,CladeA,CF,Cluster_209,Cluster_895
GCA_035727495.1,CladeA,CF,Cluster_209,Cluster_895
GCA_035727515.1,CladeA,CF,Cluster_209,Cluster_895
GCA_035727525.1,CladeA,CF,Cluster_209,Cluster_895
GCA_035727555.1,CladeA,CF,Cluster_209,Cluster_895
GCA_035727575.1,CladeA,CF,Cluster_209,Cluster_895
GCA_035727595.1,CladeA,CF,Cluster_209,Cluster_895
GCA_035727615.1,CladeA,CF,Cluster_209,Cluster_895
GCA_035727635.1,CladeA,CF,Cluster_209,Cluster_895
GCA_035727655.1,CladeA,CF,Cluster_209,Cluster_895
GCA_035727695.1,CladeA,CF,Cluster_209,Cluster_895
GCA_035727855.1,CladeA,CF,Cluster_209,Cluster_2563
GCA_035727895.1,CladeA,CF,Cluster_209,Cluster_895
GCA_035727945.1,CladeA,CF,Cluster_209,Cluster_2563
GCA_035728025.1,CladeA,CF,Cluster_25,Cluster_2564
GCA_035728045.1,CladeA,CF,Cluster_25,Cluster_2564
GCA_035728065.1,CladeA,CF,Cluster_209,Cluster_895
GCA_035728085.1,CladeA,CF,Cluster_25,Cluster_2564
GCA_035728165.1,CladeA,CF,Cluster_146,Cluster_2565
GCA_035728205.1,CladeA,CF,Cluster_146,Cluster_2566
GCA_035728245.1,CladeA,CF,Cluster_146,Cluster_2567
GCA_035728265.1,CladeA,CF,Cluster_146,Cluster_2568
GCA_035728285.1,CladeA,CF,Cluster_146,Cluster_2566
GCA_035728305.1,CladeA,CF,Cluster_146,Cluster_2567
GCA_035728325.1,CladeA,CF,Cluster_146,Cluster_2569
GCA_035728345.1,CladeA,CF,Cluster_146,Cluster_2570
GCA_035728365.1,CladeA,CF,Cluster_146,Cluster_2571
GCA_035728385.1,CladeA,CF,Cluster_146,Cluster_2572
GCA_035728405.1,CladeA,CF,Cluster_146,Cluster_2573
GCA_035728425.1,CladeA,CF,Cluster_146,Cluster_2573
GCA_035728445.1,CladeA,CF,Cluster_146,Cluster_2574
GCA_035728465.1,CladeA,CF,Cluster_146,Cluster_2575
GCA_035728485.1,CladeA,CF,Cluster_146,Cluster_2576
GCA_035728505.1,CladeA,CF,Cluster_146,Cluster_2567
GCA_035728525.1,CladeA,CF,Cluster_146,Cluster_2576
GCA_035728545.1,CladeA,CF,Cluster_146,Cluster_2574
GCA_035728565.1,CladeA,CF,Cluster_146,Cluster_2577
GCA_035728585.1,CladeA,CF,Cluster_211,Cluster_899
GCA_035728605.1,CladeA,CF,Cluster_209,Cluster_895
GCA_035728625.1,CladeA,CF,Cluster_209,Cluster_895
GCA_035728645.1,CladeA,CF,Cluster_211,Cluster_899
GCA_035728665.1,CladeA,CF,Cluster_211,Cluster_899
GCA_035728685.1,CladeA,CF,Cluster_209,Cluster_895
GCA_035728695.1,CladeA,CF,Cluster_211,Cluster_899
GCA_035728725.1,CladeA,CF,Cluster_209,Cluster_895
GCA_035728735.1,CladeA,CF,Cluster_34,Cluster_2578
GCA_035728765.1,CladeA,CF,Cluster_34,Cluster_2579
GCA_035728775.1,CladeA,CF,Cluster_146,Cluster_2580
GCA_035728785.1,CladeA,CF,Cluster_34,Cluster_2581
GCA_035728845.1,CladeA,CF,Cluster_146,Cluster_496
GCA_035728865.1,CladeA,CF,Cluster_146,Cluster_2580
GCA_035728885.1,CladeA,CF,Cluster_146,Cluster_2580
GCA_035728905.1,CladeA,CF,Cluster_146,Cluster_496
GCA_035728925.1,CladeA,CF,Cluster_146,Cluster_2580
GCA_035728945.1,CladeA,CF,Cluster_146,Cluster_2580
GCA_035728965.1,CladeA,CF,Cluster_146,Cluster_2580
GCA_035728975.1,CladeA,CF,Cluster_209,Cluster_2582
GCA_035729005.1,CladeA,CF,Cluster_209,Cluster_2582
GCA_035729025.1,CladeA,CF,Cluster_146,Cluster_496
GCA_035729045.1,CladeA,CF,Cluster_209,Cluster_2583
GCA_035783035.1,CladeA,Upper.Respiratory,Cluster_242,Cluster_1120
GCA_035785195.1,CladeA,Upper.Respiratory,Cluster_34,Cluster_2584
GCA_035785215.1,CladeA,Rectal/Feces,Cluster_349,Cluster_2585
GCA_035824895.1,CladeA,Wound,Cluster_122,Cluster_370
GCA_035885475.1,CladeB,Urinary,Cluster_112,Cluster_2586
GCA_035885495.1,CladeB,Urinary,Cluster_11,Cluster_2587
GCA_035948395.1,CladeA,Wound,Cluster_74,Cluster_2588
GCA_035966595.1,CladeA,Pneumonia,Cluster_350,Cluster_2589
GCA_035969505.1,CladeA,Blood,Cluster_1,Cluster_2590
GCA_035977595.1,CladeB,Lung,Cluster_112,Cluster_2591
GCA_036232065.1,CladeA,CF,Cluster_10,Cluster_2592
GCA_036232085.1,CladeA,CF,Cluster_9,Cluster_2593
GCA_036232105.1,CladeA,CF,Cluster_192,Cluster_2594
GCA_036232125.1,CladeA,CF,Cluster_5,Cluster_2595
GCA_036232145.1,CladeA,CF,Cluster_140,Cluster_2596
GCA_036232165.1,CladeB,CF,Cluster_351,Cluster_2597
GCA_036232185.1,CladeA,CF,Cluster_28,Cluster_2398
GCA_036232205.1,CladeA,CF,Cluster_5,Cluster_2598
GCA_036232225.1,CladeB,CF,Cluster_17,Cluster_814
GCA_036232245.1,CladeA,CF,Cluster_56,Cluster_2599
GCA_036232265.1,CladeA,CF,Cluster_30,Cluster_94
GCA_036232305.1,CladeA,CF,Cluster_96,Cluster_255
GCA_036232325.1,CladeB,CF,Cluster_352,Cluster_2600
GCA_036232345.1,CladeA,CF,Cluster_5,Cluster_2601
GCA_036232365.1,CladeB,CF,Cluster_4,Cluster_2602
GCA_036232385.1,CladeB,CF,Cluster_55,Cluster_2603
GCA_036232405.1,CladeA,CF,Cluster_9,Cluster_830
GCA_036232455.1,CladeA,CF,Cluster_25,Cluster_37
GCA_036232495.1,CladeA,CF,Cluster_75,Cluster_2604
GCA_036232525.1,CladeA,CF,Cluster_74,Cluster_2605
GCA_036232565.1,CladeA,CF,Cluster_149,Cluster_2606
GCA_036232585.1,CladeA,CF,Cluster_2,Cluster_1080
GCA_036232605.1,CladeA,CF,Cluster_2,Cluster_1080
GCA_036232625.1,CladeA,CF,Cluster_5,Cluster_329
GCA_036232665.1,CladeA,CF,Cluster_192,Cluster_796
GCA_036232685.1,CladeA,CF,Cluster_10,Cluster_1517
GCA_036232705.1,CladeA,CF,Cluster_103,Cluster_2129
GCA_036232725.1,CladeA,CF,Cluster_5,Cluster_1861
GCA_036232745.1,CladeA,CF,Cluster_5,Cluster_1861
GCA_036232765.1,CladeA,CF,Cluster_10,Cluster_2607
GCA_036232785.1,CladeA,CF,Cluster_2,Cluster_356
GCA_036232825.1,CladeA,CF,Cluster_60,Cluster_2608
GCA_036232845.1,CladeA,CF,Cluster_5,Cluster_2609
GCA_036232865.1,CladeA,CF,Cluster_5,Cluster_2609
GCA_036232885.1,CladeA,CF,Cluster_66,Cluster_2610
GCA_036232905.1,CladeA,CF,Cluster_66,Cluster_2610
GCA_036232925.1,CladeA,CF,Cluster_66,Cluster_2610
GCA_036232945.1,CladeA,CF,Cluster_148,Cluster_2611
GCA_036233095.1,CladeA,CF,Cluster_8,Cluster_2612
GCA_036233115.1,CladeA,CF,Cluster_20,Cluster_2613
GCA_036233135.1,CladeB,CF,Cluster_176,Cluster_2614
GCA_036233155.1,CladeA,CF,Cluster_353,Cluster_2615
GCA_036233175.1,CladeA,CF,Cluster_5,Cluster_329
GCA_036233195.1,CladeA,CF,Cluster_181,Cluster_2616
GCA_036233215.1,CladeA,CF,Cluster_181,Cluster_2616
GCA_036233235.1,CladeA,CF,Cluster_181,Cluster_2616
GCA_036233255.1,CladeA,CF,Cluster_10,Cluster_2617
GCA_036233275.1,CladeA,CF,Cluster_83,Cluster_212
GCA_036233295.1,CladeA,CF,Cluster_103,Cluster_2034
GCA_036233315.1,CladeB,CF,Cluster_52,Cluster_2618
GCA_036233335.1,CladeA,CF,Cluster_173,Cluster_2619
GCA_036233375.1,CladeA,CF,Cluster_203,Cluster_2620
GCA_036233395.1,CladeB,CF,Cluster_176,Cluster_2614
GCA_036233415.1,CladeA,CF,Cluster_2,Cluster_356
GCA_036233435.1,CladeA,CF,Cluster_8,Cluster_2621
GCA_036233455.1,CladeB,CF,Cluster_189,Cluster_2622
GCA_036233475.1,CladeA,CF,Cluster_5,Cluster_2623
GCA_036233495.1,CladeA,CF,Cluster_40,Cluster_2624
GCA_036233515.1,CladeA,CF,Cluster_9,Cluster_89
GCA_036233535.1,CladeA,CF,Cluster_24,Cluster_2625
GCA_036233555.1,CladeA,CF,Cluster_35,Cluster_2626
GCA_036233575.1,CladeA,CF,Cluster_37,Cluster_2627
GCA_036233595.1,CladeA,CF,Cluster_5,Cluster_2628
GCA_036233615.1,CladeA,CF,Cluster_60,Cluster_184
GCA_036233635.1,CladeB,CF,Cluster_57,Cluster_2629
GCA_036233655.1,CladeB,CF,Cluster_17,Cluster_781
GCA_036233675.1,CladeB,CF,Cluster_11,Cluster_2630
GCA_036233695.1,CladeB,CF,Cluster_354,Cluster_2631
GCA_036233715.1,CladeA,CF,Cluster_15,Cluster_2632
GCA_036233735.1,CladeA,CF,Cluster_103,Cluster_2633
GCA_036233755.1,CladeB,CF,Cluster_355,Cluster_2634
GCA_036234315.1,CladeA,CF,Cluster_309,Cluster_2635
GCA_036236015.1,CladeA,CF,Cluster_60,Cluster_2636
GCA_036236935.1,CladeB,Wound,Cluster_11,Cluster_2637
GCA_036236975.1,CladeA,CF,Cluster_8,Cluster_2621
GCA_036236995.1,CladeA,CF,Cluster_58,Cluster_2638
GCA_036237015.1,CladeA,CF,Cluster_60,Cluster_2608
GCA_036237035.1,CladeA,CF,Cluster_77,Cluster_2639
GCA_036237055.1,CladeA,CF,Cluster_66,Cluster_2610
GCA_036237075.1,CladeA,CF,Cluster_75,Cluster_2604
GCA_036237095.1,CladeA,CF,Cluster_5,Cluster_2640
GCA_036237115.1,CladeA,CF,Cluster_9,Cluster_89
GCA_036248885.1,CladeB,Urinary,Cluster_17,Cluster_2435
GCA_036289445.1,CladeA,CF,Cluster_148,Cluster_2611
GCA_036289465.1,CladeA,CF,Cluster_60,Cluster_184
GCA_036314865.1,CladeA,Blood,Cluster_60,Cluster_2641
GCA_036314885.1,CladeA,Blood,Cluster_103,Cluster_2642
GCA_036314905.1,CladeA,Pneumonia,Cluster_111,Cluster_2643
GCA_036315005.1,CladeA,Urinary,Cluster_24,Cluster_2644
GCA_036315025.1,CladeA,Blood,Cluster_5,Cluster_2645
GCA_036315045.1,CladeA,Urinary,Cluster_1,Cluster_2646
GCA_036315085.1,CladeA,Blood,Cluster_60,Cluster_2647
GCA_036315125.1,CladeB,Pneumonia,Cluster_311,Cluster_2648
GCA_036315145.1,CladeA,Blood,Cluster_5,Cluster_2649
GCA_036315165.1,CladeA,Blood,Cluster_58,Cluster_2650
GCA_036315185.1,CladeA,Blood,Cluster_2,Cluster_2651
GCA_036315205.1,CladeA,Pneumonia,Cluster_116,Cluster_2652
GCA_036315305.1,CladeA,Blood,Cluster_2,Cluster_2653
GCA_036315325.1,CladeA,Blood,Cluster_24,Cluster_2654
GCA_036315345.1,CladeA,Blood,Cluster_50,Cluster_2655
GCA_036315365.1,CladeA,Blood,Cluster_356,Cluster_2656
GCA_036315385.1,CladeA,Blood,Cluster_43,Cluster_2657
GCA_036315405.1,CladeA,Blood,Cluster_60,Cluster_2658
GCA_036315425.1,CladeB,Ear,Cluster_114,Cluster_2659
GCA_036315445.1,CladeB,Blood,Cluster_357,Cluster_2660
GCA_036315465.1,CladeA,Blood,Cluster_5,Cluster_2661
GCA_036315485.1,CladeA,Blood,Cluster_60,Cluster_2662
GCA_036315525.1,CladeB,Pneumonia,Cluster_64,Cluster_153
GCA_036315565.1,CladeA,Blood,Cluster_242,Cluster_2663
GCA_036315585.1,CladeA,Pneumonia,Cluster_358,Cluster_2664
GCA_036315605.1,CladeA,Pneumonia,Cluster_24,Cluster_2665
GCA_036315645.1,CladeA,Blood,Cluster_203,Cluster_2666
GCA_036315665.1,CladeA,Urinary,Cluster_359,Cluster_2667
GCA_036315685.1,CladeA,Urinary,Cluster_10,Cluster_2668
GCA_036315705.1,CladeA,Blood,Cluster_181,Cluster_2669
GCA_036315745.1,CladeA,Blood,Cluster_360,Cluster_2670
GCA_036315765.1,CladeA,Pneumonia,Cluster_34,Cluster_2671
GCA_036315785.1,CladeB,Blood,Cluster_218,Cluster_1617
GCA_036315845.1,CladeA,Blood,Cluster_9,Cluster_1132
GCA_036315865.1,CladeA,Blood,Cluster_2,Cluster_2651
GCA_036315885.1,CladeA,Blood,Cluster_43,Cluster_2672
GCA_036315925.1,CladeA,Blood,Cluster_2,Cluster_1021
GCA_036315945.1,CladeA,Blood,Cluster_65,Cluster_2673
GCA_036315965.1,CladeA,Urinary,Cluster_5,Cluster_2674
GCA_036316005.1,CladeA,Blood,Cluster_5,Cluster_2675
GCA_036316025.1,CladeA,Blood,Cluster_10,Cluster_2676
GCA_036316045.1,CladeA,Blood,Cluster_95,Cluster_2677
GCA_036316085.1,CladeA,Blood,Cluster_24,Cluster_2654
GCA_036316125.1,CladeA,Blood,Cluster_40,Cluster_2678
GCA_036316145.1,CladeA,Urinary,Cluster_43,Cluster_2679
GCA_036316165.1,CladeA,Blood,Cluster_60,Cluster_2680
GCA_036316175.1,CladeA,Pneumonia,Cluster_361,Cluster_2681
GCA_036316205.1,CladeA,Blood,Cluster_24,Cluster_2682
GCA_036316225.1,CladeA,Pneumonia,Cluster_2,Cluster_2683
GCA_036316265.1,CladeA,Blood,Cluster_116,Cluster_2684
GCA_036316285.1,CladeA,Blood,Cluster_43,Cluster_2685
GCA_036316305.1,CladeB,Blood,Cluster_52,Cluster_1044
GCA_036316365.1,CladeA,Blood,Cluster_103,Cluster_2686
GCA_036316385.1,CladeA,Pneumonia,Cluster_10,Cluster_2687
GCA_036316405.1,CladeA,Blood,Cluster_350,Cluster_2688
GCA_036316425.1,CladeA,Urinary,Cluster_231,Cluster_2689
GCA_036316485.1,CladeA,Blood,Cluster_5,Cluster_2690
GCA_036316505.1,CladeA,Blood,Cluster_240,Cluster_2691
GCA_036316525.1,CladeA,Burn,Cluster_53,Cluster_2692
GCA_036316625.1,CladeB,Blood,Cluster_126,Cluster_2693
GCA_036316685.1,CladeA,Blood,Cluster_5,Cluster_2694
GCA_036316705.1,CladeA,Blood,Cluster_43,Cluster_2695
GCA_036316745.1,CladeA,Urinary,Cluster_5,Cluster_2696
GCA_036316765.1,CladeA,Blood,Cluster_5,Cluster_2697
GCA_036316785.1,CladeA,Urinary,Cluster_74,Cluster_2698
GCA_036316865.1,CladeA,Urinary,Cluster_1,Cluster_2699
GCA_036316885.1,CladeA,Urinary,Cluster_20,Cluster_2700
GCA_036316905.1,CladeA,Blood,Cluster_362,Cluster_2701
GCA_036316925.1,CladeA,Blood,Cluster_1,Cluster_2702
GCA_036316945.1,CladeA,Urinary,Cluster_2,Cluster_1080
GCA_036317005.1,CladeB,Blood,Cluster_333,Cluster_2703
GCA_036317025.1,CladeA,Blood,Cluster_34,Cluster_2704
GCA_036317065.1,CladeA,Blood,Cluster_5,Cluster_2705
GCA_036317115.1,CladeB,Pneumonia,Cluster_52,Cluster_2706
GCA_036317145.1,CladeA,Urinary,Cluster_115,Cluster_2707
GCA_036317165.1,CladeA,Pneumonia,Cluster_89,Cluster_2708
GCA_036317185.1,CladeA,Urinary,Cluster_103,Cluster_2709
GCA_036317205.1,CladeA,Blood,Cluster_94,Cluster_2710
GCA_036317225.1,CladeA,Burn,Cluster_10,Cluster_2711
GCA_036317245.1,CladeA,Urinary,Cluster_1,Cluster_2712
GCA_036317265.1,CladeA,Urinary,Cluster_5,Cluster_2713
GCA_036317285.1,CladeA,Pneumonia,Cluster_2,Cluster_356
GCA_036317345.1,CladeA,Blood,Cluster_363,Cluster_2714
GCA_036317365.1,CladeA,Blood,Cluster_147,Cluster_2715
GCA_036317405.1,CladeA,Urinary,Cluster_1,Cluster_2716
GCA_036317445.1,CladeB,Blood,Cluster_17,Cluster_2717
GCA_036317485.1,CladeA,Blood,Cluster_362,Cluster_2718
GCA_036317505.1,CladeA,Urinary,Cluster_43,Cluster_2719
GCA_036317515.1,CladeA,Pneumonia,Cluster_99,Cluster_2720
GCA_036317565.1,CladeA,Pneumonia,Cluster_1,Cluster_2721
GCA_036317585.1,CladeA,Blood,Cluster_10,Cluster_2722
GCA_036317605.1,CladeA,Blood,Cluster_1,Cluster_2723
GCA_036317645.1,CladeA,Blood,Cluster_30,Cluster_94
GCA_036317705.1,CladeA,Urinary,Cluster_43,Cluster_2724
GCA_036320125.1,CladeA,Pneumonia,Cluster_364,Cluster_2725
GCA_036320165.1,CladeA,Pneumonia,Cluster_147,Cluster_2726
GCA_036320185.1,CladeA,Pneumonia,Cluster_5,Cluster_2727
GCA_036320265.1,CladeA,Blood,Cluster_103,Cluster_2728
GCA_036320325.1,CladeB,Blood,Cluster_17,Cluster_2729
GCA_036320345.1,CladeA,Blood,Cluster_50,Cluster_2730
GCA_036320365.1,CladeA,Blood,Cluster_148,Cluster_2731
GCA_036320385.1,CladeA,Urinary,Cluster_281,Cluster_2732
GCA_036321415.1,CladeB,Wound,Cluster_16,Cluster_22
GCA_036321435.1,CladeB,Wound,Cluster_16,Cluster_22
GCA_036326305.1,CladeB,Urinary,Cluster_32,Cluster_939
GCA_036330305.1,CladeA,CF,Cluster_10,Cluster_2733
GCA_036330365.1,CladeA,CF,Cluster_10,Cluster_2592
GCA_036330395.1,CladeA,CF,Cluster_203,Cluster_2620
GCA_036330425.1,CladeA,CF,Cluster_60,Cluster_2636
GCA_036330445.1,CladeA,CF,Cluster_60,Cluster_2608
GCA_036330465.1,CladeA,CF,Cluster_5,Cluster_2640
GCA_036330505.1,CladeA,CF,Cluster_77,Cluster_2639
GCA_036347235.1,CladeA,CF,Cluster_10,Cluster_2734
GCA_036347255.1,CladeA,CF,Cluster_60,Cluster_2608
GCA_036347265.1,CladeA,CF,Cluster_2,Cluster_1080
GCA_036347335.1,CladeA,CF,Cluster_10,Cluster_2592
GCA_036347355.1,CladeA,CF,Cluster_60,Cluster_2735
GCA_036347385.1,CladeA,CF,Cluster_203,Cluster_2620
GCA_036347415.1,CladeA,CF,Cluster_60,Cluster_2636
GCA_036347455.1,CladeA,CF,Cluster_60,Cluster_2636
GCA_036347475.1,CladeA,CF,Cluster_60,Cluster_2608
GCA_036347485.1,CladeA,CF,Cluster_203,Cluster_2620
GCA_036347495.1,CladeA,CF,Cluster_10,Cluster_2592
GCA_036347535.1,CladeA,CF,Cluster_75,Cluster_2604
GCA_036348195.1,CladeB,Blood,Cluster_11,Cluster_2736
GCA_036351835.1,CladeA,Terrestrial,Cluster_276,Cluster_2737
GCA_036352875.1,CladeA,Urinary,Cluster_1,Cluster_906
GCA_036417705.1,CladeA,Sputum,Cluster_60,Cluster_2738
GCA_036417785.1,CladeB,Rectal/Feces,Cluster_126,Cluster_2739
GCA_036417805.1,CladeA,Sputum,Cluster_60,Cluster_2738
GCA_036417915.1,CladeA,Sputum,Cluster_60,Cluster_2738
GCA_036417995.1,CladeB,Blood,Cluster_126,Cluster_2740
GCA_036418055.1,CladeB,Blood,Cluster_126,Cluster_1409
GCA_036418145.1,CladeB,Wound,Cluster_52,Cluster_1259
GCA_036418185.1,CladeB,Wound,Cluster_16,Cluster_2741
GCA_036418275.1,CladeA,Wound,Cluster_1,Cluster_2742
GCA_036418295.1,CladeB,Rectal/Feces,Cluster_16,Cluster_22
GCA_036440455.1,CladeA,Urinary,Cluster_26,Cluster_2743
GCA_036440955.1,CladeA,Plant,Cluster_26,Cluster_2744
GCA_036529375.1,CladeB,Urinary,Cluster_12,Cluster_15
GCA_036529475.1,CladeB,Urinary,Cluster_12,Cluster_15
GCA_036530955.1,CladeB,Urinary,Cluster_156,Cluster_2745
GCA_036531015.1,CladeA,Burn,Cluster_50,Cluster_2746
GCA_036541435.1,CladeB,Ear,Cluster_365,Cluster_2747
GCA_036541475.1,CladeA,Ear,Cluster_24,Cluster_2748
GCA_036541485.1,CladeA,Ear,Cluster_58,Cluster_1326
GCA_036541525.1,CladeA,Ear,Cluster_39,Cluster_2749
GCA_036541535.1,CladeA,Ear,Cluster_58,Cluster_1326
GCA_036541565.1,CladeA,Ear,Cluster_39,Cluster_2749
GCA_036541575.1,CladeA,Ear,Cluster_5,Cluster_2750
GCA_036541625.1,CladeA,Ear,Cluster_5,Cluster_2750
GCA_036541635.1,CladeB,Ear,Cluster_366,Cluster_2751
GCA_036541665.1,CladeA,Ear,Cluster_43,Cluster_2752
GCA_036541675.1,CladeB,Ear,Cluster_55,Cluster_2753
GCA_036541685.1,CladeA,Ear,Cluster_10,Cluster_2754
GCA_036541725.1,CladeB,Ear,Cluster_367,Cluster_2755
GCA_036541735.1,CladeB,Ear,Cluster_368,Cluster_2756
GCA_036541745.1,CladeB,Ear,Cluster_368,Cluster_2756
GCA_036541765.1,CladeA,Ear,Cluster_242,Cluster_2757
GCA_036541805.1,CladeA,Ear,Cluster_191,Cluster_2758
GCA_036541825.1,CladeB,Ear,Cluster_11,Cluster_1850
GCA_036541835.1,CladeA,Ear,Cluster_35,Cluster_2759
GCA_036541845.1,CladeA,Ear,Cluster_96,Cluster_2760
GCA_036541865.1,CladeA,Ear,Cluster_60,Cluster_2761
GCA_036541905.1,CladeB,Ear,Cluster_11,Cluster_2762
GCA_036541925.1,CladeA,Ear,Cluster_92,Cluster_2763
GCA_036541935.1,CladeA,Ear,Cluster_56,Cluster_2764
GCA_036542025.1,CladeA,Ear,Cluster_43,Cluster_2752
GCA_036542605.1,CladeA,Built.Environment,Cluster_177,Cluster_2765
GCA_036543065.1,CladeA,Sputum,Cluster_24,Cluster_2766
GCA_036543645.1,CladeA,Urinary,Cluster_50,Cluster_1567
GCA_036553165.1,CladeB,Urinary,Cluster_12,Cluster_15
GCA_036553245.1,CladeA,Lung,Cluster_10,Cluster_2767
GCA_036553405.1,CladeA,Wound,Cluster_50,Cluster_3656
GCA_036553435.1,CladeB,Lung,Cluster_135,Cluster_2768
GCA_036553485.1,CladeA,Urinary,Cluster_103,Cluster_2769
GCA_036599005.1,CladeA,Pneumonia,Cluster_10,Cluster_30
GCA_036599025.1,CladeA,Pneumonia,Cluster_10,Cluster_30
GCA_036599035.1,CladeA,Pneumonia,Cluster_10,Cluster_30
GCA_036599065.1,CladeA,Pneumonia,Cluster_10,Cluster_30
GCA_036599085.1,CladeA,Pneumonia,Cluster_10,Cluster_30
GCA_036599105.1,CladeA,Pneumonia,Cluster_10,Cluster_30
GCA_036599125.1,CladeA,Pneumonia,Cluster_10,Cluster_30
GCA_036599145.1,CladeA,Pneumonia,Cluster_10,Cluster_30
GCA_036599165.1,CladeA,Pneumonia,Cluster_10,Cluster_30
GCA_036633035.1,CladeA,Pneumonia,Cluster_10,Cluster_30
GCA_036633435.1,CladeA,Pneumonia,Cluster_10,Cluster_30
GCA_036663955.1,CladeA,Lung,Cluster_43,Cluster_2388
GCA_036663965.1,CladeB,Sputum,Cluster_45,Cluster_2770
GCA_036663995.1,CladeA,Wound,Cluster_10,Cluster_30
GCA_036664035.1,CladeB,Built.Environment,Cluster_55,Cluster_2390
GCA_036664055.1,CladeB,Burn,Cluster_112,Cluster_668
GCA_036664075.1,CladeA,Built.Environment,Cluster_247,Cluster_2389
GCA_036664115.1,CladeA,Wound,Cluster_5,Cluster_590
GCA_036664135.1,CladeA,Throat,Cluster_5,Cluster_2391
GCA_036664175.1,CladeA,Burn,Cluster_43,Cluster_2393
GCA_036664195.1,CladeA,Rectal/Feces,Cluster_53,Cluster_2392
GCA_036664275.1,CladeA,Built.Environment,Cluster_247,Cluster_2389
GCA_036664295.1,CladeA,Built.Environment,Cluster_5,Cluster_2394
GCA_036664315.1,CladeA,Built.Environment,Cluster_162,Cluster_2395
GCA_036664335.1,CladeA,Throat,Cluster_10,Cluster_2396
GCA_036664355.1,CladeA,Lung,Cluster_43,Cluster_2388
GCA_036664375.1,CladeA,Skin,Cluster_5,Cluster_2397
GCA_036664395.1,CladeA,Built.Environment,Cluster_138,Cluster_1353
GCA_036664415.1,CladeA,Urinary,Cluster_28,Cluster_2398
GCA_036664455.1,CladeA,Sputum,Cluster_34,Cluster_2399
GCA_036664475.1,CladeA,Sputum,Cluster_153,Cluster_2400
GCA_036664515.1,CladeA,Pneumonia,Cluster_10,Cluster_346
GCA_036664535.1,CladeA,Lung,Cluster_141,Cluster_2401
GCA_036664555.1,CladeA,Sputum,Cluster_87,Cluster_249
GCA_036664575.1,CladeA,Sputum,Cluster_87,Cluster_249
GCA_036664595.1,CladeB,Lung,Cluster_57,Cluster_1158
GCA_036664615.1,CladeA,Lung,Cluster_206,Cluster_2403
GCA_036664635.1,CladeA,Sputum,Cluster_35,Cluster_2402
GCA_036664655.1,CladeB,Sputum,Cluster_45,Cluster_237
GCA_036664695.1,CladeC,Sputum,Cluster_6,Cluster_2771
GCA_036664715.1,CladeA,Sputum,Cluster_58,Cluster_1568
GCA_036664735.1,CladeB,Burn,Cluster_112,Cluster_668
GCA_036664795.1,CladeB,Sputum,Cluster_64,Cluster_153
GCA_036664835.1,CladeA,Plant,Cluster_20,Cluster_227
GCA_036664855.1,CladeB,Lung,Cluster_17,Cluster_2405
GCA_036664875.1,CladeA,Sputum,Cluster_173,Cluster_2404
GCA_036664895.1,CladeB,Sputum,Cluster_17,Cluster_814
GCA_036664915.1,CladeA,Ear,Cluster_20,Cluster_2407
GCA_036664935.1,CladeA,Wound,Cluster_58,Cluster_2412
GCA_036664955.1,CladeA,Sputum,Cluster_20,Cluster_2406
GCA_036664975.1,CladeA,Ocean,Cluster_141,Cluster_2411
GCA_036664995.1,CladeA,Sputum,Cluster_1,Cluster_2415
GCA_036665035.1,CladeB,Sputum,Cluster_11,Cluster_2413
GCA_036665075.1,CladeA,Plant,Cluster_46,Cluster_3651
GCA_036665095.1,CladeA,Wound,Cluster_20,Cluster_2416
GCA_036665115.1,CladeB,Sputum,Cluster_11,Cluster_2418
GCA_036665135.1,CladeB,Throat,Cluster_55,Cluster_2417
GCA_036665175.1,CladeA,Throat,Cluster_10,Cluster_2419
GCA_036665195.1,CladeA,Sputum,Cluster_20,Cluster_2421
GCA_036665235.1,CladeA,Ocean,Cluster_20,Cluster_2420
GCA_036665255.1,CladeA,Sputum,Cluster_5,Cluster_2424
GCA_036665275.1,CladeB,Sputum,Cluster_4,Cluster_2422
GCA_036665295.1,CladeB,Sputum,Cluster_45,Cluster_2423
GCA_036665315.1,CladeB,Ocean,Cluster_4,Cluster_2422
GCA_036665335.1,CladeA,Blood,Cluster_162,Cluster_2425
GCA_036665375.1,CladeA,Throat,Cluster_58,Cluster_2426
GCA_036665475.1,CladeB,Skin,Cluster_414,Cluster_3652
GCA_036665495.1,CladeA,Wound,Cluster_334,Cluster_2428
GCA_036665555.1,CladeB,Skin,Cluster_126,Cluster_3653
GCA_036665575.1,CladeA,Wound,Cluster_222,Cluster_2429
GCA_036665595.1,CladeB,Wound,Cluster_45,Cluster_237
GCA_036665635.1,CladeA,Ear,Cluster_335,Cluster_2431
GCA_036665675.1,CladeA,Wound,Cluster_173,Cluster_2404
GCA_036665685.1,CladeB,Wound,Cluster_16,Cluster_2432
GCA_036665715.1,CladeB,Sputum,Cluster_145,Cluster_669
GCA_036665735.1,CladeA,Lung,Cluster_229,Cluster_2433
GCA_036665755.1,CladeA,Blood,Cluster_5,Cluster_2434
GCA_036665775.1,CladeA,Ocean,Cluster_24,Cluster_2408
GCA_036665795.1,CladeB,Sputum,Cluster_16,Cluster_2409
GCA_036665815.1,CladeB,Lung,Cluster_11,Cluster_256
GCA_036665835.1,CladeA,Sputum,Cluster_334,Cluster_2410
GCA_036665895.1,CladeA,Blood,Cluster_43,Cluster_2414
GCA_036665915.1,CladeB,Sputum,Cluster_55,Cluster_2427
GCA_036665935.1,CladeA,Sputum,Cluster_231,Cluster_2430
GCA_036688165.2,CladeA,Skin,Cluster_5,Cluster_590
GCA_036713655.1,CladeA,Urinary,Cluster_269,Cluster_2772
GCA_036761305.1,CladeB,Rectal/Feces,Cluster_16,Cluster_22
GCA_036761335.1,CladeB,Blood,Cluster_16,Cluster_22
GCA_036761435.1,CladeB,Urinary,Cluster_16,Cluster_22
GCA_036761465.1,CladeB,Rectal/Feces,Cluster_16,Cluster_22
GCA_036761515.1,CladeB,Rectal/Feces,Cluster_16,Cluster_22
GCA_036761555.1,CladeB,Rectal/Feces,Cluster_16,Cluster_22
GCA_036761605.1,CladeB,Rectal/Feces,Cluster_16,Cluster_22
GCA_036761655.1,CladeB,Rectal/Feces,Cluster_16,Cluster_22
GCA_036761715.1,CladeB,Urinary,Cluster_16,Cluster_22
GCA_036761725.1,CladeB,Wound,Cluster_16,Cluster_22
GCA_036761765.1,CladeA,Urinary,Cluster_123,Cluster_2773
GCA_036761805.1,CladeB,Sputum,Cluster_11,Cluster_256
GCA_036761815.1,CladeB,Urinary,Cluster_11,Cluster_256
GCA_036761825.1,CladeB,Wound,Cluster_11,Cluster_256
GCA_036761895.1,CladeB,Lung,Cluster_11,Cluster_256
GCA_036761955.1,CladeB,Urinary,Cluster_11,Cluster_256
GCA_036761995.1,CladeB,Lung,Cluster_11,Cluster_256
GCA_036762015.1,CladeB,Rectal/Feces,Cluster_11,Cluster_256
GCA_036762035.1,CladeB,Rectal/Feces,Cluster_11,Cluster_256
GCA_036762055.1,CladeB,Pneumonia,Cluster_11,Cluster_256
GCA_036762065.1,CladeB,Urinary,Cluster_11,Cluster_256
GCA_036762115.1,CladeB,Blood,Cluster_11,Cluster_256
GCA_036762125.1,CladeB,Sputum,Cluster_11,Cluster_256
GCA_036762155.1,CladeB,Blood,Cluster_11,Cluster_256
GCA_036762175.1,CladeB,Rectal/Feces,Cluster_11,Cluster_256
GCA_036762195.1,CladeA,Lung,Cluster_1,Cluster_2774
GCA_036762205.1,CladeA,Sputum,Cluster_1,Cluster_382
GCA_036762225.1,CladeA,Urinary,Cluster_1,Cluster_382
GCA_036762255.1,CladeA,Ocean,Cluster_26,Cluster_2775
GCA_036762275.1,CladeA,Lung,Cluster_9,Cluster_2776
GCA_036762315.1,CladeB,Wound,Cluster_11,Cluster_2777
GCA_036762325.1,CladeA,Rectal/Feces,Cluster_26,Cluster_2778
GCA_036762355.1,CladeB,Wound,Cluster_12,Cluster_2779
GCA_036762365.1,CladeA,Built.Environment,Cluster_1,Cluster_2780
GCA_036762395.1,CladeB,Ear,Cluster_11,Cluster_3657
GCA_036762435.1,CladeA,Urinary,Cluster_26,Cluster_2775
GCA_036762445.1,CladeB,Urinary,Cluster_11,Cluster_2781
GCA_036762475.1,CladeA,Lung,Cluster_1,Cluster_382
GCA_036762485.1,CladeA,Urinary,Cluster_26,Cluster_2775
GCA_036762535.1,CladeA,Urinary,Cluster_1,Cluster_382
GCA_036762565.1,CladeA,Urinary,Cluster_26,Cluster_2782
GCA_036762585.1,CladeA,Rectal/Feces,Cluster_1,Cluster_382
GCA_036762675.1,CladeA,Urinary,Cluster_26,Cluster_2775
GCA_036762755.1,CladeB,Throat,Cluster_11,Cluster_2777
GCA_036763935.1,CladeA,Wound,Cluster_26,Cluster_2775
GCA_036763955.1,CladeA,Urinary,Cluster_26,Cluster_2775
GCA_036763995.1,CladeA,Blood,Cluster_1,Cluster_382
GCA_036764035.1,CladeA,Urinary,Cluster_26,Cluster_2775
GCA_036764095.1,CladeA,Pneumonia,Cluster_9,Cluster_2776
GCA_036764155.1,CladeA,Urinary,Cluster_1,Cluster_382
GCA_036764175.1,CladeA,Urinary,Cluster_26,Cluster_2775
GCA_036764195.1,CladeA,Urinary,Cluster_26,Cluster_2775
GCA_036764215.1,CladeA,Lung,Cluster_26,Cluster_2775
GCA_036764235.1,CladeA,Lung,Cluster_1,Cluster_382
GCA_036764295.1,CladeA,Sputum,Cluster_40,Cluster_2783
GCA_036764315.1,CladeB,Throat,Cluster_12,Cluster_2779
GCA_036764415.1,CladeB,Wound,Cluster_12,Cluster_2779
GCA_036764435.1,CladeB,Lung,Cluster_12,Cluster_2779
GCA_036764455.1,CladeB,Ear,Cluster_12,Cluster_2779
GCA_036764535.1,CladeB,Lung,Cluster_12,Cluster_2779
GCA_036764555.1,CladeB,Ear,Cluster_12,Cluster_2779
GCA_036764575.1,CladeB,Lung,Cluster_12,Cluster_2784
GCA_036764595.1,CladeB,Sputum,Cluster_12,Cluster_2779
GCA_036764615.1,CladeB,Pneumonia,Cluster_12,Cluster_2779
GCA_036764635.1,CladeB,Wound,Cluster_12,Cluster_2779
GCA_036764655.1,CladeB,Lung,Cluster_12,Cluster_2779
GCA_036764675.1,CladeB,Urinary,Cluster_12,Cluster_2785
GCA_036764695.1,CladeB,Urinary,Cluster_12,Cluster_2786
GCA_036764715.1,CladeB,Urinary,Cluster_12,Cluster_2779
GCA_036764735.1,CladeB,Lung,Cluster_12,Cluster_3658
GCA_036764755.1,CladeB,Urinary,Cluster_12,Cluster_2779
GCA_036764815.1,CladeB,Wound,Cluster_12,Cluster_2787
GCA_036764875.1,CladeB,Urinary,Cluster_12,Cluster_2788
GCA_036764895.1,CladeB,Lung,Cluster_12,Cluster_2789
GCA_036764915.1,CladeB,Pneumonia,Cluster_12,Cluster_2790
GCA_036764935.1,CladeB,Urinary,Cluster_12,Cluster_2791
GCA_036764955.1,CladeB,Lung,Cluster_12,Cluster_2779
GCA_036764975.1,CladeB,Throat,Cluster_12,Cluster_2779
GCA_036765015.1,CladeB,Pneumonia,Cluster_12,Cluster_2779
GCA_036765025.1,CladeB,Pneumonia,Cluster_12,Cluster_2779
GCA_036765055.1,CladeB,Urinary,Cluster_12,Cluster_2779
GCA_036776515.1,CladeA,Sputum,Cluster_102,Cluster_2792
GCA_036811695.1,CladeA,Hospital.Environment,Cluster_25,Cluster_37
GCA_036813965.1,CladeA,Aquatic,Cluster_60,Cluster_2793
GCA_036835625.1,CladeA,Rectal/Feces,Cluster_43,Cluster_2515
GCA_036851945.1,CladeA,Aquatic,Cluster_125,Cluster_2794
GCA_036863915.1,CladeA,Wound,Cluster_26,Cluster_2795
GCA_036863935.1,CladeB,Urinary,Cluster_64,Cluster_2796
GCA_036864095.1,CladeB,Urinary,Cluster_135,Cluster_2797
GCA_036864115.1,CladeB,Lung,Cluster_11,Cluster_2798
GCA_036864135.1,CladeA,Blood,Cluster_26,Cluster_2799
GCA_036866865.1,CladeA,CF,Cluster_116,Cluster_2800
GCA_036866965.1,CladeA,Blood,Cluster_50,Cluster_2801
GCA_036866995.1,CladeB,Wound,Cluster_11,Cluster_3659
GCA_036867075.1,CladeB,Wound,Cluster_11,Cluster_3660
GCA_036867235.1,CladeB,CF,Cluster_11,Cluster_2802
GCA_036867475.1,CladeB,Wound,Cluster_11,Cluster_2802
GCA_036872625.1,CladeB,Rectal/Feces,Cluster_16,Cluster_22
GCA_036879305.1,CladeA,Eye,Cluster_289,Cluster_2803
GCA_036879915.1,CladeA,Urinary,Cluster_239,Cluster_2804
GCA_036879985.1,CladeA,Urinary,Cluster_231,Cluster_2805
GCA_036880245.1,CladeA,Eye,Cluster_94,Cluster_2806
GCA_036885825.1,CladeB,Hospital.Environment,Cluster_32,Cluster_939
GCA_036907035.1,CladeA,Urinary,Cluster_59,Cluster_2807
GCA_036981655.1,CladeA,Ear,Cluster_60,Cluster_2808
GCA_036981665.1,CladeB,Ear,Cluster_16,Cluster_2809
GCA_036981675.1,CladeA,Ear,Cluster_26,Cluster_2810
GCA_036981685.1,CladeB,Ear,Cluster_11,Cluster_1850
GCA_036981705.1,CladeA,Ear,Cluster_48,Cluster_2811
GCA_036981855.1,CladeA,Ear,Cluster_20,Cluster_2812
GCA_036981875.1,CladeA,Ear,Cluster_287,Cluster_2813
GCA_037000825.1,CladeA,Wound,Cluster_9,Cluster_2814
GCA_037000845.1,CladeA,Blood,Cluster_1,Cluster_2815
GCA_037000865.1,CladeA,Blood,Cluster_1,Cluster_2816
GCA_037000885.1,CladeA,Blood,Cluster_1,Cluster_906
GCA_037000905.1,CladeA,Wound,Cluster_1,Cluster_869
GCA_037000925.1,CladeA,Wound,Cluster_1,Cluster_906
GCA_037000965.1,CladeB,Wound,Cluster_17,Cluster_2817
GCA_037000985.1,CladeA,Wound,Cluster_24,Cluster_2818
GCA_037001005.1,CladeA,Blood,Cluster_369,Cluster_2819
GCA_037001025.1,CladeA,Blood,Cluster_1,Cluster_906
GCA_037001045.1,CladeA,Blood,Cluster_1,Cluster_906
GCA_037001065.1,CladeB,Wound,Cluster_64,Cluster_2820
GCA_037001085.1,CladeB,Blood,Cluster_260,Cluster_2821
GCA_037001105.1,CladeB,Wound,Cluster_11,Cluster_2822
GCA_037001145.1,CladeA,Blood,Cluster_43,Cluster_2823
GCA_037001165.1,CladeB,Blood,Cluster_12,Cluster_2824
GCA_037001185.1,CladeA,Wound,Cluster_43,Cluster_2823
GCA_037001205.1,CladeA,Wound,Cluster_1,Cluster_2825
GCA_037001225.1,CladeA,Blood,Cluster_1,Cluster_2826
GCA_037001245.1,CladeA,Blood,Cluster_1,Cluster_2827
GCA_037001265.1,CladeA,Blood,Cluster_1,Cluster_869
GCA_037001285.1,CladeB,Blood,Cluster_11,Cluster_2828
GCA_037001305.1,CladeA,Blood,Cluster_1,Cluster_869
GCA_037001325.1,CladeA,Blood,Cluster_1,Cluster_869
GCA_037001345.1,CladeA,Wound,Cluster_24,Cluster_2829
GCA_037001405.1,CladeA,Urinary,Cluster_1,Cluster_906
GCA_037001425.1,CladeA,Blood,Cluster_1,Cluster_869
GCA_037001445.1,CladeA,Wound,Cluster_24,Cluster_2829
GCA_037001465.1,CladeA,Blood,Cluster_9,Cluster_1132
GCA_037001485.1,CladeA,Blood,Cluster_9,Cluster_2830
GCA_037001505.1,CladeA,Wound,Cluster_1,Cluster_1820
GCA_037001525.1,CladeB,Blood,Cluster_12,Cluster_2831
GCA_037001545.1,CladeB,Wound,Cluster_80,Cluster_2832
GCA_037001555.1,CladeB,Wound,Cluster_11,Cluster_2833
GCA_037001585.1,CladeB,Blood,Cluster_12,Cluster_2834
GCA_037001605.1,CladeA,Blood,Cluster_1,Cluster_1820
GCA_037001625.1,CladeA,Blood,Cluster_1,Cluster_2835
GCA_037001665.1,CladeB,Blood,Cluster_12,Cluster_2836
GCA_037001785.1,CladeA,Blood,Cluster_10,Cluster_2837
GCA_037001805.1,CladeA,Blood,Cluster_1,Cluster_869
GCA_037001815.1,CladeA,Blood,Cluster_1,Cluster_869
GCA_037001835.1,CladeA,Wound,Cluster_1,Cluster_906
GCA_037001865.1,CladeA,Blood,Cluster_1,Cluster_869
GCA_037001885.1,CladeA,Blood,Cluster_1,Cluster_1820
GCA_037001905.1,CladeB,Wound,Cluster_52,Cluster_2838
GCA_037001925.1,CladeA,Wound,Cluster_5,Cluster_2839
GCA_037001945.1,CladeA,Blood,Cluster_1,Cluster_906
GCA_037001965.1,CladeB,Wound,Cluster_52,Cluster_2838
GCA_037002005.1,CladeA,Blood,Cluster_1,Cluster_869
GCA_037002045.1,CladeB,Blood,Cluster_52,Cluster_2838
GCA_037002065.1,CladeA,Blood,Cluster_1,Cluster_906
GCA_037002145.1,CladeA,Lung,Cluster_1,Cluster_2840
GCA_037002165.1,CladeA,Blood,Cluster_1,Cluster_2835
GCA_037002205.1,CladeB,Wound,Cluster_11,Cluster_2841
GCA_037002225.1,CladeA,Lung,Cluster_117,Cluster_2842
GCA_037002245.1,CladeB,Wound,Cluster_16,Cluster_867
GCA_037002265.1,CladeB,Wound,Cluster_52,Cluster_2843
GCA_037002285.1,CladeA,Lung,Cluster_40,Cluster_2844
GCA_037002305.1,CladeB,Wound,Cluster_135,Cluster_2845
GCA_037002325.1,CladeA,Rectal/Feces,Cluster_63,Cluster_2846
GCA_037002345.1,CladeA,Rectal/Feces,Cluster_1,Cluster_1820
GCA_037002365.1,CladeA,Rectal/Feces,Cluster_1,Cluster_1820
GCA_037002405.1,CladeA,Rectal/Feces,Cluster_9,Cluster_1132
GCA_037002425.1,CladeA,Rectal/Feces,Cluster_370,Cluster_2847
GCA_037002435.1,CladeA,Rectal/Feces,Cluster_5,Cluster_2848
GCA_037002465.1,CladeA,Rectal/Feces,Cluster_9,Cluster_1132
GCA_037002505.1,CladeA,Rectal/Feces,Cluster_5,Cluster_2849
GCA_037002525.1,CladeA,Rectal/Feces,Cluster_82,Cluster_2850
GCA_037002545.1,CladeB,Rectal/Feces,Cluster_176,Cluster_2851
GCA_037002585.1,CladeB,Lung,Cluster_64,Cluster_866
GCA_037002625.1,CladeB,Wound,Cluster_64,Cluster_2852
GCA_037002645.1,CladeB,Skin,Cluster_12,Cluster_2853
GCA_037002665.1,CladeA,Urinary,Cluster_40,Cluster_2844
GCA_037002705.1,CladeB,Urinary,Cluster_12,Cluster_2854
GCA_037039345.1,CladeA,CF,Cluster_371,Cluster_2855
GCA_037039355.1,CladeA,CF,Cluster_48,Cluster_2856
GCA_037039365.1,CladeB,CF,Cluster_76,Cluster_2857
GCA_037039375.1,CladeA,CF,Cluster_371,Cluster_2855
GCA_037039385.1,CladeB,CF,Cluster_114,Cluster_1105
GCA_037049345.1,CladeA,Lung,Cluster_5,Cluster_2858
GCA_037049525.1,CladeA,CF,Cluster_116,Cluster_2859
GCA_037049625.1,CladeA,Aquatic,Cluster_116,Cluster_2860
GCA_037053105.1,CladeA,Plant,Cluster_92,Cluster_2861
GCA_037053365.1,CladeA,Plant,Cluster_372,Cluster_2862
GCA_037053525.1,CladeA,Terrestrial,Cluster_24,Cluster_2863
GCA_037094995.1,CladeB,Urinary,Cluster_16,Cluster_22
GCA_037095015.1,CladeB,Rectal/Feces,Cluster_16,Cluster_22
GCA_037095575.1,CladeB,Rectal/Feces,Cluster_16,Cluster_22
GCA_037095615.1,CladeB,Blood,Cluster_16,Cluster_22
GCA_037095635.1,CladeB,Rectal/Feces,Cluster_16,Cluster_22
GCA_037095815.1,CladeA,Blood,Cluster_24,Cluster_2864
GCA_037104115.1,CladeA,Sputum,Cluster_269,Cluster_2865
GCA_037104435.1,CladeA,Sputum,Cluster_141,Cluster_2866
GCA_037120415.1,CladeB,Ocean,Cluster_16,Cluster_22
GCA_037170225.1,CladeA,Terrestrial,Cluster_2,Cluster_2867
GCA_037170265.1,CladeA,Terrestrial,Cluster_2,Cluster_2867
GCA_037197585.1,CladeA,Aquatic,Cluster_10,Cluster_2868
GCA_037197635.1,CladeB,Built.Environment,Cluster_114,Cluster_2869
GCA_037197725.1,CladeB,Built.Environment,Cluster_114,Cluster_2870
GCA_037197745.1,CladeA,Built.Environment,Cluster_58,Cluster_2871
GCA_037197825.1,CladeA,Built.Environment,Cluster_94,Cluster_2872
GCA_037197855.1,CladeB,Built.Environment,Cluster_311,Cluster_2873
GCA_037197895.1,CladeB,Aquatic,Cluster_145,Cluster_2874
GCA_037202035.1,CladeA,Blood,Cluster_58,Cluster_1815
GCA_037215095.1,CladeB,Blood,Cluster_64,Cluster_2875
GCA_037223945.1,CladeB,Urinary,Cluster_16,Cluster_22
GCA_037267025.1,CladeA,Ocean,Cluster_360,Cluster_2876
GCA_037285345.1,CladeA,Ocean,Cluster_43,Cluster_2877
GCA_037287405.1,CladeA,Ocean,Cluster_10,Cluster_2878
GCA_037287425.1,CladeA,Ocean,Cluster_10,Cluster_2878
GCA_037287465.1,CladeA,Ocean,Cluster_360,Cluster_2876
GCA_037287505.1,CladeA,Ocean,Cluster_373,Cluster_2879
GCA_037287535.1,CladeA,Ocean,Cluster_43,Cluster_2880
GCA_037287545.1,CladeA,Ocean,Cluster_43,Cluster_2880
GCA_037287585.1,CladeA,Ocean,Cluster_373,Cluster_2879
GCA_037416375.1,CladeA,Sputum,Cluster_94,Cluster_2881
GCA_037482125.1,CladeA,Terrestrial,Cluster_10,Cluster_2882
GCA_037487305.1,CladeA,Urinary,Cluster_24,Cluster_2883
GCA_037545865.1,CladeA,Lung,Cluster_1,Cluster_2884
GCA_037545905.1,CladeA,Urinary,Cluster_1,Cluster_2885
GCA_037731445.1,CladeB,Urinary,Cluster_12,Cluster_2886
GCA_037890725.1,CladeB,Urinary,Cluster_64,Cluster_2887
GCA_037890755.1,CladeA,Wound,Cluster_103,Cluster_2888
GCA_037890855.1,CladeB,Wound,Cluster_156,Cluster_2889
GCA_037890895.1,CladeA,Wound,Cluster_103,Cluster_2888
GCA_037890945.1,CladeB,Wound,Cluster_16,Cluster_22
GCA_037891005.1,CladeB,Wound,Cluster_16,Cluster_22
GCA_037914045.1,CladeB,Sputum,Cluster_52,Cluster_1259
GCA_037932275.1,CladeB,Sputum,Cluster_114,Cluster_2890
GCA_038031725.1,CladeA,Hospital.Environment,Cluster_25,Cluster_37
GCA_038069315.2,CladeA,Sputum,Cluster_103,Cluster_2891
GCA_038069335.2,CladeA,Sputum,Cluster_24,Cluster_2892
GCA_038069375.1,CladeA,Sputum,Cluster_34,Cluster_2893
GCA_038164475.1,CladeA,Wound,Cluster_336,Cluster_2894
GCA_038181455.1,CladeA,Pneumonia,Cluster_35,Cluster_2895
GCA_038181465.1,CladeA,Wound,Cluster_212,Cluster_2896
GCA_038396885.1,CladeA,Urinary,Cluster_93,Cluster_2897
GCA_038397815.1,CladeA,Pneumonia,Cluster_141,Cluster_2898
GCA_038405065.1,CladeB,Urinary,Cluster_12,Cluster_15
GCA_038405165.1,CladeA,Blood,Cluster_1,Cluster_408
GCA_038405185.1,CladeA,Urinary,Cluster_1,Cluster_408
GCA_038405205.1,CladeA,Urinary,Cluster_1,Cluster_408
GCA_038405235.1,CladeA,Blood,Cluster_1,Cluster_408
GCA_038405245.1,CladeA,Blood,Cluster_1,Cluster_408
GCA_038405315.1,CladeA,Blood,Cluster_5,Cluster_258
GCA_038405355.1,CladeA,Urinary,Cluster_1,Cluster_408
GCA_038411825.1,CladeA,Hospital.Environment,Cluster_10,Cluster_3661
GCA_038418245.2,CladeB,Urinary,Cluster_32,Cluster_939
GCA_038428535.1,CladeB,Wound,Cluster_64,Cluster_430
GCA_038431885.1,CladeA,Urinary,Cluster_102,Cluster_2899
GCA_038431905.1,CladeA,Lung,Cluster_102,Cluster_2250
GCA_038431935.1,CladeB,Blood,Cluster_126,Cluster_1409
GCA_038431945.1,CladeA,Lung,Cluster_231,Cluster_2900
GCA_038433795.1,CladeA,Blood,Cluster_22,Cluster_2901
GCA_038447035.1,CladeA,Wound,Cluster_34,Cluster_2902
GCA_038486415.1,CladeA,Wound,Cluster_34,Cluster_2902
GCA_038486655.1,CladeA,Urinary,Cluster_82,Cluster_2903
GCA_038593735.1,CladeB,Plant,Cluster_114,Cluster_2904
GCA_038593775.1,CladeB,Plant,Cluster_114,Cluster_2904
GCA_038593795.1,CladeB,Plant,Cluster_114,Cluster_2904
GCA_038593815.1,CladeB,Plant,Cluster_114,Cluster_3662
GCA_038593825.1,CladeB,Plant,Cluster_114,Cluster_2904
GCA_038593835.1,CladeB,Plant,Cluster_114,Cluster_2904
GCA_038593875.1,CladeB,Plant,Cluster_114,Cluster_2904
GCA_038593905.1,CladeB,Plant,Cluster_114,Cluster_2904
GCA_038593925.1,CladeB,Plant,Cluster_114,Cluster_2904
GCA_038593945.1,CladeB,Plant,Cluster_114,Cluster_2904
GCA_038593965.1,CladeB,Plant,Cluster_114,Cluster_2904
GCA_038593975.1,CladeB,Plant,Cluster_11,Cluster_3663
GCA_038593985.1,CladeB,Plant,Cluster_114,Cluster_2904
GCA_038594025.1,CladeB,Plant,Cluster_114,Cluster_2904
GCA_038594055.1,CladeB,Plant,Cluster_114,Cluster_2904
GCA_038594085.1,CladeB,Plant,Cluster_114,Cluster_2904
GCA_038594105.1,CladeB,Plant,Cluster_114,Cluster_2904
GCA_038594115.1,CladeB,Plant,Cluster_114,Cluster_2904
GCA_038594145.1,CladeB,Plant,Cluster_114,Cluster_2904
GCA_038594165.1,CladeB,Plant,Cluster_114,Cluster_2904
GCA_038594175.1,CladeB,Plant,Cluster_114,Cluster_2904
GCA_038594195.1,CladeB,Plant,Cluster_114,Cluster_2904
GCA_038594215.1,CladeB,Plant,Cluster_114,Cluster_2904
GCA_038594245.1,CladeB,Plant,Cluster_114,Cluster_2904
GCA_038594255.1,CladeB,Plant,Cluster_114,Cluster_2904
GCA_038901475.1,CladeA,Lung,Cluster_1,Cluster_869
GCA_039512425.1,CladeA,Pneumonia,Cluster_10,Cluster_2905
GCA_039553155.1,CladeB,Hospital.Environment,Cluster_11,Cluster_3664
GCA_039555165.1,CladeB,Urinary,Cluster_11,Cluster_1576
GCA_039568645.1,CladeA,Rectal/Feces,Cluster_229,Cluster_2906
GCA_039568665.1,CladeA,Rectal/Feces,Cluster_302,Cluster_2907
GCA_039568675.1,CladeA,Rectal/Feces,Cluster_252,Cluster_2908
GCA_039568705.1,CladeA,Rectal/Feces,Cluster_70,Cluster_2909
GCA_039568725.1,CladeA,Rectal/Feces,Cluster_94,Cluster_2910
GCA_039568745.1,CladeA,Rectal/Feces,Cluster_133,Cluster_2911
GCA_039568765.1,CladeA,Rectal/Feces,Cluster_252,Cluster_2912
GCA_039568785.1,CladeA,Rectal/Feces,Cluster_95,Cluster_2913
GCA_039568825.1,CladeA,Rectal/Feces,Cluster_179,Cluster_2914
GCA_039568845.1,CladeA,Rectal/Feces,Cluster_230,Cluster_2915
GCA_039568865.1,CladeA,Rectal/Feces,Cluster_99,Cluster_2916
GCA_039568875.1,CladeA,Rectal/Feces,Cluster_122,Cluster_2917
GCA_039568905.1,CladeA,Rectal/Feces,Cluster_10,Cluster_268
GCA_039568925.1,CladeA,Rectal/Feces,Cluster_184,Cluster_1215
GCA_039568965.1,CladeA,Rectal/Feces,Cluster_141,Cluster_2918
GCA_039568985.1,CladeA,Rectal/Feces,Cluster_122,Cluster_2919
GCA_039569025.1,CladeA,Rectal/Feces,Cluster_229,Cluster_2920
GCA_039569045.1,CladeA,Rectal/Feces,Cluster_5,Cluster_2921
GCA_039569085.1,CladeA,Rectal/Feces,Cluster_5,Cluster_2922
GCA_039569105.1,CladeA,Rectal/Feces,Cluster_224,Cluster_2923
GCA_039569125.1,CladeA,Rectal/Feces,Cluster_43,Cluster_2924
GCA_039569165.1,CladeA,Rectal/Feces,Cluster_40,Cluster_2925
GCA_039569185.1,CladeA,Rectal/Feces,Cluster_20,Cluster_2926
GCA_039569205.1,CladeA,Rectal/Feces,Cluster_43,Cluster_2927
GCA_039569215.1,CladeB,Rectal/Feces,Cluster_374,Cluster_2928
GCA_039569245.1,CladeA,Rectal/Feces,Cluster_5,Cluster_2929
GCA_039569265.1,CladeA,Rectal/Feces,Cluster_20,Cluster_2930
GCA_039569285.1,CladeA,Rectal/Feces,Cluster_43,Cluster_2931
GCA_039569305.1,CladeA,Rectal/Feces,Cluster_43,Cluster_2932
GCA_039569325.1,CladeA,Rectal/Feces,Cluster_198,Cluster_2933
GCA_039569345.1,CladeA,Rectal/Feces,Cluster_5,Cluster_2934
GCA_039569365.1,CladeA,Rectal/Feces,Cluster_35,Cluster_2935
GCA_039569385.1,CladeA,Rectal/Feces,Cluster_82,Cluster_2936
GCA_039569405.1,CladeA,Rectal/Feces,Cluster_115,Cluster_2937
GCA_039569425.1,CladeB,Rectal/Feces,Cluster_55,Cluster_2938
GCA_039569445.1,CladeA,Rectal/Feces,Cluster_97,Cluster_2939
GCA_039569465.1,CladeA,Rectal/Feces,Cluster_82,Cluster_2940
GCA_039569485.1,CladeA,Rectal/Feces,Cluster_94,Cluster_2941
GCA_039569505.1,CladeA,Rectal/Feces,Cluster_375,Cluster_2942
GCA_039569525.1,CladeA,Rectal/Feces,Cluster_25,Cluster_2943
GCA_039569545.1,CladeB,Rectal/Feces,Cluster_189,Cluster_2944
GCA_039569565.1,CladeA,Rectal/Feces,Cluster_68,Cluster_2945
GCA_039569585.1,CladeA,Rectal/Feces,Cluster_78,Cluster_2946
GCA_039569605.1,CladeA,Rectal/Feces,Cluster_25,Cluster_2947
GCA_039569625.1,CladeA,Rectal/Feces,Cluster_82,Cluster_2948
GCA_039569645.1,CladeA,Rectal/Feces,Cluster_234,Cluster_2949
GCA_039569665.1,CladeA,Rectal/Feces,Cluster_60,Cluster_1075
GCA_039569685.1,CladeA,Rectal/Feces,Cluster_43,Cluster_2950
GCA_039569705.1,CladeA,Rectal/Feces,Cluster_25,Cluster_2951
GCA_039569725.1,CladeA,Rectal/Feces,Cluster_5,Cluster_2952
GCA_039569745.1,CladeA,Rectal/Feces,Cluster_34,Cluster_2953
GCA_039569785.1,CladeB,Rectal/Feces,Cluster_151,Cluster_2954
GCA_039569805.1,CladeB,Rectal/Feces,Cluster_205,Cluster_2955
GCA_039569865.1,CladeA,Rectal/Feces,Cluster_26,Cluster_1872
GCA_039569965.1,CladeA,Rectal/Feces,Cluster_136,Cluster_2956
GCA_039569985.1,CladeA,Rectal/Feces,Cluster_20,Cluster_2957
GCA_039570005.1,CladeA,Rectal/Feces,Cluster_43,Cluster_2958
GCA_039570025.1,CladeA,Rectal/Feces,Cluster_25,Cluster_2959
GCA_039570045.1,CladeA,Rectal/Feces,Cluster_359,Cluster_2667
GCA_039570065.1,CladeA,Rectal/Feces,Cluster_92,Cluster_2960
GCA_039570085.1,CladeA,Rectal/Feces,Cluster_62,Cluster_2961
GCA_039570105.1,CladeA,Rectal/Feces,Cluster_78,Cluster_2962
GCA_039570125.1,CladeB,Rectal/Feces,Cluster_55,Cluster_2963
GCA_039570145.1,CladeB,Rectal/Feces,Cluster_16,Cluster_2964
GCA_039570165.1,CladeB,Rectal/Feces,Cluster_12,Cluster_2965
GCA_039570185.1,CladeA,Rectal/Feces,Cluster_46,Cluster_2966
GCA_039570205.1,CladeB,Rectal/Feces,Cluster_4,Cluster_2967
GCA_039570225.1,CladeA,Rectal/Feces,Cluster_251,Cluster_2968
GCA_039570245.1,CladeA,Rectal/Feces,Cluster_46,Cluster_2969
GCA_039570265.1,CladeA,Rectal/Feces,Cluster_43,Cluster_2970
GCA_039570285.1,CladeA,Rectal/Feces,Cluster_166,Cluster_2971
GCA_039570305.1,CladeA,Rectal/Feces,Cluster_306,Cluster_1866
GCA_039570325.1,CladeA,Rectal/Feces,Cluster_20,Cluster_227
GCA_039570345.1,CladeA,Rectal/Feces,Cluster_41,Cluster_2972
GCA_039570365.1,CladeA,Rectal/Feces,Cluster_97,Cluster_2973
GCA_039570385.1,CladeA,Rectal/Feces,Cluster_94,Cluster_2974
GCA_039570405.1,CladeA,Rectal/Feces,Cluster_313,Cluster_2975
GCA_039570425.1,CladeA,Rectal/Feces,Cluster_247,Cluster_2976
GCA_039570445.1,CladeA,Rectal/Feces,Cluster_290,Cluster_2977
GCA_039570465.1,CladeA,Rectal/Feces,Cluster_141,Cluster_2978
GCA_039570485.1,CladeB,Rectal/Feces,Cluster_114,Cluster_562
GCA_039570505.1,CladeA,Rectal/Feces,Cluster_29,Cluster_2979
GCA_039570525.1,CladeA,Rectal/Feces,Cluster_5,Cluster_253
GCA_039570545.1,CladeA,Rectal/Feces,Cluster_5,Cluster_2980
GCA_039570565.1,CladeB,Rectal/Feces,Cluster_57,Cluster_2981
GCA_039570585.1,CladeA,Rectal/Feces,Cluster_322,Cluster_2982
GCA_039570605.1,CladeA,Rectal/Feces,Cluster_24,Cluster_2983
GCA_039570645.1,CladeB,Rectal/Feces,Cluster_45,Cluster_237
GCA_039570665.1,CladeA,Rectal/Feces,Cluster_10,Cluster_30
GCA_039570685.1,CladeA,Rectal/Feces,Cluster_43,Cluster_2984
GCA_039570705.1,CladeA,Rectal/Feces,Cluster_20,Cluster_2985
GCA_039570725.1,CladeA,Rectal/Feces,Cluster_376,Cluster_2986
GCA_039570745.1,CladeB,Rectal/Feces,Cluster_76,Cluster_2987
GCA_039570765.1,CladeA,Rectal/Feces,Cluster_20,Cluster_2988
GCA_039570785.1,CladeA,Rectal/Feces,Cluster_5,Cluster_2989
GCA_039570805.1,CladeA,Rectal/Feces,Cluster_90,Cluster_2990
GCA_039570825.1,CladeA,Rectal/Feces,Cluster_65,Cluster_2991
GCA_039570845.1,CladeB,Rectal/Feces,Cluster_16,Cluster_1382
GCA_039570865.1,CladeA,Rectal/Feces,Cluster_377,Cluster_2992
GCA_039570885.1,CladeA,Rectal/Feces,Cluster_75,Cluster_2993
GCA_039570905.1,CladeA,Rectal/Feces,Cluster_25,Cluster_37
GCA_039570925.1,CladeA,Rectal/Feces,Cluster_10,Cluster_2994
GCA_039570945.1,CladeA,Rectal/Feces,Cluster_40,Cluster_594
GCA_039570965.1,CladeA,Rectal/Feces,Cluster_5,Cluster_2995
GCA_039570985.1,CladeA,Rectal/Feces,Cluster_35,Cluster_2996
GCA_039571005.1,CladeA,Rectal/Feces,Cluster_10,Cluster_30
GCA_039571025.1,CladeA,Rectal/Feces,Cluster_10,Cluster_2997
GCA_039571045.1,CladeA,Rectal/Feces,Cluster_5,Cluster_2998
GCA_039571065.1,CladeA,Rectal/Feces,Cluster_10,Cluster_30
GCA_039571085.1,CladeA,Rectal/Feces,Cluster_10,Cluster_30
GCA_039571105.1,CladeA,Rectal/Feces,Cluster_10,Cluster_30
GCA_039571125.1,CladeA,Rectal/Feces,Cluster_34,Cluster_2999
GCA_039571165.1,CladeA,Rectal/Feces,Cluster_58,Cluster_1568
GCA_039622765.1,CladeA,Urinary,Cluster_58,Cluster_3000
GCA_039622815.1,CladeA,Urinary,Cluster_75,Cluster_3001
GCA_039622885.1,CladeA,Urinary,Cluster_8,Cluster_3002
GCA_039649775.1,CladeB,Sputum,Cluster_11,Cluster_3003
GCA_039649805.1,CladeB,Sputum,Cluster_11,Cluster_3003
GCA_039650055.1,CladeA,Sputum,Cluster_1,Cluster_3004
GCA_039650165.1,CladeB,Urinary,Cluster_11,Cluster_1817
GCA_039650535.1,CladeB,Urinary,Cluster_32,Cluster_939
GCA_039702325.1,CladeB,Sputum,Cluster_126,Cluster_1409
GCA_039720305.1,CladeB,Lung,Cluster_64,Cluster_3005
GCA_039737775.1,CladeB,Aquatic,Cluster_11,Cluster_3006
GCA_039784865.1,CladeA,Wound,Cluster_1,Cluster_3007
GCA_039908025.1,CladeB,Blood,Cluster_11,Cluster_3008
GCA_040031055.1,CladeA,Wound,Cluster_40,Cluster_3009
GCA_040063875.1,CladeA,Wound,Cluster_5,Cluster_3010
GCA_040063915.1,CladeA,Wound,Cluster_281,Cluster_3011
GCA_040063925.1,CladeA,Wound,Cluster_56,Cluster_3012
GCA_040063955.1,CladeC,Wound,Cluster_345,Cluster_3013
GCA_040064005.1,CladeB,Wound,Cluster_16,Cluster_3014
GCA_040064015.1,CladeA,Wound,Cluster_5,Cluster_3010
GCA_040064175.1,CladeB,Wound,Cluster_12,Cluster_1504
GCA_040064195.1,CladeA,Wound,Cluster_43,Cluster_3015
GCA_040066295.1,CladeA,Wound,Cluster_222,Cluster_3016
GCA_040066315.1,CladeB,Wound,Cluster_52,Cluster_3017
GCA_040066335.1,CladeB,Wound,Cluster_12,Cluster_3018
GCA_040066375.1,CladeA,Wound,Cluster_43,Cluster_3019
GCA_040066415.1,CladeA,Wound,Cluster_94,Cluster_3020
GCA_040066435.1,CladeA,Wound,Cluster_99,Cluster_3021
GCA_040066475.1,CladeA,Wound,Cluster_167,Cluster_3022
GCA_040066495.1,CladeA,Wound,Cluster_40,Cluster_3023
GCA_040066535.1,CladeA,Wound,Cluster_94,Cluster_3024
GCA_040066555.1,CladeB,Wound,Cluster_11,Cluster_3025
GCA_040066595.1,CladeA,Wound,Cluster_5,Cluster_3026
GCA_040066635.1,CladeA,Wound,Cluster_169,Cluster_3027
GCA_040066655.1,CladeA,Wound,Cluster_332,Cluster_3028
GCA_040066675.1,CladeB,Wound,Cluster_52,Cluster_3017
GCA_040066715.1,CladeB,Wound,Cluster_11,Cluster_256
GCA_040066755.1,CladeA,Wound,Cluster_41,Cluster_3029
GCA_040084805.1,CladeA,Pneumonia,Cluster_25,Cluster_3030
GCA_040120765.1,CladeB,Sputum,Cluster_11,Cluster_3031
GCA_040120965.1,CladeA,Sputum,Cluster_10,Cluster_3032
GCA_040170785.1,CladeA,Urinary,Cluster_10,Cluster_566
GCA_040186575.1,CladeB,Pneumonia,Cluster_45,Cluster_237
GCA_040186585.1,CladeB,Blood,Cluster_16,Cluster_3033
GCA_040186595.1,CladeA,Pneumonia,Cluster_5,Cluster_3034
GCA_040186605.1,CladeA,Blood,Cluster_5,Cluster_3034
GCA_040186615.1,CladeA,Blood,Cluster_5,Cluster_3034
GCA_040186675.1,CladeA,Blood,Cluster_5,Cluster_3034
GCA_040186685.1,CladeA,Pneumonia,Cluster_43,Cluster_1276
GCA_040186695.1,CladeB,Pneumonia,Cluster_378,Cluster_3035
GCA_040186705.1,CladeA,Urinary,Cluster_53,Cluster_3036
GCA_040186715.1,CladeA,Urinary,Cluster_53,Cluster_3036
GCA_040186775.1,CladeB,Pneumonia,Cluster_155,Cluster_3037
GCA_040186785.1,CladeA,Urinary,Cluster_53,Cluster_3036
GCA_040186795.1,CladeB,Pneumonia,Cluster_12,Cluster_3038
GCA_040186805.1,CladeA,Blood,Cluster_5,Cluster_3039
GCA_040186875.1,CladeB,Blood,Cluster_379,Cluster_3040
GCA_040186885.1,CladeA,Pneumonia,Cluster_380,Cluster_3041
GCA_040186915.1,CladeA,Pneumonia,Cluster_10,Cluster_3042
GCA_040186925.1,CladeB,Pneumonia,Cluster_16,Cluster_3043
GCA_040186935.1,CladeA,Pneumonia,Cluster_283,Cluster_3044
GCA_040186975.1,CladeA,Pneumonia,Cluster_50,Cluster_2746
GCA_040186985.1,CladeB,Urinary,Cluster_12,Cluster_15
GCA_040186995.1,CladeB,Blood,Cluster_52,Cluster_3045
GCA_040187015.1,CladeB,Pneumonia,Cluster_12,Cluster_15
GCA_040187045.1,CladeB,Pneumonia,Cluster_32,Cluster_939
GCA_040187055.1,CladeB,Blood,Cluster_32,Cluster_939
GCA_040187095.1,CladeA,Pneumonia,Cluster_381,Cluster_3046
GCA_040187105.1,CladeA,Pneumonia,Cluster_53,Cluster_3047
GCA_040187115.1,CladeA,Pneumonia,Cluster_53,Cluster_3047
GCA_040187135.1,CladeA,Pneumonia,Cluster_50,Cluster_3048
GCA_040187185.1,CladeA,Pneumonia,Cluster_251,Cluster_3049
GCA_040187195.1,CladeB,Blood,Cluster_32,Cluster_939
GCA_040187225.1,CladeA,Pneumonia,Cluster_50,Cluster_2746
GCA_040187235.1,CladeA,Blood,Cluster_5,Cluster_3039
GCA_040187265.1,CladeA,Blood,Cluster_5,Cluster_3039
GCA_040187275.1,CladeA,Blood,Cluster_53,Cluster_3050
GCA_040187315.1,CladeB,Pneumonia,Cluster_382,Cluster_3051
GCA_040187325.1,CladeB,Pneumonia,Cluster_365,Cluster_3052
GCA_040187355.1,CladeA,Pneumonia,Cluster_276,Cluster_3053
GCA_040187375.1,CladeB,Urinary,Cluster_12,Cluster_15
GCA_040187385.1,CladeA,Urinary,Cluster_46,Cluster_3054
GCA_040187395.1,CladeA,Blood,Cluster_50,Cluster_3055
GCA_040187415.1,CladeB,Pneumonia,Cluster_32,Cluster_3056
GCA_040187425.1,CladeA,Pneumonia,Cluster_122,Cluster_3057
GCA_040187475.1,CladeA,Pneumonia,Cluster_122,Cluster_3057
GCA_040187495.1,CladeA,Pneumonia,Cluster_122,Cluster_3057
GCA_040187505.1,CladeB,Pneumonia,Cluster_12,Cluster_3058
GCA_040187515.1,CladeA,Pneumonia,Cluster_20,Cluster_3059
GCA_040187535.1,CladeB,Pneumonia,Cluster_12,Cluster_2360
GCA_040187555.1,CladeB,Pneumonia,Cluster_32,Cluster_939
GCA_040187595.1,CladeB,Urinary,Cluster_52,Cluster_3045
GCA_040187605.1,CladeA,Urinary,Cluster_334,Cluster_3060
GCA_040187635.1,CladeB,Urinary,Cluster_11,Cluster_3061
GCA_040187645.1,CladeB,Pneumonia,Cluster_12,Cluster_3062
GCA_040187655.1,CladeA,Pneumonia,Cluster_1,Cluster_3063
GCA_040187685.1,CladeB,Pneumonia,Cluster_11,Cluster_3061
GCA_040187725.1,CladeA,Pneumonia,Cluster_5,Cluster_3039
GCA_040203215.1,CladeA,Sputum,Cluster_10,Cluster_30
GCA_040203235.1,CladeA,Sputum,Cluster_10,Cluster_30
GCA_040203255.1,CladeA,Sputum,Cluster_10,Cluster_30
GCA_040203275.1,CladeA,Sputum,Cluster_10,Cluster_3064
GCA_040216155.1,CladeA,Wound,Cluster_26,Cluster_3065
GCA_900069025.1,CladeA,Sputum,Cluster_103,Cluster_3066
GCA_900143755.1,CladeA,early.CF,Cluster_66,Cluster_2610
GCA_900143775.1,CladeA,early.CF,Cluster_2,Cluster_1080
GCA_900143785.1,CladeA,early.CF,Cluster_2,Cluster_1080
GCA_900143795.1,CladeA,early.CF,Cluster_75,Cluster_2604
GCA_900143805.1,CladeA,early.CF,Cluster_2,Cluster_1080
GCA_900143835.1,CladeA,early.CF,Cluster_66,Cluster_2610
GCA_900143845.1,CladeA,early.CF,Cluster_20,Cluster_3067
GCA_900143865.1,CladeA,early.CF,Cluster_2,Cluster_1080
GCA_900143885.1,CladeA,early.CF,Cluster_66,Cluster_2610
GCA_900143895.1,CladeA,early.CF,Cluster_20,Cluster_3067
GCA_900143905.1,CladeB,early.CF,Cluster_383,Cluster_3068
GCA_900143915.1,CladeA,early.CF,Cluster_2,Cluster_1080
GCA_900143925.1,CladeA,early.CF,Cluster_56,Cluster_3069
GCA_900143935.1,CladeB,early.CF,Cluster_151,Cluster_3070
GCA_900143945.1,CladeA,early.CF,Cluster_66,Cluster_2610
GCA_900143965.1,CladeA,early.CF,Cluster_20,Cluster_3067
GCA_900143995.1,CladeA,early.CF,Cluster_66,Cluster_2610
GCA_900144005.1,CladeB,early.CF,Cluster_383,Cluster_3068
GCA_900144015.1,CladeA,early.CF,Cluster_66,Cluster_2610
GCA_900144025.1,CladeA,early.CF,Cluster_20,Cluster_3067
GCA_900144035.1,CladeA,early.CF,Cluster_75,Cluster_2604
GCA_900144045.1,CladeA,early.CF,Cluster_75,Cluster_2604
GCA_900144085.1,CladeA,early.CF,Cluster_66,Cluster_2610
GCA_900144105.1,CladeA,early.CF,Cluster_66,Cluster_2610
GCA_900144115.1,CladeA,early.CF,Cluster_2,Cluster_1080
GCA_900144135.1,CladeA,early.CF,Cluster_66,Cluster_2610
GCA_900144155.1,CladeA,early.CF,Cluster_20,Cluster_3067
GCA_900144165.1,CladeA,early.CF,Cluster_20,Cluster_3067
GCA_900144175.1,CladeA,early.CF,Cluster_66,Cluster_2610
GCA_900144185.1,CladeA,early.CF,Cluster_75,Cluster_2604
GCA_900144225.1,CladeA,early.CF,Cluster_2,Cluster_1080
GCA_900144235.1,CladeB,early.CF,Cluster_383,Cluster_3068
GCA_900144255.1,CladeB,early.CF,Cluster_383,Cluster_3068
GCA_900144265.1,CladeB,early.CF,Cluster_383,Cluster_3068
GCA_900144275.1,CladeB,early.CF,Cluster_383,Cluster_3068
GCA_900144285.1,CladeB,early.CF,Cluster_383,Cluster_3068
GCA_900144295.1,CladeB,early.CF,Cluster_383,Cluster_3068
GCA_900144305.1,CladeB,early.CF,Cluster_383,Cluster_3068
GCA_900144315.1,CladeB,early.CF,Cluster_383,Cluster_3068
GCA_900144325.1,CladeB,early.CF,Cluster_383,Cluster_3068
GCA_900144335.1,CladeB,early.CF,Cluster_383,Cluster_3068
GCA_900144355.1,CladeA,early.CF,Cluster_198,Cluster_3071
GCA_900144375.1,CladeA,early.CF,Cluster_103,Cluster_3072
GCA_900144385.1,CladeA,early.CF,Cluster_5,Cluster_3073
GCA_900144395.1,CladeA,early.CF,Cluster_5,Cluster_2640
GCA_900144425.1,CladeA,early.CF,Cluster_5,Cluster_2640
GCA_900144445.1,CladeA,early.CF,Cluster_5,Cluster_2640
GCA_900144455.1,CladeA,early.CF,Cluster_5,Cluster_2640
GCA_900144485.1,CladeA,early.CF,Cluster_5,Cluster_2640
GCA_900144535.1,CladeA,early.CF,Cluster_90,Cluster_3074
GCA_900144565.1,CladeA,early.CF,Cluster_90,Cluster_3074
GCA_900144575.1,CladeA,early.CF,Cluster_90,Cluster_3074
GCA_900144585.1,CladeA,early.CF,Cluster_90,Cluster_3074
GCA_900144645.1,CladeA,early.CF,Cluster_90,Cluster_3074
GCA_900144665.1,CladeB,early.CF,Cluster_384,Cluster_3075
GCA_900144915.1,CladeB,early.CF,Cluster_17,Cluster_843
GCA_900144985.1,CladeB,early.CF,Cluster_17,Cluster_843
GCA_900144995.1,CladeB,early.CF,Cluster_17,Cluster_843
GCA_900145005.1,CladeB,early.CF,Cluster_17,Cluster_843
GCA_900145045.1,CladeB,early.CF,Cluster_17,Cluster_843
GCA_900145055.1,CladeB,early.CF,Cluster_17,Cluster_843
GCA_900145075.1,CladeA,early.CF,Cluster_103,Cluster_3076
GCA_900145105.1,CladeB,early.CF,Cluster_17,Cluster_843
GCA_900145115.1,CladeB,early.CF,Cluster_17,Cluster_843
GCA_900145125.1,CladeB,early.CF,Cluster_17,Cluster_843
GCA_900145145.1,CladeB,early.CF,Cluster_17,Cluster_843
GCA_900145155.1,CladeA,early.CF,Cluster_309,Cluster_2635
GCA_900145165.1,CladeA,early.CF,Cluster_309,Cluster_2635
GCA_900145185.1,CladeA,early.CF,Cluster_309,Cluster_2635
GCA_900145195.1,CladeA,early.CF,Cluster_10,Cluster_3077
GCA_900145205.1,CladeB,early.CF,Cluster_42,Cluster_3078
GCA_900145215.1,CladeA,early.CF,Cluster_184,Cluster_1215
GCA_900145225.1,CladeA,early.CF,Cluster_184,Cluster_1215
GCA_900145235.1,CladeA,early.CF,Cluster_184,Cluster_1215
GCA_900145255.1,CladeA,early.CF,Cluster_309,Cluster_2635
GCA_900145265.1,CladeA,early.CF,Cluster_309,Cluster_2635
GCA_900145275.1,CladeB,early.CF,Cluster_126,Cluster_386
GCA_900145285.1,CladeA,early.CF,Cluster_10,Cluster_3079
GCA_900145295.1,CladeB,early.CF,Cluster_126,Cluster_386
GCA_900145315.1,CladeA,early.CF,Cluster_60,Cluster_2608
GCA_900145335.1,CladeB,early.CF,Cluster_126,Cluster_386
GCA_900145345.1,CladeB,early.CF,Cluster_126,Cluster_386
GCA_900145355.1,CladeA,early.CF,Cluster_5,Cluster_2609
GCA_900145375.1,CladeA,early.CF,Cluster_5,Cluster_2609
GCA_900145395.1,CladeA,early.CF,Cluster_58,Cluster_2638
GCA_900145425.1,CladeA,early.CF,Cluster_58,Cluster_2638
GCA_900145435.1,CladeA,early.CF,Cluster_8,Cluster_2621
GCA_900145455.1,CladeA,early.CF,Cluster_10,Cluster_3080
GCA_900145465.1,CladeA,early.CF,Cluster_8,Cluster_2621
GCA_900145475.1,CladeA,early.CF,Cluster_8,Cluster_2621
GCA_900145485.1,CladeA,early.CF,Cluster_58,Cluster_2638
GCA_900145495.1,CladeA,early.CF,Cluster_58,Cluster_2638
GCA_900145505.1,CladeA,early.CF,Cluster_58,Cluster_2638
GCA_900145515.1,CladeA,early.CF,Cluster_58,Cluster_2638
GCA_900145525.1,CladeA,early.CF,Cluster_58,Cluster_2638
GCA_900145535.1,CladeA,early.CF,Cluster_58,Cluster_2638
GCA_900145545.1,CladeA,early.CF,Cluster_58,Cluster_2638
GCA_900145555.1,CladeA,early.CF,Cluster_58,Cluster_2638
GCA_900145565.1,CladeA,early.CF,Cluster_8,Cluster_2621
GCA_900145575.1,CladeA,early.CF,Cluster_58,Cluster_2638
GCA_900145585.1,CladeA,early.CF,Cluster_148,Cluster_2611
GCA_900145595.1,CladeA,early.CF,Cluster_148,Cluster_2611
GCA_900145605.1,CladeA,early.CF,Cluster_148,Cluster_2611
GCA_900145615.1,CladeA,early.CF,Cluster_148,Cluster_2611
GCA_900145625.1,CladeA,early.CF,Cluster_148,Cluster_2611
GCA_900145635.1,CladeA,early.CF,Cluster_148,Cluster_2611
GCA_900145645.1,CladeA,early.CF,Cluster_148,Cluster_2611
GCA_900145665.1,CladeA,early.CF,Cluster_59,Cluster_3081
GCA_900145675.1,CladeA,early.CF,Cluster_59,Cluster_3081
GCA_900145685.1,CladeA,early.CF,Cluster_59,Cluster_3081
GCA_900145695.1,CladeA,early.CF,Cluster_59,Cluster_3081
GCA_900145705.1,CladeA,early.CF,Cluster_59,Cluster_3081
GCA_900145715.1,CladeA,early.CF,Cluster_59,Cluster_3081
GCA_900145725.1,CladeA,early.CF,Cluster_59,Cluster_3081
GCA_900145735.1,CladeA,early.CF,Cluster_59,Cluster_3081
GCA_900145745.1,CladeA,early.CF,Cluster_59,Cluster_3081
GCA_900145755.1,CladeA,early.CF,Cluster_59,Cluster_3081
GCA_900145765.1,CladeA,early.CF,Cluster_59,Cluster_3081
GCA_900145775.1,CladeA,early.CF,Cluster_59,Cluster_3081
GCA_900145785.1,CladeA,early.CF,Cluster_59,Cluster_3081
GCA_900145825.1,CladeA,early.CF,Cluster_59,Cluster_3081
GCA_900145835.1,CladeA,early.CF,Cluster_68,Cluster_3082
GCA_900145845.1,CladeA,early.CF,Cluster_10,Cluster_3083
GCA_900145855.1,CladeA,early.CF,Cluster_10,Cluster_3083
GCA_900145865.1,CladeA,early.CF,Cluster_10,Cluster_3083
GCA_900145915.1,CladeA,early.CF,Cluster_10,Cluster_3083
GCA_900145925.1,CladeA,early.CF,Cluster_10,Cluster_3083
GCA_900146005.1,CladeA,early.CF,Cluster_60,Cluster_184
GCA_900146015.1,CladeA,early.CF,Cluster_60,Cluster_184
GCA_900146025.1,CladeA,early.CF,Cluster_60,Cluster_184
GCA_900146065.1,CladeA,early.CF,Cluster_9,Cluster_89
GCA_900146085.1,CladeA,early.CF,Cluster_9,Cluster_89
GCA_900146095.1,CladeA,early.CF,Cluster_9,Cluster_89
GCA_900146105.1,CladeA,early.CF,Cluster_9,Cluster_89
GCA_900146115.1,CladeA,early.CF,Cluster_9,Cluster_89
GCA_900146125.1,CladeA,early.CF,Cluster_9,Cluster_89
GCA_900146135.1,CladeA,early.CF,Cluster_9,Cluster_89
GCA_900146145.1,CladeA,early.CF,Cluster_9,Cluster_89
GCA_900146165.1,CladeA,early.CF,Cluster_9,Cluster_89
GCA_900146185.1,CladeA,early.CF,Cluster_9,Cluster_89
GCA_900146195.1,CladeA,early.CF,Cluster_9,Cluster_89
GCA_900146205.1,CladeA,early.CF,Cluster_9,Cluster_89
GCA_900146215.1,CladeA,early.CF,Cluster_9,Cluster_89
GCA_900146235.1,CladeA,early.CF,Cluster_23,Cluster_1630
GCA_900146245.1,CladeA,early.CF,Cluster_2,Cluster_356
GCA_900146255.1,CladeA,early.CF,Cluster_2,Cluster_356
GCA_900146265.1,CladeA,early.CF,Cluster_2,Cluster_356
GCA_900146285.1,CladeA,early.CF,Cluster_2,Cluster_356
GCA_900146305.1,CladeA,early.CF,Cluster_2,Cluster_356
GCA_900146315.1,CladeA,early.CF,Cluster_2,Cluster_356
GCA_900146325.1,CladeA,early.CF,Cluster_2,Cluster_356
GCA_900146335.1,CladeA,early.CF,Cluster_2,Cluster_356
GCA_900146345.1,CladeA,early.CF,Cluster_2,Cluster_356
GCA_900146365.1,CladeA,early.CF,Cluster_2,Cluster_356
GCA_900146375.1,CladeA,early.CF,Cluster_2,Cluster_356
GCA_900146385.1,CladeB,early.CF,Cluster_151,Cluster_3084
GCA_900146395.1,CladeB,early.CF,Cluster_151,Cluster_3084
GCA_900146405.1,CladeB,early.CF,Cluster_151,Cluster_3084
GCA_900146415.1,CladeB,early.CF,Cluster_151,Cluster_3084
GCA_900146425.1,CladeB,early.CF,Cluster_151,Cluster_3084
GCA_900146435.1,CladeB,early.CF,Cluster_151,Cluster_3084
GCA_900146445.1,CladeB,early.CF,Cluster_151,Cluster_3084
GCA_900146455.1,CladeB,early.CF,Cluster_151,Cluster_3084
GCA_900146465.1,CladeB,early.CF,Cluster_151,Cluster_3084
GCA_900146475.1,CladeB,early.CF,Cluster_151,Cluster_3084
GCA_900146485.1,CladeB,early.CF,Cluster_151,Cluster_3084
GCA_900146495.1,CladeB,early.CF,Cluster_151,Cluster_3084
GCA_900146505.1,CladeB,early.CF,Cluster_151,Cluster_3084
GCA_900146515.1,CladeB,early.CF,Cluster_151,Cluster_3084
GCA_900146525.1,CladeB,early.CF,Cluster_11,Cluster_2630
GCA_900146535.1,CladeB,early.CF,Cluster_320,Cluster_3085
GCA_900146545.1,CladeA,early.CF,Cluster_9,Cluster_89
GCA_900146555.1,CladeA,early.CF,Cluster_9,Cluster_89
GCA_900146565.1,CladeA,early.CF,Cluster_9,Cluster_89
GCA_900146575.1,CladeB,early.CF,Cluster_320,Cluster_3085
GCA_900146585.1,CladeA,early.CF,Cluster_147,Cluster_3086
GCA_900146595.1,CladeA,early.CF,Cluster_147,Cluster_3086
GCA_900146605.1,CladeA,early.CF,Cluster_9,Cluster_89
GCA_900146615.1,CladeA,early.CF,Cluster_147,Cluster_3086
GCA_900146625.1,CladeA,early.CF,Cluster_147,Cluster_3086
GCA_900146635.1,CladeA,early.CF,Cluster_147,Cluster_3086
GCA_900146645.1,CladeA,early.CF,Cluster_147,Cluster_3086
GCA_900146655.1,CladeA,early.CF,Cluster_147,Cluster_3086
GCA_900146665.1,CladeB,early.CF,Cluster_17,Cluster_781
GCA_900146675.1,CladeB,early.CF,Cluster_57,Cluster_2629
GCA_900146685.1,CladeA,early.CF,Cluster_375,Cluster_3087
GCA_900146705.1,CladeB,early.CF,Cluster_17,Cluster_970
GCA_900146715.1,CladeB,early.CF,Cluster_17,Cluster_970
GCA_900146725.1,CladeB,early.CF,Cluster_17,Cluster_970
GCA_900146735.1,CladeB,early.CF,Cluster_17,Cluster_970
GCA_900146745.1,CladeB,early.CF,Cluster_17,Cluster_970
GCA_900146755.1,CladeB,early.CF,Cluster_17,Cluster_970
GCA_900146765.1,CladeB,early.CF,Cluster_17,Cluster_970
GCA_900146775.1,CladeA,early.CF,Cluster_96,Cluster_3088
GCA_900146785.1,CladeA,early.CF,Cluster_20,Cluster_227
GCA_900146795.1,CladeA,early.CF,Cluster_20,Cluster_227
GCA_900146805.1,CladeA,early.CF,Cluster_20,Cluster_227
GCA_900146815.1,CladeA,early.CF,Cluster_20,Cluster_227
GCA_900146825.1,CladeA,early.CF,Cluster_385,Cluster_3089
GCA_900146835.1,CladeA,early.CF,Cluster_35,Cluster_342
GCA_900146845.1,CladeA,early.CF,Cluster_35,Cluster_342
GCA_900146855.1,CladeA,early.CF,Cluster_227,Cluster_3090
GCA_900146865.1,CladeA,early.CF,Cluster_227,Cluster_3090
GCA_900146875.1,CladeA,early.CF,Cluster_227,Cluster_3090
GCA_900146885.1,CladeA,early.CF,Cluster_227,Cluster_3090
GCA_900146895.1,CladeA,early.CF,Cluster_227,Cluster_3090
GCA_900146905.1,CladeA,early.CF,Cluster_227,Cluster_3090
GCA_900146915.1,CladeA,early.CF,Cluster_227,Cluster_3090
GCA_900146925.1,CladeA,early.CF,Cluster_227,Cluster_3090
GCA_900146935.1,CladeA,early.CF,Cluster_227,Cluster_3090
GCA_900146945.1,CladeA,early.CF,Cluster_227,Cluster_3090
GCA_900146955.1,CladeA,early.CF,Cluster_227,Cluster_3090
GCA_900146965.1,CladeA,early.CF,Cluster_122,Cluster_3091
GCA_900146975.1,CladeA,early.CF,Cluster_227,Cluster_3090
GCA_900146985.1,CladeA,early.CF,Cluster_122,Cluster_3091
GCA_900146995.1,CladeB,early.CF,Cluster_55,Cluster_3092
GCA_900147015.1,CladeA,early.CF,Cluster_227,Cluster_3090
GCA_900147025.1,CladeA,early.CF,Cluster_227,Cluster_3090
GCA_900147035.1,CladeA,early.CF,Cluster_227,Cluster_3090
GCA_900147045.1,CladeA,early.CF,Cluster_227,Cluster_3090
GCA_900147055.1,CladeA,early.CF,Cluster_227,Cluster_3090
GCA_900147065.1,CladeA,early.CF,Cluster_227,Cluster_3090
GCA_900147075.1,CladeA,early.CF,Cluster_35,Cluster_3093
GCA_900147085.1,CladeA,early.CF,Cluster_60,Cluster_2636
GCA_900147095.1,CladeA,early.CF,Cluster_60,Cluster_2636
GCA_900147105.1,CladeA,early.CF,Cluster_60,Cluster_2636
GCA_900147115.1,CladeA,early.CF,Cluster_60,Cluster_2636
GCA_900147125.1,CladeB,early.CF,Cluster_343,Cluster_3094
GCA_900147135.1,CladeB,early.CF,Cluster_343,Cluster_3094
GCA_900147165.1,CladeA,early.CF,Cluster_246,Cluster_3095
GCA_900147175.1,CladeA,early.CF,Cluster_2,Cluster_356
GCA_900147195.1,CladeA,early.CF,Cluster_2,Cluster_356
GCA_900147225.1,CladeA,early.CF,Cluster_203,Cluster_2620
GCA_900147755.1,CladeA,early.CF,Cluster_2,Cluster_1080
GCA_900147795.1,CladeB,early.CF,Cluster_17,Cluster_843
GCA_900147815.1,CladeA,early.CF,Cluster_184,Cluster_1215
GCA_900147835.1,CladeA,early.CF,Cluster_8,Cluster_2621
GCA_900147845.1,CladeA,early.CF,Cluster_8,Cluster_2621
GCA_900147855.1,CladeA,early.CF,Cluster_59,Cluster_3081
GCA_900147885.1,CladeA,early.CF,Cluster_66,Cluster_2610
GCA_900147895.1,CladeB,early.CF,Cluster_151,Cluster_3084
GCA_900147905.1,CladeB,early.CF,Cluster_151,Cluster_3084
GCA_900147915.1,CladeB,early.CF,Cluster_151,Cluster_3084
GCA_900147975.1,CladeA,early.CF,Cluster_103,Cluster_3096
GCA_900148005.1,CladeA,early.CF,Cluster_20,Cluster_3067
GCA_900148045.1,CladeB,early.CF,Cluster_383,Cluster_3068
GCA_900148095.1,CladeB,early.CF,Cluster_355,Cluster_2634
GCA_900148275.1,CladeB,early.CF,Cluster_383,Cluster_3068
GCA_900148285.1,CladeA,early.CF,Cluster_77,Cluster_2639
GCA_900148295.1,CladeA,early.CF,Cluster_77,Cluster_2639
GCA_900148305.1,CladeA,early.CF,Cluster_5,Cluster_2640
GCA_900148315.1,CladeA,early.CF,Cluster_5,Cluster_2640
GCA_900148325.1,CladeA,early.CF,Cluster_5,Cluster_2640
GCA_900185255.1,CladeA,CF,Cluster_2,Cluster_3097
GCA_900406825.1,CladeA,Wound,Cluster_63,Cluster_3098
GCA_900406835.1,CladeA,Wound,Cluster_233,Cluster_3099
GCA_900406845.1,CladeA,Sputum,Cluster_87,Cluster_3100
GCA_900406865.1,CladeB,Wound,Cluster_12,Cluster_3101
GCA_900406875.1,CladeA,Sputum,Cluster_147,Cluster_3102
GCA_900406885.1,CladeA,Wound,Cluster_5,Cluster_3103
GCA_900406935.1,CladeA,Wound,Cluster_177,Cluster_1316
GCA_900406945.1,CladeA,Wound,Cluster_128,Cluster_3104
GCA_900406955.1,CladeA,Wound,Cluster_58,Cluster_3105
GCA_900406965.1,CladeA,Wound,Cluster_58,Cluster_3106
GCA_900455295.1,CladeB,Aquatic,Cluster_382,Cluster_3107
GCA_900455365.1,CladeA,Blood,Cluster_26,Cluster_1191
GCA_900455455.1,CladeA,Sputum,Cluster_1,Cluster_3108
GCA_900455535.1,CladeA,Throat,Cluster_43,Cluster_3109
GCA_900461635.1,CladeA,Urinary,Cluster_24,Cluster_3110
GCA_900607565.1,CladeA,Hospital.Environment,Cluster_60,Cluster_3111
GCA_900607915.1,CladeA,Hospital.Environment,Cluster_60,Cluster_3112
GCA_900608035.1,CladeC,Hospital.Environment,Cluster_6,Cluster_3113
GCA_900608125.1,CladeA,Hospital.Environment,Cluster_60,Cluster_3114
GCA_900618245.1,CladeA,Hospital.Environment,Cluster_60,Cluster_3115
GCA_900618255.1,CladeA,Hospital.Environment,Cluster_34,Cluster_3116
GCA_900618265.1,CladeA,Hospital.Environment,Cluster_34,Cluster_3116
GCA_900618275.1,CladeA,Hospital.Environment,Cluster_34,Cluster_3116
GCA_900618285.1,CladeB,Hospital.Environment,Cluster_64,Cluster_3117
GCA_900618305.1,CladeB,Hospital.Environment,Cluster_64,Cluster_3118
GCA_900618315.1,CladeA,Hospital.Environment,Cluster_34,Cluster_3116
GCA_900618325.1,CladeA,Hospital.Environment,Cluster_34,Cluster_3116
GCA_900618335.1,CladeA,Hospital.Environment,Cluster_34,Cluster_3116
GCA_900636755.1,CladeA,Blood,Cluster_10,Cluster_675
GCA_900636975.1,CladeB,Urinary,Cluster_16,Cluster_3119
GCA_901456165.1,CladeB,Blood,Cluster_52,Cluster_3120
GCA_901456185.1,CladeB,Blood,Cluster_52,Cluster_3120
GCA_901456195.1,CladeB,Blood,Cluster_52,Cluster_3120
GCA_901456215.1,CladeB,Rectal/Feces,Cluster_52,Cluster_3120
GCA_901472545.1,CladeA,Aquatic,Cluster_35,Cluster_3121
GCA_902201705.1,CladeB,Sputum,Cluster_11,Cluster_256
GCA_902201715.1,CladeB,Throat,Cluster_11,Cluster_256
GCA_902201725.1,CladeA,Rectal/Feces,Cluster_5,Cluster_3122
GCA_902201735.1,CladeB,Sputum,Cluster_112,Cluster_668
GCA_902201745.1,CladeB,Rectal/Feces,Cluster_11,Cluster_256
GCA_902201755.1,CladeB,Sputum,Cluster_112,Cluster_668
GCA_902201765.1,CladeB,Sputum,Cluster_11,Cluster_256
GCA_902201775.1,CladeB,Sputum,Cluster_11,Cluster_256
GCA_902201785.1,CladeB,Sputum,Cluster_11,Cluster_256
GCA_902201795.1,CladeB,Throat,Cluster_12,Cluster_3123
GCA_902201805.1,CladeB,Throat,Cluster_11,Cluster_256
GCA_902201815.1,CladeB,Rectal/Feces,Cluster_11,Cluster_256
GCA_902201825.1,CladeB,Rectal/Feces,Cluster_11,Cluster_256
GCA_902201835.1,CladeB,Rectal/Feces,Cluster_11,Cluster_256
GCA_902201845.1,CladeB,Throat,Cluster_11,Cluster_256
GCA_902201855.1,CladeB,Rectal/Feces,Cluster_11,Cluster_256
GCA_902201875.1,CladeB,Throat,Cluster_11,Cluster_256
GCA_902201895.1,CladeB,Throat,Cluster_11,Cluster_256
GCA_902201905.1,CladeB,Sputum,Cluster_114,Cluster_3124
GCA_902201915.1,CladeB,Throat,Cluster_112,Cluster_668
GCA_902201925.1,CladeB,Throat,Cluster_11,Cluster_256
GCA_902201935.1,CladeB,Sputum,Cluster_114,Cluster_3124
GCA_902201945.1,CladeB,Sputum,Cluster_114,Cluster_3124
GCA_902201955.1,CladeB,Rectal/Feces,Cluster_114,Cluster_3124
GCA_902201965.1,CladeA,Throat,Cluster_386,Cluster_3125
GCA_902201975.1,CladeB,Rectal/Feces,Cluster_114,Cluster_3124
GCA_902201985.1,CladeB,Urinary,Cluster_114,Cluster_3124
GCA_902201995.1,CladeB,Rectal/Feces,Cluster_114,Cluster_3124
GCA_902202005.1,CladeB,Wound,Cluster_112,Cluster_668
GCA_902202015.1,CladeB,Rectal/Feces,Cluster_114,Cluster_3124
GCA_902202025.1,CladeB,Rectal/Feces,Cluster_11,Cluster_256
GCA_902202035.1,CladeB,Rectal/Feces,Cluster_11,Cluster_3126
GCA_902202045.1,CladeB,Built.Environment,Cluster_11,Cluster_256
GCA_902202055.1,CladeB,Throat,Cluster_11,Cluster_256
GCA_902202065.1,CladeB,Throat,Cluster_114,Cluster_3124
GCA_902202075.1,CladeB,Sputum,Cluster_114,Cluster_3124
GCA_902202085.1,CladeB,Throat,Cluster_11,Cluster_3126
GCA_902202095.1,CladeB,Throat,Cluster_114,Cluster_3124
GCA_902202105.1,CladeB,Rectal/Feces,Cluster_11,Cluster_256
GCA_902202115.1,CladeB,Urinary,Cluster_11,Cluster_3127
GCA_902202125.1,CladeB,Rectal/Feces,Cluster_11,Cluster_3127
GCA_902202135.1,CladeB,Rectal/Feces,Cluster_11,Cluster_3128
GCA_902202145.1,CladeB,Sputum,Cluster_11,Cluster_3128
GCA_902202155.1,CladeB,Sputum,Cluster_11,Cluster_3128
GCA_902202165.1,CladeB,Throat,Cluster_11,Cluster_256
GCA_902202175.1,CladeB,Rectal/Feces,Cluster_112,Cluster_668
GCA_902202185.1,CladeB,Throat,Cluster_11,Cluster_3127
GCA_902202195.1,CladeB,Throat,Cluster_80,Cluster_3129
GCA_902202205.1,CladeB,Throat,Cluster_11,Cluster_3128
GCA_902202215.1,CladeA,Throat,Cluster_20,Cluster_3130
GCA_902202225.1,CladeB,Rectal/Feces,Cluster_11,Cluster_256
GCA_902202245.1,CladeB,Rectal/Feces,Cluster_11,Cluster_3128
GCA_902202255.1,CladeB,Rectal/Feces,Cluster_112,Cluster_668
GCA_902202265.1,CladeB,Throat,Cluster_11,Cluster_256
GCA_902202275.1,CladeB,Throat,Cluster_11,Cluster_3128
GCA_902202285.1,CladeB,Wound,Cluster_11,Cluster_3128
GCA_902202295.1,CladeB,Rectal/Feces,Cluster_11,Cluster_3128
GCA_902202305.1,CladeB,Throat,Cluster_11,Cluster_256
GCA_902202315.1,CladeB,Throat,Cluster_11,Cluster_3128
GCA_902202325.1,CladeB,Rectal/Feces,Cluster_112,Cluster_668
GCA_902202335.1,CladeB,Throat,Cluster_112,Cluster_668
GCA_902202355.1,CladeB,Rectal/Feces,Cluster_112,Cluster_668
GCA_902202365.1,CladeA,Throat,Cluster_99,Cluster_3131
GCA_902202375.1,CladeB,Rectal/Feces,Cluster_112,Cluster_668
GCA_902202385.1,CladeB,Throat,Cluster_11,Cluster_3128
GCA_902202395.1,CladeB,Lung,Cluster_11,Cluster_3128
GCA_902202405.1,CladeB,Throat,Cluster_112,Cluster_668
GCA_902202425.1,CladeB,Throat,Cluster_112,Cluster_668
GCA_902202435.1,CladeB,Rectal/Feces,Cluster_112,Cluster_668
GCA_902202445.1,CladeB,Rectal/Feces,Cluster_11,Cluster_3128
GCA_902202455.1,CladeB,Throat,Cluster_112,Cluster_668
GCA_902202465.1,CladeA,Throat,Cluster_99,Cluster_3131
GCA_902202475.1,CladeB,Rectal/Feces,Cluster_112,Cluster_668
GCA_902202485.1,CladeB,Throat,Cluster_112,Cluster_668
GCA_902202495.1,CladeB,Throat,Cluster_112,Cluster_668
GCA_902202505.1,CladeB,Rectal/Feces,Cluster_112,Cluster_668
GCA_902202515.1,CladeB,Sputum,Cluster_112,Cluster_668
GCA_902202525.1,CladeB,Rectal/Feces,Cluster_112,Cluster_668
GCA_902202555.1,CladeB,Rectal/Feces,Cluster_11,Cluster_3128
GCA_902202565.1,CladeB,Sputum,Cluster_112,Cluster_668
GCA_902202575.1,CladeB,Throat,Cluster_112,Cluster_668
GCA_902202585.1,CladeB,Rectal/Feces,Cluster_112,Cluster_668
GCA_902202595.1,CladeB,Rectal/Feces,Cluster_112,Cluster_668
GCA_902202625.1,CladeB,Urinary,Cluster_112,Cluster_668
GCA_902202645.1,CladeB,Sputum,Cluster_112,Cluster_668
GCA_902202655.1,CladeB,Sputum,Cluster_112,Cluster_668
GCA_902202665.1,CladeB,Rectal/Feces,Cluster_11,Cluster_256
GCA_902202685.1,CladeB,Sputum,Cluster_112,Cluster_668
GCA_902202705.1,CladeB,Sputum,Cluster_112,Cluster_668
GCA_902202725.1,CladeB,Throat,Cluster_112,Cluster_668
GCA_902202735.1,CladeB,Throat,Cluster_112,Cluster_668
GCA_902202815.1,CladeB,Rectal/Feces,Cluster_112,Cluster_668
GCA_902202845.1,CladeB,Throat,Cluster_112,Cluster_668
GCA_902202865.1,CladeB,Throat,Cluster_112,Cluster_668
GCA_902202895.1,CladeA,Throat,Cluster_387,Cluster_3132
GCA_902202905.1,CladeA,Sputum,Cluster_68,Cluster_3133
GCA_902202915.1,CladeB,Throat,Cluster_112,Cluster_668
GCA_902202925.1,CladeB,Rectal/Feces,Cluster_112,Cluster_668
GCA_902202945.1,CladeB,Rectal/Feces,Cluster_12,Cluster_3123
GCA_902202955.1,CladeB,Throat,Cluster_12,Cluster_3123
GCA_902202965.1,CladeB,Throat,Cluster_112,Cluster_668
GCA_902202975.1,CladeB,Throat,Cluster_81,Cluster_3134
GCA_902202985.1,CladeB,Sputum,Cluster_12,Cluster_3123
GCA_902202995.1,CladeB,Throat,Cluster_81,Cluster_3134
GCA_902203005.1,CladeB,Throat,Cluster_114,Cluster_3135
GCA_902203025.1,CladeB,Throat,Cluster_12,Cluster_3136
GCA_902203035.1,CladeB,Rectal/Feces,Cluster_81,Cluster_3134
GCA_902203045.1,CladeB,Rectal/Feces,Cluster_11,Cluster_3128
GCA_902203055.1,CladeB,Sputum,Cluster_12,Cluster_3123
GCA_902203065.1,CladeB,Rectal/Feces,Cluster_12,Cluster_3123
GCA_902203075.1,CladeA,Throat,Cluster_68,Cluster_3137
GCA_902203105.1,CladeB,Sputum,Cluster_12,Cluster_3123
GCA_902203115.1,CladeB,Blood,Cluster_11,Cluster_3128
GCA_902203125.1,CladeB,Throat,Cluster_12,Cluster_3123
GCA_902203135.1,CladeB,Sputum,Cluster_12,Cluster_3123
GCA_902203145.1,CladeB,Rectal/Feces,Cluster_114,Cluster_3138
GCA_902203155.1,CladeB,Rectal/Feces,Cluster_12,Cluster_3123
GCA_902203165.1,CladeB,Rectal/Feces,Cluster_81,Cluster_3134
GCA_902203175.1,CladeB,Blood,Cluster_11,Cluster_3128
GCA_902203185.1,CladeB,Throat,Cluster_12,Cluster_3123
GCA_902203195.1,CladeA,Throat,Cluster_5,Cluster_3139
GCA_902203205.1,CladeB,Rectal/Feces,Cluster_12,Cluster_3123
GCA_902203215.1,CladeB,Throat,Cluster_12,Cluster_3123
GCA_902203225.1,CladeB,Rectal/Feces,Cluster_11,Cluster_3140
GCA_902203235.1,CladeB,Blood,Cluster_11,Cluster_3128
GCA_902203245.1,CladeB,Throat,Cluster_12,Cluster_3123
GCA_902203255.1,CladeB,Rectal/Feces,Cluster_11,Cluster_3141
GCA_902203265.1,CladeB,Rectal/Feces,Cluster_11,Cluster_3128
GCA_902203275.1,CladeB,Rectal/Feces,Cluster_12,Cluster_3123
GCA_902203285.1,CladeB,Throat,Cluster_12,Cluster_3123
GCA_902203295.1,CladeB,Rectal/Feces,Cluster_12,Cluster_3142
GCA_902203305.1,CladeB,Sputum,Cluster_11,Cluster_256
GCA_902203315.1,CladeB,Throat,Cluster_12,Cluster_3123
GCA_902203325.1,CladeB,Throat,Cluster_11,Cluster_3128
GCA_902203335.1,CladeB,Wound,Cluster_12,Cluster_3123
GCA_902203345.1,CladeB,Throat,Cluster_12,Cluster_3123
GCA_902203355.1,CladeB,Rectal/Feces,Cluster_12,Cluster_3123
GCA_902203365.1,CladeB,Rectal/Feces,Cluster_12,Cluster_3123
GCA_902203375.1,CladeB,Throat,Cluster_12,Cluster_3123
GCA_902203385.1,CladeB,Throat,Cluster_12,Cluster_3123
GCA_902203405.1,CladeB,Throat,Cluster_12,Cluster_3142
GCA_902203435.1,CladeB,Sputum,Cluster_12,Cluster_3142
GCA_902203455.1,CladeB,Rectal/Feces,Cluster_12,Cluster_3142
GCA_902203585.1,CladeA,Rectal/Feces,Cluster_26,Cluster_3143
GCA_902203595.1,CladeB,Rectal/Feces,Cluster_11,Cluster_3144
GCA_902203605.1,CladeB,Wound,Cluster_12,Cluster_3123
GCA_902203615.1,CladeA,Rectal/Feces,Cluster_26,Cluster_3143
GCA_902203625.1,CladeB,Sputum,Cluster_11,Cluster_3128
GCA_902203635.1,CladeB,Urinary,Cluster_12,Cluster_3123
GCA_902203645.1,CladeB,Throat,Cluster_12,Cluster_3123
GCA_902203655.1,CladeB,Rectal/Feces,Cluster_11,Cluster_3128
GCA_902203665.1,CladeB,Throat,Cluster_12,Cluster_3123
GCA_902203675.1,CladeB,Throat,Cluster_112,Cluster_668
GCA_902203685.1,CladeB,Throat,Cluster_12,Cluster_3123
GCA_902203705.1,CladeB,Throat,Cluster_12,Cluster_3123
GCA_902203715.1,CladeB,Throat,Cluster_11,Cluster_3145
GCA_902203725.1,CladeB,Rectal/Feces,Cluster_11,Cluster_3146
GCA_902203735.1,CladeB,Rectal/Feces,Cluster_11,Cluster_256
GCA_902203745.1,CladeB,Sputum,Cluster_11,Cluster_256
GCA_902203755.1,CladeB,Sputum,Cluster_112,Cluster_668
GCA_902203765.1,CladeB,Urinary,Cluster_12,Cluster_3123
GCA_902203775.1,CladeB,Throat,Cluster_11,Cluster_3147
GCA_902203785.1,CladeB,Wound,Cluster_11,Cluster_256
GCA_902203795.1,CladeB,Sputum,Cluster_12,Cluster_3148
GCA_902203805.1,CladeB,Throat,Cluster_12,Cluster_3123
GCA_902203815.1,CladeB,Rectal/Feces,Cluster_12,Cluster_3149
GCA_902203825.1,CladeB,Throat,Cluster_11,Cluster_3150
GCA_902203835.1,CladeB,Rectal/Feces,Cluster_112,Cluster_668
GCA_902203845.1,CladeB,Throat,Cluster_12,Cluster_3123
GCA_902203855.1,CladeB,Throat,Cluster_12,Cluster_3151
GCA_902203865.1,CladeB,Urinary,Cluster_112,Cluster_3152
GCA_902203875.1,CladeB,Rectal/Feces,Cluster_12,Cluster_3123
GCA_902203885.1,CladeB,Rectal/Feces,Cluster_112,Cluster_668
GCA_902203895.1,CladeB,Throat,Cluster_84,Cluster_3153
GCA_902203905.1,CladeB,Throat,Cluster_112,Cluster_668
GCA_902203915.1,CladeB,Rectal/Feces,Cluster_12,Cluster_3123
GCA_902203925.1,CladeB,Rectal/Feces,Cluster_11,Cluster_3154
GCA_902203935.1,CladeB,Sputum,Cluster_11,Cluster_3154
GCA_902203945.1,CladeB,Wound,Cluster_11,Cluster_3154
GCA_902203955.1,CladeB,Throat,Cluster_11,Cluster_3155
GCA_902203965.1,CladeB,Wound,Cluster_11,Cluster_3154
GCA_902203975.1,CladeB,Throat,Cluster_11,Cluster_3154
GCA_902203985.1,CladeA,Lung,Cluster_25,Cluster_3156
GCA_902203995.1,CladeB,Sputum,Cluster_11,Cluster_3128
GCA_902204115.1,CladeB,Throat,Cluster_112,Cluster_668
GCA_902204125.1,CladeA,Throat,Cluster_41,Cluster_3157
GCA_902204135.1,CladeA,Throat,Cluster_41,Cluster_3157
GCA_902204165.1,CladeB,Throat,Cluster_112,Cluster_668
GCA_902632995.1,CladeB,Throat,Cluster_365,Cluster_3158
GCA_902633005.1,CladeA,Throat,Cluster_20,Cluster_3159
GCA_902633015.1,CladeA,Throat,Cluster_322,Cluster_3160
GCA_902633025.1,CladeA,Rectal/Feces,Cluster_103,Cluster_3161
GCA_902633035.1,CladeB,Throat,Cluster_55,Cluster_3162
GCA_902633045.1,CladeA,Throat,Cluster_20,Cluster_3163
GCA_902633055.1,CladeA,Throat,Cluster_10,Cluster_3164
GCA_902633065.1,CladeB,Rectal/Feces,Cluster_11,Cluster_3165
GCA_902633075.1,CladeA,Rectal/Feces,Cluster_20,Cluster_3163
GCA_902807105.1,CladeA,Hospital.Environment,Cluster_10,Cluster_3166
GCA_902807215.1,CladeA,Hospital.Environment,Cluster_10,Cluster_3166
GCA_904866275.1,CladeA,Sputum,Cluster_24,Cluster_3167
GCA_905068145.1,CladeA,CF,Cluster_20,Cluster_3168
GCA_905068165.1,CladeA,CF,Cluster_115,Cluster_3169
GCA_905068175.1,CladeA,CF,Cluster_20,Cluster_3170
GCA_905068185.1,CladeA,CF,Cluster_115,Cluster_3171
GCA_905071885.1,CladeB,Urinary,Cluster_12,Cluster_3172
GCA_943912275.1,CladeA,Skin,Cluster_388,Cluster_3173
GCA_949054815.1,CladeA,Wound,Cluster_5,Cluster_3174
GCA_949054925.1,CladeA,Sputum,Cluster_43,Cluster_3175
GCA_949055305.1,CladeA,Wound,Cluster_5,Cluster_3174
GCA_949056195.1,CladeB,Wound,Cluster_218,Cluster_1617
GCA_949057645.1,CladeB,Wound,Cluster_11,Cluster_3176
GCA_949060405.1,CladeB,Urinary,Cluster_16,Cluster_22
GCA_949062205.1,CladeB,Wound,Cluster_16,Cluster_22
GCA_949062235.1,CladeA,Urinary,Cluster_1,Cluster_3177
GCA_949062625.1,CladeA,Urinary,Cluster_1,Cluster_3178
GCA_949069575.1,CladeA,Wound,Cluster_65,Cluster_3179
GCA_949069615.1,CladeA,Wound,Cluster_22,Cluster_3180
GCA_949070295.1,CladeB,Sputum,Cluster_11,Cluster_3181
GCA_949070315.1,CladeB,Wound,Cluster_16,Cluster_22
GCA_949070495.1,CladeB,Burn,Cluster_11,Cluster_256
GCA_949072555.1,CladeB,Wound,Cluster_12,Cluster_3182
GCA_949072665.1,CladeA,Wound,Cluster_103,Cluster_3183
GCA_949072905.1,CladeB,Wound,Cluster_16,Cluster_22
GCA_949072975.1,CladeB,Wound,Cluster_16,Cluster_3184
GCA_949073125.1,CladeB,Wound,Cluster_12,Cluster_3185
GCA_949073145.1,CladeB,Wound,Cluster_389,Cluster_3186
GCA_949073155.1,CladeB,Urinary,Cluster_163,Cluster_3187
GCA_949073165.1,CladeB,Urinary,Cluster_16,Cluster_22
GCA_949073195.1,CladeB,Wound,Cluster_12,Cluster_3188
GCA_949073215.1,CladeA,Wound,Cluster_5,Cluster_3189
GCA_949073275.1,CladeB,Wound,Cluster_16,Cluster_22
GCA_949073315.1,CladeB,Wound,Cluster_390,Cluster_3190
GCA_949073345.1,CladeB,Wound,Cluster_32,Cluster_3191
GCA_949073435.1,CladeB,Wound,Cluster_57,Cluster_3192
GCA_949073465.1,CladeB,Wound,Cluster_16,Cluster_22
GCA_949073485.1,CladeB,Wound,Cluster_379,Cluster_3193
GCA_949073495.1,CladeA,Wound,Cluster_5,Cluster_3194
GCA_949073505.1,CladeB,Wound,Cluster_12,Cluster_3195
GCA_949073605.1,CladeB,Wound,Cluster_16,Cluster_22
GCA_949073725.1,CladeB,Wound,Cluster_16,Cluster_22
GCA_949073865.1,CladeB,Wound,Cluster_11,Cluster_256
GCA_949073895.1,CladeA,Wound,Cluster_5,Cluster_3189
GCA_949073955.1,CladeB,Wound,Cluster_11,Cluster_3196
GCA_949074505.1,CladeA,Wound,Cluster_231,Cluster_3197
GCA_949074655.1,CladeB,Wound,Cluster_16,Cluster_22
GCA_949074665.1,CladeB,Wound,Cluster_11,Cluster_3198
GCA_949074765.1,CladeB,Wound,Cluster_16,Cluster_22
GCA_949074815.1,CladeA,Wound,Cluster_391,Cluster_3199
GCA_949074865.1,CladeA,Wound,Cluster_8,Cluster_3200
GCA_949075165.1,CladeB,Wound,Cluster_16,Cluster_22
GCA_949075205.1,CladeA,Wound,Cluster_43,Cluster_3201
GCA_949075615.1,CladeB,Ear,Cluster_145,Cluster_3202
GCA_949075635.1,CladeA,Wound,Cluster_5,Cluster_3203
GCA_949075835.1,CladeB,Wound,Cluster_11,Cluster_3204
GCA_949075855.1,CladeB,Urinary,Cluster_16,Cluster_22
GCA_949075865.1,CladeA,Wound,Cluster_66,Cluster_3205
GCA_949075965.1,CladeA,Wound,Cluster_5,Cluster_3206
GCA_949076115.1,CladeA,Wound,Cluster_359,Cluster_3207
GCA_949076225.1,CladeB,Wound,Cluster_32,Cluster_3191
GCA_949076355.1,CladeB,Wound,Cluster_11,Cluster_3208
GCA_949076735.1,CladeA,Wound,Cluster_246,Cluster_3209
GCA_949077305.1,CladeA,Wound,Cluster_26,Cluster_3210
GCA_949077315.1,CladeA,Wound,Cluster_26,Cluster_3211
GCA_949077325.1,CladeB,Wound,Cluster_16,Cluster_22
GCA_949077335.1,CladeB,Animal,Cluster_16,Cluster_22
GCA_949077345.1,CladeA,Urinary,Cluster_25,Cluster_3212
GCA_949077415.1,CladeA,Wound,Cluster_5,Cluster_3213
GCA_949077425.1,CladeB,Urinary,Cluster_16,Cluster_22
GCA_949077435.1,CladeA,Urinary,Cluster_1,Cluster_3177
GCA_949077445.1,CladeA,Urinary,Cluster_1,Cluster_3214
GCA_949077455.1,CladeA,Wound,Cluster_285,Cluster_3215
GCA_949077465.1,CladeA,Wound,Cluster_26,Cluster_3211
GCA_949077475.1,CladeB,Urinary,Cluster_16,Cluster_22
GCA_949077495.1,CladeB,Wound,Cluster_16,Cluster_3216
GCA_949077505.1,CladeB,Urinary,Cluster_16,Cluster_22
GCA_949077525.1,CladeB,Wound,Cluster_16,Cluster_22
GCA_949077535.1,CladeA,Urinary,Cluster_53,Cluster_3217
GCA_949077565.1,CladeB,Wound,Cluster_16,Cluster_22
GCA_949077595.1,CladeA,Wound,Cluster_43,Cluster_3218
GCA_949077635.1,CladeB,Wound,Cluster_12,Cluster_3219
GCA_949077655.1,CladeB,Wound,Cluster_16,Cluster_22
GCA_949077665.1,CladeA,Wound,Cluster_58,Cluster_3220
GCA_949077695.1,CladeB,Lung,Cluster_11,Cluster_3221
GCA_949077835.1,CladeB,Urinary,Cluster_11,Cluster_3222
GCA_949077845.1,CladeA,Wound,Cluster_5,Cluster_3223
GCA_949077865.1,CladeA,Wound,Cluster_5,Cluster_3224
GCA_949077895.1,CladeB,Wound,Cluster_16,Cluster_22
GCA_949077905.1,CladeB,Urinary,Cluster_16,Cluster_22
GCA_949078275.1,CladeA,Sputum,Cluster_66,Cluster_3225
GCA_949078685.1,CladeA,Wound,Cluster_212,Cluster_3226
GCA_949078695.1,CladeA,Wound,Cluster_26,Cluster_3227
GCA_949078725.1,CladeB,Wound,Cluster_32,Cluster_3191
GCA_949078735.1,CladeB,Plant,Cluster_11,Cluster_3222
GCA_949078765.1,CladeB,Wound,Cluster_16,Cluster_3228
GCA_949078845.1,CladeA,Sputum,Cluster_40,Cluster_594
GCA_949078855.1,CladeB,Wound,Cluster_52,Cluster_3229
GCA_949078905.1,CladeA,Ear,Cluster_24,Cluster_3230
GCA_949078945.1,CladeA,Wound,Cluster_10,Cluster_3231
GCA_949078955.1,CladeA,Wound,Cluster_147,Cluster_3232
GCA_949078985.1,CladeA,Wound,Cluster_26,Cluster_3233
GCA_949079005.1,CladeA,Wound,Cluster_5,Cluster_3174
GCA_949079015.1,CladeA,Wound,Cluster_26,Cluster_3211
GCA_949079025.1,CladeB,Wound,Cluster_16,Cluster_3234
GCA_949079035.1,CladeB,Wound,Cluster_57,Cluster_3235
GCA_949079045.1,CladeB,Wound,Cluster_16,Cluster_22
GCA_949079065.1,CladeB,Wound,Cluster_16,Cluster_22
GCA_949079095.1,CladeB,Urinary,Cluster_16,Cluster_22
GCA_949079115.1,CladeB,Wound,Cluster_16,Cluster_22
GCA_949079135.1,CladeA,Wound,Cluster_293,Cluster_3236
GCA_949120935.1,CladeB,Urinary,Cluster_81,Cluster_3237
GCA_951691365.2,CladeA,Blood,Cluster_26,Cluster_3238
GCA_951802375.2,CladeA,Throat,Cluster_123,Cluster_3239
GCA_951805275.2,CladeA,Urinary,Cluster_123,Cluster_3240
GCA_958438755.1,CladeA,Rectal/Feces,Cluster_35,Cluster_3241
GCA_963426545.1,CladeA,Bronchiectasis,Cluster_40,Cluster_3242
GCA_963426565.1,CladeA,Bronchiectasis,Cluster_94,Cluster_3243
GCA_963426575.1,CladeA,Bronchiectasis,Cluster_23,Cluster_3244
GCA_963426585.1,CladeB,Bronchiectasis,Cluster_4,Cluster_3245
GCA_963426605.1,CladeA,Bronchiectasis,Cluster_282,Cluster_3246
GCA_963426615.1,CladeA,Bronchiectasis,Cluster_68,Cluster_3247
GCA_963426645.1,CladeA,Bronchiectasis,Cluster_13,Cluster_3248
GCA_963426665.1,CladeA,Bronchiectasis,Cluster_10,Cluster_3249
GCA_963426685.1,CladeA,Bronchiectasis,Cluster_40,Cluster_3242
GCA_963426705.1,CladeA,Bronchiectasis,Cluster_41,Cluster_3250
GCA_963426715.1,CladeA,Bronchiectasis,Cluster_111,Cluster_326
GCA_963426725.1,CladeA,Bronchiectasis,Cluster_36,Cluster_3251
GCA_963426735.1,CladeA,Bronchiectasis,Cluster_2,Cluster_3252
GCA_963426745.1,CladeB,Bronchiectasis,Cluster_200,Cluster_3253
GCA_963426755.1,CladeA,Bronchiectasis,Cluster_31,Cluster_3254
GCA_963426775.1,CladeA,Bronchiectasis,Cluster_22,Cluster_3255
GCA_963426785.1,CladeA,Bronchiectasis,Cluster_36,Cluster_3256
GCA_963426795.1,CladeA,Bronchiectasis,Cluster_68,Cluster_3257
GCA_963426805.1,CladeB,Bronchiectasis,Cluster_200,Cluster_3253
GCA_963426815.1,CladeA,Bronchiectasis,Cluster_230,Cluster_3258
GCA_963426825.1,CladeA,Bronchiectasis,Cluster_227,Cluster_3259
GCA_963426835.1,CladeA,Bronchiectasis,Cluster_392,Cluster_3260
GCA_963426865.1,CladeB,Bronchiectasis,Cluster_64,Cluster_153
GCA_963426875.1,CladeA,Bronchiectasis,Cluster_230,Cluster_3261
GCA_963426885.1,CladeA,Bronchiectasis,Cluster_230,Cluster_3258
GCA_963426895.1,CladeA,Bronchiectasis,Cluster_116,Cluster_3262
GCA_963426905.1,CladeA,Bronchiectasis,Cluster_242,Cluster_1120
GCA_963426915.1,CladeA,Bronchiectasis,Cluster_393,Cluster_3263
GCA_963426925.1,CladeA,Bronchiectasis,Cluster_394,Cluster_3264
GCA_963426935.1,CladeA,Bronchiectasis,Cluster_70,Cluster_1091
GCA_963426945.1,CladeA,Bronchiectasis,Cluster_230,Cluster_3265
GCA_963426955.1,CladeA,Bronchiectasis,Cluster_211,Cluster_3266
GCA_963426965.1,CladeA,Bronchiectasis,Cluster_282,Cluster_3267
GCA_963426975.1,CladeA,Bronchiectasis,Cluster_30,Cluster_94
GCA_963426995.1,CladeB,Bronchiectasis,Cluster_55,Cluster_2544
GCA_963427005.1,CladeA,Bronchiectasis,Cluster_282,Cluster_3246
GCA_963427015.1,CladeA,Bronchiectasis,Cluster_58,Cluster_1568
GCA_963427025.1,CladeA,Bronchiectasis,Cluster_24,Cluster_3268
GCA_963427035.1,CladeA,Bronchiectasis,Cluster_94,Cluster_968
GCA_963427065.1,CladeA,Bronchiectasis,Cluster_68,Cluster_3257
GCA_963427085.1,CladeA,Bronchiectasis,Cluster_157,Cluster_3269
GCA_963427105.1,CladeA,Bronchiectasis,Cluster_14,Cluster_3270
GCA_963427115.1,CladeA,Bronchiectasis,Cluster_157,Cluster_3269
GCA_963427125.1,CladeA,Bronchiectasis,Cluster_14,Cluster_3270
GCA_963427135.1,CladeA,Bronchiectasis,Cluster_2,Cluster_356
GCA_963427155.1,CladeA,Bronchiectasis,Cluster_26,Cluster_3271
GCA_963427175.1,CladeA,Bronchiectasis,Cluster_203,Cluster_3272
GCA_963427195.1,CladeA,Bronchiectasis,Cluster_31,Cluster_3254
GCA_963427215.1,CladeA,Bronchiectasis,Cluster_230,Cluster_3273
GCA_963427225.1,CladeA,Bronchiectasis,Cluster_227,Cluster_3259
GCA_963427235.1,CladeA,Bronchiectasis,Cluster_26,Cluster_3271
GCA_963427245.1,CladeB,Bronchiectasis,Cluster_185,Cluster_3274
GCA_963427255.1,CladeA,Bronchiectasis,Cluster_227,Cluster_3259
GCA_963427265.1,CladeA,Bronchiectasis,Cluster_30,Cluster_94
GCA_963427275.1,CladeA,Bronchiectasis,Cluster_229,Cluster_3275
GCA_963427295.1,CladeA,Bronchiectasis,Cluster_23,Cluster_3244
GCA_963427315.1,CladeA,Bronchiectasis,Cluster_14,Cluster_3270
GCA_963427325.1,CladeB,Bronchiectasis,Cluster_64,Cluster_153
GCA_963427335.1,CladeA,Bronchiectasis,Cluster_2,Cluster_3276
GCA_963427345.1,CladeB,Bronchiectasis,Cluster_55,Cluster_2544
GCA_963427355.1,CladeB,Bronchiectasis,Cluster_200,Cluster_3253
GCA_963427365.1,CladeA,Bronchiectasis,Cluster_227,Cluster_3259
GCA_963427375.1,CladeA,Bronchiectasis,Cluster_94,Cluster_968
GCA_963427385.1,CladeA,Bronchiectasis,Cluster_395,Cluster_3277
GCA_963427395.1,CladeA,Bronchiectasis,Cluster_92,Cluster_3278
GCA_963427405.1,CladeA,Bronchiectasis,Cluster_13,Cluster_3248
GCA_963427415.1,CladeA,Bronchiectasis,Cluster_63,Cluster_3279
GCA_963427425.1,CladeA,Bronchiectasis,Cluster_92,Cluster_3278
GCA_963427435.1,CladeA,Bronchiectasis,Cluster_92,Cluster_3278
GCA_963427445.1,CladeA,Bronchiectasis,Cluster_394,Cluster_3264
GCA_963427455.1,CladeA,Bronchiectasis,Cluster_90,Cluster_3280
GCA_963427465.1,CladeA,Bronchiectasis,Cluster_26,Cluster_3271
GCA_963427475.1,CladeA,Bronchiectasis,Cluster_68,Cluster_3257
GCA_963427485.1,CladeA,Bronchiectasis,Cluster_105,Cluster_3281
GCA_963427495.1,CladeA,Bronchiectasis,Cluster_230,Cluster_3261
GCA_963427505.1,CladeA,Bronchiectasis,Cluster_394,Cluster_3264
GCA_963427515.1,CladeA,Bronchiectasis,Cluster_125,Cluster_3282
GCA_963427525.1,CladeA,Bronchiectasis,Cluster_111,Cluster_326
GCA_963427535.1,CladeA,Bronchiectasis,Cluster_2,Cluster_356
GCA_963427545.1,CladeA,Bronchiectasis,Cluster_94,Cluster_3283
GCA_963427555.1,CladeA,Bronchiectasis,Cluster_10,Cluster_675
GCA_963427565.1,CladeA,Bronchiectasis,Cluster_2,Cluster_356
GCA_963427575.1,CladeA,Bronchiectasis,Cluster_287,Cluster_3284
GCA_963427585.1,CladeA,Bronchiectasis,Cluster_393,Cluster_3263
GCA_963427595.1,CladeA,Bronchiectasis,Cluster_90,Cluster_3280
GCA_963427605.1,CladeA,Bronchiectasis,Cluster_2,Cluster_3252
GCA_963427615.1,CladeB,Bronchiectasis,Cluster_321,Cluster_3285
GCA_963427645.1,CladeA,Bronchiectasis,Cluster_60,Cluster_1075
GCA_963427665.1,CladeA,Bronchiectasis,Cluster_211,Cluster_3286
GCA_963427685.1,CladeA,Bronchiectasis,Cluster_103,Cluster_3287
GCA_963427695.1,CladeA,Bronchiectasis,Cluster_48,Cluster_819
GCA_963427705.1,CladeA,Bronchiectasis,Cluster_211,Cluster_3286
GCA_963427715.1,CladeB,Bronchiectasis,Cluster_4,Cluster_3245
GCA_963427725.1,CladeA,Bronchiectasis,Cluster_2,Cluster_3288
GCA_963427735.1,CladeA,Bronchiectasis,Cluster_2,Cluster_3288
GCA_963427745.1,CladeB,Bronchiectasis,Cluster_11,Cluster_3289
GCA_963427765.1,CladeA,Bronchiectasis,Cluster_10,Cluster_3290
GCA_963427775.1,CladeA,Bronchiectasis,Cluster_19,Cluster_3291
GCA_963427785.1,CladeA,Bronchiectasis,Cluster_287,Cluster_3284
GCA_963427795.1,CladeA,Bronchiectasis,Cluster_5,Cluster_3292
GCA_963427815.1,CladeA,Bronchiectasis,Cluster_40,Cluster_3293
GCA_963427825.1,CladeB,Bronchiectasis,Cluster_196,Cluster_3294
GCA_963427835.1,CladeA,Bronchiectasis,Cluster_43,Cluster_3295
GCA_963427845.1,CladeA,Bronchiectasis,Cluster_54,Cluster_3296
GCA_963427855.1,CladeA,Bronchiectasis,Cluster_213,Cluster_3297
GCA_963427865.1,CladeA,Bronchiectasis,Cluster_2,Cluster_3288
GCA_963427885.1,CladeA,Bronchiectasis,Cluster_53,Cluster_3298
GCA_963427895.1,CladeB,Bronchiectasis,Cluster_11,Cluster_3299
GCA_963427905.1,CladeB,Bronchiectasis,Cluster_11,Cluster_3299
GCA_963427915.1,CladeB,Bronchiectasis,Cluster_321,Cluster_3285
GCA_963427925.1,CladeA,Bronchiectasis,Cluster_10,Cluster_3300
GCA_963427935.1,CladeA,Bronchiectasis,Cluster_396,Cluster_3301
GCA_963427955.1,CladeA,Bronchiectasis,Cluster_278,Cluster_3302
GCA_963427965.1,CladeA,Bronchiectasis,Cluster_10,Cluster_3303
GCA_963427975.1,CladeB,Bronchiectasis,Cluster_4,Cluster_3304
GCA_963427985.1,CladeA,Bronchiectasis,Cluster_40,Cluster_3305
GCA_963427995.1,CladeA,Bronchiectasis,Cluster_5,Cluster_3306
GCA_963428005.1,CladeA,Bronchiectasis,Cluster_5,Cluster_3306
GCA_963428015.1,CladeA,Bronchiectasis,Cluster_282,Cluster_3267
GCA_963428025.1,CladeA,Bronchiectasis,Cluster_277,Cluster_3307
GCA_963428035.1,CladeA,Bronchiectasis,Cluster_10,Cluster_3249
GCA_963428045.1,CladeA,Bronchiectasis,Cluster_10,Cluster_3249
GCA_963428055.1,CladeB,Bronchiectasis,Cluster_397,Cluster_3308
GCA_963428065.1,CladeB,Bronchiectasis,Cluster_11,Cluster_3309
GCA_963428075.1,CladeA,Bronchiectasis,Cluster_58,Cluster_3310
GCA_963428085.1,CladeA,Bronchiectasis,Cluster_5,Cluster_3311
GCA_963428105.1,CladeA,Bronchiectasis,Cluster_5,Cluster_1004
GCA_963428115.1,CladeA,Bronchiectasis,Cluster_192,Cluster_796
GCA_963428155.1,CladeA,Bronchiectasis,Cluster_92,Cluster_3278
GCA_963428165.1,CladeA,Bronchiectasis,Cluster_2,Cluster_3276
GCA_963428175.1,CladeA,Bronchiectasis,Cluster_10,Cluster_675
GCA_963428185.1,CladeA,Bronchiectasis,Cluster_395,Cluster_3277
GCA_963428195.1,CladeA,Bronchiectasis,Cluster_36,Cluster_3256
GCA_963428205.1,CladeA,Bronchiectasis,Cluster_10,Cluster_3312
GCA_963428225.1,CladeA,Bronchiectasis,Cluster_2,Cluster_356
GCA_963428245.1,CladeA,Bronchiectasis,Cluster_24,Cluster_3313
GCA_963428255.1,CladeA,Bronchiectasis,Cluster_24,Cluster_3314
GCA_963428265.1,CladeA,Bronchiectasis,Cluster_398,Cluster_3315
GCA_963428275.1,CladeA,Bronchiectasis,Cluster_34,Cluster_3316
GCA_963428285.1,CladeA,Bronchiectasis,Cluster_43,Cluster_260
GCA_963428295.1,CladeA,Bronchiectasis,Cluster_20,Cluster_3317
GCA_963428305.1,CladeA,Bronchiectasis,Cluster_94,Cluster_261
GCA_963428315.1,CladeA,Bronchiectasis,Cluster_10,Cluster_3318
GCA_963428335.1,CladeA,Bronchiectasis,Cluster_229,Cluster_3275
GCA_963428355.1,CladeA,Bronchiectasis,Cluster_5,Cluster_3306
GCA_963428375.1,CladeA,Bronchiectasis,Cluster_395,Cluster_3277
GCA_963428385.1,CladeA,Bronchiectasis,Cluster_5,Cluster_3306
GCA_963428395.1,CladeA,Bronchiectasis,Cluster_227,Cluster_3259
GCA_963428405.1,CladeA,Bronchiectasis,Cluster_94,Cluster_968
GCA_963428415.1,CladeB,Bronchiectasis,Cluster_64,Cluster_153
GCA_963428425.1,CladeA,Bronchiectasis,Cluster_90,Cluster_3280
GCA_963428435.1,CladeA,Bronchiectasis,Cluster_34,Cluster_3316
GCA_963428445.1,CladeA,Bronchiectasis,Cluster_230,Cluster_3273
GCA_963428455.1,CladeA,Bronchiectasis,Cluster_24,Cluster_3319
GCA_963428465.1,CladeA,Bronchiectasis,Cluster_40,Cluster_3293
GCA_963428475.1,CladeA,Bronchiectasis,Cluster_10,Cluster_3290
GCA_963428485.1,CladeA,Bronchiectasis,Cluster_53,Cluster_3298
GCA_963428495.1,CladeA,Bronchiectasis,Cluster_43,Cluster_321
GCA_963428505.1,CladeA,Bronchiectasis,Cluster_10,Cluster_3303
GCA_963428525.1,CladeA,Bronchiectasis,Cluster_399,Cluster_3320
GCA_963428535.1,CladeA,Bronchiectasis,Cluster_2,Cluster_356
GCA_963428545.1,CladeA,Bronchiectasis,Cluster_10,Cluster_3300
GCA_963428555.1,CladeB,Bronchiectasis,Cluster_196,Cluster_3294
GCA_963428565.1,CladeA,Bronchiectasis,Cluster_400,Cluster_3321
GCA_963428575.1,CladeA,Bronchiectasis,Cluster_103,Cluster_3322
GCA_963428585.1,CladeA,Bronchiectasis,Cluster_40,Cluster_3323
GCA_963428595.1,CladeB,Bronchiectasis,Cluster_114,Cluster_3324
GCA_963428605.1,CladeA,Bronchiectasis,Cluster_35,Cluster_3325
GCA_963428615.1,CladeA,Bronchiectasis,Cluster_40,Cluster_3293
GCA_963428625.1,CladeA,Bronchiectasis,Cluster_10,Cluster_3326
GCA_963428635.1,CladeA,Bronchiectasis,Cluster_10,Cluster_3327
GCA_963428655.1,CladeA,Bronchiectasis,Cluster_40,Cluster_594
GCA_963428665.1,CladeA,Bronchiectasis,Cluster_10,Cluster_3312
GCA_963428675.1,CladeB,Bronchiectasis,Cluster_185,Cluster_3328
GCA_963428685.1,CladeA,Bronchiectasis,Cluster_5,Cluster_1004
GCA_963428705.1,CladeA,Bronchiectasis,Cluster_58,Cluster_3329
GCA_963428715.1,CladeB,Bronchiectasis,Cluster_200,Cluster_3253
GCA_963428725.1,CladeA,Bronchiectasis,Cluster_94,Cluster_261
GCA_963428735.1,CladeA,Bronchiectasis,Cluster_37,Cluster_3330
GCA_963428745.1,CladeA,Bronchiectasis,Cluster_230,Cluster_3265
GCA_963428755.1,CladeA,Bronchiectasis,Cluster_68,Cluster_3247
GCA_963428765.1,CladeA,Bronchiectasis,Cluster_23,Cluster_3331
GCA_963428775.1,CladeA,Bronchiectasis,Cluster_201,Cluster_3332
GCA_963428785.1,CladeA,Bronchiectasis,Cluster_213,Cluster_3297
GCA_963428795.1,CladeA,Bronchiectasis,Cluster_2,Cluster_3252
GCA_963428805.1,CladeA,Bronchiectasis,Cluster_13,Cluster_3333
GCA_963428815.1,CladeA,Bronchiectasis,Cluster_19,Cluster_3291
GCA_963428825.1,CladeA,Bronchiectasis,Cluster_285,Cluster_3334
GCA_963428835.1,CladeA,Bronchiectasis,Cluster_111,Cluster_3335
GCA_963428845.1,CladeA,Bronchiectasis,Cluster_43,Cluster_260
GCA_963428865.1,CladeA,Bronchiectasis,Cluster_24,Cluster_3336
GCA_963428875.1,CladeA,Bronchiectasis,Cluster_24,Cluster_3313
GCA_963428885.1,CladeA,Bronchiectasis,Cluster_392,Cluster_3260
GCA_963428895.1,CladeA,Bronchiectasis,Cluster_282,Cluster_3246
GCA_963428905.1,CladeB,Bronchiectasis,Cluster_55,Cluster_3337
GCA_963428915.1,CladeA,Bronchiectasis,Cluster_401,Cluster_3338
GCA_963428925.1,CladeA,Bronchiectasis,Cluster_40,Cluster_3293
GCA_963428965.1,CladeA,Bronchiectasis,Cluster_48,Cluster_819
GCA_963428975.1,CladeA,Bronchiectasis,Cluster_278,Cluster_3302
GCA_963428985.1,CladeA,Bronchiectasis,Cluster_36,Cluster_3251
GCA_963428995.1,CladeA,Bronchiectasis,Cluster_2,Cluster_356
GCA_963429015.1,CladeA,Bronchiectasis,Cluster_43,Cluster_3339
GCA_963429025.1,CladeA,Bronchiectasis,Cluster_227,Cluster_3259
GCA_963429035.1,CladeA,Bronchiectasis,Cluster_5,Cluster_1004
GCA_963429055.1,CladeA,Bronchiectasis,Cluster_396,Cluster_3301
GCA_963429065.1,CladeA,Bronchiectasis,Cluster_94,Cluster_3243
GCA_963429085.1,CladeA,Bronchiectasis,Cluster_107,Cluster_3340
GCA_963429105.1,CladeA,Bronchiectasis,Cluster_107,Cluster_3340
GCA_963429115.1,CladeA,Bronchiectasis,Cluster_41,Cluster_3250
GCA_963429135.1,CladeB,Bronchiectasis,Cluster_64,Cluster_153
GCA_963429145.1,CladeA,Bronchiectasis,Cluster_10,Cluster_3341
GCA_963429155.1,CladeB,Bronchiectasis,Cluster_64,Cluster_153
GCA_963429165.1,CladeA,Bronchiectasis,Cluster_40,Cluster_3342
GCA_963429185.1,CladeA,Bronchiectasis,Cluster_94,Cluster_968
GCA_963429195.1,CladeA,Bronchiectasis,Cluster_23,Cluster_3244
GCA_963429205.1,CladeA,Bronchiectasis,Cluster_40,Cluster_3342
GCA_963429215.1,CladeA,Bronchiectasis,Cluster_227,Cluster_3259
GCA_963429225.1,CladeA,Bronchiectasis,Cluster_289,Cluster_3343
GCA_963429235.1,CladeA,Bronchiectasis,Cluster_40,Cluster_3323
GCA_963429245.1,CladeA,Bronchiectasis,Cluster_58,Cluster_3344
GCA_963429275.1,CladeA,Bronchiectasis,Cluster_68,Cluster_3257
GCA_963429285.1,CladeA,Bronchiectasis,Cluster_227,Cluster_3259
GCA_963429295.1,CladeA,Bronchiectasis,Cluster_5,Cluster_3311
GCA_963429305.1,CladeB,Bronchiectasis,Cluster_11,Cluster_3309
GCA_963429315.1,CladeA,Bronchiectasis,Cluster_230,Cluster_3258
GCA_963429325.1,CladeA,Bronchiectasis,Cluster_282,Cluster_3246
GCA_963429335.1,CladeA,Bronchiectasis,Cluster_10,Cluster_3300
GCA_963429355.1,CladeA,Bronchiectasis,Cluster_287,Cluster_3284
GCA_963429365.1,CladeA,Bronchiectasis,Cluster_307,Cluster_3345
GCA_963429375.1,CladeB,Bronchiectasis,Cluster_185,Cluster_3328
GCA_963429405.1,CladeB,Bronchiectasis,Cluster_11,Cluster_3299
GCA_963429415.1,CladeA,Bronchiectasis,Cluster_36,Cluster_3256
GCA_963429425.1,CladeA,Bronchiectasis,Cluster_63,Cluster_3279
GCA_963429435.1,CladeA,Bronchiectasis,Cluster_20,Cluster_3317
GCA_963429445.1,CladeA,Bronchiectasis,Cluster_26,Cluster_3271
GCA_963429455.1,CladeA,Bronchiectasis,Cluster_230,Cluster_3273
GCA_963429465.1,CladeA,Bronchiectasis,Cluster_10,Cluster_3318
GCA_963429475.1,CladeA,Bronchiectasis,Cluster_94,Cluster_261
GCA_963429485.1,CladeA,Bronchiectasis,Cluster_227,Cluster_3259
GCA_963429495.1,CladeA,Bronchiectasis,Cluster_10,Cluster_3318
GCA_963429505.1,CladeB,Bronchiectasis,Cluster_200,Cluster_3253
GCA_963429515.1,CladeA,Bronchiectasis,Cluster_105,Cluster_3281
GCA_963429525.1,CladeA,Bronchiectasis,Cluster_24,Cluster_3313
GCA_963429535.1,CladeA,Bronchiectasis,Cluster_103,Cluster_3346
GCA_963429545.1,CladeA,Bronchiectasis,Cluster_10,Cluster_675
GCA_963429565.1,CladeA,Bronchiectasis,Cluster_392,Cluster_3260
GCA_963429575.1,CladeA,Bronchiectasis,Cluster_111,Cluster_3335
GCA_963429585.1,CladeA,Bronchiectasis,Cluster_192,Cluster_796
GCA_963429595.1,CladeA,Bronchiectasis,Cluster_192,Cluster_796
GCA_963429605.1,CladeA,Bronchiectasis,Cluster_53,Cluster_3298
GCA_963429625.1,CladeB,Bronchiectasis,Cluster_397,Cluster_3308
GCA_963429645.1,CladeA,Bronchiectasis,Cluster_111,Cluster_3335
GCA_963429655.1,CladeB,Bronchiectasis,Cluster_200,Cluster_3253
GCA_963429665.1,CladeA,Bronchiectasis,Cluster_2,Cluster_3276
GCA_963429675.1,CladeA,Bronchiectasis,Cluster_2,Cluster_356
GCA_963429695.1,CladeA,Bronchiectasis,Cluster_230,Cluster_3258
GCA_963429705.1,CladeA,Bronchiectasis,Cluster_43,Cluster_260
GCA_963429735.1,CladeA,Bronchiectasis,Cluster_23,Cluster_3244
GCA_963429745.1,CladeA,Bronchiectasis,Cluster_10,Cluster_3326
GCA_963429755.1,CladeA,Bronchiectasis,Cluster_24,Cluster_3347
GCA_963429765.1,CladeA,Bronchiectasis,Cluster_103,Cluster_3322
GCA_963429775.1,CladeA,Bronchiectasis,Cluster_14,Cluster_3270
GCA_963429785.1,CladeA,Bronchiectasis,Cluster_37,Cluster_3330
GCA_963429795.1,CladeB,Bronchiectasis,Cluster_196,Cluster_3294
GCA_963429805.1,CladeA,Bronchiectasis,Cluster_58,Cluster_3329
GCA_963429815.1,CladeA,Bronchiectasis,Cluster_94,Cluster_968
GCA_963429825.1,CladeA,Bronchiectasis,Cluster_103,Cluster_3346
GCA_963429835.1,CladeA,Bronchiectasis,Cluster_5,Cluster_1004
GCA_963429845.1,CladeB,Bronchiectasis,Cluster_200,Cluster_3253
GCA_963429855.1,CladeA,Bronchiectasis,Cluster_213,Cluster_3297
GCA_963429865.1,CladeA,Bronchiectasis,Cluster_392,Cluster_3260
GCA_963429875.1,CladeA,Bronchiectasis,Cluster_400,Cluster_3321
GCA_963429885.1,CladeA,Bronchiectasis,Cluster_41,Cluster_3250
GCA_963429905.1,CladeA,Bronchiectasis,Cluster_282,Cluster_3267
GCA_963429915.1,CladeB,Bronchiectasis,Cluster_55,Cluster_121
GCA_963429925.1,CladeA,Bronchiectasis,Cluster_68,Cluster_3257
GCA_963429935.1,CladeA,Bronchiectasis,Cluster_230,Cluster_3273
GCA_963429945.1,CladeA,Bronchiectasis,Cluster_23,Cluster_3331
GCA_963429955.1,CladeA,Bronchiectasis,Cluster_10,Cluster_3348
GCA_963429965.1,CladeA,Bronchiectasis,Cluster_399,Cluster_3320
GCA_963429975.1,CladeA,Bronchiectasis,Cluster_10,Cluster_3326
GCA_963429985.1,CladeA,Bronchiectasis,Cluster_227,Cluster_3259
GCA_963429995.1,CladeB,Bronchiectasis,Cluster_11,Cluster_3349
GCA_963430005.1,CladeA,Bronchiectasis,Cluster_107,Cluster_3340
GCA_963430015.1,CladeA,Bronchiectasis,Cluster_48,Cluster_819
GCA_963430035.1,CladeA,Bronchiectasis,Cluster_22,Cluster_3255
GCA_963430045.1,CladeA,Bronchiectasis,Cluster_10,Cluster_3303
GCA_963430055.1,CladeA,Bronchiectasis,Cluster_58,Cluster_3344
GCA_963430065.1,CladeA,Bronchiectasis,Cluster_13,Cluster_3248
GCA_963430075.1,CladeA,Bronchiectasis,Cluster_2,Cluster_356
GCA_963430085.1,CladeA,Bronchiectasis,Cluster_230,Cluster_3273
GCA_963430095.1,CladeA,Bronchiectasis,Cluster_40,Cluster_3305
GCA_963430115.1,CladeA,Bronchiectasis,Cluster_111,Cluster_3335
GCA_963430125.1,CladeA,Bronchiectasis,Cluster_396,Cluster_3301
GCA_963430145.1,CladeA,Bronchiectasis,Cluster_68,Cluster_3247
GCA_963430155.1,CladeB,Bronchiectasis,Cluster_55,Cluster_3337
GCA_963430175.1,CladeA,Bronchiectasis,Cluster_10,Cluster_3348
GCA_963430185.1,CladeA,Bronchiectasis,Cluster_396,Cluster_3301
GCA_963430205.1,CladeB,Bronchiectasis,Cluster_4,Cluster_3245
GCA_963430215.1,CladeA,Bronchiectasis,Cluster_40,Cluster_594
GCA_963430225.1,CladeA,Bronchiectasis,Cluster_34,Cluster_3350
GCA_963430235.1,CladeA,Bronchiectasis,Cluster_53,Cluster_3298
GCA_963430245.1,CladeA,Bronchiectasis,Cluster_60,Cluster_1075
GCA_963430265.1,CladeB,Bronchiectasis,Cluster_185,Cluster_3274
GCA_963430275.1,CladeA,Bronchiectasis,Cluster_116,Cluster_3262
GCA_963430285.1,CladeA,Bronchiectasis,Cluster_289,Cluster_3343
GCA_963430305.1,CladeB,Bronchiectasis,Cluster_397,Cluster_3308
GCA_963430315.1,CladeA,Bronchiectasis,Cluster_23,Cluster_3244
GCA_963430325.1,CladeA,Bronchiectasis,Cluster_192,Cluster_796
GCA_963430355.1,CladeA,Bronchiectasis,Cluster_211,Cluster_3286
GCA_963430365.1,CladeA,Bronchiectasis,Cluster_116,Cluster_3262
GCA_963430375.1,CladeB,Bronchiectasis,Cluster_321,Cluster_3285
GCA_963430385.1,CladeA,Bronchiectasis,Cluster_229,Cluster_3275
GCA_963430395.1,CladeA,Bronchiectasis,Cluster_58,Cluster_1568
GCA_963430405.1,CladeB,Bronchiectasis,Cluster_196,Cluster_3294
GCA_963430415.1,CladeA,Bronchiectasis,Cluster_94,Cluster_968
GCA_963430425.1,CladeA,Bronchiectasis,Cluster_111,Cluster_326
GCA_963430455.1,CladeA,Bronchiectasis,Cluster_68,Cluster_3257
GCA_963430475.1,CladeA,Bronchiectasis,Cluster_23,Cluster_3244
GCA_963430485.1,CladeA,Bronchiectasis,Cluster_10,Cluster_3300
GCA_963430495.1,CladeA,Bronchiectasis,Cluster_46,Cluster_3351
GCA_963430545.1,CladeA,Bronchiectasis,Cluster_24,Cluster_3319
GCA_963430555.1,CladeA,Bronchiectasis,Cluster_10,Cluster_675
GCA_963430565.1,CladeA,Bronchiectasis,Cluster_26,Cluster_3352
GCA_963430575.1,CladeA,Bronchiectasis,Cluster_43,Cluster_321
GCA_963430585.1,CladeA,Bronchiectasis,Cluster_229,Cluster_3275
GCA_963430595.1,CladeA,Bronchiectasis,Cluster_58,Cluster_3329
GCA_963430605.1,CladeB,Bronchiectasis,Cluster_11,Cluster_3299
GCA_963430615.1,CladeB,Bronchiectasis,Cluster_321,Cluster_3285
GCA_963430645.1,CladeA,Bronchiectasis,Cluster_40,Cluster_3293
GCA_963430655.1,CladeB,Bronchiectasis,Cluster_55,Cluster_121
GCA_963430665.1,CladeA,Bronchiectasis,Cluster_24,Cluster_3314
GCA_963430675.1,CladeA,Bronchiectasis,Cluster_40,Cluster_3305
GCA_963430715.1,CladeA,Bronchiectasis,Cluster_10,Cluster_3341
GCA_963430725.1,CladeA,Bronchiectasis,Cluster_211,Cluster_3286
GCA_963430735.1,CladeA,Bronchiectasis,Cluster_396,Cluster_3301
GCA_963430775.1,CladeA,Bronchiectasis,Cluster_68,Cluster_3247
GCA_963430785.1,CladeA,Bronchiectasis,Cluster_54,Cluster_3296
GCA_963430795.1,CladeA,Bronchiectasis,Cluster_31,Cluster_3254
GCA_963430805.1,CladeA,Bronchiectasis,Cluster_24,Cluster_3268
GCA_963430815.1,CladeA,Bronchiectasis,Cluster_34,Cluster_3353
GCA_963430825.1,CladeA,Bronchiectasis,Cluster_227,Cluster_3259
GCA_963430835.1,CladeA,Bronchiectasis,Cluster_20,Cluster_3317
GCA_963430845.1,CladeA,Bronchiectasis,Cluster_10,Cluster_3326
GCA_963430855.1,CladeA,Bronchiectasis,Cluster_22,Cluster_3255
GCA_963430865.1,CladeA,Bronchiectasis,Cluster_287,Cluster_3284
GCA_963430875.1,CladeA,Bronchiectasis,Cluster_111,Cluster_3335
GCA_963430895.1,CladeA,Bronchiectasis,Cluster_10,Cluster_3290
GCA_963430925.1,CladeA,Bronchiectasis,Cluster_53,Cluster_3298
GCA_963430935.1,CladeA,Bronchiectasis,Cluster_23,Cluster_3244
GCA_963430945.1,CladeA,Bronchiectasis,Cluster_37,Cluster_3330
GCA_963430955.1,CladeA,Bronchiectasis,Cluster_26,Cluster_3352
GCA_963430965.1,CladeA,Bronchiectasis,Cluster_43,Cluster_3339
GCA_963430975.1,CladeA,Bronchiectasis,Cluster_20,Cluster_3354
GCA_963430985.1,CladeB,Bronchiectasis,Cluster_185,Cluster_3274
GCA_963430995.1,CladeA,Bronchiectasis,Cluster_37,Cluster_3330
GCA_963431015.1,CladeB,Bronchiectasis,Cluster_64,Cluster_153
GCA_963431025.1,CladeA,Bronchiectasis,Cluster_211,Cluster_3286
GCA_963431035.1,CladeB,Bronchiectasis,Cluster_64,Cluster_153
GCA_963431045.1,CladeB,Bronchiectasis,Cluster_4,Cluster_3245
GCA_963431055.1,CladeA,Bronchiectasis,Cluster_103,Cluster_3287
GCA_963431075.1,CladeB,Bronchiectasis,Cluster_64,Cluster_153
GCA_963431085.1,CladeB,Bronchiectasis,Cluster_196,Cluster_3294
GCA_963431095.1,CladeA,Bronchiectasis,Cluster_2,Cluster_356
GCA_963431125.1,CladeA,Bronchiectasis,Cluster_103,Cluster_3355
GCA_963431135.1,CladeB,Bronchiectasis,Cluster_321,Cluster_3285
GCA_963431145.1,CladeA,Bronchiectasis,Cluster_94,Cluster_968
GCA_963431165.1,CladeA,Bronchiectasis,Cluster_24,Cluster_3268
GCA_963431185.1,CladeA,Bronchiectasis,Cluster_289,Cluster_3343
GCA_963431195.1,CladeA,Bronchiectasis,Cluster_24,Cluster_3319
GCA_963431205.1,CladeA,Bronchiectasis,Cluster_40,Cluster_3293
GCA_963431215.1,CladeA,Bronchiectasis,Cluster_2,Cluster_3252
GCA_963431225.1,CladeA,Bronchiectasis,Cluster_289,Cluster_3343
GCA_963431235.1,CladeA,Bronchiectasis,Cluster_227,Cluster_3259
GCA_963431245.1,CladeA,Bronchiectasis,Cluster_2,Cluster_3252
GCA_963431255.1,CladeA,Bronchiectasis,Cluster_392,Cluster_3260
GCA_963431285.1,CladeB,Bronchiectasis,Cluster_11,Cluster_3309
GCA_963431295.1,CladeA,Bronchiectasis,Cluster_230,Cluster_3265
GCA_963431305.1,CladeA,Bronchiectasis,Cluster_277,Cluster_3307
GCA_963431315.1,CladeA,Bronchiectasis,Cluster_46,Cluster_3351
GCA_963431325.1,CladeB,Bronchiectasis,Cluster_4,Cluster_3304
GCA_963431335.1,CladeA,Bronchiectasis,Cluster_10,Cluster_3326
GCA_963431345.1,CladeA,Bronchiectasis,Cluster_24,Cluster_3347
GCA_963431355.1,CladeA,Bronchiectasis,Cluster_10,Cluster_3249
GCA_963431365.1,CladeA,Bronchiectasis,Cluster_40,Cluster_594
GCA_963431385.1,CladeB,Bronchiectasis,Cluster_55,Cluster_121
GCA_963431395.1,CladeA,Bronchiectasis,Cluster_395,Cluster_3277
GCA_963431425.1,CladeA,Bronchiectasis,Cluster_393,Cluster_3263
GCA_963431435.1,CladeA,Bronchiectasis,Cluster_43,Cluster_260
GCA_963431465.1,CladeA,Bronchiectasis,Cluster_31,Cluster_3254
GCA_963431475.1,CladeA,Bronchiectasis,Cluster_5,Cluster_3292
GCA_963431485.1,CladeA,Bronchiectasis,Cluster_227,Cluster_3259
GCA_963431495.1,CladeA,Bronchiectasis,Cluster_68,Cluster_3257
GCA_963431505.1,CladeA,Bronchiectasis,Cluster_34,Cluster_3350
GCA_963431515.1,CladeA,Bronchiectasis,Cluster_94,Cluster_261
GCA_963431525.1,CladeA,Bronchiectasis,Cluster_399,Cluster_3320
GCA_963431535.1,CladeA,Bronchiectasis,Cluster_37,Cluster_3330
GCA_963431545.1,CladeA,Bronchiectasis,Cluster_43,Cluster_260
GCA_963431555.1,CladeA,Bronchiectasis,Cluster_35,Cluster_342
GCA_963431565.1,CladeA,Bronchiectasis,Cluster_10,Cluster_3312
GCA_963431575.1,CladeB,Bronchiectasis,Cluster_11,Cluster_3299
GCA_963431585.1,CladeA,Bronchiectasis,Cluster_10,Cluster_3318
GCA_963431595.1,CladeB,Bronchiectasis,Cluster_64,Cluster_153
GCA_963431615.1,CladeA,Bronchiectasis,Cluster_40,Cluster_3305
GCA_963431625.1,CladeA,Bronchiectasis,Cluster_398,Cluster_3315
GCA_963431645.1,CladeA,Bronchiectasis,Cluster_35,Cluster_3325
GCA_963431665.1,CladeA,Bronchiectasis,Cluster_117,Cluster_3356
GCA_963431675.1,CladeA,Bronchiectasis,Cluster_20,Cluster_3317
GCA_963431685.1,CladeA,Bronchiectasis,Cluster_5,Cluster_3311
GCA_963431705.1,CladeA,Bronchiectasis,Cluster_103,Cluster_3287
GCA_963431715.1,CladeA,Bronchiectasis,Cluster_230,Cluster_3261
GCA_963431735.1,CladeA,Bronchiectasis,Cluster_230,Cluster_3273
GCA_963431745.1,CladeA,Bronchiectasis,Cluster_105,Cluster_3281
GCA_963431765.1,CladeA,Bronchiectasis,Cluster_103,Cluster_3355
GCA_963431775.1,CladeA,Bronchiectasis,Cluster_116,Cluster_3262
GCA_963431785.1,CladeA,Bronchiectasis,Cluster_10,Cluster_3348
GCA_963431805.1,CladeA,Bronchiectasis,Cluster_13,Cluster_3248
GCA_963431835.1,CladeA,Bronchiectasis,Cluster_400,Cluster_3321
GCA_963431855.1,CladeB,Bronchiectasis,Cluster_321,Cluster_3285
GCA_963431865.1,CladeA,Bronchiectasis,Cluster_230,Cluster_3265
GCA_963431895.1,CladeB,Bronchiectasis,Cluster_55,Cluster_121
GCA_963431915.1,CladeA,Bronchiectasis,Cluster_10,Cluster_3249
GCA_963431925.1,CladeB,Bronchiectasis,Cluster_55,Cluster_121
GCA_963431935.1,CladeA,Bronchiectasis,Cluster_24,Cluster_3336
GCA_963431945.1,CladeA,Bronchiectasis,Cluster_35,Cluster_3357
GCA_963431955.1,CladeA,Bronchiectasis,Cluster_10,Cluster_3300
GCA_963431965.1,CladeA,Bronchiectasis,Cluster_157,Cluster_3269
GCA_963432005.1,CladeA,Bronchiectasis,Cluster_92,Cluster_3278
GCA_963432015.1,CladeA,Bronchiectasis,Cluster_10,Cluster_3326
GCA_963432025.1,CladeA,Bronchiectasis,Cluster_94,Cluster_3243
GCA_963432035.1,CladeB,Bronchiectasis,Cluster_11,Cluster_231
GCA_963432045.1,CladeA,Bronchiectasis,Cluster_20,Cluster_3354
GCA_963432055.1,CladeA,Bronchiectasis,Cluster_392,Cluster_3260
GCA_963432065.1,CladeB,Bronchiectasis,Cluster_4,Cluster_3304
GCA_963432075.1,CladeA,Bronchiectasis,Cluster_70,Cluster_1091
GCA_963432095.1,CladeA,Bronchiectasis,Cluster_117,Cluster_3356
GCA_963432105.1,CladeA,Bronchiectasis,Cluster_211,Cluster_3266
GCA_963432115.1,CladeA,Bronchiectasis,Cluster_94,Cluster_3283
GCA_963432125.1,CladeA,Bronchiectasis,Cluster_399,Cluster_3320
GCA_963432135.1,CladeA,Bronchiectasis,Cluster_92,Cluster_3278
GCA_963432145.1,CladeA,Bronchiectasis,Cluster_20,Cluster_3354
GCA_963432165.1,CladeA,Bronchiectasis,Cluster_19,Cluster_3291
GCA_963432175.1,CladeA,Bronchiectasis,Cluster_230,Cluster_3273
GCA_963432185.1,CladeA,Bronchiectasis,Cluster_242,Cluster_1120
GCA_963432195.1,CladeA,Bronchiectasis,Cluster_94,Cluster_968
GCA_963432205.1,CladeA,Bronchiectasis,Cluster_227,Cluster_3259
GCA_963432215.1,CladeA,Bronchiectasis,Cluster_24,Cluster_3313
GCA_963432225.1,CladeA,Bronchiectasis,Cluster_40,Cluster_3305
GCA_963432235.1,CladeA,Bronchiectasis,Cluster_20,Cluster_3317
GCA_963432245.1,CladeA,Bronchiectasis,Cluster_13,Cluster_3333
GCA_963432255.1,CladeA,Bronchiectasis,Cluster_111,Cluster_326
GCA_963432275.1,CladeA,Bronchiectasis,Cluster_94,Cluster_261
GCA_963432285.1,CladeA,Bronchiectasis,Cluster_90,Cluster_3280
GCA_963432295.1,CladeB,Bronchiectasis,Cluster_55,Cluster_2544
GCA_963432305.1,CladeA,Bronchiectasis,Cluster_31,Cluster_3254
GCA_963432315.1,CladeA,Bronchiectasis,Cluster_23,Cluster_3244
GCA_963432325.1,CladeA,Bronchiectasis,Cluster_398,Cluster_3315
GCA_963432335.1,CladeB,Bronchiectasis,Cluster_397,Cluster_3308
GCA_963432345.1,CladeB,Bronchiectasis,Cluster_55,Cluster_3337
GCA_963432355.1,CladeB,Bronchiectasis,Cluster_11,Cluster_3299
GCA_963432365.1,CladeB,Bronchiectasis,Cluster_11,Cluster_3309
GCA_963432375.1,CladeA,Bronchiectasis,Cluster_285,Cluster_3334
GCA_963432395.1,CladeA,Bronchiectasis,Cluster_43,Cluster_321
GCA_963432405.1,CladeA,Bronchiectasis,Cluster_5,Cluster_1004
GCA_963432415.1,CladeA,Bronchiectasis,Cluster_43,Cluster_321
GCA_963432425.1,CladeA,Bronchiectasis,Cluster_213,Cluster_3297
GCA_963432435.1,CladeA,Bronchiectasis,Cluster_401,Cluster_3338
GCA_963432445.1,CladeA,Bronchiectasis,Cluster_24,Cluster_3268
GCA_963432455.1,CladeA,Bronchiectasis,Cluster_10,Cluster_3290
GCA_963432475.1,CladeA,Bronchiectasis,Cluster_40,Cluster_3323
GCA_963432485.1,CladeA,Bronchiectasis,Cluster_40,Cluster_3342
GCA_963432495.1,CladeA,Bronchiectasis,Cluster_40,Cluster_3293
GCA_963432525.1,CladeA,Bronchiectasis,Cluster_58,Cluster_3310
GCA_963432535.1,CladeA,Bronchiectasis,Cluster_230,Cluster_3273
GCA_963432545.1,CladeA,Bronchiectasis,Cluster_111,Cluster_3335
GCA_963432585.1,CladeB,Bronchiectasis,Cluster_11,Cluster_3299
GCA_963432595.1,CladeA,Bronchiectasis,Cluster_211,Cluster_3266
GCA_963432615.1,CladeA,Bronchiectasis,Cluster_103,Cluster_3346
GCA_963432625.1,CladeB,Bronchiectasis,Cluster_91,Cluster_3358
GCA_963432655.1,CladeA,Bronchiectasis,Cluster_230,Cluster_3258
GCA_963432665.1,CladeA,Bronchiectasis,Cluster_30,Cluster_94
GCA_963432675.1,CladeA,Bronchiectasis,Cluster_103,Cluster_3355
GCA_963432685.1,CladeA,Bronchiectasis,Cluster_157,Cluster_3269
GCA_963432695.1,CladeA,Bronchiectasis,Cluster_24,Cluster_3359
GCA_963432705.1,CladeA,Bronchiectasis,Cluster_10,Cluster_3300
GCA_963432715.1,CladeA,Bronchiectasis,Cluster_117,Cluster_3356
GCA_963432725.1,CladeA,Bronchiectasis,Cluster_10,Cluster_3348
GCA_963432735.1,CladeA,Bronchiectasis,Cluster_227,Cluster_3259
GCA_963432745.1,CladeB,Bronchiectasis,Cluster_55,Cluster_121
GCA_963432755.1,CladeA,Bronchiectasis,Cluster_35,Cluster_342
GCA_963432765.1,CladeA,Bronchiectasis,Cluster_40,Cluster_3242
GCA_963432775.1,CladeA,Bronchiectasis,Cluster_401,Cluster_3338
GCA_963432795.1,CladeA,Bronchiectasis,Cluster_282,Cluster_3267
GCA_963432805.1,CladeA,Bronchiectasis,Cluster_10,Cluster_3341
GCA_963432815.1,CladeA,Bronchiectasis,Cluster_117,Cluster_3356
GCA_963432845.1,CladeB,Bronchiectasis,Cluster_11,Cluster_3349
GCA_963432855.1,CladeA,Bronchiectasis,Cluster_13,Cluster_3248
GCA_963432865.1,CladeA,Bronchiectasis,Cluster_10,Cluster_675
GCA_963432875.1,CladeA,Bronchiectasis,Cluster_20,Cluster_3354
GCA_963432885.1,CladeA,Bronchiectasis,Cluster_40,Cluster_3342
GCA_963432895.1,CladeA,Bronchiectasis,Cluster_24,Cluster_3313
GCA_963432905.1,CladeA,Bronchiectasis,Cluster_13,Cluster_3248
GCA_963432915.1,CladeB,Bronchiectasis,Cluster_11,Cluster_3299
GCA_963432925.1,CladeA,Bronchiectasis,Cluster_211,Cluster_3266
GCA_963432935.1,CladeA,Bronchiectasis,Cluster_68,Cluster_3247
GCA_963432945.1,CladeA,Bronchiectasis,Cluster_229,Cluster_3275
GCA_963432965.1,CladeA,Bronchiectasis,Cluster_24,Cluster_3347
GCA_963432995.1,CladeA,Bronchiectasis,Cluster_398,Cluster_3315
GCA_963433005.1,CladeA,Bronchiectasis,Cluster_43,Cluster_3295
GCA_963433015.1,CladeA,Bronchiectasis,Cluster_43,Cluster_321
GCA_963433025.1,CladeA,Bronchiectasis,Cluster_10,Cluster_3312
GCA_963433055.1,CladeA,Bronchiectasis,Cluster_35,Cluster_3325
GCA_963433075.1,CladeA,Bronchiectasis,Cluster_396,Cluster_3301
GCA_963433085.1,CladeA,Bronchiectasis,Cluster_213,Cluster_3297
GCA_963433095.1,CladeA,Bronchiectasis,Cluster_43,Cluster_3339
GCA_963433105.1,CladeA,Bronchiectasis,Cluster_43,Cluster_3339
GCA_963433115.1,CladeA,Bronchiectasis,Cluster_227,Cluster_3259
GCA_963433125.1,CladeA,Bronchiectasis,Cluster_58,Cluster_1568
GCA_963433135.1,CladeB,Bronchiectasis,Cluster_4,Cluster_3304
GCA_963433145.1,CladeA,Bronchiectasis,Cluster_287,Cluster_3284
GCA_963433155.1,CladeA,Bronchiectasis,Cluster_2,Cluster_3252
GCA_963433165.1,CladeA,Bronchiectasis,Cluster_24,Cluster_3359
GCA_963433175.1,CladeA,Bronchiectasis,Cluster_393,Cluster_3263
GCA_963433185.1,CladeA,Bronchiectasis,Cluster_30,Cluster_94
GCA_963433195.1,CladeB,Bronchiectasis,Cluster_55,Cluster_121
GCA_963433205.1,CladeA,Bronchiectasis,Cluster_90,Cluster_3280
GCA_963433235.1,CladeA,Bronchiectasis,Cluster_46,Cluster_3351
GCA_963433245.1,CladeA,Bronchiectasis,Cluster_26,Cluster_3271
GCA_963433255.1,CladeB,Bronchiectasis,Cluster_55,Cluster_3337
GCA_963433265.1,CladeB,Bronchiectasis,Cluster_11,Cluster_231
GCA_963433275.1,CladeA,Bronchiectasis,Cluster_10,Cluster_3312
GCA_963433295.1,CladeA,Bronchiectasis,Cluster_10,Cluster_3312
GCA_963433305.1,CladeA,Bronchiectasis,Cluster_40,Cluster_3323
GCA_963433315.1,CladeA,Bronchiectasis,Cluster_402,Cluster_3360
GCA_963433325.1,CladeA,Bronchiectasis,Cluster_43,Cluster_2679
GCA_963433345.1,CladeA,Bronchiectasis,Cluster_227,Cluster_3259
GCA_963433355.1,CladeA,Bronchiectasis,Cluster_30,Cluster_94
GCA_963433375.1,CladeA,Bronchiectasis,Cluster_192,Cluster_796
GCA_963433385.1,CladeA,Bronchiectasis,Cluster_48,Cluster_819
GCA_963433415.1,CladeA,Bronchiectasis,Cluster_24,Cluster_3347
GCA_963433435.1,CladeA,Bronchiectasis,Cluster_2,Cluster_3276
GCA_963433455.1,CladeA,Bronchiectasis,Cluster_111,Cluster_326
GCA_963433465.1,CladeA,Bronchiectasis,Cluster_53,Cluster_3298
GCA_963433475.1,CladeA,Bronchiectasis,Cluster_201,Cluster_3332
GCA_963433485.1,CladeA,Bronchiectasis,Cluster_35,Cluster_3357
GCA_963433495.1,CladeA,Bronchiectasis,Cluster_35,Cluster_342
GCA_963433505.1,CladeA,Bronchiectasis,Cluster_10,Cluster_3318
GCA_963433515.1,CladeA,Bronchiectasis,Cluster_278,Cluster_3302
GCA_963433525.1,CladeA,Bronchiectasis,Cluster_22,Cluster_3255
GCA_963433535.1,CladeA,Bronchiectasis,Cluster_14,Cluster_3270
GCA_963433545.1,CladeA,Bronchiectasis,Cluster_40,Cluster_594
GCA_963433555.1,CladeA,Bronchiectasis,Cluster_40,Cluster_3323
GCA_963433565.1,CladeA,Bronchiectasis,Cluster_68,Cluster_3247
GCA_963433595.1,CladeA,Bronchiectasis,Cluster_26,Cluster_3271
GCA_963433615.1,CladeA,Bronchiectasis,Cluster_277,Cluster_3307
GCA_963433635.1,CladeA,Bronchiectasis,Cluster_40,Cluster_3242
GCA_963433645.1,CladeA,Bronchiectasis,Cluster_36,Cluster_3256
GCA_963433655.1,CladeA,Bronchiectasis,Cluster_43,Cluster_321
GCA_963433665.1,CladeA,Bronchiectasis,Cluster_107,Cluster_3340
GCA_963433675.1,CladeA,Bronchiectasis,Cluster_40,Cluster_3342
GCA_963433695.1,CladeA,Bronchiectasis,Cluster_94,Cluster_261
GCA_963433715.1,CladeA,Bronchiectasis,Cluster_30,Cluster_94
GCA_963433725.1,CladeA,Bronchiectasis,Cluster_43,Cluster_2679
GCA_963433735.1,CladeA,Bronchiectasis,Cluster_10,Cluster_3312
GCA_963433745.1,CladeA,Bronchiectasis,Cluster_24,Cluster_3336
GCA_963433765.1,CladeA,Bronchiectasis,Cluster_116,Cluster_3262
GCA_963433775.1,CladeB,Bronchiectasis,Cluster_185,Cluster_3328
GCA_963433785.1,CladeA,Bronchiectasis,Cluster_282,Cluster_3267
GCA_963433805.1,CladeB,Bronchiectasis,Cluster_196,Cluster_3294
GCA_963433815.1,CladeA,Bronchiectasis,Cluster_5,Cluster_3306
GCA_963433825.1,CladeB,Bronchiectasis,Cluster_114,Cluster_3324
GCA_963433835.1,CladeA,Bronchiectasis,Cluster_10,Cluster_675
GCA_963433845.1,CladeA,Bronchiectasis,Cluster_282,Cluster_3246
GCA_963433855.1,CladeA,Bronchiectasis,Cluster_35,Cluster_3325
GCA_963433865.1,CladeA,Bronchiectasis,Cluster_58,Cluster_1568
GCA_963433875.1,CladeA,Bronchiectasis,Cluster_94,Cluster_3243
GCA_963433885.1,CladeA,Bronchiectasis,Cluster_107,Cluster_3340
GCA_963433895.1,CladeA,Bronchiectasis,Cluster_103,Cluster_3346
GCA_963433905.1,CladeA,Bronchiectasis,Cluster_5,Cluster_3311
GCA_963433925.1,CladeA,Bronchiectasis,Cluster_213,Cluster_3297
GCA_963433935.1,CladeA,Bronchiectasis,Cluster_90,Cluster_3280
GCA_963433945.1,CladeA,Bronchiectasis,Cluster_60,Cluster_1075
GCA_963433955.1,CladeA,Bronchiectasis,Cluster_35,Cluster_342
GCA_963433965.1,CladeA,Bronchiectasis,Cluster_58,Cluster_3344
GCA_963433975.1,CladeA,Bronchiectasis,Cluster_282,Cluster_3246
GCA_963433985.1,CladeA,Bronchiectasis,Cluster_94,Cluster_968
GCA_963433995.1,CladeA,Bronchiectasis,Cluster_34,Cluster_3316
GCA_963434005.1,CladeA,Bronchiectasis,Cluster_10,Cluster_3327
GCA_963434015.1,CladeA,Bronchiectasis,Cluster_31,Cluster_3254
GCA_963434025.1,CladeA,Bronchiectasis,Cluster_192,Cluster_796
GCA_963434035.1,CladeA,Bronchiectasis,Cluster_278,Cluster_3302
GCA_963434055.1,CladeA,Bronchiectasis,Cluster_24,Cluster_3314
GCA_963434065.1,CladeA,Bronchiectasis,Cluster_213,Cluster_3297
GCA_963434075.1,CladeA,Bronchiectasis,Cluster_5,Cluster_3306
GCA_963434095.1,CladeA,Bronchiectasis,Cluster_395,Cluster_3277
GCA_963434105.1,CladeA,Bronchiectasis,Cluster_37,Cluster_3330
GCA_963434115.1,CladeB,Bronchiectasis,Cluster_196,Cluster_3294
GCA_963434125.1,CladeA,Bronchiectasis,Cluster_136,Cluster_3361
GCA_963434135.1,CladeA,Bronchiectasis,Cluster_40,Cluster_594
GCA_963434145.1,CladeA,Bronchiectasis,Cluster_58,Cluster_3310
GCA_963434155.1,CladeB,Bronchiectasis,Cluster_55,Cluster_3337
GCA_963434165.1,CladeA,Bronchiectasis,Cluster_282,Cluster_3267
GCA_963434175.1,CladeA,Bronchiectasis,Cluster_13,Cluster_3248
GCA_963434185.1,CladeA,Bronchiectasis,Cluster_227,Cluster_3259
GCA_963434195.1,CladeA,Bronchiectasis,Cluster_34,Cluster_3350
GCA_963434205.1,CladeA,Bronchiectasis,Cluster_43,Cluster_3339
GCA_963434225.1,CladeA,Bronchiectasis,Cluster_282,Cluster_3246
GCA_963434235.1,CladeA,Bronchiectasis,Cluster_58,Cluster_3344
GCA_963434255.1,CladeA,Bronchiectasis,Cluster_400,Cluster_3321
GCA_963434265.1,CladeA,Bronchiectasis,Cluster_24,Cluster_3313
GCA_963434275.1,CladeA,Bronchiectasis,Cluster_43,Cluster_2679
GCA_963434285.1,CladeA,Bronchiectasis,Cluster_10,Cluster_3312
GCA_963434295.1,CladeA,Bronchiectasis,Cluster_195,Cluster_3362
GCA_963434305.1,CladeA,Bronchiectasis,Cluster_10,Cluster_3312
GCA_963434315.1,CladeA,Bronchiectasis,Cluster_22,Cluster_3255
GCA_963434335.1,CladeA,Bronchiectasis,Cluster_30,Cluster_94
GCA_963434345.1,CladeA,Bronchiectasis,Cluster_230,Cluster_3258
GCA_963434355.1,CladeA,Bronchiectasis,Cluster_43,Cluster_260
GCA_963434375.1,CladeB,Bronchiectasis,Cluster_397,Cluster_3308
GCA_963434385.1,CladeA,Bronchiectasis,Cluster_34,Cluster_3350
GCA_963434415.1,CladeA,Bronchiectasis,Cluster_10,Cluster_3341
GCA_963434425.1,CladeA,Bronchiectasis,Cluster_58,Cluster_1568
GCA_963434435.1,CladeA,Bronchiectasis,Cluster_282,Cluster_3267
GCA_963434445.1,CladeA,Bronchiectasis,Cluster_103,Cluster_3287
GCA_963434455.1,CladeA,Bronchiectasis,Cluster_94,Cluster_261
GCA_963434465.1,CladeA,Bronchiectasis,Cluster_230,Cluster_3265
GCA_963434475.1,CladeA,Bronchiectasis,Cluster_94,Cluster_261
GCA_963434495.1,CladeB,Bronchiectasis,Cluster_55,Cluster_2544
GCA_963434505.1,CladeA,Bronchiectasis,Cluster_10,Cluster_3348
GCA_963434515.1,CladeB,Bronchiectasis,Cluster_397,Cluster_3308
GCA_963434525.1,CladeA,Bronchiectasis,Cluster_19,Cluster_3291
GCA_963434535.1,CladeB,Bronchiectasis,Cluster_64,Cluster_153
GCA_963434545.1,CladeA,Bronchiectasis,Cluster_229,Cluster_3275
GCA_963434555.1,CladeA,Bronchiectasis,Cluster_203,Cluster_3272
GCA_963434575.1,CladeA,Bronchiectasis,Cluster_229,Cluster_3275
GCA_963434595.1,CladeB,Bronchiectasis,Cluster_55,Cluster_2544
GCA_963434615.1,CladeB,Bronchiectasis,Cluster_55,Cluster_3337
GCA_963434625.1,CladeB,Bronchiectasis,Cluster_11,Cluster_3289
GCA_963434655.1,CladeA,Bronchiectasis,Cluster_43,Cluster_3295
GCA_963434665.1,CladeB,Bronchiectasis,Cluster_64,Cluster_153
GCA_963434675.1,CladeA,Bronchiectasis,Cluster_157,Cluster_3269
GCA_963434685.1,CladeA,Bronchiectasis,Cluster_40,Cluster_3242
GCA_963434695.1,CladeA,Bronchiectasis,Cluster_10,Cluster_3326
GCA_963434715.1,CladeA,Bronchiectasis,Cluster_26,Cluster_3271
GCA_963434735.1,CladeB,Bronchiectasis,Cluster_91,Cluster_3358
GCA_963434745.1,CladeB,Bronchiectasis,Cluster_55,Cluster_121
GCA_963434755.1,CladeB,Bronchiectasis,Cluster_55,Cluster_2544
GCA_963434765.1,CladeA,Bronchiectasis,Cluster_103,Cluster_3355
GCA_963434775.1,CladeA,Bronchiectasis,Cluster_43,Cluster_3295
GCA_963434785.1,CladeA,Bronchiectasis,Cluster_242,Cluster_1120
GCA_963434805.1,CladeA,Bronchiectasis,Cluster_211,Cluster_3266
GCA_963434815.1,CladeB,Bronchiectasis,Cluster_11,Cluster_3309
GCA_963434825.1,CladeA,Bronchiectasis,Cluster_22,Cluster_3255
GCA_963434835.1,CladeA,Bronchiectasis,Cluster_125,Cluster_3282
GCA_963434845.1,CladeA,Bronchiectasis,Cluster_5,Cluster_3311
GCA_963434855.1,CladeA,Bronchiectasis,Cluster_195,Cluster_3362
GCA_963434865.1,CladeA,Bronchiectasis,Cluster_394,Cluster_3264
GCA_963434875.1,CladeA,Bronchiectasis,Cluster_230,Cluster_3258
GCA_963434885.1,CladeA,Bronchiectasis,Cluster_22,Cluster_3255
GCA_963434895.1,CladeA,Bronchiectasis,Cluster_5,Cluster_1004
GCA_963434905.1,CladeB,Bronchiectasis,Cluster_64,Cluster_153
GCA_963434925.1,CladeA,Bronchiectasis,Cluster_60,Cluster_1075
GCA_963434935.1,CladeA,Bronchiectasis,Cluster_282,Cluster_3267
GCA_963434945.1,CladeA,Bronchiectasis,Cluster_70,Cluster_1091
GCA_963434965.1,CladeB,Bronchiectasis,Cluster_11,Cluster_231
GCA_963435005.1,CladeA,Bronchiectasis,Cluster_125,Cluster_3282
GCA_963435015.1,CladeA,Bronchiectasis,Cluster_40,Cluster_594
GCA_963435035.1,CladeA,Bronchiectasis,Cluster_392,Cluster_3260
GCA_963435045.1,CladeB,Bronchiectasis,Cluster_185,Cluster_3328
GCA_963435055.1,CladeB,Bronchiectasis,Cluster_397,Cluster_3308
GCA_963435065.1,CladeA,Bronchiectasis,Cluster_103,Cluster_3322
GCA_963435075.1,CladeA,Bronchiectasis,Cluster_2,Cluster_356
GCA_963435085.1,CladeA,Bronchiectasis,Cluster_10,Cluster_3326
GCA_963435095.1,CladeA,Bronchiectasis,Cluster_43,Cluster_260
GCA_963435105.1,CladeB,Bronchiectasis,Cluster_185,Cluster_3328
GCA_963435115.1,CladeA,Bronchiectasis,Cluster_136,Cluster_3361
GCA_963435125.1,CladeA,Bronchiectasis,Cluster_289,Cluster_3343
GCA_963435135.1,CladeB,Bronchiectasis,Cluster_55,Cluster_3337
GCA_963435155.1,CladeA,Bronchiectasis,Cluster_24,Cluster_3319
GCA_963435165.1,CladeA,Bronchiectasis,Cluster_24,Cluster_3314
GCA_963435175.1,CladeA,Bronchiectasis,Cluster_63,Cluster_3279
GCA_963435185.1,CladeA,Bronchiectasis,Cluster_125,Cluster_3282
GCA_963435195.1,CladeA,Bronchiectasis,Cluster_19,Cluster_3291
GCA_963435225.1,CladeB,Bronchiectasis,Cluster_55,Cluster_121
GCA_963435235.1,CladeA,Bronchiectasis,Cluster_41,Cluster_3250
GCA_963435245.1,CladeA,Bronchiectasis,Cluster_278,Cluster_3302
GCA_963435255.1,CladeA,Bronchiectasis,Cluster_13,Cluster_3333
GCA_963435265.1,CladeA,Bronchiectasis,Cluster_24,Cluster_3319
GCA_963435275.1,CladeA,Bronchiectasis,Cluster_2,Cluster_3252
GCA_963435285.1,CladeA,Bronchiectasis,Cluster_23,Cluster_3244
GCA_963435295.1,CladeB,Bronchiectasis,Cluster_196,Cluster_3294
GCA_963435315.1,CladeA,Bronchiectasis,Cluster_31,Cluster_3254
GCA_963435325.1,CladeA,Bronchiectasis,Cluster_5,Cluster_1004
GCA_963435335.1,CladeA,Bronchiectasis,Cluster_20,Cluster_3354
GCA_963435345.1,CladeA,Bronchiectasis,Cluster_10,Cluster_3326
GCA_963435355.1,CladeB,Bronchiectasis,Cluster_55,Cluster_121
GCA_963435365.1,CladeB,Bronchiectasis,Cluster_397,Cluster_3308
GCA_963435385.1,CladeA,Bronchiectasis,Cluster_395,Cluster_3277
GCA_963435395.1,CladeA,Bronchiectasis,Cluster_230,Cluster_3265
GCA_963435405.1,CladeA,Bronchiectasis,Cluster_278,Cluster_3302
GCA_963435415.1,CladeA,Bronchiectasis,Cluster_10,Cluster_3290
GCA_963435425.1,CladeA,Bronchiectasis,Cluster_116,Cluster_3262
GCA_963435445.1,CladeA,Bronchiectasis,Cluster_40,Cluster_3323
GCA_963435455.1,CladeB,Bronchiectasis,Cluster_114,Cluster_3324
GCA_963435465.1,CladeB,Bronchiectasis,Cluster_185,Cluster_3274
GCA_963435515.1,CladeA,Bronchiectasis,Cluster_58,Cluster_3344
GCA_963435525.1,CladeA,Bronchiectasis,Cluster_40,Cluster_3342
GCA_963435535.1,CladeA,Bronchiectasis,Cluster_230,Cluster_3258
GCA_963435545.1,CladeA,Bronchiectasis,Cluster_2,Cluster_356
GCA_963435555.1,CladeA,Bronchiectasis,Cluster_40,Cluster_594
GCA_963435565.1,CladeA,Bronchiectasis,Cluster_63,Cluster_3279
GCA_963435575.1,CladeA,Bronchiectasis,Cluster_63,Cluster_3279
GCA_963435595.1,CladeB,Bronchiectasis,Cluster_185,Cluster_3328
GCA_963435615.1,CladeA,Bronchiectasis,Cluster_10,Cluster_3303
GCA_963435625.1,CladeA,Bronchiectasis,Cluster_63,Cluster_3279
GCA_963435635.1,CladeA,Bronchiectasis,Cluster_10,Cluster_3312
GCA_963435645.1,CladeA,Bronchiectasis,Cluster_37,Cluster_3330
GCA_963435655.1,CladeA,Bronchiectasis,Cluster_92,Cluster_3278
GCA_963435665.1,CladeA,Bronchiectasis,Cluster_10,Cluster_675
GCA_963435675.1,CladeA,Bronchiectasis,Cluster_24,Cluster_3314
GCA_963435695.1,CladeA,Bronchiectasis,Cluster_43,Cluster_321
GCA_963435705.1,CladeA,Bronchiectasis,Cluster_24,Cluster_3319
GCA_963435715.1,CladeA,Bronchiectasis,Cluster_40,Cluster_3293
GCA_963435725.1,CladeA,Bronchiectasis,Cluster_399,Cluster_3320
GCA_963435735.1,CladeA,Bronchiectasis,Cluster_5,Cluster_1004
GCA_963435755.1,CladeA,Bronchiectasis,Cluster_36,Cluster_3251
GCA_963435775.1,CladeA,Bronchiectasis,Cluster_20,Cluster_3354
GCA_963435785.1,CladeA,Bronchiectasis,Cluster_43,Cluster_2679
GCA_963435795.1,CladeA,Bronchiectasis,Cluster_203,Cluster_3272
GCA_963435805.1,CladeA,Bronchiectasis,Cluster_94,Cluster_968
GCA_963435815.1,CladeA,Bronchiectasis,Cluster_92,Cluster_3278
GCA_963435835.1,CladeA,Bronchiectasis,Cluster_58,Cluster_3344
GCA_963435855.1,CladeA,Bronchiectasis,Cluster_10,Cluster_3300
GCA_963435865.1,CladeA,Bronchiectasis,Cluster_401,Cluster_3338
GCA_963435875.1,CladeA,Bronchiectasis,Cluster_58,Cluster_3344
GCA_963435885.1,CladeA,Bronchiectasis,Cluster_230,Cluster_3273
GCA_963435895.1,CladeA,Bronchiectasis,Cluster_24,Cluster_3359
GCA_963435905.1,CladeA,Bronchiectasis,Cluster_10,Cluster_3249
GCA_963435915.1,CladeA,Bronchiectasis,Cluster_24,Cluster_3314
GCA_963435935.1,CladeA,Bronchiectasis,Cluster_54,Cluster_3296
GCA_963435945.1,CladeA,Bronchiectasis,Cluster_230,Cluster_3265
GCA_963435955.1,CladeA,Bronchiectasis,Cluster_40,Cluster_3305
GCA_963435965.1,CladeA,Bronchiectasis,Cluster_20,Cluster_3317
GCA_963435975.1,CladeB,Bronchiectasis,Cluster_11,Cluster_3289
GCA_963435985.1,CladeA,Bronchiectasis,Cluster_5,Cluster_3311
GCA_963435995.1,CladeA,Bronchiectasis,Cluster_230,Cluster_3265
GCA_963436005.1,CladeA,Bronchiectasis,Cluster_14,Cluster_3270
GCA_963436015.1,CladeA,Bronchiectasis,Cluster_58,Cluster_1568
GCA_963436025.1,CladeA,Bronchiectasis,Cluster_211,Cluster_3286
GCA_963436035.1,CladeA,Bronchiectasis,Cluster_26,Cluster_3271
GCA_963436045.1,CladeA,Bronchiectasis,Cluster_34,Cluster_3350
GCA_963436055.1,CladeA,Bronchiectasis,Cluster_227,Cluster_3259
GCA_963436075.1,CladeA,Bronchiectasis,Cluster_230,Cluster_3261
GCA_963436085.1,CladeA,Bronchiectasis,Cluster_54,Cluster_3296
GCA_963436095.1,CladeA,Bronchiectasis,Cluster_402,Cluster_3360
GCA_963436115.1,CladeA,Bronchiectasis,Cluster_40,Cluster_594
GCA_963436125.1,CladeA,Bronchiectasis,Cluster_287,Cluster_3284
GCA_963436135.1,CladeA,Bronchiectasis,Cluster_40,Cluster_3342
GCA_963436155.1,CladeB,Bronchiectasis,Cluster_114,Cluster_3324
GCA_963436165.1,CladeA,Bronchiectasis,Cluster_5,Cluster_3311
GCA_963436175.1,CladeB,Bronchiectasis,Cluster_55,Cluster_2544
GCA_963436185.1,CladeA,Bronchiectasis,Cluster_230,Cluster_3258
GCA_963436195.1,CladeA,Bronchiectasis,Cluster_36,Cluster_3251
GCA_963436205.1,CladeA,Bronchiectasis,Cluster_10,Cluster_3327
GCA_963436215.1,CladeA,Bronchiectasis,Cluster_5,Cluster_3292
GCA_963436245.1,CladeA,Bronchiectasis,Cluster_53,Cluster_3298
GCA_963436255.1,CladeA,Bronchiectasis,Cluster_24,Cluster_3268
GCA_963436265.1,CladeA,Bronchiectasis,Cluster_26,Cluster_3352
GCA_963436275.1,CladeB,Bronchiectasis,Cluster_11,Cluster_3289
GCA_963436285.1,CladeA,Bronchiectasis,Cluster_10,Cluster_3312
GCA_963436295.1,CladeA,Bronchiectasis,Cluster_58,Cluster_3329
GCA_963436305.1,CladeA,Bronchiectasis,Cluster_103,Cluster_3355
GCA_963436315.1,CladeA,Bronchiectasis,Cluster_94,Cluster_261
GCA_963436335.1,CladeA,Bronchiectasis,Cluster_24,Cluster_3313
GCA_963436345.1,CladeB,Bronchiectasis,Cluster_11,Cluster_231
GCA_963436355.1,CladeA,Bronchiectasis,Cluster_36,Cluster_3256
GCA_963436365.1,CladeA,Bronchiectasis,Cluster_10,Cluster_3327
GCA_963436375.1,CladeA,Bronchiectasis,Cluster_402,Cluster_3360
GCA_963436385.1,CladeA,Bronchiectasis,Cluster_35,Cluster_3357
GCA_963436395.1,CladeA,Bronchiectasis,Cluster_111,Cluster_3335
GCA_963436405.1,CladeA,Bronchiectasis,Cluster_10,Cluster_3326
GCA_963436415.1,CladeA,Bronchiectasis,Cluster_34,Cluster_3350
GCA_963436425.1,CladeA,Bronchiectasis,Cluster_34,Cluster_3350
GCA_963436435.1,CladeA,Bronchiectasis,Cluster_230,Cluster_3273
GCA_963436445.1,CladeA,Bronchiectasis,Cluster_103,Cluster_3346
GCA_963436455.1,CladeA,Bronchiectasis,Cluster_211,Cluster_3286
GCA_963436465.1,CladeA,Bronchiectasis,Cluster_43,Cluster_2679
GCA_963436475.1,CladeA,Bronchiectasis,Cluster_36,Cluster_3256
GCA_963436485.1,CladeA,Bronchiectasis,Cluster_105,Cluster_3281
GCA_963436495.1,CladeA,Bronchiectasis,Cluster_242,Cluster_1120
GCA_963436515.1,CladeA,Bronchiectasis,Cluster_24,Cluster_3363
GCA_963436525.1,CladeA,Bronchiectasis,Cluster_278,Cluster_3302
GCA_963436535.1,CladeA,Bronchiectasis,Cluster_201,Cluster_3332
GCA_963436545.1,CladeB,Bronchiectasis,Cluster_185,Cluster_3328
GCA_963436565.1,CladeA,Bronchiectasis,Cluster_20,Cluster_3317
GCA_963436575.1,CladeA,Bronchiectasis,Cluster_103,Cluster_3322
GCA_963436595.1,CladeA,Bronchiectasis,Cluster_111,Cluster_326
GCA_963436605.1,CladeA,Bronchiectasis,Cluster_401,Cluster_3338
GCA_963436615.1,CladeA,Bronchiectasis,Cluster_230,Cluster_3273
GCA_963436625.1,CladeA,Bronchiectasis,Cluster_395,Cluster_3277
GCA_963436645.1,CladeA,Bronchiectasis,Cluster_43,Cluster_321
GCA_963436655.1,CladeA,Bronchiectasis,Cluster_2,Cluster_356
GCA_963436665.1,CladeA,Bronchiectasis,Cluster_402,Cluster_3360
GCA_963436685.1,CladeA,Bronchiectasis,Cluster_92,Cluster_3278
GCA_963436695.1,CladeB,Bronchiectasis,Cluster_11,Cluster_3289
GCA_963436705.1,CladeA,Bronchiectasis,Cluster_396,Cluster_3301
GCA_963436725.1,CladeA,Bronchiectasis,Cluster_399,Cluster_3320
GCA_963436735.1,CladeA,Bronchiectasis,Cluster_58,Cluster_3329
GCA_963436745.1,CladeB,Bronchiectasis,Cluster_55,Cluster_3337
GCA_963436755.1,CladeA,Bronchiectasis,Cluster_20,Cluster_3354
GCA_963436775.1,CladeA,Bronchiectasis,Cluster_192,Cluster_796
GCA_963436785.1,CladeB,Bronchiectasis,Cluster_4,Cluster_3304
GCA_963436795.1,CladeA,Bronchiectasis,Cluster_41,Cluster_3250
GCA_963436815.1,CladeA,Bronchiectasis,Cluster_43,Cluster_3339
GCA_963436845.1,CladeA,Bronchiectasis,Cluster_282,Cluster_3267
GCA_963436855.1,CladeB,Bronchiectasis,Cluster_185,Cluster_3274
GCA_963436865.1,CladeA,Bronchiectasis,Cluster_58,Cluster_3329
GCA_963436875.1,CladeA,Bronchiectasis,Cluster_103,Cluster_3287
GCA_963436895.1,CladeA,Bronchiectasis,Cluster_24,Cluster_3314
GCA_963436905.1,CladeA,Bronchiectasis,Cluster_105,Cluster_3281
GCA_963436915.1,CladeA,Bronchiectasis,Cluster_242,Cluster_1120
GCA_963436925.1,CladeA,Bronchiectasis,Cluster_103,Cluster_3346
GCA_963436935.1,CladeA,Bronchiectasis,Cluster_31,Cluster_3254
GCA_963436945.1,CladeA,Bronchiectasis,Cluster_94,Cluster_261
GCA_963436955.1,CladeA,Bronchiectasis,Cluster_90,Cluster_3280
GCA_963436965.1,CladeA,Bronchiectasis,Cluster_34,Cluster_3350
GCA_963436995.1,CladeB,Bronchiectasis,Cluster_4,Cluster_3245
GCA_963437005.1,CladeA,Bronchiectasis,Cluster_58,Cluster_1568
GCA_963437015.1,CladeA,Bronchiectasis,Cluster_43,Cluster_321
GCA_963437025.1,CladeA,Bronchiectasis,Cluster_43,Cluster_3339
GCA_963437035.1,CladeA,Bronchiectasis,Cluster_5,Cluster_1004
GCA_963437065.1,CladeB,Bronchiectasis,Cluster_114,Cluster_3324
GCA_963437075.1,CladeA,Bronchiectasis,Cluster_10,Cluster_3303
GCA_963437085.1,CladeA,Bronchiectasis,Cluster_19,Cluster_3291
GCA_963437095.1,CladeA,Bronchiectasis,Cluster_34,Cluster_3353
GCA_963437125.1,CladeA,Bronchiectasis,Cluster_90,Cluster_3280
GCA_963437145.1,CladeB,Bronchiectasis,Cluster_11,Cluster_231
GCA_963437155.1,CladeA,Bronchiectasis,Cluster_125,Cluster_3282
GCA_963437165.1,CladeA,Bronchiectasis,Cluster_94,Cluster_3243
GCA_963437175.1,CladeA,Bronchiectasis,Cluster_35,Cluster_342
GCA_963437185.1,CladeA,Bronchiectasis,Cluster_36,Cluster_3251
GCA_963437195.1,CladeA,Bronchiectasis,Cluster_398,Cluster_3315
GCA_963437205.1,CladeA,Bronchiectasis,Cluster_35,Cluster_342
GCA_963437215.1,CladeA,Bronchiectasis,Cluster_14,Cluster_3270
GCA_963437225.1,CladeA,Bronchiectasis,Cluster_35,Cluster_3357
GCA_963437245.1,CladeA,Bronchiectasis,Cluster_393,Cluster_3263
GCA_963437265.1,CladeB,Bronchiectasis,Cluster_11,Cluster_3309
GCA_963437285.1,CladeA,Bronchiectasis,Cluster_242,Cluster_1120
GCA_963437305.1,CladeA,Bronchiectasis,Cluster_53,Cluster_3298
GCA_963437315.1,CladeA,Bronchiectasis,Cluster_103,Cluster_3287
GCA_963437325.1,CladeA,Bronchiectasis,Cluster_103,Cluster_3346
GCA_963437335.1,CladeA,Bronchiectasis,Cluster_10,Cluster_3312
GCA_963437345.1,CladeA,Bronchiectasis,Cluster_36,Cluster_3256
GCA_963437375.1,CladeA,Bronchiectasis,Cluster_35,Cluster_3357
GCA_963437385.1,CladeA,Bronchiectasis,Cluster_40,Cluster_3323
GCA_963437405.1,CladeA,Bronchiectasis,Cluster_136,Cluster_3361
GCA_963437415.1,CladeA,Bronchiectasis,Cluster_58,Cluster_3329
GCA_963437435.1,CladeA,Bronchiectasis,Cluster_30,Cluster_94
GCA_963437445.1,CladeA,Bronchiectasis,Cluster_211,Cluster_3286
GCA_963437455.1,CladeA,Bronchiectasis,Cluster_10,Cluster_3312
GCA_963437475.1,CladeB,Bronchiectasis,Cluster_55,Cluster_2544
GCA_963437485.1,CladeA,Bronchiectasis,Cluster_103,Cluster_3322
GCA_963437515.1,CladeA,Bronchiectasis,Cluster_213,Cluster_3297
GCA_963437525.1,CladeA,Bronchiectasis,Cluster_116,Cluster_3262
GCA_963437535.1,CladeA,Bronchiectasis,Cluster_203,Cluster_3272
GCA_963437545.1,CladeB,Bronchiectasis,Cluster_55,Cluster_121
GCA_963437555.1,CladeA,Bronchiectasis,Cluster_40,Cluster_3242
GCA_963437575.1,CladeA,Bronchiectasis,Cluster_117,Cluster_3356
GCA_963437585.1,CladeA,Bronchiectasis,Cluster_94,Cluster_968
GCA_963437595.1,CladeA,Bronchiectasis,Cluster_398,Cluster_3315
GCA_963437605.1,CladeA,Bronchiectasis,Cluster_63,Cluster_3279
GCA_963437615.1,CladeB,Bronchiectasis,Cluster_114,Cluster_3324
GCA_963437625.1,CladeA,Bronchiectasis,Cluster_13,Cluster_3248
GCA_963437635.1,CladeA,Bronchiectasis,Cluster_10,Cluster_3327
GCA_963437645.1,CladeA,Bronchiectasis,Cluster_227,Cluster_3259
GCA_963437655.1,CladeA,Bronchiectasis,Cluster_111,Cluster_326
GCA_963437665.1,CladeA,Bronchiectasis,Cluster_24,Cluster_3336
GCA_963437675.1,CladeA,Bronchiectasis,Cluster_230,Cluster_3261
GCA_963437685.1,CladeB,Bronchiectasis,Cluster_321,Cluster_3285
GCA_963437695.1,CladeA,Bronchiectasis,Cluster_289,Cluster_3343
GCA_963437705.1,CladeA,Bronchiectasis,Cluster_157,Cluster_3269
GCA_963437715.1,CladeA,Bronchiectasis,Cluster_278,Cluster_3302
GCA_963437735.1,CladeA,Bronchiectasis,Cluster_192,Cluster_796
GCA_963437745.1,CladeA,Bronchiectasis,Cluster_43,Cluster_3339
GCA_963437755.1,CladeA,Bronchiectasis,Cluster_394,Cluster_3264
GCA_963437765.1,CladeA,Bronchiectasis,Cluster_60,Cluster_1075
GCA_963437775.1,CladeA,Bronchiectasis,Cluster_10,Cluster_3318
GCA_963437785.1,CladeA,Bronchiectasis,Cluster_41,Cluster_3250
GCA_963437795.1,CladeA,Bronchiectasis,Cluster_227,Cluster_3259
GCA_963437815.1,CladeA,Bronchiectasis,Cluster_41,Cluster_3250
GCA_963437835.1,CladeA,Bronchiectasis,Cluster_43,Cluster_2679
GCA_963437845.1,CladeA,Bronchiectasis,Cluster_2,Cluster_3288
GCA_963437855.1,CladeA,Bronchiectasis,Cluster_36,Cluster_3256
GCA_963437875.1,CladeA,Bronchiectasis,Cluster_10,Cluster_3348
GCA_963437895.1,CladeA,Bronchiectasis,Cluster_90,Cluster_3280
GCA_963437905.1,CladeA,Bronchiectasis,Cluster_24,Cluster_3347
GCA_963437915.1,CladeA,Bronchiectasis,Cluster_34,Cluster_3316
GCA_963437925.1,CladeA,Bronchiectasis,Cluster_35,Cluster_3357
GCA_963437935.1,CladeA,Bronchiectasis,Cluster_31,Cluster_3254
GCA_963437955.1,CladeB,Bronchiectasis,Cluster_55,Cluster_121
GCA_963437965.1,CladeA,Bronchiectasis,Cluster_195,Cluster_3362
GCA_963437975.1,CladeA,Bronchiectasis,Cluster_68,Cluster_3247
GCA_963437995.1,CladeA,Bronchiectasis,Cluster_2,Cluster_3288
GCA_963438005.1,CladeA,Bronchiectasis,Cluster_70,Cluster_1091
GCA_963438015.1,CladeB,Bronchiectasis,Cluster_4,Cluster_3304
GCA_963438025.1,CladeB,Bronchiectasis,Cluster_55,Cluster_3337
GCA_963438045.1,CladeA,Bronchiectasis,Cluster_20,Cluster_3354
GCA_963438055.1,CladeA,Bronchiectasis,Cluster_203,Cluster_3272
GCA_963438065.1,CladeA,Bronchiectasis,Cluster_2,Cluster_3288
GCA_963438075.1,CladeA,Bronchiectasis,Cluster_10,Cluster_3326
GCA_963438085.1,CladeA,Bronchiectasis,Cluster_211,Cluster_3286
GCA_963438095.1,CladeA,Bronchiectasis,Cluster_399,Cluster_3320
GCA_963438105.1,CladeA,Bronchiectasis,Cluster_5,Cluster_3306
GCA_963438115.1,CladeA,Bronchiectasis,Cluster_10,Cluster_3348
GCA_963438125.1,CladeA,Bronchiectasis,Cluster_398,Cluster_3315
GCA_963438135.1,CladeA,Bronchiectasis,Cluster_2,Cluster_3288
GCA_963438145.1,CladeA,Bronchiectasis,Cluster_10,Cluster_3327
GCA_963438165.1,CladeA,Bronchiectasis,Cluster_230,Cluster_3261
GCA_963438175.1,CladeA,Bronchiectasis,Cluster_35,Cluster_3325
GCA_963438185.1,CladeA,Bronchiectasis,Cluster_277,Cluster_3307
GCA_963438195.1,CladeA,Bronchiectasis,Cluster_393,Cluster_3263
GCA_963438205.1,CladeA,Bronchiectasis,Cluster_43,Cluster_321
GCA_963438215.1,CladeA,Bronchiectasis,Cluster_24,Cluster_3336
GCA_963438225.1,CladeA,Bronchiectasis,Cluster_10,Cluster_3312
GCA_963438235.1,CladeA,Bronchiectasis,Cluster_60,Cluster_1075
GCA_963438245.1,CladeA,Bronchiectasis,Cluster_227,Cluster_3259
GCA_963438255.1,CladeA,Bronchiectasis,Cluster_70,Cluster_1091
GCA_963438265.1,CladeA,Bronchiectasis,Cluster_103,Cluster_3287
GCA_963438275.1,CladeA,Bronchiectasis,Cluster_40,Cluster_3305
GCA_963438285.1,CladeA,Bronchiectasis,Cluster_24,Cluster_3313
GCA_963438295.1,CladeA,Bronchiectasis,Cluster_30,Cluster_94
GCA_963438325.1,CladeA,Bronchiectasis,Cluster_68,Cluster_3247
GCA_963438335.1,CladeA,Bronchiectasis,Cluster_242,Cluster_1120
GCA_963438345.1,CladeB,Bronchiectasis,Cluster_64,Cluster_153
GCA_963438355.1,CladeA,Bronchiectasis,Cluster_111,Cluster_3335
GCA_963438365.1,CladeA,Bronchiectasis,Cluster_26,Cluster_3352
GCA_963438375.1,CladeB,Bronchiectasis,Cluster_11,Cluster_3349
GCA_963438385.1,CladeA,Bronchiectasis,Cluster_13,Cluster_3248
GCA_963438395.1,CladeA,Bronchiectasis,Cluster_107,Cluster_3340
GCA_963438425.1,CladeA,Bronchiectasis,Cluster_2,Cluster_3252
GCA_963438435.1,CladeA,Bronchiectasis,Cluster_13,Cluster_3248
GCA_963438445.1,CladeA,Bronchiectasis,Cluster_90,Cluster_3280
GCA_963438455.1,CladeA,Bronchiectasis,Cluster_10,Cluster_3300
GCA_963438465.1,CladeA,Bronchiectasis,Cluster_94,Cluster_968
GCA_963438475.1,CladeA,Bronchiectasis,Cluster_10,Cluster_3312
GCA_963438485.1,CladeA,Bronchiectasis,Cluster_41,Cluster_3250
GCA_963438495.1,CladeA,Bronchiectasis,Cluster_195,Cluster_3362
GCA_963438505.1,CladeA,Bronchiectasis,Cluster_230,Cluster_3265
GCA_963438515.1,CladeA,Bronchiectasis,Cluster_24,Cluster_3268
GCA_963438525.1,CladeA,Bronchiectasis,Cluster_48,Cluster_819
GCA_963438535.1,CladeA,Bronchiectasis,Cluster_82,Cluster_3364
GCA_963438545.1,CladeB,Bronchiectasis,Cluster_64,Cluster_153
GCA_963438555.1,CladeA,Bronchiectasis,Cluster_24,Cluster_3336
GCA_963438565.1,CladeA,Bronchiectasis,Cluster_289,Cluster_3343
GCA_963438575.1,CladeB,Bronchiectasis,Cluster_55,Cluster_3337
GCA_963438585.1,CladeA,Bronchiectasis,Cluster_70,Cluster_1091
GCA_963438595.1,CladeA,Bronchiectasis,Cluster_278,Cluster_3302
GCA_963438605.1,CladeA,Bronchiectasis,Cluster_105,Cluster_3281
GCA_963438615.1,CladeA,Bronchiectasis,Cluster_227,Cluster_3259
GCA_963438625.1,CladeA,Bronchiectasis,Cluster_36,Cluster_3251
GCA_963438635.1,CladeA,Bronchiectasis,Cluster_136,Cluster_3361
GCA_963438665.1,CladeB,Bronchiectasis,Cluster_11,Cluster_3349
GCA_963438675.1,CladeA,Bronchiectasis,Cluster_10,Cluster_3312
GCA_963438685.1,CladeA,Bronchiectasis,Cluster_35,Cluster_3357
GCA_963438695.1,CladeA,Bronchiectasis,Cluster_46,Cluster_3351
GCA_963438705.1,CladeA,Bronchiectasis,Cluster_125,Cluster_3282
GCA_963438715.1,CladeA,Bronchiectasis,Cluster_277,Cluster_3307
GCA_963438725.1,CladeB,Bronchiectasis,Cluster_64,Cluster_153
GCA_963438735.1,CladeA,Bronchiectasis,Cluster_2,Cluster_3288
GCA_963438745.1,CladeA,Bronchiectasis,Cluster_402,Cluster_3360
GCA_963438765.1,CladeA,Bronchiectasis,Cluster_58,Cluster_3310
GCA_963438785.1,CladeA,Bronchiectasis,Cluster_116,Cluster_3262
GCA_963438815.1,CladeA,Bronchiectasis,Cluster_203,Cluster_3272
GCA_963438825.1,CladeA,Bronchiectasis,Cluster_227,Cluster_3259
GCA_963438835.1,CladeA,Bronchiectasis,Cluster_242,Cluster_1120
GCA_963438845.1,CladeA,Bronchiectasis,Cluster_400,Cluster_3321
GCA_963438855.1,CladeA,Bronchiectasis,Cluster_58,Cluster_3329
GCA_963438865.1,CladeA,Bronchiectasis,Cluster_26,Cluster_3352
GCA_963438875.1,CladeA,Bronchiectasis,Cluster_203,Cluster_3272
GCA_963438895.1,CladeA,Bronchiectasis,Cluster_58,Cluster_1568
GCA_963438915.1,CladeA,Bronchiectasis,Cluster_2,Cluster_3276
GCA_963438935.1,CladeA,Bronchiectasis,Cluster_22,Cluster_3255
GCA_963438945.1,CladeB,Bronchiectasis,Cluster_185,Cluster_3274
GCA_963438955.1,CladeA,Bronchiectasis,Cluster_195,Cluster_3362
GCA_963438965.1,CladeA,Bronchiectasis,Cluster_230,Cluster_3258
GCA_963438975.1,CladeB,Bronchiectasis,Cluster_55,Cluster_3337
GCA_963438985.1,CladeA,Bronchiectasis,Cluster_24,Cluster_3313
GCA_963438995.1,CladeA,Bronchiectasis,Cluster_10,Cluster_3312
GCA_963439005.1,CladeA,Bronchiectasis,Cluster_20,Cluster_3317
GCA_963439015.1,CladeA,Bronchiectasis,Cluster_10,Cluster_3326
GCA_963439035.1,CladeA,Bronchiectasis,Cluster_111,Cluster_3335
GCA_963439045.1,CladeB,Bronchiectasis,Cluster_321,Cluster_3285
GCA_963439055.1,CladeA,Bronchiectasis,Cluster_393,Cluster_3263
GCA_963439065.1,CladeB,Bronchiectasis,Cluster_321,Cluster_3285
GCA_963439075.1,CladeA,Bronchiectasis,Cluster_399,Cluster_3320
GCA_963439085.1,CladeA,Bronchiectasis,Cluster_10,Cluster_3290
GCA_963439095.1,CladeA,Bronchiectasis,Cluster_70,Cluster_1091
GCA_963439105.1,CladeA,Bronchiectasis,Cluster_34,Cluster_3316
GCA_963439115.1,CladeA,Bronchiectasis,Cluster_40,Cluster_3305
GCA_963439125.1,CladeA,Bronchiectasis,Cluster_116,Cluster_3262
GCA_963439135.1,CladeA,Bronchiectasis,Cluster_41,Cluster_3250
GCA_963439165.1,CladeA,Bronchiectasis,Cluster_10,Cluster_3341
GCA_963439175.1,CladeA,Bronchiectasis,Cluster_395,Cluster_3277
GCA_963439185.1,CladeA,Bronchiectasis,Cluster_2,Cluster_3288
GCA_963439205.1,CladeA,Bronchiectasis,Cluster_278,Cluster_3302
GCA_963439215.1,CladeA,Bronchiectasis,Cluster_5,Cluster_3306
GCA_963439225.1,CladeA,Bronchiectasis,Cluster_14,Cluster_3270
GCA_963439235.1,CladeA,Bronchiectasis,Cluster_2,Cluster_356
GCA_963439245.1,CladeA,Bronchiectasis,Cluster_10,Cluster_3341
GCA_963439255.1,CladeA,Bronchiectasis,Cluster_10,Cluster_3249
GCA_963439265.1,CladeA,Bronchiectasis,Cluster_5,Cluster_1004
GCA_963439275.1,CladeB,Bronchiectasis,Cluster_11,Cluster_231
GCA_963439295.1,CladeA,Bronchiectasis,Cluster_203,Cluster_3272
GCA_963439325.1,CladeB,Bronchiectasis,Cluster_185,Cluster_3328
GCA_963439335.1,CladeB,Bronchiectasis,Cluster_11,Cluster_3299
GCA_963439345.1,CladeA,Bronchiectasis,Cluster_395,Cluster_3277
GCA_963439355.1,CladeB,Bronchiectasis,Cluster_4,Cluster_3245
GCA_963439375.1,CladeA,Bronchiectasis,Cluster_401,Cluster_3338
GCA_963439385.1,CladeA,Bronchiectasis,Cluster_23,Cluster_3331
GCA_963439395.1,CladeA,Bronchiectasis,Cluster_230,Cluster_3258
GCA_963439405.1,CladeA,Bronchiectasis,Cluster_2,Cluster_356
GCA_963439415.1,CladeA,Bronchiectasis,Cluster_90,Cluster_3280
GCA_963439425.1,CladeA,Bronchiectasis,Cluster_116,Cluster_3262
GCA_963439435.1,CladeA,Bronchiectasis,Cluster_242,Cluster_1120
GCA_963439455.1,CladeA,Bronchiectasis,Cluster_10,Cluster_3290
GCA_963439465.1,CladeA,Bronchiectasis,Cluster_41,Cluster_3250
GCA_963439475.1,CladeA,Bronchiectasis,Cluster_40,Cluster_3242
GCA_963439485.1,CladeA,Bronchiectasis,Cluster_58,Cluster_1568
GCA_963439495.1,CladeA,Bronchiectasis,Cluster_107,Cluster_3340
GCA_963439505.1,CladeA,Bronchiectasis,Cluster_5,Cluster_1004
GCA_963439515.1,CladeB,Bronchiectasis,Cluster_114,Cluster_3324
GCA_963439545.1,CladeA,Bronchiectasis,Cluster_10,Cluster_3300
GCA_963439555.1,CladeA,Bronchiectasis,Cluster_40,Cluster_3293
GCA_963439565.1,CladeB,Bronchiectasis,Cluster_55,Cluster_3337
GCA_963439575.1,CladeA,Bronchiectasis,Cluster_13,Cluster_3248
GCA_963439585.1,CladeA,Bronchiectasis,Cluster_37,Cluster_3330
GCA_963439595.1,CladeA,Bronchiectasis,Cluster_58,Cluster_3310
GCA_963439605.1,CladeA,Bronchiectasis,Cluster_24,Cluster_3313
GCA_963439625.1,CladeA,Bronchiectasis,Cluster_107,Cluster_3340
GCA_963439635.1,CladeB,Bronchiectasis,Cluster_200,Cluster_3253
GCA_963439645.1,CladeA,Bronchiectasis,Cluster_103,Cluster_3322
GCA_963439685.1,CladeA,Bronchiectasis,Cluster_94,Cluster_261
GCA_963439695.1,CladeA,Bronchiectasis,Cluster_24,Cluster_3319
GCA_963439705.1,CladeA,Bronchiectasis,Cluster_10,Cluster_3312
GCA_963439715.1,CladeA,Bronchiectasis,Cluster_401,Cluster_3338
GCA_963439725.1,CladeA,Bronchiectasis,Cluster_213,Cluster_3297
GCA_963439735.1,CladeA,Bronchiectasis,Cluster_399,Cluster_3320
GCA_963439745.1,CladeA,Bronchiectasis,Cluster_5,Cluster_3311
GCA_963439755.1,CladeB,Bronchiectasis,Cluster_11,Cluster_3299
GCA_963439775.1,CladeA,Bronchiectasis,Cluster_399,Cluster_3320
GCA_963439795.1,CladeA,Bronchiectasis,Cluster_282,Cluster_3246
GCA_963439805.1,CladeA,Bronchiectasis,Cluster_94,Cluster_3283
GCA_963439815.1,CladeA,Bronchiectasis,Cluster_31,Cluster_3254
GCA_963439825.1,CladeA,Bronchiectasis,Cluster_70,Cluster_1091
GCA_963439835.1,CladeB,Bronchiectasis,Cluster_55,Cluster_2544
GCA_963439845.1,CladeA,Bronchiectasis,Cluster_24,Cluster_3336
GCA_963439855.1,CladeA,Bronchiectasis,Cluster_41,Cluster_3250
GCA_963439865.1,CladeB,Bronchiectasis,Cluster_91,Cluster_3358
GCA_963439905.1,CladeA,Bronchiectasis,Cluster_22,Cluster_3255
GCA_963439915.1,CladeA,Bronchiectasis,Cluster_242,Cluster_1120
GCA_963439925.1,CladeA,Bronchiectasis,Cluster_125,Cluster_3282
GCA_963439935.1,CladeA,Bronchiectasis,Cluster_201,Cluster_3332
GCA_963439945.1,CladeB,Bronchiectasis,Cluster_64,Cluster_153
GCA_963439955.1,CladeB,Bronchiectasis,Cluster_11,Cluster_231
GCA_963439965.1,CladeA,Bronchiectasis,Cluster_43,Cluster_260
GCA_963439975.1,CladeA,Bronchiectasis,Cluster_2,Cluster_3252
GCA_963439985.1,CladeA,Bronchiectasis,Cluster_5,Cluster_3306
GCA_963439995.1,CladeA,Bronchiectasis,Cluster_289,Cluster_3343
GCA_963440005.1,CladeA,Bronchiectasis,Cluster_13,Cluster_3333
GCA_963440015.1,CladeA,Bronchiectasis,Cluster_230,Cluster_3265
GCA_963440025.1,CladeB,Bronchiectasis,Cluster_64,Cluster_153
GCA_963440045.1,CladeA,Bronchiectasis,Cluster_35,Cluster_3325
GCA_963440055.1,CladeA,Bronchiectasis,Cluster_13,Cluster_3248
GCA_963440065.1,CladeA,Bronchiectasis,Cluster_230,Cluster_3265
GCA_963440075.1,CladeA,Bronchiectasis,Cluster_282,Cluster_3267
GCA_963440085.1,CladeA,Bronchiectasis,Cluster_282,Cluster_3267
GCA_963440095.1,CladeA,Bronchiectasis,Cluster_277,Cluster_3365
GCA_963440115.1,CladeA,Bronchiectasis,Cluster_22,Cluster_3255
GCA_963440125.1,CladeA,Bronchiectasis,Cluster_5,Cluster_3292
GCA_963440135.1,CladeA,Bronchiectasis,Cluster_157,Cluster_3269
GCA_963440145.1,CladeA,Bronchiectasis,Cluster_400,Cluster_3321
GCA_963440155.1,CladeA,Bronchiectasis,Cluster_230,Cluster_3258
GCA_963440165.1,CladeA,Bronchiectasis,Cluster_401,Cluster_3338
GCA_963440175.1,CladeA,Bronchiectasis,Cluster_287,Cluster_3284
GCA_963440185.1,CladeA,Bronchiectasis,Cluster_43,Cluster_260
GCA_963440195.1,CladeA,Bronchiectasis,Cluster_10,Cluster_3341
GCA_963440225.1,CladeA,Bronchiectasis,Cluster_24,Cluster_3347
GCA_963440235.1,CladeA,Bronchiectasis,Cluster_24,Cluster_3313
GCA_963440265.1,CladeA,Bronchiectasis,Cluster_400,Cluster_3321
GCA_963440275.1,CladeA,Bronchiectasis,Cluster_35,Cluster_3325
GCA_963440295.1,CladeA,Bronchiectasis,Cluster_68,Cluster_3247
GCA_963440315.1,CladeA,Bronchiectasis,Cluster_278,Cluster_3302
GCA_963440325.1,CladeB,Bronchiectasis,Cluster_11,Cluster_3349
GCA_963440345.1,CladeB,Bronchiectasis,Cluster_200,Cluster_3253
GCA_963440355.1,CladeA,Bronchiectasis,Cluster_289,Cluster_3343
GCA_963440365.1,CladeA,Bronchiectasis,Cluster_58,Cluster_3310
GCA_963440375.1,CladeA,Bronchiectasis,Cluster_24,Cluster_3347
GCA_963440385.1,CladeA,Bronchiectasis,Cluster_26,Cluster_3271
GCA_963440405.1,CladeA,Bronchiectasis,Cluster_195,Cluster_3362
GCA_963440415.1,CladeA,Bronchiectasis,Cluster_5,Cluster_1004
GCA_963440425.1,CladeA,Bronchiectasis,Cluster_393,Cluster_3263
GCA_963440435.1,CladeA,Bronchiectasis,Cluster_43,Cluster_2679
GCA_963440445.1,CladeA,Bronchiectasis,Cluster_399,Cluster_3320
GCA_963440455.1,CladeA,Bronchiectasis,Cluster_40,Cluster_3242
GCA_963440465.1,CladeA,Bronchiectasis,Cluster_24,Cluster_3336
GCA_963440485.1,CladeA,Bronchiectasis,Cluster_403,Cluster_3366
GCA_963440495.1,CladeB,Bronchiectasis,Cluster_11,Cluster_3349
GCA_963440515.1,CladeA,Bronchiectasis,Cluster_2,Cluster_3252
GCA_963440535.1,CladeA,Bronchiectasis,Cluster_103,Cluster_3322
GCA_963440545.1,CladeB,Bronchiectasis,Cluster_11,Cluster_3289
GCA_963440555.1,CladeB,Bronchiectasis,Cluster_64,Cluster_153
GCA_963440565.1,CladeA,Bronchiectasis,Cluster_26,Cluster_3352
GCA_963440575.1,CladeB,Bronchiectasis,Cluster_200,Cluster_3253
GCA_963440585.1,CladeA,Bronchiectasis,Cluster_48,Cluster_819
GCA_963440595.1,CladeA,Bronchiectasis,Cluster_396,Cluster_3301
GCA_963440605.1,CladeA,Bronchiectasis,Cluster_58,Cluster_3344
GCA_963440615.1,CladeA,Bronchiectasis,Cluster_24,Cluster_3359
GCA_963440625.1,CladeA,Bronchiectasis,Cluster_116,Cluster_3262
GCA_963440635.1,CladeA,Bronchiectasis,Cluster_103,Cluster_3355
GCA_963440645.1,CladeB,Bronchiectasis,Cluster_397,Cluster_3308
GCA_963440655.1,CladeA,Bronchiectasis,Cluster_287,Cluster_3284
GCA_963440665.1,CladeA,Bronchiectasis,Cluster_10,Cluster_3318
GCA_963440675.1,CladeA,Bronchiectasis,Cluster_24,Cluster_3313
GCA_963440695.1,CladeA,Bronchiectasis,Cluster_24,Cluster_3313
GCA_963440705.1,CladeA,Bronchiectasis,Cluster_35,Cluster_3357
GCA_963440725.1,CladeB,Bronchiectasis,Cluster_4,Cluster_3304
GCA_963440735.1,CladeA,Bronchiectasis,Cluster_46,Cluster_3351
GCA_963440755.1,CladeA,Bronchiectasis,Cluster_24,Cluster_3268
GCA_963440765.1,CladeA,Bronchiectasis,Cluster_107,Cluster_3340
GCA_963440775.1,CladeB,Bronchiectasis,Cluster_55,Cluster_121
GCA_963440795.1,CladeA,Bronchiectasis,Cluster_43,Cluster_2679
GCA_963440805.1,CladeA,Bronchiectasis,Cluster_24,Cluster_3314
GCA_963440815.1,CladeA,Bronchiectasis,Cluster_43,Cluster_321
GCA_963440825.1,CladeA,Bronchiectasis,Cluster_36,Cluster_3251
GCA_963440835.1,CladeA,Bronchiectasis,Cluster_10,Cluster_3312
GCA_963440845.1,CladeA,Bronchiectasis,Cluster_68,Cluster_3257
GCA_963440855.1,CladeA,Bronchiectasis,Cluster_58,Cluster_3310
GCA_963440865.1,CladeA,Bronchiectasis,Cluster_34,Cluster_3353
GCA_963440875.1,CladeA,Bronchiectasis,Cluster_24,Cluster_3314
GCA_963440885.1,CladeA,Bronchiectasis,Cluster_395,Cluster_3277
GCA_963440895.1,CladeA,Bronchiectasis,Cluster_22,Cluster_3255
GCA_963440905.1,CladeA,Bronchiectasis,Cluster_37,Cluster_3330
GCA_963440915.1,CladeA,Bronchiectasis,Cluster_10,Cluster_3327
GCA_963440925.1,CladeA,Bronchiectasis,Cluster_40,Cluster_3305
GCA_963440955.1,CladeA,Bronchiectasis,Cluster_227,Cluster_3259
GCA_963440965.1,CladeA,Bronchiectasis,Cluster_10,Cluster_3341
GCA_963440985.1,CladeA,Bronchiectasis,Cluster_10,Cluster_3318
GCA_963440995.1,CladeB,Bronchiectasis,Cluster_185,Cluster_3328
GCA_963441005.1,CladeA,Bronchiectasis,Cluster_392,Cluster_3260
GCA_963441015.1,CladeA,Bronchiectasis,Cluster_2,Cluster_3276
GCA_963441035.1,CladeA,Bronchiectasis,Cluster_201,Cluster_3332
GCA_963441045.1,CladeB,Bronchiectasis,Cluster_4,Cluster_3245
GCA_963441055.1,CladeA,Bronchiectasis,Cluster_111,Cluster_3335
GCA_963441065.1,CladeA,Bronchiectasis,Cluster_289,Cluster_3343
GCA_963441075.1,CladeA,Bronchiectasis,Cluster_201,Cluster_3332
GCA_963441095.1,CladeB,Bronchiectasis,Cluster_55,Cluster_121
GCA_963441115.1,CladeA,Bronchiectasis,Cluster_40,Cluster_3293
GCA_963441125.1,CladeA,Bronchiectasis,Cluster_54,Cluster_3296
GCA_963441135.1,CladeA,Bronchiectasis,Cluster_58,Cluster_3329
GCA_963441145.1,CladeB,Bronchiectasis,Cluster_185,Cluster_3328
GCA_963441155.1,CladeA,Bronchiectasis,Cluster_5,Cluster_3311
GCA_963441175.1,CladeA,Bronchiectasis,Cluster_20,Cluster_3317
GCA_963441205.1,CladeA,Bronchiectasis,Cluster_34,Cluster_3316
GCA_963441215.1,CladeA,Bronchiectasis,Cluster_107,Cluster_3340
GCA_963441225.1,CladeA,Bronchiectasis,Cluster_2,Cluster_356
GCA_963441235.1,CladeA,Bronchiectasis,Cluster_201,Cluster_3332
GCA_963441245.1,CladeA,Bronchiectasis,Cluster_2,Cluster_3252
GCA_963441255.1,CladeA,Bronchiectasis,Cluster_24,Cluster_3347
GCA_963441265.1,CladeB,Bronchiectasis,Cluster_64,Cluster_153
GCA_963441275.1,CladeA,Bronchiectasis,Cluster_10,Cluster_3326
GCA_963441295.1,CladeA,Bronchiectasis,Cluster_34,Cluster_3316
GCA_963441305.1,CladeA,Bronchiectasis,Cluster_20,Cluster_3354
GCA_963441315.1,CladeA,Bronchiectasis,Cluster_68,Cluster_3257
GCA_963441345.1,CladeA,Bronchiectasis,Cluster_10,Cluster_3303
GCA_963441365.1,CladeA,Bronchiectasis,Cluster_23,Cluster_3244
GCA_963441375.1,CladeA,Bronchiectasis,Cluster_13,Cluster_3333
GCA_963441385.1,CladeA,Bronchiectasis,Cluster_282,Cluster_3246
GCA_963441395.1,CladeA,Bronchiectasis,Cluster_43,Cluster_260
GCA_963441405.1,CladeB,Bronchiectasis,Cluster_196,Cluster_3294
GCA_963441425.1,CladeA,Bronchiectasis,Cluster_5,Cluster_3306
GCA_963441435.1,CladeA,Bronchiectasis,Cluster_43,Cluster_321
GCA_963441445.1,CladeA,Bronchiectasis,Cluster_48,Cluster_819
GCA_963441465.1,CladeA,Bronchiectasis,Cluster_14,Cluster_3270
GCA_963441485.1,CladeA,Bronchiectasis,Cluster_282,Cluster_3267
GCA_963441495.1,CladeB,Bronchiectasis,Cluster_196,Cluster_3294
GCA_963441505.1,CladeA,Bronchiectasis,Cluster_105,Cluster_3281
GCA_963441525.1,CladeA,Bronchiectasis,Cluster_43,Cluster_3295
GCA_963441535.1,CladeA,Bronchiectasis,Cluster_63,Cluster_3279
GCA_963441545.1,CladeA,Bronchiectasis,Cluster_23,Cluster_3244
GCA_963441555.1,CladeA,Bronchiectasis,Cluster_58,Cluster_3344
GCA_963441565.1,CladeA,Bronchiectasis,Cluster_48,Cluster_819
GCA_963441575.1,CladeA,Bronchiectasis,Cluster_40,Cluster_594
GCA_963441585.1,CladeA,Bronchiectasis,Cluster_48,Cluster_819
GCA_963441595.1,CladeA,Bronchiectasis,Cluster_10,Cluster_3318
GCA_963441605.1,CladeA,Bronchiectasis,Cluster_10,Cluster_3312
GCA_963441615.1,CladeA,Bronchiectasis,Cluster_287,Cluster_3284
GCA_963441625.1,CladeA,Bronchiectasis,Cluster_103,Cluster_3346
GCA_963441635.1,CladeB,Bronchiectasis,Cluster_55,Cluster_2544
GCA_963441645.1,CladeA,Bronchiectasis,Cluster_278,Cluster_3302
GCA_963441655.1,CladeB,Bronchiectasis,Cluster_11,Cluster_3289
GCA_963441665.1,CladeB,Bronchiectasis,Cluster_4,Cluster_3245
GCA_963441675.1,CladeA,Bronchiectasis,Cluster_58,Cluster_3329
GCA_963441685.1,CladeA,Bronchiectasis,Cluster_10,Cluster_3312
GCA_963441695.1,CladeA,Bronchiectasis,Cluster_40,Cluster_3305
GCA_963441705.1,CladeB,Bronchiectasis,Cluster_185,Cluster_3328
GCA_963441715.1,CladeA,Bronchiectasis,Cluster_30,Cluster_94
GCA_963441725.1,CladeA,Bronchiectasis,Cluster_157,Cluster_3269
GCA_963441735.1,CladeA,Bronchiectasis,Cluster_22,Cluster_3255
GCA_963441755.1,CladeA,Bronchiectasis,Cluster_211,Cluster_3266
GCA_963441765.1,CladeA,Bronchiectasis,Cluster_10,Cluster_3341
GCA_963441795.1,CladeA,Bronchiectasis,Cluster_23,Cluster_3331
GCA_963441815.1,CladeB,Bronchiectasis,Cluster_397,Cluster_3308
GCA_963441825.1,CladeA,Bronchiectasis,Cluster_10,Cluster_3326
GCA_963441835.1,CladeA,Bronchiectasis,Cluster_24,Cluster_3319
GCA_963441845.1,CladeA,Bronchiectasis,Cluster_68,Cluster_3257
GCA_963441865.1,CladeA,Bronchiectasis,Cluster_394,Cluster_3264
GCA_963441875.1,CladeA,Bronchiectasis,Cluster_58,Cluster_3344
GCA_963441895.1,CladeA,Bronchiectasis,Cluster_24,Cluster_3314
GCA_963441905.1,CladeA,Bronchiectasis,Cluster_2,Cluster_356
GCA_963441915.1,CladeA,Bronchiectasis,Cluster_58,Cluster_1568
GCA_963441925.1,CladeA,Bronchiectasis,Cluster_398,Cluster_3315
GCA_963441945.1,CladeA,Bronchiectasis,Cluster_229,Cluster_3275
GCA_963441955.1,CladeA,Bronchiectasis,Cluster_68,Cluster_3247
GCA_963441965.1,CladeA,Bronchiectasis,Cluster_36,Cluster_3251
GCA_963441975.1,CladeA,Bronchiectasis,Cluster_46,Cluster_3351
GCA_963441985.1,CladeA,Bronchiectasis,Cluster_211,Cluster_3286
GCA_963441995.1,CladeA,Bronchiectasis,Cluster_31,Cluster_3254
GCA_963442035.1,CladeB,Bronchiectasis,Cluster_196,Cluster_3294
GCA_963442045.1,CladeA,Bronchiectasis,Cluster_227,Cluster_3259
GCA_963442065.1,CladeA,Bronchiectasis,Cluster_24,Cluster_3314
GCA_963442075.1,CladeA,Bronchiectasis,Cluster_402,Cluster_3360
GCA_963442085.1,CladeA,Bronchiectasis,Cluster_34,Cluster_3353
GCA_963442095.1,CladeA,Bronchiectasis,Cluster_31,Cluster_3254
GCA_963442105.1,CladeA,Bronchiectasis,Cluster_36,Cluster_3256
GCA_963442115.1,CladeA,Bronchiectasis,Cluster_111,Cluster_326
GCA_963442125.1,CladeA,Bronchiectasis,Cluster_203,Cluster_3272
GCA_963442135.1,CladeA,Bronchiectasis,Cluster_68,Cluster_3247
GCA_963442145.1,CladeA,Bronchiectasis,Cluster_398,Cluster_3315
GCA_963442155.1,CladeA,Bronchiectasis,Cluster_398,Cluster_3315
GCA_963442165.1,CladeB,Bronchiectasis,Cluster_64,Cluster_153
GCA_963442175.1,CladeA,Bronchiectasis,Cluster_211,Cluster_3286
GCA_963442195.1,CladeA,Bronchiectasis,Cluster_40,Cluster_3342
GCA_963442205.1,CladeA,Bronchiectasis,Cluster_43,Cluster_321
GCA_963442225.1,CladeB,Bronchiectasis,Cluster_11,Cluster_3289
GCA_963442245.1,CladeB,Bronchiectasis,Cluster_55,Cluster_121
GCA_963442265.1,CladeA,Bronchiectasis,Cluster_43,Cluster_2679
GCA_963442285.1,CladeA,Bronchiectasis,Cluster_136,Cluster_3361
GCA_963442295.1,CladeA,Bronchiectasis,Cluster_40,Cluster_3305
GCA_963442315.1,CladeA,Bronchiectasis,Cluster_111,Cluster_3335
GCA_963442325.1,CladeA,Bronchiectasis,Cluster_5,Cluster_3311
GCA_963442355.1,CladeA,Bronchiectasis,Cluster_92,Cluster_3278
GCA_963442375.1,CladeA,Bronchiectasis,Cluster_94,Cluster_3243
GCA_963442385.1,CladeA,Bronchiectasis,Cluster_24,Cluster_3319
GCA_963442395.1,CladeA,Bronchiectasis,Cluster_40,Cluster_3242
GCA_963442405.1,CladeA,Bronchiectasis,Cluster_5,Cluster_1004
GCA_963442415.1,CladeA,Bronchiectasis,Cluster_201,Cluster_3332
GCA_963442425.1,CladeA,Bronchiectasis,Cluster_117,Cluster_3356
GCA_963442435.1,CladeA,Bronchiectasis,Cluster_157,Cluster_3269
GCA_963442445.1,CladeA,Bronchiectasis,Cluster_70,Cluster_1091
GCA_963442455.1,CladeA,Bronchiectasis,Cluster_103,Cluster_3355
GCA_963442465.1,CladeA,Bronchiectasis,Cluster_34,Cluster_3353
GCA_963442475.1,CladeA,Bronchiectasis,Cluster_401,Cluster_3338
GCA_963442485.1,CladeA,Bronchiectasis,Cluster_10,Cluster_3348
GCA_963442495.1,CladeA,Bronchiectasis,Cluster_2,Cluster_3276
GCA_963442515.1,CladeA,Bronchiectasis,Cluster_92,Cluster_3278
GCA_963442535.1,CladeA,Bronchiectasis,Cluster_211,Cluster_3266
GCA_963442545.1,CladeA,Bronchiectasis,Cluster_24,Cluster_3336
GCA_963442555.1,CladeB,Bronchiectasis,Cluster_64,Cluster_153
GCA_963442565.1,CladeA,Bronchiectasis,Cluster_43,Cluster_3295
GCA_963442575.1,CladeA,Bronchiectasis,Cluster_54,Cluster_3296
GCA_963442585.1,CladeA,Bronchiectasis,Cluster_35,Cluster_3325
GCA_963442595.1,CladeA,Bronchiectasis,Cluster_203,Cluster_3272
GCA_963442605.1,CladeA,Bronchiectasis,Cluster_282,Cluster_3267
GCA_963442615.1,CladeA,Bronchiectasis,Cluster_5,Cluster_3311
GCA_963442625.1,CladeA,Bronchiectasis,Cluster_195,Cluster_3362
GCA_963442635.1,CladeA,Bronchiectasis,Cluster_94,Cluster_261
GCA_963442645.1,CladeA,Bronchiectasis,Cluster_43,Cluster_260
GCA_963442655.1,CladeB,Bronchiectasis,Cluster_11,Cluster_3309
GCA_963442665.1,CladeA,Bronchiectasis,Cluster_24,Cluster_3336
GCA_963442675.1,CladeB,Bronchiectasis,Cluster_11,Cluster_3309
GCA_963442685.1,CladeA,Bronchiectasis,Cluster_92,Cluster_3278
GCA_963442705.1,CladeA,Bronchiectasis,Cluster_103,Cluster_3322
GCA_963442725.1,CladeA,Bronchiectasis,Cluster_5,Cluster_3311
GCA_963442735.1,CladeA,Bronchiectasis,Cluster_394,Cluster_3264
GCA_963442745.1,CladeA,Bronchiectasis,Cluster_26,Cluster_3271
GCA_963442765.1,CladeA,Bronchiectasis,Cluster_35,Cluster_342
GCA_963442775.1,CladeB,Bronchiectasis,Cluster_397,Cluster_3308
GCA_963442805.1,CladeA,Bronchiectasis,Cluster_10,Cluster_3312
GCA_963442815.1,CladeA,Bronchiectasis,Cluster_195,Cluster_3362
GCA_963442825.1,CladeA,Bronchiectasis,Cluster_2,Cluster_3288
GCA_963442845.1,CladeA,Bronchiectasis,Cluster_103,Cluster_3346
GCA_963442855.1,CladeB,Bronchiectasis,Cluster_11,Cluster_3349
GCA_963442865.1,CladeB,Bronchiectasis,Cluster_91,Cluster_3358
GCA_963442875.1,CladeB,Bronchiectasis,Cluster_55,Cluster_2544
GCA_963442885.1,CladeA,Bronchiectasis,Cluster_277,Cluster_3307
GCA_963442895.1,CladeA,Bronchiectasis,Cluster_211,Cluster_3266
GCA_963442905.1,CladeB,Bronchiectasis,Cluster_55,Cluster_2544
GCA_963442915.1,CladeB,Bronchiectasis,Cluster_200,Cluster_3253
GCA_963442925.1,CladeA,Bronchiectasis,Cluster_287,Cluster_3284
GCA_963442935.1,CladeA,Bronchiectasis,Cluster_58,Cluster_3344
GCA_963442955.1,CladeA,Bronchiectasis,Cluster_392,Cluster_3260
GCA_963442995.1,CladeA,Bronchiectasis,Cluster_94,Cluster_3283
GCA_963443005.1,CladeA,Bronchiectasis,Cluster_2,Cluster_3252
GCA_963443025.1,CladeA,Bronchiectasis,Cluster_402,Cluster_3360
GCA_963443035.1,CladeA,Bronchiectasis,Cluster_393,Cluster_3263
GCA_963443045.1,CladeA,Bronchiectasis,Cluster_43,Cluster_2679
GCA_963443055.1,CladeA,Bronchiectasis,Cluster_48,Cluster_819
GCA_963443065.1,CladeA,Bronchiectasis,Cluster_26,Cluster_3352
GCA_963443075.1,CladeA,Bronchiectasis,Cluster_40,Cluster_594
GCA_963443085.1,CladeA,Bronchiectasis,Cluster_157,Cluster_3269
GCA_963443105.1,CladeA,Bronchiectasis,Cluster_30,Cluster_94
GCA_963443125.1,CladeB,Bronchiectasis,Cluster_11,Cluster_3309
GCA_963443135.1,CladeA,Bronchiectasis,Cluster_394,Cluster_3264
GCA_963443145.1,CladeA,Bronchiectasis,Cluster_10,Cluster_3327
GCA_963443155.1,CladeA,Bronchiectasis,Cluster_2,Cluster_3288
GCA_963443165.1,CladeA,Bronchiectasis,Cluster_103,Cluster_3322
GCA_963443175.1,CladeA,Bronchiectasis,Cluster_36,Cluster_3256
GCA_963443185.1,CladeB,Bronchiectasis,Cluster_11,Cluster_3289
GCA_963443195.1,CladeA,Bronchiectasis,Cluster_94,Cluster_3283
GCA_963443205.1,CladeA,Bronchiectasis,Cluster_195,Cluster_3362
GCA_963443215.1,CladeA,Bronchiectasis,Cluster_278,Cluster_3302
GCA_963443225.1,CladeA,Bronchiectasis,Cluster_40,Cluster_3293
GCA_963443235.1,CladeA,Bronchiectasis,Cluster_10,Cluster_3348
GCA_963443245.1,CladeA,Bronchiectasis,Cluster_40,Cluster_3242
GCA_963443255.1,CladeA,Bronchiectasis,Cluster_282,Cluster_3267
GCA_963443265.1,CladeA,Bronchiectasis,Cluster_31,Cluster_3254
GCA_963443275.1,CladeA,Bronchiectasis,Cluster_282,Cluster_3267
GCA_963443285.1,CladeA,Bronchiectasis,Cluster_105,Cluster_3281
GCA_963443295.1,CladeA,Bronchiectasis,Cluster_394,Cluster_3264
GCA_963443305.1,CladeA,Bronchiectasis,Cluster_34,Cluster_3316
GCA_963443325.1,CladeA,Bronchiectasis,Cluster_402,Cluster_3360
GCA_963443335.1,CladeA,Bronchiectasis,Cluster_392,Cluster_3260
GCA_963443355.1,CladeA,Bronchiectasis,Cluster_24,Cluster_3359
GCA_963443365.1,CladeB,Bronchiectasis,Cluster_196,Cluster_3294
GCA_963443375.1,CladeA,Bronchiectasis,Cluster_19,Cluster_3291
GCA_963443385.1,CladeA,Bronchiectasis,Cluster_34,Cluster_3353
GCA_963443395.1,CladeA,Bronchiectasis,Cluster_211,Cluster_3286
GCA_963443405.1,CladeA,Bronchiectasis,Cluster_211,Cluster_3266
GCA_963443415.1,CladeA,Bronchiectasis,Cluster_24,Cluster_3268
GCA_963443425.1,CladeB,Bronchiectasis,Cluster_11,Cluster_231
GCA_963443435.1,CladeA,Bronchiectasis,Cluster_63,Cluster_3279
GCA_963443445.1,CladeA,Bronchiectasis,Cluster_37,Cluster_3330
GCA_963443455.1,CladeA,Bronchiectasis,Cluster_35,Cluster_3325
GCA_963443475.1,CladeA,Bronchiectasis,Cluster_398,Cluster_3315
GCA_963443485.1,CladeB,Bronchiectasis,Cluster_321,Cluster_3285
GCA_963443505.1,CladeA,Bronchiectasis,Cluster_10,Cluster_3318
GCA_963443515.1,CladeA,Bronchiectasis,Cluster_10,Cluster_3341
GCA_963443525.1,CladeB,Bronchiectasis,Cluster_114,Cluster_3324
GCA_963443545.1,CladeA,Bronchiectasis,Cluster_103,Cluster_3355
GCA_963443555.1,CladeA,Bronchiectasis,Cluster_24,Cluster_3336
GCA_963443565.1,CladeB,Bronchiectasis,Cluster_64,Cluster_153
GCA_963443575.1,CladeA,Bronchiectasis,Cluster_43,Cluster_3295
GCA_963443595.1,CladeB,Bronchiectasis,Cluster_4,Cluster_3304
GCA_963443615.1,CladeA,Bronchiectasis,Cluster_211,Cluster_3266
GCA_963443625.1,CladeA,Bronchiectasis,Cluster_392,Cluster_3260
GCA_963443635.1,CladeA,Bronchiectasis,Cluster_282,Cluster_3267
GCA_963443655.1,CladeA,Bronchiectasis,Cluster_10,Cluster_3341
GCA_963443675.1,CladeA,Bronchiectasis,Cluster_43,Cluster_3339
GCA_963443685.1,CladeA,Bronchiectasis,Cluster_285,Cluster_3334
GCA_963443695.1,CladeB,Bronchiectasis,Cluster_321,Cluster_3285
GCA_963443715.1,CladeA,Bronchiectasis,Cluster_5,Cluster_3306
GCA_963443725.1,CladeA,Bronchiectasis,Cluster_40,Cluster_3342
GCA_963443755.1,CladeA,Bronchiectasis,Cluster_227,Cluster_3259
GCA_963443765.1,CladeA,Bronchiectasis,Cluster_227,Cluster_3259
GCA_963443785.1,CladeA,Bronchiectasis,Cluster_402,Cluster_3360
GCA_963443795.1,CladeA,Bronchiectasis,Cluster_26,Cluster_3352
GCA_963443805.1,CladeB,Bronchiectasis,Cluster_64,Cluster_153
GCA_963443815.1,CladeB,Bronchiectasis,Cluster_321,Cluster_3285
GCA_963443835.1,CladeA,Bronchiectasis,Cluster_2,Cluster_356
GCA_963443845.1,CladeA,Bronchiectasis,Cluster_396,Cluster_3301
GCA_963443855.1,CladeA,Bronchiectasis,Cluster_40,Cluster_3342
GCA_963443865.1,CladeA,Bronchiectasis,Cluster_401,Cluster_3338
GCA_963443875.1,CladeA,Bronchiectasis,Cluster_54,Cluster_3296
GCA_963443885.1,CladeB,Bronchiectasis,Cluster_11,Cluster_3309
GCA_963443895.1,CladeA,Bronchiectasis,Cluster_14,Cluster_3270
GCA_963443915.1,CladeA,Bronchiectasis,Cluster_111,Cluster_3335
GCA_963443925.1,CladeA,Bronchiectasis,Cluster_34,Cluster_3316
GCA_963443935.1,CladeA,Bronchiectasis,Cluster_24,Cluster_3314
GCA_963443945.1,CladeA,Bronchiectasis,Cluster_13,Cluster_3248
GCA_963443955.1,CladeA,Bronchiectasis,Cluster_24,Cluster_3268
GCA_963443965.1,CladeA,Bronchiectasis,Cluster_5,Cluster_3306
GCA_963443975.1,CladeA,Bronchiectasis,Cluster_192,Cluster_796
GCA_963443995.1,CladeA,Bronchiectasis,Cluster_211,Cluster_3286
GCA_963444025.1,CladeB,Bronchiectasis,Cluster_114,Cluster_3324
GCA_963444045.1,CladeA,Bronchiectasis,Cluster_35,Cluster_342
GCA_963444055.1,CladeA,Bronchiectasis,Cluster_2,Cluster_356
GCA_963444065.1,CladeA,Bronchiectasis,Cluster_157,Cluster_3269
GCA_963444075.1,CladeA,Bronchiectasis,Cluster_35,Cluster_342
GCA_963444085.1,CladeA,Bronchiectasis,Cluster_10,Cluster_3327
GCA_963444095.1,CladeA,Bronchiectasis,Cluster_23,Cluster_3244
GCA_963444105.1,CladeA,Bronchiectasis,Cluster_282,Cluster_3246
GCA_963444115.1,CladeB,Bronchiectasis,Cluster_200,Cluster_3253
GCA_963444125.1,CladeA,Bronchiectasis,Cluster_90,Cluster_3280
GCA_963444135.1,CladeA,Bronchiectasis,Cluster_398,Cluster_3315
GCA_963444145.1,CladeA,Bronchiectasis,Cluster_402,Cluster_3360
GCA_963444155.1,CladeA,Bronchiectasis,Cluster_2,Cluster_3288
GCA_963444165.1,CladeA,Bronchiectasis,Cluster_242,Cluster_1120
GCA_963444175.1,CladeA,Bronchiectasis,Cluster_400,Cluster_3321
GCA_963444185.1,CladeA,Bronchiectasis,Cluster_24,Cluster_3336
GCA_963444205.1,CladeA,Bronchiectasis,Cluster_24,Cluster_3359
GCA_963444215.1,CladeA,Bronchiectasis,Cluster_35,Cluster_3325
GCA_963444225.1,CladeA,Bronchiectasis,Cluster_37,Cluster_3330
GCA_963444235.1,CladeB,Bronchiectasis,Cluster_185,Cluster_3274
GCA_963444245.1,CladeA,Bronchiectasis,Cluster_35,Cluster_3357
GCA_963444255.1,CladeA,Bronchiectasis,Cluster_398,Cluster_3315
GCA_963444265.1,CladeA,Bronchiectasis,Cluster_116,Cluster_3262
GCA_963444285.1,CladeA,Bronchiectasis,Cluster_227,Cluster_3259
GCA_963444295.1,CladeB,Bronchiectasis,Cluster_11,Cluster_3289
GCA_963444315.1,CladeA,Bronchiectasis,Cluster_34,Cluster_3316
GCA_963444325.1,CladeB,Bronchiectasis,Cluster_91,Cluster_3358
GCA_963444335.1,CladeA,Bronchiectasis,Cluster_399,Cluster_3320
GCA_963444345.1,CladeA,Bronchiectasis,Cluster_125,Cluster_3282
GCA_963444355.1,CladeA,Bronchiectasis,Cluster_5,Cluster_3292
GCA_963444365.1,CladeA,Bronchiectasis,Cluster_2,Cluster_3276
GCA_963444375.1,CladeA,Bronchiectasis,Cluster_401,Cluster_3338
GCA_963444385.1,CladeA,Bronchiectasis,Cluster_10,Cluster_3312
GCA_963444395.1,CladeA,Bronchiectasis,Cluster_20,Cluster_3354
GCA_963444405.1,CladeA,Bronchiectasis,Cluster_5,Cluster_3292
GCA_963444415.1,CladeA,Bronchiectasis,Cluster_157,Cluster_3269
GCA_963444425.1,CladeA,Bronchiectasis,Cluster_20,Cluster_3354
GCA_963444445.1,CladeA,Bronchiectasis,Cluster_5,Cluster_3311
GCA_963444465.1,CladeA,Bronchiectasis,Cluster_34,Cluster_3350
GCA_963444475.1,CladeA,Bronchiectasis,Cluster_10,Cluster_675
GCA_963444485.1,CladeA,Bronchiectasis,Cluster_94,Cluster_3243
GCA_963444495.1,CladeA,Bronchiectasis,Cluster_10,Cluster_675
GCA_963444505.1,CladeA,Bronchiectasis,Cluster_68,Cluster_3247
GCA_963444515.1,CladeA,Bronchiectasis,Cluster_23,Cluster_3244
GCA_963444525.1,CladeB,Bronchiectasis,Cluster_11,Cluster_231
GCA_963444555.1,CladeA,Bronchiectasis,Cluster_10,Cluster_3303
GCA_963444565.1,CladeB,Bronchiectasis,Cluster_185,Cluster_3328
GCA_963444575.1,CladeA,Bronchiectasis,Cluster_103,Cluster_3355
GCA_963444585.1,CladeA,Bronchiectasis,Cluster_10,Cluster_3312
GCA_963444595.1,CladeA,Bronchiectasis,Cluster_10,Cluster_3326
GCA_963444605.1,CladeA,Bronchiectasis,Cluster_24,Cluster_3359
GCA_963444625.1,CladeA,Bronchiectasis,Cluster_24,Cluster_3359
GCA_963444645.1,CladeA,Bronchiectasis,Cluster_68,Cluster_3247
GCA_963444655.1,CladeA,Bronchiectasis,Cluster_203,Cluster_3272
GCA_963444665.1,CladeB,Bronchiectasis,Cluster_91,Cluster_3358
GCA_963444675.1,CladeB,Bronchiectasis,Cluster_196,Cluster_3294
GCA_963444695.1,CladeA,Bronchiectasis,Cluster_230,Cluster_3273
GCA_963444705.1,CladeA,Bronchiectasis,Cluster_90,Cluster_3280
GCA_963444715.1,CladeA,Bronchiectasis,Cluster_23,Cluster_3331
GCA_963444725.1,CladeA,Bronchiectasis,Cluster_211,Cluster_3266
GCA_963444735.1,CladeA,Bronchiectasis,Cluster_282,Cluster_3267
GCA_963444745.1,CladeA,Bronchiectasis,Cluster_230,Cluster_3261
GCA_963444765.1,CladeA,Bronchiectasis,Cluster_10,Cluster_3312
GCA_963444775.1,CladeA,Bronchiectasis,Cluster_103,Cluster_3287
GCA_963444795.1,CladeA,Bronchiectasis,Cluster_400,Cluster_3321
GCA_963444805.1,CladeA,Bronchiectasis,Cluster_46,Cluster_3351
GCA_963444815.1,CladeA,Bronchiectasis,Cluster_111,Cluster_326
GCA_963444835.1,CladeB,Bronchiectasis,Cluster_11,Cluster_231
GCA_963444845.1,CladeA,Bronchiectasis,Cluster_40,Cluster_3323
GCA_963444855.1,CladeA,Bronchiectasis,Cluster_5,Cluster_3292
GCA_963444875.1,CladeA,Bronchiectasis,Cluster_10,Cluster_3249
GCA_963444885.1,CladeA,Bronchiectasis,Cluster_60,Cluster_1075
GCA_963444895.1,CladeA,Bronchiectasis,Cluster_289,Cluster_3343
GCA_963444905.1,CladeB,Bronchiectasis,Cluster_11,Cluster_3299
GCA_963444925.1,CladeA,Bronchiectasis,Cluster_19,Cluster_3291
GCA_963444935.1,CladeA,Bronchiectasis,Cluster_10,Cluster_3326
GCA_963444945.1,CladeA,Bronchiectasis,Cluster_63,Cluster_3279
GCA_963444965.1,CladeA,Bronchiectasis,Cluster_58,Cluster_1568
GCA_963444975.1,CladeB,Bronchiectasis,Cluster_11,Cluster_3289
GCA_963444985.1,CladeB,Bronchiectasis,Cluster_185,Cluster_3328
GCA_963444995.1,CladeA,Bronchiectasis,Cluster_277,Cluster_3307
GCA_963445005.1,CladeA,Bronchiectasis,Cluster_40,Cluster_3305
GCA_963445015.1,CladeA,Bronchiectasis,Cluster_35,Cluster_3325
GCA_963445025.1,CladeA,Bronchiectasis,Cluster_111,Cluster_326
GCA_963445035.1,CladeB,Bronchiectasis,Cluster_114,Cluster_3324
GCA_963445045.1,CladeA,Bronchiectasis,Cluster_68,Cluster_3257
GCA_963445055.1,CladeA,Bronchiectasis,Cluster_227,Cluster_3259
GCA_963445065.1,CladeA,Bronchiectasis,Cluster_46,Cluster_3351
GCA_963445075.1,CladeA,Bronchiectasis,Cluster_10,Cluster_3326
GCA_963445085.1,CladeA,Bronchiectasis,Cluster_111,Cluster_3335
GCA_963445095.1,CladeB,Bronchiectasis,Cluster_91,Cluster_3358
GCA_963445105.1,CladeA,Bronchiectasis,Cluster_43,Cluster_321
GCA_963445115.1,CladeA,Bronchiectasis,Cluster_24,Cluster_3314
GCA_963445125.1,CladeA,Bronchiectasis,Cluster_43,Cluster_2679
GCA_963445135.1,CladeA,Bronchiectasis,Cluster_211,Cluster_3286
GCA_963445145.1,CladeA,Bronchiectasis,Cluster_10,Cluster_3290
GCA_963445165.1,CladeB,Bronchiectasis,Cluster_4,Cluster_3245
GCA_963445175.1,CladeB,Bronchiectasis,Cluster_114,Cluster_3324
GCA_963445185.1,CladeA,Bronchiectasis,Cluster_402,Cluster_3360
GCA_963445195.1,CladeA,Bronchiectasis,Cluster_229,Cluster_3275
GCA_963445215.1,CladeA,Bronchiectasis,Cluster_2,Cluster_356
GCA_963445225.1,CladeA,Bronchiectasis,Cluster_2,Cluster_356
GCA_963445235.1,CladeA,Bronchiectasis,Cluster_40,Cluster_3242
GCA_963445255.1,CladeB,Bronchiectasis,Cluster_91,Cluster_3358
GCA_963445265.1,CladeB,Bronchiectasis,Cluster_114,Cluster_3324
GCA_963445275.1,CladeA,Bronchiectasis,Cluster_10,Cluster_3303
GCA_963445285.1,CladeA,Bronchiectasis,Cluster_392,Cluster_3260
GCA_963445295.1,CladeA,Bronchiectasis,Cluster_13,Cluster_3248
GCA_963445305.1,CladeA,Bronchiectasis,Cluster_24,Cluster_3313
GCA_963445315.1,CladeA,Bronchiectasis,Cluster_401,Cluster_3338
GCA_963445325.1,CladeA,Bronchiectasis,Cluster_94,Cluster_261
GCA_963445335.1,CladeA,Bronchiectasis,Cluster_24,Cluster_3336
GCA_963445345.1,CladeA,Bronchiectasis,Cluster_46,Cluster_3351
GCA_963445355.1,CladeA,Bronchiectasis,Cluster_26,Cluster_3352
GCA_963445365.1,CladeA,Bronchiectasis,Cluster_30,Cluster_94
GCA_963445385.1,CladeA,Bronchiectasis,Cluster_40,Cluster_3323
GCA_963445415.1,CladeA,Bronchiectasis,Cluster_24,Cluster_3319
GCA_963445425.1,CladeA,Bronchiectasis,Cluster_53,Cluster_3298
GCA_963445435.1,CladeA,Bronchiectasis,Cluster_10,Cluster_3327
GCA_963445455.1,CladeA,Bronchiectasis,Cluster_19,Cluster_3291
GCA_963445465.1,CladeA,Bronchiectasis,Cluster_60,Cluster_1075
GCA_963445485.1,CladeA,Bronchiectasis,Cluster_58,Cluster_3310
GCA_963445525.1,CladeB,Bronchiectasis,Cluster_11,Cluster_3349
GCA_963445535.1,CladeA,Bronchiectasis,Cluster_54,Cluster_3296
GCA_963445545.1,CladeA,Bronchiectasis,Cluster_26,Cluster_3271
GCA_963445565.1,CladeA,Bronchiectasis,Cluster_43,Cluster_3339
GCA_963445595.1,CladeA,Bronchiectasis,Cluster_285,Cluster_3334
GCA_963445605.1,CladeA,Bronchiectasis,Cluster_242,Cluster_1120
GCA_963445615.1,CladeA,Bronchiectasis,Cluster_5,Cluster_3311
GCA_963445635.1,CladeA,Bronchiectasis,Cluster_58,Cluster_1568
GCA_963445645.1,CladeA,Bronchiectasis,Cluster_103,Cluster_3287
GCA_963445655.1,CladeA,Bronchiectasis,Cluster_63,Cluster_3279
GCA_963445665.1,CladeB,Bronchiectasis,Cluster_4,Cluster_3245
GCA_963445675.1,CladeA,Bronchiectasis,Cluster_10,Cluster_3303
GCA_963445695.1,CladeA,Bronchiectasis,Cluster_2,Cluster_3276
GCA_963445705.1,CladeB,Bronchiectasis,Cluster_11,Cluster_3349
GCA_963445715.1,CladeA,Bronchiectasis,Cluster_136,Cluster_3361
GCA_963445725.1,CladeA,Bronchiectasis,Cluster_10,Cluster_3318
GCA_963445735.1,CladeB,Bronchiectasis,Cluster_55,Cluster_121
GCA_963445745.1,CladeA,Bronchiectasis,Cluster_2,Cluster_356
GCA_963445755.1,CladeA,Bronchiectasis,Cluster_43,Cluster_260
GCA_963445775.1,CladeB,Bronchiectasis,Cluster_91,Cluster_3358
GCA_963445785.1,CladeA,Bronchiectasis,Cluster_399,Cluster_3320
GCA_963445815.1,CladeB,Bronchiectasis,Cluster_11,Cluster_3289
GCA_963445825.1,CladeA,Bronchiectasis,Cluster_277,Cluster_3307
GCA_963445835.1,CladeA,Bronchiectasis,Cluster_10,Cluster_675
GCA_963445845.1,CladeA,Bronchiectasis,Cluster_40,Cluster_3242
GCA_963445855.1,CladeA,Bronchiectasis,Cluster_30,Cluster_94
GCA_963445865.1,CladeA,Bronchiectasis,Cluster_40,Cluster_3305
GCA_963445875.1,CladeA,Bronchiectasis,Cluster_103,Cluster_3346
GCA_963445895.1,CladeA,Bronchiectasis,Cluster_35,Cluster_3357
GCA_963445905.1,CladeA,Bronchiectasis,Cluster_227,Cluster_3259
GCA_963445915.1,CladeA,Bronchiectasis,Cluster_19,Cluster_3291
GCA_963445925.1,CladeA,Bronchiectasis,Cluster_35,Cluster_342
GCA_963445935.1,CladeA,Bronchiectasis,Cluster_10,Cluster_3327
GCA_963445945.1,CladeB,Bronchiectasis,Cluster_64,Cluster_153
GCA_963445955.1,CladeA,Bronchiectasis,Cluster_103,Cluster_3322
GCA_963445965.1,CladeB,Bronchiectasis,Cluster_11,Cluster_231
GCA_963445975.1,CladeA,Bronchiectasis,Cluster_282,Cluster_3246
GCA_963445985.1,CladeA,Bronchiectasis,Cluster_36,Cluster_3256
GCA_963446005.1,CladeA,Bronchiectasis,Cluster_103,Cluster_3346
GCA_963446015.1,CladeA,Bronchiectasis,Cluster_34,Cluster_3316
GCA_963446025.1,CladeA,Bronchiectasis,Cluster_24,Cluster_3359
GCA_963446045.1,CladeA,Bronchiectasis,Cluster_58,Cluster_3329
GCA_963446065.1,CladeA,Bronchiectasis,Cluster_192,Cluster_796
GCA_963446075.1,CladeA,Bronchiectasis,Cluster_395,Cluster_3277
GCA_963446085.1,CladeA,Bronchiectasis,Cluster_36,Cluster_3251
GCA_963446105.1,CladeA,Bronchiectasis,Cluster_34,Cluster_3353
GCA_963446125.1,CladeA,Bronchiectasis,Cluster_48,Cluster_819
GCA_963446145.1,CladeB,Bronchiectasis,Cluster_114,Cluster_3324
GCA_963446155.1,CladeA,Bronchiectasis,Cluster_30,Cluster_94
GCA_963446165.1,CladeA,Bronchiectasis,Cluster_20,Cluster_3317
GCA_963446175.1,CladeA,Bronchiectasis,Cluster_94,Cluster_3283
GCA_963446185.1,CladeA,Bronchiectasis,Cluster_230,Cluster_3261
GCA_963446195.1,CladeA,Bronchiectasis,Cluster_103,Cluster_3355
GCA_963446205.1,CladeA,Bronchiectasis,Cluster_10,Cluster_3312
GCA_963446225.1,CladeA,Bronchiectasis,Cluster_103,Cluster_3355
GCA_963446235.1,CladeA,Bronchiectasis,Cluster_70,Cluster_1091
GCA_963446245.1,CladeA,Bronchiectasis,Cluster_5,Cluster_3292
GCA_963446255.1,CladeA,Bronchiectasis,Cluster_68,Cluster_3247
GCA_963446265.1,CladeB,Bronchiectasis,Cluster_64,Cluster_153
GCA_963446275.1,CladeB,Bronchiectasis,Cluster_11,Cluster_3309
GCA_963446295.1,CladeA,Bronchiectasis,Cluster_36,Cluster_3256
GCA_963446305.1,CladeA,Bronchiectasis,Cluster_58,Cluster_3310
GCA_963446315.1,CladeA,Bronchiectasis,Cluster_94,Cluster_3243
GCA_963446325.1,CladeA,Bronchiectasis,Cluster_278,Cluster_3302
GCA_963446345.1,CladeA,Bronchiectasis,Cluster_24,Cluster_3347
GCA_963446355.1,CladeA,Bronchiectasis,Cluster_30,Cluster_94
GCA_963446365.1,CladeA,Bronchiectasis,Cluster_400,Cluster_3321
GCA_963446375.1,CladeA,Bronchiectasis,Cluster_5,Cluster_3292
GCA_963446385.1,CladeA,Bronchiectasis,Cluster_192,Cluster_796
GCA_963446395.1,CladeA,Bronchiectasis,Cluster_242,Cluster_1120
GCA_963446405.1,CladeA,Bronchiectasis,Cluster_195,Cluster_3362
GCA_963446415.1,CladeA,Bronchiectasis,Cluster_58,Cluster_3329
GCA_963446455.1,CladeA,Bronchiectasis,Cluster_90,Cluster_3280
GCA_963446465.1,CladeA,Bronchiectasis,Cluster_201,Cluster_3332
GCA_963446475.1,CladeA,Bronchiectasis,Cluster_5,Cluster_3311
GCA_963446485.1,CladeB,Bronchiectasis,Cluster_11,Cluster_3309
GCA_963446515.1,CladeA,Bronchiectasis,Cluster_43,Cluster_3339
GCA_963446525.1,CladeA,Bronchiectasis,Cluster_22,Cluster_3255
GCA_963446535.1,CladeA,Bronchiectasis,Cluster_43,Cluster_260
GCA_963446545.1,CladeB,Bronchiectasis,Cluster_55,Cluster_121
GCA_963446555.1,CladeA,Bronchiectasis,Cluster_43,Cluster_2679
GCA_963446565.1,CladeA,Bronchiectasis,Cluster_10,Cluster_3348
GCA_963446575.1,CladeA,Bronchiectasis,Cluster_13,Cluster_3248
GCA_963446585.1,CladeA,Bronchiectasis,Cluster_24,Cluster_3319
GCA_963446595.1,CladeA,Bronchiectasis,Cluster_63,Cluster_3279
GCA_963446605.1,CladeA,Bronchiectasis,Cluster_136,Cluster_3361
GCA_963446655.1,CladeA,Bronchiectasis,Cluster_136,Cluster_3361
GCA_963446665.1,CladeA,Bronchiectasis,Cluster_117,Cluster_3356
GCA_963446685.1,CladeA,Bronchiectasis,Cluster_282,Cluster_3246
GCA_963446695.1,CladeA,Bronchiectasis,Cluster_2,Cluster_3288
GCA_963446705.1,CladeA,Bronchiectasis,Cluster_19,Cluster_3291
GCA_963446715.1,CladeA,Bronchiectasis,Cluster_401,Cluster_3338
GCA_963446725.1,CladeA,Bronchiectasis,Cluster_43,Cluster_321
GCA_963446735.1,CladeA,Bronchiectasis,Cluster_10,Cluster_3303
GCA_963446745.1,CladeA,Bronchiectasis,Cluster_10,Cluster_3303
GCA_963446755.1,CladeA,Bronchiectasis,Cluster_10,Cluster_675
GCA_963446765.1,CladeA,Bronchiectasis,Cluster_10,Cluster_675
GCA_963446785.1,CladeA,Bronchiectasis,Cluster_10,Cluster_3249
GCA_963446795.1,CladeA,Bronchiectasis,Cluster_53,Cluster_3298
GCA_963446815.1,CladeA,Bronchiectasis,Cluster_157,Cluster_3269
GCA_963446825.1,CladeA,Bronchiectasis,Cluster_103,Cluster_3346
GCA_963446835.1,CladeA,Bronchiectasis,Cluster_43,Cluster_2679
GCA_963446845.1,CladeB,Bronchiectasis,Cluster_55,Cluster_2544
GCA_963446855.1,CladeA,Bronchiectasis,Cluster_54,Cluster_3296
GCA_963446885.1,CladeA,Bronchiectasis,Cluster_94,Cluster_968
GCA_963446895.1,CladeA,Bronchiectasis,Cluster_10,Cluster_3290
GCA_963446905.1,CladeA,Bronchiectasis,Cluster_2,Cluster_356
GCA_963446915.1,CladeB,Bronchiectasis,Cluster_55,Cluster_121
GCA_963446925.1,CladeA,Bronchiectasis,Cluster_2,Cluster_3288
GCA_963446935.1,CladeA,Bronchiectasis,Cluster_35,Cluster_342
GCA_963446945.1,CladeA,Bronchiectasis,Cluster_34,Cluster_3316
GCA_963446975.1,CladeA,Bronchiectasis,Cluster_53,Cluster_3298
GCA_963446985.1,CladeA,Bronchiectasis,Cluster_289,Cluster_3343
GCA_963446995.1,CladeA,Bronchiectasis,Cluster_2,Cluster_3252
GCA_963447005.1,CladeA,Bronchiectasis,Cluster_229,Cluster_3275
GCA_963447015.1,CladeA,Bronchiectasis,Cluster_282,Cluster_3267
GCA_963447025.1,CladeA,Bronchiectasis,Cluster_48,Cluster_819
GCA_963447035.1,CladeA,Bronchiectasis,Cluster_94,Cluster_3243
GCA_963447045.1,CladeA,Bronchiectasis,Cluster_103,Cluster_3355
GCA_963447055.1,CladeA,Bronchiectasis,Cluster_211,Cluster_3286
GCA_963447065.1,CladeA,Bronchiectasis,Cluster_58,Cluster_3310
GCA_963447075.1,CladeA,Bronchiectasis,Cluster_230,Cluster_3261
GCA_963447085.1,CladeA,Bronchiectasis,Cluster_24,Cluster_3367
GCA_963447095.1,CladeA,Bronchiectasis,Cluster_20,Cluster_3317
GCA_963447105.1,CladeA,Bronchiectasis,Cluster_116,Cluster_3262
GCA_963447115.1,CladeA,Bronchiectasis,Cluster_35,Cluster_3325
GCA_963447125.1,CladeA,Bronchiectasis,Cluster_10,Cluster_3303
GCA_963447135.1,CladeA,Bronchiectasis,Cluster_36,Cluster_3251
GCA_963447145.1,CladeA,Bronchiectasis,Cluster_36,Cluster_3251
GCA_963447155.1,CladeA,Bronchiectasis,Cluster_40,Cluster_3323
GCA_963447165.1,CladeA,Bronchiectasis,Cluster_41,Cluster_3250
GCA_963447175.1,CladeA,Bronchiectasis,Cluster_26,Cluster_3352
GCA_963447185.1,CladeB,Bronchiectasis,Cluster_11,Cluster_3309
GCA_963447195.1,CladeA,Bronchiectasis,Cluster_2,Cluster_3276
GCA_963447205.1,CladeA,Bronchiectasis,Cluster_20,Cluster_3354
GCA_963447215.1,CladeA,Bronchiectasis,Cluster_40,Cluster_3242
GCA_963447235.1,CladeA,Bronchiectasis,Cluster_36,Cluster_3256
GCA_963447255.1,CladeA,Bronchiectasis,Cluster_2,Cluster_356
GCA_963447265.1,CladeA,Bronchiectasis,Cluster_40,Cluster_3323
GCA_963447275.1,CladeA,Bronchiectasis,Cluster_230,Cluster_3265
GCA_963447285.1,CladeA,Bronchiectasis,Cluster_10,Cluster_3312
GCA_963447295.1,CladeB,Bronchiectasis,Cluster_4,Cluster_3304
GCA_963447305.1,CladeB,Bronchiectasis,Cluster_185,Cluster_3274
GCA_963447315.1,CladeA,Bronchiectasis,Cluster_396,Cluster_3301
GCA_963447325.1,CladeA,Bronchiectasis,Cluster_19,Cluster_3291
GCA_963447335.1,CladeA,Bronchiectasis,Cluster_282,Cluster_3267
GCA_963447345.1,CladeA,Bronchiectasis,Cluster_43,Cluster_3339
GCA_963447355.1,CladeA,Bronchiectasis,Cluster_195,Cluster_3362
GCA_963447365.1,CladeA,Bronchiectasis,Cluster_14,Cluster_3270
GCA_963447385.1,CladeA,Bronchiectasis,Cluster_10,Cluster_3341
GCA_963447395.1,CladeA,Bronchiectasis,Cluster_117,Cluster_3356
GCA_963447415.1,CladeA,Bronchiectasis,Cluster_35,Cluster_3357
GCA_963447425.1,CladeA,Bronchiectasis,Cluster_70,Cluster_1091
GCA_963447435.1,CladeA,Bronchiectasis,Cluster_230,Cluster_3261
GCA_963447455.1,CladeB,Bronchiectasis,Cluster_55,Cluster_2544
GCA_963447465.1,CladeA,Bronchiectasis,Cluster_68,Cluster_3257
GCA_963447495.1,CladeA,Bronchiectasis,Cluster_103,Cluster_3287
GCA_963447505.1,CladeA,Bronchiectasis,Cluster_400,Cluster_3321
GCA_963447515.1,CladeB,Bronchiectasis,Cluster_91,Cluster_3358
GCA_963447525.1,CladeA,Bronchiectasis,Cluster_136,Cluster_3361
GCA_963447535.1,CladeB,Bronchiectasis,Cluster_64,Cluster_153
GCA_963447555.1,CladeB,Bronchiectasis,Cluster_185,Cluster_3328
GCA_963447565.1,CladeA,Bronchiectasis,Cluster_43,Cluster_260
GCA_963447575.1,CladeA,Bronchiectasis,Cluster_94,Cluster_3243
GCA_963447585.1,CladeA,Bronchiectasis,Cluster_229,Cluster_3275
GCA_963447595.1,CladeA,Bronchiectasis,Cluster_277,Cluster_3307
GCA_963447605.1,CladeB,Bronchiectasis,Cluster_55,Cluster_3337
GCA_963447635.1,CladeA,Bronchiectasis,Cluster_213,Cluster_3297
GCA_963447655.1,CladeB,Bronchiectasis,Cluster_11,Cluster_3299
GCA_963447665.1,CladeA,Bronchiectasis,Cluster_58,Cluster_3329
GCA_963447675.1,CladeA,Bronchiectasis,Cluster_24,Cluster_3347
GCA_963447685.1,CladeA,Bronchiectasis,Cluster_403,Cluster_3366
GCA_963447695.1,CladeA,Bronchiectasis,Cluster_22,Cluster_3255
GCA_963447715.1,CladeA,Bronchiectasis,Cluster_395,Cluster_3277
GCA_963447725.1,CladeA,Bronchiectasis,Cluster_227,Cluster_3259
GCA_963447745.1,CladeB,Bronchiectasis,Cluster_91,Cluster_3358
GCA_963447765.1,CladeA,Bronchiectasis,Cluster_10,Cluster_3327
GCA_963447775.1,CladeA,Bronchiectasis,Cluster_24,Cluster_3359
GCA_963447785.1,CladeA,Bronchiectasis,Cluster_282,Cluster_3267
GCA_963447795.1,CladeA,Bronchiectasis,Cluster_117,Cluster_3356
GCA_963447805.1,CladeB,Bronchiectasis,Cluster_114,Cluster_3324
GCA_963447815.1,CladeA,Bronchiectasis,Cluster_34,Cluster_3350
GCA_963447825.1,CladeB,Bronchiectasis,Cluster_4,Cluster_3304
GCA_963447835.1,CladeA,Bronchiectasis,Cluster_282,Cluster_3267
GCA_963447845.1,CladeA,Bronchiectasis,Cluster_40,Cluster_3342
GCA_963447855.1,CladeA,Bronchiectasis,Cluster_94,Cluster_261
GCA_963447865.1,CladeB,Bronchiectasis,Cluster_11,Cluster_3349
GCA_963447875.1,CladeA,Bronchiectasis,Cluster_10,Cluster_3300
GCA_963447895.1,CladeB,Bronchiectasis,Cluster_397,Cluster_3308
GCA_963447905.1,CladeA,Bronchiectasis,Cluster_58,Cluster_3329
GCA_963447925.1,CladeA,Bronchiectasis,Cluster_34,Cluster_3353
GCA_963447935.1,CladeA,Bronchiectasis,Cluster_192,Cluster_796
GCA_963447955.1,CladeA,Bronchiectasis,Cluster_35,Cluster_342
GCA_963447965.1,CladeB,Bronchiectasis,Cluster_11,Cluster_3309
GCA_963447975.1,CladeA,Bronchiectasis,Cluster_24,Cluster_3347
GCA_963447995.1,CladeA,Bronchiectasis,Cluster_35,Cluster_3325
GCA_963448005.1,CladeA,Bronchiectasis,Cluster_90,Cluster_3280
GCA_963448015.1,CladeA,Bronchiectasis,Cluster_26,Cluster_3352
GCA_963448025.1,CladeA,Bronchiectasis,Cluster_13,Cluster_3333
GCA_963448035.1,CladeA,Bronchiectasis,Cluster_392,Cluster_3260
GCA_963448045.1,CladeA,Bronchiectasis,Cluster_10,Cluster_3290
GCA_963448055.1,CladeA,Bronchiectasis,Cluster_285,Cluster_3334
GCA_963448065.1,CladeA,Bronchiectasis,Cluster_116,Cluster_3262
GCA_963448075.1,CladeA,Bronchiectasis,Cluster_10,Cluster_3249
GCA_963448085.1,CladeA,Bronchiectasis,Cluster_35,Cluster_3357
GCA_963448095.1,CladeA,Bronchiectasis,Cluster_58,Cluster_1568
GCA_963448105.1,CladeA,Bronchiectasis,Cluster_230,Cluster_3261
GCA_963448115.1,CladeA,Bronchiectasis,Cluster_46,Cluster_3351
GCA_963448135.1,CladeA,Bronchiectasis,Cluster_94,Cluster_261
GCA_963448145.1,CladeA,Bronchiectasis,Cluster_285,Cluster_3334
GCA_963448165.1,CladeA,Bronchiectasis,Cluster_41,Cluster_3250
GCA_963448175.1,CladeA,Bronchiectasis,Cluster_282,Cluster_3267
GCA_963448185.1,CladeA,Bronchiectasis,Cluster_117,Cluster_3356
GCA_963448195.1,CladeA,Bronchiectasis,Cluster_34,Cluster_3350
GCA_963448205.1,CladeA,Bronchiectasis,Cluster_227,Cluster_3259
GCA_963448225.1,CladeA,Bronchiectasis,Cluster_287,Cluster_3284
GCA_963448235.1,CladeA,Bronchiectasis,Cluster_103,Cluster_3322
GCA_963448245.1,CladeA,Bronchiectasis,Cluster_103,Cluster_3322
GCA_963448265.1,CladeA,Bronchiectasis,Cluster_10,Cluster_3341
GCA_963448275.1,CladeA,Bronchiectasis,Cluster_58,Cluster_3344
GCA_963448295.1,CladeA,Bronchiectasis,Cluster_13,Cluster_3248
GCA_963448305.1,CladeA,Bronchiectasis,Cluster_396,Cluster_3301
GCA_963448315.1,CladeA,Bronchiectasis,Cluster_107,Cluster_3340
GCA_963448335.1,CladeA,Bronchiectasis,Cluster_103,Cluster_3355
GCA_963448345.1,CladeA,Bronchiectasis,Cluster_24,Cluster_3268
GCA_963448355.1,CladeA,Bronchiectasis,Cluster_117,Cluster_3356
GCA_963448365.1,CladeA,Bronchiectasis,Cluster_201,Cluster_3332
GCA_963448375.1,CladeA,Bronchiectasis,Cluster_10,Cluster_3290
GCA_963448385.1,CladeB,Bronchiectasis,Cluster_4,Cluster_3245
GCA_963448395.1,CladeA,Bronchiectasis,Cluster_230,Cluster_3265
GCA_963448405.1,CladeA,Bronchiectasis,Cluster_54,Cluster_3296
GCA_963448415.1,CladeA,Bronchiectasis,Cluster_2,Cluster_3276
GCA_963448455.1,CladeA,Bronchiectasis,Cluster_282,Cluster_3267
GCA_963448465.1,CladeA,Bronchiectasis,Cluster_10,Cluster_3327
GCA_963448485.1,CladeA,Bronchiectasis,Cluster_10,Cluster_3312
GCA_963448495.1,CladeA,Bronchiectasis,Cluster_68,Cluster_3257
GCA_963448505.1,CladeA,Bronchiectasis,Cluster_20,Cluster_3354
GCA_963448515.1,CladeA,Bronchiectasis,Cluster_24,Cluster_3359
GCA_963448525.1,CladeA,Bronchiectasis,Cluster_58,Cluster_3310
GCA_963448535.1,CladeB,Bronchiectasis,Cluster_11,Cluster_3309
GCA_963448545.1,CladeA,Bronchiectasis,Cluster_43,Cluster_2679
GCA_963448595.1,CladeB,Bronchiectasis,Cluster_55,Cluster_121
GCA_963448605.1,CladeA,Bronchiectasis,Cluster_157,Cluster_3269
GCA_963448635.1,CladeA,Bronchiectasis,Cluster_117,Cluster_3356
GCA_963448665.1,CladeA,Bronchiectasis,Cluster_111,Cluster_3335
GCA_963448675.1,CladeA,Bronchiectasis,Cluster_192,Cluster_796
GCA_963448685.1,CladeA,Bronchiectasis,Cluster_92,Cluster_3278
GCA_963448695.1,CladeB,Bronchiectasis,Cluster_64,Cluster_153
GCA_963448705.1,CladeA,Bronchiectasis,Cluster_58,Cluster_3310
GCA_963448715.1,CladeA,Bronchiectasis,Cluster_68,Cluster_3247
GCA_963448725.1,CladeA,Bronchiectasis,Cluster_401,Cluster_3338
GCA_963448735.1,CladeA,Bronchiectasis,Cluster_54,Cluster_3296
GCA_963448745.1,CladeA,Bronchiectasis,Cluster_10,Cluster_3341
GCA_963448755.1,CladeB,Bronchiectasis,Cluster_11,Cluster_3299
GCA_963448765.1,CladeA,Bronchiectasis,Cluster_34,Cluster_3353
GCA_963448785.1,CladeB,Bronchiectasis,Cluster_55,Cluster_121
GCA_963448795.1,CladeA,Bronchiectasis,Cluster_10,Cluster_3348
GCA_963448805.1,CladeA,Bronchiectasis,Cluster_43,Cluster_3295
GCA_963448815.1,CladeA,Bronchiectasis,Cluster_105,Cluster_3281
GCA_963448825.1,CladeA,Bronchiectasis,Cluster_289,Cluster_3343
GCA_963448845.1,CladeA,Bronchiectasis,Cluster_70,Cluster_1091
GCA_963448855.1,CladeB,Bronchiectasis,Cluster_4,Cluster_3304
GCA_963448865.1,CladeA,Bronchiectasis,Cluster_282,Cluster_3267
GCA_963448875.1,CladeA,Bronchiectasis,Cluster_277,Cluster_3307
GCA_963448895.1,CladeA,Bronchiectasis,Cluster_10,Cluster_3318
GCA_963448905.1,CladeA,Bronchiectasis,Cluster_94,Cluster_3243
GCA_963448915.1,CladeA,Bronchiectasis,Cluster_103,Cluster_3355
GCA_963448925.1,CladeA,Bronchiectasis,Cluster_20,Cluster_3354
GCA_963448935.1,CladeA,Bronchiectasis,Cluster_46,Cluster_3351
GCA_963448945.1,CladeA,Bronchiectasis,Cluster_10,Cluster_3303
GCA_963448965.1,CladeA,Bronchiectasis,Cluster_63,Cluster_3279
GCA_963448975.1,CladeA,Bronchiectasis,Cluster_111,Cluster_326
GCA_963448985.1,CladeA,Bronchiectasis,Cluster_90,Cluster_3280
GCA_963449005.1,CladeA,Bronchiectasis,Cluster_192,Cluster_796
GCA_963449015.1,CladeA,Bronchiectasis,Cluster_58,Cluster_1568
GCA_963449025.1,CladeA,Bronchiectasis,Cluster_58,Cluster_3344
GCA_963449035.1,CladeA,Bronchiectasis,Cluster_227,Cluster_3259
GCA_963449045.1,CladeA,Bronchiectasis,Cluster_24,Cluster_3313
GCA_963449055.1,CladeA,Bronchiectasis,Cluster_287,Cluster_3284
GCA_963449065.1,CladeA,Bronchiectasis,Cluster_36,Cluster_3256
GCA_963449075.1,CladeA,Bronchiectasis,Cluster_58,Cluster_3310
GCA_963449085.1,CladeA,Bronchiectasis,Cluster_60,Cluster_1075
GCA_963449105.1,CladeA,Bronchiectasis,Cluster_117,Cluster_3356
GCA_963449115.1,CladeA,Bronchiectasis,Cluster_40,Cluster_3323
GCA_963449125.1,CladeA,Bronchiectasis,Cluster_230,Cluster_3273
GCA_963449135.1,CladeA,Bronchiectasis,Cluster_5,Cluster_3292
GCA_963449145.1,CladeA,Bronchiectasis,Cluster_24,Cluster_3347
GCA_963449155.1,CladeA,Bronchiectasis,Cluster_46,Cluster_3351
GCA_963449165.1,CladeA,Bronchiectasis,Cluster_60,Cluster_1075
GCA_963449175.1,CladeA,Bronchiectasis,Cluster_103,Cluster_3287
GCA_963449195.1,CladeA,Bronchiectasis,Cluster_402,Cluster_3360
GCA_963449215.1,CladeA,Bronchiectasis,Cluster_34,Cluster_3350
GCA_963449225.1,CladeA,Bronchiectasis,Cluster_58,Cluster_3329
GCA_963449245.1,CladeA,Bronchiectasis,Cluster_103,Cluster_3346
GCA_963449275.1,CladeA,Bronchiectasis,Cluster_26,Cluster_3271
GCA_963449285.1,CladeA,Bronchiectasis,Cluster_10,Cluster_675
GCA_963449305.1,CladeA,Bronchiectasis,Cluster_392,Cluster_3260
GCA_963449315.1,CladeB,Bronchiectasis,Cluster_4,Cluster_3245
GCA_963449325.1,CladeA,Bronchiectasis,Cluster_230,Cluster_3258
GCA_963449335.1,CladeA,Bronchiectasis,Cluster_227,Cluster_3259
GCA_963449345.1,CladeB,Bronchiectasis,Cluster_11,Cluster_231
GCA_963449355.1,CladeA,Bronchiectasis,Cluster_117,Cluster_3356
GCA_963449365.1,CladeA,Bronchiectasis,Cluster_230,Cluster_3261
GCA_963449385.1,CladeA,Bronchiectasis,Cluster_105,Cluster_3281
GCA_963449415.1,CladeA,Bronchiectasis,Cluster_289,Cluster_3343
GCA_963449425.1,CladeB,Bronchiectasis,Cluster_55,Cluster_2544
GCA_963449445.1,CladeA,Bronchiectasis,Cluster_105,Cluster_3281
GCA_963449455.1,CladeA,Bronchiectasis,Cluster_30,Cluster_94
GCA_963449465.1,CladeA,Bronchiectasis,Cluster_242,Cluster_1120
GCA_963449475.1,CladeA,Bronchiectasis,Cluster_94,Cluster_968
GCA_963449485.1,CladeA,Bronchiectasis,Cluster_201,Cluster_3332
GCA_963449495.1,CladeA,Bronchiectasis,Cluster_394,Cluster_3264
GCA_963449505.1,CladeA,Bronchiectasis,Cluster_157,Cluster_3269
GCA_963449515.1,CladeA,Bronchiectasis,Cluster_230,Cluster_3273
GCA_963449525.1,CladeB,Bronchiectasis,Cluster_4,Cluster_3245
GCA_963449535.1,CladeA,Bronchiectasis,Cluster_10,Cluster_3348
GCA_963449545.1,CladeB,Bronchiectasis,Cluster_64,Cluster_153
GCA_963449555.1,CladeA,Bronchiectasis,Cluster_92,Cluster_3278
GCA_963449575.1,CladeA,Bronchiectasis,Cluster_282,Cluster_3267
GCA_963449595.1,CladeA,Bronchiectasis,Cluster_394,Cluster_3264
GCA_963449605.1,CladeA,Bronchiectasis,Cluster_2,Cluster_3276
GCA_963449615.1,CladeA,Bronchiectasis,Cluster_2,Cluster_3276
GCA_963449625.1,CladeA,Bronchiectasis,Cluster_277,Cluster_3307
GCA_963449635.1,CladeB,Bronchiectasis,Cluster_91,Cluster_3358
GCA_963449645.1,CladeA,Bronchiectasis,Cluster_37,Cluster_3330
GCA_963449655.1,CladeA,Bronchiectasis,Cluster_107,Cluster_3340
GCA_963449665.1,CladeA,Bronchiectasis,Cluster_19,Cluster_3291
GCA_963449675.1,CladeB,Bronchiectasis,Cluster_11,Cluster_3349
GCA_963449685.1,CladeB,Bronchiectasis,Cluster_397,Cluster_3368
GCA_963449695.1,CladeA,Bronchiectasis,Cluster_20,Cluster_3317
GCA_963449705.1,CladeA,Bronchiectasis,Cluster_394,Cluster_3264
GCA_963449715.1,CladeA,Bronchiectasis,Cluster_393,Cluster_3263
GCA_963449725.1,CladeA,Bronchiectasis,Cluster_58,Cluster_3344
GCA_963449735.1,CladeA,Bronchiectasis,Cluster_395,Cluster_3277
GCA_963449745.1,CladeA,Bronchiectasis,Cluster_68,Cluster_3257
GCA_963449755.1,CladeA,Bronchiectasis,Cluster_20,Cluster_3317
GCA_963449775.1,CladeA,Bronchiectasis,Cluster_40,Cluster_3323
GCA_963449785.1,CladeA,Bronchiectasis,Cluster_58,Cluster_3329
GCA_963449795.1,CladeB,Bronchiectasis,Cluster_321,Cluster_3285
GCA_963449805.1,CladeA,Bronchiectasis,Cluster_213,Cluster_3297
GCA_963449815.1,CladeA,Bronchiectasis,Cluster_19,Cluster_3291
GCA_963449825.1,CladeA,Bronchiectasis,Cluster_2,Cluster_3276
GCA_963449835.1,CladeA,Bronchiectasis,Cluster_399,Cluster_3320
GCA_963449845.1,CladeB,Bronchiectasis,Cluster_4,Cluster_3304
GCA_963449855.1,CladeB,Bronchiectasis,Cluster_55,Cluster_121
GCA_963449865.1,CladeA,Bronchiectasis,Cluster_201,Cluster_3332
GCA_963449875.1,CladeB,Bronchiectasis,Cluster_55,Cluster_3337
GCA_963449885.1,CladeA,Bronchiectasis,Cluster_2,Cluster_3252
GCA_963449895.1,CladeA,Bronchiectasis,Cluster_103,Cluster_3322
GCA_963449905.1,CladeA,Bronchiectasis,Cluster_211,Cluster_3266
GCA_963449925.1,CladeA,Bronchiectasis,Cluster_103,Cluster_3287
GCA_963449945.1,CladeA,Bronchiectasis,Cluster_5,Cluster_1004
GCA_963449955.1,CladeA,Bronchiectasis,Cluster_107,Cluster_3340
GCA_963449965.1,CladeA,Bronchiectasis,Cluster_10,Cluster_3312
GCA_963449985.1,CladeA,Bronchiectasis,Cluster_34,Cluster_3353
GCA_963449995.1,CladeA,Bronchiectasis,Cluster_392,Cluster_3260
GCA_963450005.1,CladeA,Bronchiectasis,Cluster_282,Cluster_3267
GCA_963450025.1,CladeA,Bronchiectasis,Cluster_287,Cluster_3284
GCA_963450045.1,CladeA,Bronchiectasis,Cluster_111,Cluster_326
GCA_963450065.1,CladeA,Bronchiectasis,Cluster_43,Cluster_3295
GCA_963450085.1,CladeA,Bronchiectasis,Cluster_58,Cluster_3310
GCA_963450095.1,CladeA,Bronchiectasis,Cluster_35,Cluster_3325
GCA_963450105.1,CladeA,Bronchiectasis,Cluster_10,Cluster_3290
GCA_963450115.1,CladeA,Bronchiectasis,Cluster_43,Cluster_3339
GCA_963450145.1,CladeA,Bronchiectasis,Cluster_40,Cluster_3342
GCA_963450155.1,CladeA,Bronchiectasis,Cluster_10,Cluster_3290
GCA_963450165.1,CladeA,Bronchiectasis,Cluster_10,Cluster_3290
GCA_963450175.1,CladeB,Bronchiectasis,Cluster_55,Cluster_3337
GCA_963450185.1,CladeB,Bronchiectasis,Cluster_11,Cluster_3299
GCA_963450195.1,CladeA,Bronchiectasis,Cluster_40,Cluster_3242
GCA_963450205.1,CladeB,Bronchiectasis,Cluster_185,Cluster_3328
GCA_963450215.1,CladeA,Bronchiectasis,Cluster_94,Cluster_261
GCA_963450245.1,CladeA,Bronchiectasis,Cluster_35,Cluster_342
GCA_963450255.1,CladeA,Bronchiectasis,Cluster_10,Cluster_3341
GCA_963450265.1,CladeA,Bronchiectasis,Cluster_35,Cluster_342
GCA_963450275.1,CladeA,Bronchiectasis,Cluster_10,Cluster_3249
GCA_963450285.1,CladeA,Bronchiectasis,Cluster_24,Cluster_3359
GCA_963450295.1,CladeA,Bronchiectasis,Cluster_282,Cluster_3246
GCA_963450305.1,CladeA,Bronchiectasis,Cluster_20,Cluster_3317
GCA_963450325.1,CladeB,Bronchiectasis,Cluster_91,Cluster_3358
GCA_963450335.1,CladeA,Bronchiectasis,Cluster_43,Cluster_3295
GCA_963450345.1,CladeA,Bronchiectasis,Cluster_10,Cluster_3312
GCA_963450355.1,CladeA,Bronchiectasis,Cluster_203,Cluster_3272
GCA_963450365.1,CladeA,Bronchiectasis,Cluster_40,Cluster_3305
GCA_963450375.1,CladeA,Bronchiectasis,Cluster_105,Cluster_3281
GCA_963450405.1,CladeA,Bronchiectasis,Cluster_103,Cluster_3346
GCA_963450415.1,CladeA,Bronchiectasis,Cluster_230,Cluster_3261
GCA_963450425.1,CladeA,Bronchiectasis,Cluster_402,Cluster_3360
GCA_963450455.1,CladeA,Bronchiectasis,Cluster_94,Cluster_3243
GCA_963450475.1,CladeA,Bronchiectasis,Cluster_19,Cluster_3291
GCA_963450485.1,CladeA,Bronchiectasis,Cluster_31,Cluster_3254
GCA_963450495.1,CladeA,Bronchiectasis,Cluster_40,Cluster_3323
GCA_963450515.1,CladeA,Bronchiectasis,Cluster_394,Cluster_3264
GCA_963450525.1,CladeA,Bronchiectasis,Cluster_14,Cluster_3270
GCA_963450545.1,CladeA,Bronchiectasis,Cluster_396,Cluster_3301
GCA_963450555.1,CladeA,Bronchiectasis,Cluster_103,Cluster_3287
GCA_963450565.1,CladeA,Bronchiectasis,Cluster_211,Cluster_3286
GCA_963450595.1,CladeA,Bronchiectasis,Cluster_400,Cluster_3321
GCA_963450605.1,CladeA,Bronchiectasis,Cluster_34,Cluster_3316
GCA_963450625.1,CladeA,Bronchiectasis,Cluster_213,Cluster_3297
GCA_963450635.1,CladeB,Bronchiectasis,Cluster_91,Cluster_3358
GCA_963450645.1,CladeA,Bronchiectasis,Cluster_40,Cluster_3323
GCA_963450655.1,CladeA,Bronchiectasis,Cluster_40,Cluster_594
GCA_963450675.1,CladeA,Bronchiectasis,Cluster_213,Cluster_3297
GCA_963450685.1,CladeA,Bronchiectasis,Cluster_393,Cluster_3263
GCA_963450705.1,CladeA,Bronchiectasis,Cluster_10,Cluster_3341
GCA_963450725.1,CladeA,Bronchiectasis,Cluster_203,Cluster_3272
GCA_963450735.1,CladeB,Bronchiectasis,Cluster_185,Cluster_3274
GCA_963450745.1,CladeA,Bronchiectasis,Cluster_10,Cluster_675
GCA_963450755.1,CladeA,Bronchiectasis,Cluster_10,Cluster_675
GCA_963450765.1,CladeA,Bronchiectasis,Cluster_43,Cluster_3339
GCA_963450775.1,CladeA,Bronchiectasis,Cluster_398,Cluster_3315
GCA_963450785.1,CladeB,Bronchiectasis,Cluster_321,Cluster_3285
GCA_963450795.1,CladeA,Bronchiectasis,Cluster_10,Cluster_3290
GCA_963450805.1,CladeA,Bronchiectasis,Cluster_195,Cluster_3362
GCA_963450835.1,CladeA,Bronchiectasis,Cluster_111,Cluster_3335
GCA_963450845.1,CladeA,Bronchiectasis,Cluster_26,Cluster_3271
GCA_963450865.1,CladeA,Bronchiectasis,Cluster_43,Cluster_3339
GCA_963450875.1,CladeA,Bronchiectasis,Cluster_37,Cluster_3330
GCA_963450885.1,CladeB,Bronchiectasis,Cluster_91,Cluster_3358
GCA_963450895.1,CladeA,Bronchiectasis,Cluster_203,Cluster_3272
GCA_963450915.1,CladeA,Bronchiectasis,Cluster_2,Cluster_3276
GCA_963450935.1,CladeA,Bronchiectasis,Cluster_195,Cluster_3362
GCA_963450945.1,CladeA,Bronchiectasis,Cluster_227,Cluster_3259
GCA_963450955.1,CladeA,Bronchiectasis,Cluster_2,Cluster_3288
GCA_963450975.1,CladeB,Bronchiectasis,Cluster_4,Cluster_3304
GCA_963450985.1,CladeA,Bronchiectasis,Cluster_31,Cluster_3254
GCA_963450995.1,CladeB,Bronchiectasis,Cluster_4,Cluster_3245
GCA_963451005.1,CladeA,Bronchiectasis,Cluster_229,Cluster_3275
GCA_963451045.1,CladeA,Bronchiectasis,Cluster_36,Cluster_3251
GCA_963451075.1,CladeA,Bronchiectasis,Cluster_53,Cluster_3298
GCA_963451085.1,CladeB,Bronchiectasis,Cluster_4,Cluster_3304
GCA_963451095.1,CladeA,Bronchiectasis,Cluster_117,Cluster_3356
GCA_963451105.1,CladeA,Bronchiectasis,Cluster_103,Cluster_3322
GCA_963451115.1,CladeA,Bronchiectasis,Cluster_24,Cluster_3314
GCA_963451125.1,CladeA,Bronchiectasis,Cluster_5,Cluster_3311
GCA_963451135.1,CladeA,Bronchiectasis,Cluster_213,Cluster_3297
GCA_963451145.1,CladeA,Bronchiectasis,Cluster_111,Cluster_326
GCA_963451155.1,CladeA,Bronchiectasis,Cluster_111,Cluster_326
GCA_963451165.1,CladeA,Bronchiectasis,Cluster_37,Cluster_3330
GCA_963451175.1,CladeA,Bronchiectasis,Cluster_23,Cluster_3244
GCA_963451185.1,CladeA,Bronchiectasis,Cluster_282,Cluster_3246
GCA_963451195.1,CladeB,Bronchiectasis,Cluster_11,Cluster_3309
GCA_963451205.1,CladeA,Bronchiectasis,Cluster_40,Cluster_594
GCA_963451215.1,CladeA,Bronchiectasis,Cluster_282,Cluster_3246
GCA_963451225.1,CladeA,Bronchiectasis,Cluster_58,Cluster_3344
GCA_963451245.1,CladeA,Bronchiectasis,Cluster_24,Cluster_3319
GCA_963451255.1,CladeA,Bronchiectasis,Cluster_402,Cluster_3360
GCA_963451265.1,CladeA,Bronchiectasis,Cluster_396,Cluster_3301
GCA_963451285.1,CladeA,Bronchiectasis,Cluster_40,Cluster_3323
GCA_963451295.1,CladeA,Bronchiectasis,Cluster_399,Cluster_3320
GCA_963451305.1,CladeA,Bronchiectasis,Cluster_157,Cluster_3269
GCA_963451315.1,CladeA,Bronchiectasis,Cluster_285,Cluster_3334
GCA_963451335.1,CladeB,Bronchiectasis,Cluster_114,Cluster_3324
GCA_963451345.1,CladeB,Bronchiectasis,Cluster_114,Cluster_3324
GCA_963451355.1,CladeA,Bronchiectasis,Cluster_34,Cluster_3353
GCA_963451365.1,CladeA,Bronchiectasis,Cluster_36,Cluster_3251
GCA_963451395.1,CladeA,Bronchiectasis,Cluster_2,Cluster_3276
GCA_963451405.1,CladeA,Bronchiectasis,Cluster_5,Cluster_3306
GCA_963451415.1,CladeB,Bronchiectasis,Cluster_4,Cluster_3304
GCA_963451425.1,CladeA,Bronchiectasis,Cluster_227,Cluster_3259
GCA_963451435.1,CladeA,Bronchiectasis,Cluster_53,Cluster_3298
GCA_963451445.1,CladeA,Bronchiectasis,Cluster_116,Cluster_3262
GCA_963451455.1,CladeA,Bronchiectasis,Cluster_14,Cluster_3270
GCA_963451465.1,CladeA,Bronchiectasis,Cluster_68,Cluster_3257
GCA_963451485.1,CladeA,Bronchiectasis,Cluster_20,Cluster_3317
GCA_963451495.1,CladeA,Bronchiectasis,Cluster_10,Cluster_3326
GCA_963451505.1,CladeB,Bronchiectasis,Cluster_321,Cluster_3285
GCA_963451515.1,CladeA,Bronchiectasis,Cluster_60,Cluster_1075
GCA_963451525.1,CladeA,Bronchiectasis,Cluster_10,Cluster_3249
GCA_963451535.1,CladeA,Bronchiectasis,Cluster_393,Cluster_3263
GCA_963451545.1,CladeB,Bronchiectasis,Cluster_91,Cluster_3358
GCA_963451555.1,CladeA,Bronchiectasis,Cluster_35,Cluster_342
GCA_963451565.1,CladeB,Bronchiectasis,Cluster_55,Cluster_121
GCA_963451575.1,CladeA,Bronchiectasis,Cluster_278,Cluster_3302
GCA_963451585.1,CladeB,Bronchiectasis,Cluster_196,Cluster_3294
GCA_963451595.1,CladeB,Bronchiectasis,Cluster_11,Cluster_3349
GCA_963451605.1,CladeA,Bronchiectasis,Cluster_46,Cluster_3351
GCA_963451615.1,CladeA,Bronchiectasis,Cluster_35,Cluster_3357
GCA_963451625.1,CladeA,Bronchiectasis,Cluster_40,Cluster_3342
GCA_963451635.1,CladeA,Bronchiectasis,Cluster_282,Cluster_3267
GCA_963451645.1,CladeA,Bronchiectasis,Cluster_40,Cluster_3293
GCA_963451655.1,CladeA,Bronchiectasis,Cluster_282,Cluster_3246
GCA_963451665.1,CladeA,Bronchiectasis,Cluster_35,Cluster_3325
GCA_963451675.1,CladeB,Bronchiectasis,Cluster_11,Cluster_3349
GCA_963451695.1,CladeA,Bronchiectasis,Cluster_58,Cluster_3310
GCA_963451705.1,CladeA,Bronchiectasis,Cluster_53,Cluster_3298
GCA_963451715.1,CladeA,Bronchiectasis,Cluster_282,Cluster_3267
GCA_963451725.1,CladeA,Bronchiectasis,Cluster_5,Cluster_3292
GCA_963451745.1,CladeA,Bronchiectasis,Cluster_111,Cluster_3335
GCA_963451755.1,CladeA,Bronchiectasis,Cluster_24,Cluster_3313
GCA_963451765.1,CladeA,Bronchiectasis,Cluster_22,Cluster_3255
GCA_963451775.1,CladeA,Bronchiectasis,Cluster_5,Cluster_1004
GCA_963451785.1,CladeA,Bronchiectasis,Cluster_105,Cluster_3281
GCA_963451795.1,CladeB,Bronchiectasis,Cluster_55,Cluster_121
GCA_963451805.1,CladeA,Bronchiectasis,Cluster_13,Cluster_3333
GCA_963451815.1,CladeA,Bronchiectasis,Cluster_24,Cluster_3319
GCA_963451825.1,CladeA,Bronchiectasis,Cluster_230,Cluster_3258
GCA_963451835.1,CladeA,Bronchiectasis,Cluster_34,Cluster_3353
GCA_963451865.1,CladeB,Bronchiectasis,Cluster_200,Cluster_3253
GCA_963451875.1,CladeA,Bronchiectasis,Cluster_14,Cluster_3270
GCA_963451885.1,CladeA,Bronchiectasis,Cluster_43,Cluster_2679
GCA_963451905.1,CladeB,Bronchiectasis,Cluster_11,Cluster_231
GCA_963451915.1,CladeB,Bronchiectasis,Cluster_11,Cluster_3299
GCA_963451925.1,CladeA,Bronchiectasis,Cluster_37,Cluster_3330
GCA_963451935.1,CladeA,Bronchiectasis,Cluster_63,Cluster_3279
GCA_963451945.1,CladeA,Bronchiectasis,Cluster_103,Cluster_3346
GCA_963451955.1,CladeA,Bronchiectasis,Cluster_201,Cluster_3332
GCA_963451965.1,CladeA,Bronchiectasis,Cluster_70,Cluster_1091
GCA_963451975.1,CladeA,Bronchiectasis,Cluster_395,Cluster_3277
GCA_963451985.1,CladeA,Bronchiectasis,Cluster_105,Cluster_3281
GCA_963451995.1,CladeA,Bronchiectasis,Cluster_34,Cluster_3350
GCA_963452005.1,CladeA,Bronchiectasis,Cluster_201,Cluster_3332
GCA_963452015.1,CladeA,Bronchiectasis,Cluster_24,Cluster_3347
GCA_963452035.1,CladeA,Bronchiectasis,Cluster_395,Cluster_3277
GCA_963452045.1,CladeA,Bronchiectasis,Cluster_2,Cluster_356
GCA_963452075.1,CladeA,Bronchiectasis,Cluster_2,Cluster_356
GCA_963452095.1,CladeA,Bronchiectasis,Cluster_230,Cluster_3273
GCA_963452105.1,CladeB,Bronchiectasis,Cluster_64,Cluster_153
GCA_963452115.1,CladeB,Bronchiectasis,Cluster_4,Cluster_3245
GCA_963452125.1,CladeA,Bronchiectasis,Cluster_10,Cluster_3300
GCA_963452145.1,CladeA,Bronchiectasis,Cluster_107,Cluster_3340
GCA_963452155.1,CladeA,Bronchiectasis,Cluster_41,Cluster_3250
GCA_963452165.1,CladeB,Bronchiectasis,Cluster_196,Cluster_3294
GCA_963452185.1,CladeA,Bronchiectasis,Cluster_60,Cluster_1075
GCA_963452195.1,CladeA,Bronchiectasis,Cluster_94,Cluster_968
GCA_963452205.1,CladeA,Bronchiectasis,Cluster_278,Cluster_3302
GCA_963452225.1,CladeA,Bronchiectasis,Cluster_5,Cluster_3306
GCA_963452235.1,CladeB,Bronchiectasis,Cluster_4,Cluster_3304
GCA_963452245.1,CladeA,Bronchiectasis,Cluster_94,Cluster_3243
GCA_963452255.1,CladeA,Bronchiectasis,Cluster_203,Cluster_3272
GCA_963452265.1,CladeA,Bronchiectasis,Cluster_287,Cluster_3284
GCA_963452285.1,CladeA,Bronchiectasis,Cluster_10,Cluster_3327
GCA_963452295.1,CladeA,Bronchiectasis,Cluster_24,Cluster_3268
GCA_963452315.1,CladeA,Bronchiectasis,Cluster_111,Cluster_326
GCA_963452325.1,CladeA,Bronchiectasis,Cluster_14,Cluster_3270
GCA_963452335.1,CladeB,Bronchiectasis,Cluster_185,Cluster_3274
GCA_963452345.1,CladeA,Bronchiectasis,Cluster_213,Cluster_3297
GCA_963452355.1,CladeB,Bronchiectasis,Cluster_321,Cluster_3285
GCA_963452365.1,CladeA,Bronchiectasis,Cluster_111,Cluster_326
GCA_963452375.1,CladeA,Bronchiectasis,Cluster_394,Cluster_3264
GCA_963452385.1,CladeB,Bronchiectasis,Cluster_185,Cluster_3274
GCA_963452395.1,CladeA,Bronchiectasis,Cluster_2,Cluster_356
GCA_963452405.1,CladeA,Bronchiectasis,Cluster_229,Cluster_3275
GCA_963452415.1,CladeA,Bronchiectasis,Cluster_230,Cluster_3261
GCA_963452425.1,CladeA,Bronchiectasis,Cluster_211,Cluster_3266
GCA_963452435.1,CladeA,Bronchiectasis,Cluster_227,Cluster_3259
GCA_963452455.1,CladeA,Bronchiectasis,Cluster_19,Cluster_3291
GCA_963452465.1,CladeA,Bronchiectasis,Cluster_26,Cluster_3352
GCA_963452475.1,CladeA,Bronchiectasis,Cluster_94,Cluster_3243
GCA_963452485.1,CladeA,Bronchiectasis,Cluster_399,Cluster_3320
GCA_963452495.1,CladeA,Bronchiectasis,Cluster_103,Cluster_3355
GCA_963452525.1,CladeA,Bronchiectasis,Cluster_5,Cluster_3306
GCA_963452535.1,CladeA,Bronchiectasis,Cluster_10,Cluster_3326
GCA_963452545.1,CladeA,Bronchiectasis,Cluster_125,Cluster_3282
GCA_963452555.1,CladeA,Bronchiectasis,Cluster_5,Cluster_3292
GCA_963452565.1,CladeB,Bronchiectasis,Cluster_11,Cluster_3289
GCA_963452575.1,CladeA,Bronchiectasis,Cluster_24,Cluster_3359
GCA_963452585.1,CladeA,Bronchiectasis,Cluster_40,Cluster_3305
GCA_963452595.1,CladeB,Bronchiectasis,Cluster_55,Cluster_121
GCA_963452605.1,CladeA,Bronchiectasis,Cluster_5,Cluster_3292
GCA_963452625.1,CladeA,Bronchiectasis,Cluster_58,Cluster_3344
GCA_963452645.1,CladeA,Bronchiectasis,Cluster_5,Cluster_3292
GCA_963452655.1,CladeA,Bronchiectasis,Cluster_58,Cluster_1568
GCA_963452685.1,CladeA,Bronchiectasis,Cluster_227,Cluster_3259
GCA_963452695.1,CladeB,Bronchiectasis,Cluster_55,Cluster_3337
GCA_963452715.1,CladeA,Bronchiectasis,Cluster_63,Cluster_3279
GCA_963452725.1,CladeB,Bronchiectasis,Cluster_11,Cluster_3349
GCA_963452735.1,CladeA,Bronchiectasis,Cluster_43,Cluster_3295
GCA_963452755.1,CladeA,Bronchiectasis,Cluster_2,Cluster_356
GCA_963452765.1,CladeA,Bronchiectasis,Cluster_10,Cluster_3318
GCA_963452775.1,CladeB,Bronchiectasis,Cluster_64,Cluster_153
GCA_963452785.1,CladeA,Bronchiectasis,Cluster_24,Cluster_3359
GCA_963452795.1,CladeA,Bronchiectasis,Cluster_10,Cluster_3249
GCA_963452805.1,CladeA,Bronchiectasis,Cluster_34,Cluster_3350
GCA_963452815.1,CladeB,Bronchiectasis,Cluster_200,Cluster_3253
GCA_963452825.1,CladeA,Bronchiectasis,Cluster_394,Cluster_3264
GCA_963452835.1,CladeA,Bronchiectasis,Cluster_282,Cluster_3267
GCA_963452845.1,CladeA,Bronchiectasis,Cluster_94,Cluster_968
GCA_963452855.1,CladeA,Bronchiectasis,Cluster_2,Cluster_356
GCA_963452885.1,CladeA,Bronchiectasis,Cluster_103,Cluster_3322
GCA_963452895.1,CladeB,Bronchiectasis,Cluster_55,Cluster_2544
GCA_963452905.1,CladeA,Bronchiectasis,Cluster_394,Cluster_3264
GCA_963452915.1,CladeA,Bronchiectasis,Cluster_36,Cluster_3251
GCA_963452925.1,CladeA,Bronchiectasis,Cluster_211,Cluster_3266
GCA_963452935.1,CladeA,Bronchiectasis,Cluster_94,Cluster_3283
GCA_963452945.1,CladeA,Bronchiectasis,Cluster_48,Cluster_819
GCA_963452955.1,CladeA,Bronchiectasis,Cluster_23,Cluster_3244
GCA_963452965.1,CladeA,Bronchiectasis,Cluster_10,Cluster_3348
GCA_963452985.1,CladeA,Bronchiectasis,Cluster_289,Cluster_3343
GCA_963453015.1,CladeB,Bronchiectasis,Cluster_185,Cluster_3274
GCA_963453025.1,CladeA,Bronchiectasis,Cluster_24,Cluster_3319
GCA_963453035.1,CladeA,Bronchiectasis,Cluster_23,Cluster_3244
GCA_963453055.1,CladeA,Bronchiectasis,Cluster_43,Cluster_3339
GCA_963453065.1,CladeA,Bronchiectasis,Cluster_230,Cluster_3265
GCA_963453075.1,CladeA,Bronchiectasis,Cluster_5,Cluster_3306
GCA_963453095.1,CladeA,Bronchiectasis,Cluster_24,Cluster_3314
GCA_963453105.1,CladeA,Bronchiectasis,Cluster_2,Cluster_3252
GCA_963453115.1,CladeA,Bronchiectasis,Cluster_40,Cluster_3305
GCA_963453125.1,CladeA,Bronchiectasis,Cluster_213,Cluster_3297
GCA_963453135.1,CladeB,Bronchiectasis,Cluster_11,Cluster_231
GCA_963453155.1,CladeA,Bronchiectasis,Cluster_94,Cluster_3243
GCA_963453185.1,CladeA,Bronchiectasis,Cluster_24,Cluster_3319
GCA_963453195.1,CladeA,Bronchiectasis,Cluster_285,Cluster_3334
GCA_963453205.1,CladeA,Bronchiectasis,Cluster_40,Cluster_3342
GCA_963453215.1,CladeA,Bronchiectasis,Cluster_26,Cluster_3352
GCA_963453225.1,CladeA,Bronchiectasis,Cluster_34,Cluster_3350
GCA_963453235.1,CladeA,Bronchiectasis,Cluster_2,Cluster_3252
GCA_963453245.1,CladeA,Bronchiectasis,Cluster_43,Cluster_2679
GCA_963453255.1,CladeA,Bronchiectasis,Cluster_401,Cluster_3338
GCA_963453265.1,CladeA,Bronchiectasis,Cluster_60,Cluster_1075
GCA_963453275.1,CladeA,Bronchiectasis,Cluster_227,Cluster_3259
GCA_963453285.1,CladeA,Bronchiectasis,Cluster_92,Cluster_3278
GCA_963453315.1,CladeA,Bronchiectasis,Cluster_92,Cluster_3278
GCA_963453325.1,CladeA,Bronchiectasis,Cluster_227,Cluster_3259
GCA_963453335.1,CladeA,Bronchiectasis,Cluster_401,Cluster_3338
GCA_963453355.1,CladeA,Bronchiectasis,Cluster_94,Cluster_3243
GCA_963453365.1,CladeA,Bronchiectasis,Cluster_10,Cluster_3326
GCA_963453375.1,CladeA,Bronchiectasis,Cluster_60,Cluster_1075
GCA_963453385.1,CladeA,Bronchiectasis,Cluster_58,Cluster_1568
GCA_963453395.1,CladeA,Bronchiectasis,Cluster_227,Cluster_3259
GCA_963453405.1,CladeA,Bronchiectasis,Cluster_116,Cluster_3262
GCA_963453415.1,CladeB,Bronchiectasis,Cluster_4,Cluster_3245
GCA_963453435.1,CladeA,Bronchiectasis,Cluster_41,Cluster_3250
GCA_963453445.1,CladeA,Bronchiectasis,Cluster_34,Cluster_3353
GCA_963453455.1,CladeA,Bronchiectasis,Cluster_277,Cluster_3307
GCA_963453475.1,CladeA,Bronchiectasis,Cluster_24,Cluster_3336
GCA_963453485.1,CladeA,Bronchiectasis,Cluster_105,Cluster_3281
GCA_963453495.1,CladeA,Bronchiectasis,Cluster_31,Cluster_3254
GCA_963453505.1,CladeA,Bronchiectasis,Cluster_277,Cluster_3307
GCA_963453515.1,CladeA,Bronchiectasis,Cluster_43,Cluster_321
GCA_963453535.1,CladeB,Bronchiectasis,Cluster_55,Cluster_121
GCA_963453545.1,CladeA,Bronchiectasis,Cluster_393,Cluster_3263
GCA_963453555.1,CladeA,Bronchiectasis,Cluster_107,Cluster_3340
GCA_963453565.1,CladeB,Bronchiectasis,Cluster_11,Cluster_3289
GCA_963453585.1,CladeA,Bronchiectasis,Cluster_5,Cluster_1004
GCA_963453605.1,CladeB,Bronchiectasis,Cluster_11,Cluster_3289
GCA_963453615.1,CladeA,Bronchiectasis,Cluster_398,Cluster_3315
GCA_963453625.1,CladeA,Bronchiectasis,Cluster_392,Cluster_3260
GCA_963453635.1,CladeA,Bronchiectasis,Cluster_40,Cluster_594
GCA_963453645.1,CladeA,Bronchiectasis,Cluster_41,Cluster_3250
GCA_963453665.1,CladeA,Bronchiectasis,Cluster_395,Cluster_3277
GCA_963453675.1,CladeA,Bronchiectasis,Cluster_54,Cluster_3296
GCA_963453685.1,CladeA,Bronchiectasis,Cluster_35,Cluster_3357
GCA_963453695.1,CladeA,Bronchiectasis,Cluster_63,Cluster_3279
GCA_963453705.1,CladeA,Bronchiectasis,Cluster_10,Cluster_3249
GCA_963453715.1,CladeA,Bronchiectasis,Cluster_43,Cluster_260
GCA_963453725.1,CladeA,Bronchiectasis,Cluster_26,Cluster_3352
GCA_963453735.1,CladeB,Bronchiectasis,Cluster_196,Cluster_3294
GCA_963453745.1,CladeA,Bronchiectasis,Cluster_2,Cluster_3288
GCA_963453755.1,CladeB,Bronchiectasis,Cluster_397,Cluster_3308
GCA_963453775.1,CladeB,Bronchiectasis,Cluster_11,Cluster_3289
GCA_963453785.1,CladeB,Bronchiectasis,Cluster_55,Cluster_121
GCA_963453795.1,CladeA,Bronchiectasis,Cluster_230,Cluster_3273
GCA_963453805.1,CladeA,Bronchiectasis,Cluster_229,Cluster_3275
GCA_963453815.1,CladeA,Bronchiectasis,Cluster_40,Cluster_594
GCA_963453825.1,CladeA,Bronchiectasis,Cluster_229,Cluster_3275
GCA_963453835.1,CladeA,Bronchiectasis,Cluster_125,Cluster_3282
GCA_963453845.1,CladeB,Bronchiectasis,Cluster_55,Cluster_121
GCA_963453865.1,CladeA,Bronchiectasis,Cluster_10,Cluster_3326
GCA_963453885.1,CladeA,Bronchiectasis,Cluster_195,Cluster_3362
GCA_963453895.1,CladeA,Bronchiectasis,Cluster_117,Cluster_3356
GCA_963453905.1,CladeA,Bronchiectasis,Cluster_26,Cluster_3271
GCA_963453915.1,CladeA,Bronchiectasis,Cluster_227,Cluster_3259
GCA_963453925.1,CladeA,Bronchiectasis,Cluster_24,Cluster_3314
GCA_963453935.1,CladeA,Bronchiectasis,Cluster_24,Cluster_3319
GCA_963453945.1,CladeA,Bronchiectasis,Cluster_230,Cluster_3258
GCA_963453955.1,CladeA,Bronchiectasis,Cluster_136,Cluster_3361
GCA_963453965.1,CladeA,Bronchiectasis,Cluster_68,Cluster_3247
GCA_963453985.1,CladeA,Bronchiectasis,Cluster_70,Cluster_1091
GCA_963453995.1,CladeA,Bronchiectasis,Cluster_103,Cluster_3287
GCA_963454005.1,CladeA,Bronchiectasis,Cluster_136,Cluster_3361
GCA_963454015.1,CladeA,Bronchiectasis,Cluster_393,Cluster_3263
GCA_963454035.1,CladeA,Bronchiectasis,Cluster_103,Cluster_3287
GCA_963454045.1,CladeA,Bronchiectasis,Cluster_203,Cluster_3272
GCA_963454055.1,CladeA,Bronchiectasis,Cluster_26,Cluster_3352
GCA_963454065.1,CladeB,Bronchiectasis,Cluster_64,Cluster_153
GCA_963454075.1,CladeA,Bronchiectasis,Cluster_24,Cluster_3347
GCA_963454085.1,CladeA,Bronchiectasis,Cluster_211,Cluster_3266
GCA_963454095.1,CladeA,Bronchiectasis,Cluster_94,Cluster_3283
GCA_963454105.1,CladeA,Bronchiectasis,Cluster_230,Cluster_3265
GCA_963454125.1,CladeA,Bronchiectasis,Cluster_10,Cluster_3326
GCA_963454135.1,CladeA,Bronchiectasis,Cluster_2,Cluster_356
GCA_963454155.1,CladeA,Bronchiectasis,Cluster_34,Cluster_3353
GCA_963454165.1,CladeA,Bronchiectasis,Cluster_227,Cluster_3259
GCA_963454175.1,CladeA,Bronchiectasis,Cluster_289,Cluster_3343
GCA_963454185.1,CladeB,Bronchiectasis,Cluster_11,Cluster_231
GCA_963454195.1,CladeA,Bronchiectasis,Cluster_400,Cluster_3321
GCA_963454205.1,CladeA,Bronchiectasis,Cluster_227,Cluster_3259
GCA_963454215.1,CladeA,Bronchiectasis,Cluster_60,Cluster_1075
GCA_963454225.1,CladeA,Bronchiectasis,Cluster_136,Cluster_3361
GCA_963454235.1,CladeA,Bronchiectasis,Cluster_10,Cluster_3327
GCA_963454245.1,CladeA,Bronchiectasis,Cluster_230,Cluster_3258
GCA_963454255.1,CladeA,Bronchiectasis,Cluster_10,Cluster_3249
GCA_963454265.1,CladeA,Bronchiectasis,Cluster_103,Cluster_3346
GCA_963454275.1,CladeA,Bronchiectasis,Cluster_26,Cluster_3271
GCA_963454285.1,CladeA,Bronchiectasis,Cluster_230,Cluster_3261
GCA_963454295.1,CladeA,Bronchiectasis,Cluster_46,Cluster_3351
GCA_963454305.1,CladeA,Bronchiectasis,Cluster_10,Cluster_675
GCA_963454315.1,CladeA,Bronchiectasis,Cluster_70,Cluster_1091
GCA_963454345.1,CladeA,Bronchiectasis,Cluster_105,Cluster_3281
GCA_963454355.1,CladeA,Bronchiectasis,Cluster_24,Cluster_3347
GCA_963454385.1,CladeA,Bronchiectasis,Cluster_2,Cluster_356
GCA_963454395.1,CladeB,Bronchiectasis,Cluster_11,Cluster_3299
GCA_963454405.1,CladeA,Bronchiectasis,Cluster_22,Cluster_3255
GCA_963454425.1,CladeA,Bronchiectasis,Cluster_195,Cluster_3362
GCA_963454435.1,CladeB,Bronchiectasis,Cluster_11,Cluster_231
GCA_963454445.1,CladeA,Bronchiectasis,Cluster_10,Cluster_3348
GCA_963454455.1,CladeA,Bronchiectasis,Cluster_287,Cluster_3284
GCA_963454465.1,CladeA,Bronchiectasis,Cluster_34,Cluster_3353
GCA_963454475.1,CladeA,Bronchiectasis,Cluster_287,Cluster_3284
GCA_963454485.1,CladeA,Bronchiectasis,Cluster_2,Cluster_356
GCA_963454495.1,CladeB,Bronchiectasis,Cluster_55,Cluster_121
GCA_963454505.1,CladeA,Bronchiectasis,Cluster_227,Cluster_3259
GCA_963454545.1,CladeB,Bronchiectasis,Cluster_11,Cluster_3349
GCA_963454555.1,CladeA,Bronchiectasis,Cluster_282,Cluster_3267
GCA_963454565.1,CladeA,Bronchiectasis,Cluster_396,Cluster_3301
GCA_963454585.1,CladeA,Bronchiectasis,Cluster_103,Cluster_3322
GCA_963454605.1,CladeA,Bronchiectasis,Cluster_60,Cluster_1075
GCA_963454615.1,CladeA,Bronchiectasis,Cluster_10,Cluster_3300
GCA_963454625.1,CladeA,Bronchiectasis,Cluster_43,Cluster_3295
GCA_963454635.1,CladeA,Bronchiectasis,Cluster_48,Cluster_819
GCA_963454645.1,CladeB,Bronchiectasis,Cluster_55,Cluster_121
GCA_963454655.1,CladeA,Bronchiectasis,Cluster_40,Cluster_3242
GCA_963454665.1,CladeA,Bronchiectasis,Cluster_58,Cluster_3310
GCA_963454675.1,CladeA,Bronchiectasis,Cluster_54,Cluster_3296
GCA_963454685.1,CladeA,Bronchiectasis,Cluster_10,Cluster_3327
GCA_963454695.1,CladeA,Bronchiectasis,Cluster_46,Cluster_3351
GCA_963454705.1,CladeA,Bronchiectasis,Cluster_40,Cluster_3293
GCA_963454715.1,CladeA,Bronchiectasis,Cluster_192,Cluster_796
GCA_963454725.1,CladeA,Bronchiectasis,Cluster_227,Cluster_3259
GCA_963454735.1,CladeA,Bronchiectasis,Cluster_36,Cluster_3256
GCA_963454745.1,CladeA,Bronchiectasis,Cluster_40,Cluster_594
GCA_963454755.1,CladeA,Bronchiectasis,Cluster_10,Cluster_3312
GCA_963454765.1,CladeA,Bronchiectasis,Cluster_35,Cluster_3325
GCA_963454775.1,CladeA,Bronchiectasis,Cluster_53,Cluster_3298
GCA_963454785.1,CladeA,Bronchiectasis,Cluster_201,Cluster_3332
GCA_963454795.1,CladeB,Bronchiectasis,Cluster_55,Cluster_121
GCA_963454805.1,CladeA,Bronchiectasis,Cluster_40,Cluster_3293
GCA_963454815.1,CladeA,Bronchiectasis,Cluster_40,Cluster_594
GCA_963454825.1,CladeA,Bronchiectasis,Cluster_396,Cluster_3301
GCA_963454835.1,CladeA,Bronchiectasis,Cluster_242,Cluster_1120
GCA_963454855.1,CladeA,Bronchiectasis,Cluster_70,Cluster_1091
GCA_963454865.1,CladeA,Bronchiectasis,Cluster_35,Cluster_3357
GCA_963454895.1,CladeA,Bronchiectasis,Cluster_34,Cluster_3350
GCA_963454905.1,CladeA,Bronchiectasis,Cluster_230,Cluster_3261
GCA_963511855.1,CladeA,Urinary,Cluster_25,Cluster_3618
GCA_964035635.1,CladeB,Wound,Cluster_12,Cluster_3619
