Condition,Gene_file,Gene_mean_dnds,N_pairwise_values
Clade A vs. A reference,VFG000115.nogap.dedup.nt_ali_1v1_G1_groupwise_dnds.csv,0.18273424914876127,8517
Clade A vs. A reference,VFG000116.nogap.dedup.nt_ali_1v1_G1_groupwise_dnds.csv,0.008008861227508011,8114
Clade A vs. A reference,VFG000120.nogap.dedup.nt_ali_1v1_G1_groupwise_dnds.csv,0.02035191139692747,8397
Clade A vs. A reference,VFG000122.nogap.dedup.nt_ali_1v1_G1_groupwise_dnds.csv,-0.012908188213585511,8671
Clade A vs. A reference,VFG000123.nogap.dedup.nt_ali_1v1_G1_groupwise_dnds.csv,0.02281164131501472,8152
Clade A vs. A reference,VFG000124.nogap.dedup.nt_ali_1v1_G1_groupwise_dnds.csv,0.025361947004608296,8680
Clade A vs. A reference,VFG000125.nogap.dedup.nt_ali_1v1_G1_groupwise_dnds.csv,0.11825797445015146,7593
Clade A vs. A reference,VFG000126.nogap.dedup.nt_ali_1v1_G1_groupwise_dnds.csv,0.08578600074266618,8079
Clade A vs. A reference,VFG000127.nogap.dedup.nt_ali_1v1_G1_groupwise_dnds.csv,0.07497256527657468,8081
Clade A vs. A reference,VFG000128.nogap.dedup.nt_ali_1v1_G1_groupwise_dnds.csv,0.06225645519624783,8102
Clade A vs. A reference,VFG000129.nogap.dedup.nt_ali_1v1_G1_groupwise_dnds.csv,0.050331937172774864,7067
Clade A vs. A reference,VFG000130.nogap.dedup.nt_ali_1v1_G1_groupwise_dnds.csv,0.0920338786551591,7763
Clade A vs. A reference,VFG000131.nogap.dedup.nt_ali_1v1_G1_groupwise_dnds.csv,0.03159442753453524,8542
Clade A vs. A reference,VFG000133.nogap.dedup.nt_ali_1v1_G1_groupwise_dnds.csv,0.04310436122303863,8438
Clade A vs. A reference,VFG000139.nogap.dedup.nt_ali_1v1_G1_groupwise_dnds.csv,0.08729299139080879,8247
Clade A vs. A reference,VFG000141.nogap.dedup.nt_ali_1v1_G1_groupwise_dnds.csv,0.12132632875291677,7714
Clade A vs. A reference,VFG000142.nogap.dedup.nt_ali_1v1_G1_groupwise_dnds.csv,0.03310567178618939,8269
Clade A vs. A reference,VFG000143.nogap.dedup.nt_ali_1v1_G1_groupwise_dnds.csv,0.03851011653855691,8066
Clade A vs. A reference,VFG000144.nogap.dedup.nt_ali_1v1_G1_groupwise_dnds.csv,0.07351840469208211,8525
Clade A vs. A reference,VFG000145.nogap.dedup.nt_ali_1v1_G1_groupwise_dnds.csv,0.09886534530042383,8022
Clade A vs. A reference,VFG000146.nogap.dedup.nt_ali_1v1_G1_groupwise_dnds.csv,0.012034965208747514,8048
Clade A vs. A reference,VFG000148.nogap.dedup.nt_ali_1v1_G1_groupwise_dnds.csv,0.2934431349782294,6890
Clade A vs. A reference,VFG000155.nogap.dedup.nt_ali_1v1_G1_groupwise_dnds.csv,0.0974293966323667,8552
Clade A vs. A reference,VFG000157.nogap.dedup.nt_ali_1v1_G1_groupwise_dnds.csv,0.21598438479869556,7973
Clade A vs. A reference,VFG000164.nogap.dedup.nt_ali_1v1_G1_groupwise_dnds.csv,0.05768914328846396,7949
Clade A vs. A reference,VFG000165.nogap.dedup.nt_ali_1v1_G1_groupwise_dnds.csv,0.18893145244363055,8737
Clade A vs. A reference,VFG000166.nogap.dedup.nt_ali_1v1_G1_groupwise_dnds.csv,0.2589419362455726,8470
Clade A vs. A reference,VFG000168.nogap.dedup.nt_ali_1v1_G1_groupwise_dnds.csv,0.19208464110832435,8373
Clade A vs. A reference,VFG000171.nogap.dedup.nt_ali_1v1_G1_groupwise_dnds.csv,0.08329663746457097,7762
Clade A vs. A reference,VFG000172.nogap.dedup.nt_ali_1v1_G1_groupwise_dnds.csv,0.024536072791312008,6814
Clade A vs. A reference,VFG000173.nogap.dedup.nt_ali_1v1_G1_groupwise_dnds.csv,0.04911540768077499,8671
Clade A vs. A reference,VFG000175.nogap.dedup.nt_ali_1v1_G1_groupwise_dnds.csv,0.06136238447319778,8656
Clade A vs. A reference,VFG000176.nogap.dedup.nt_ali_1v1_G1_groupwise_dnds.csv,0.0992214830678624,7471
Clade A vs. A reference,VFG000181.nogap.dedup.nt_ali_1v1_G1_groupwise_dnds.csv,0.01494623576937202,8169
Clade A vs. A reference,VFG000182.nogap.dedup.nt_ali_1v1_G1_groupwise_dnds.csv,0.023116315587897358,7833
Clade A vs. A reference,VFG000185.nogap.dedup.nt_ali_1v1_G1_groupwise_dnds.csv,0.06029511424404472,8228
Clade A vs. A reference,VFG000192.nogap.dedup.nt_ali_1v1_G1_groupwise_dnds.csv,0.05039140441521841,8516
Clade A vs. A reference,VFG000198.nogap.dedup.nt_ali_1v1_G1_groupwise_dnds.csv,0.04654249970494512,8473
Clade A vs. A reference,VFG000203.nogap.dedup.nt_ali_1v1_G1_groupwise_dnds.csv,0.10743987190757252,7963
Clade A vs. A reference,VFG000211.nogap.dedup.nt_ali_1v1_G1_groupwise_dnds.csv,0.04878866489159376,7887
Clade A vs. A reference,VFG000212.nogap.dedup.nt_ali_1v1_G1_groupwise_dnds.csv,0.1305722660318405,6721
Clade A vs. A reference,VFG001213.nogap.dedup.nt_ali_1v1_G1_groupwise_dnds.csv,0.0452735030970406,8718
Clade A vs. A reference,VFG001214.nogap.dedup.nt_ali_1v1_G1_groupwise_dnds.csv,0.03463286540049546,8477
Clade A vs. A reference,VFG001222.nogap.dedup.nt_ali_1v1_G1_groupwise_dnds.csv,0.012394770408163265,8624
Clade A vs. A reference,VFG001223.nogap.dedup.nt_ali_1v1_G1_groupwise_dnds.csv,0.0013543158861340678,8712
Clade A vs. A reference,VFG001224.nogap.dedup.nt_ali_1v1_G1_groupwise_dnds.csv,0.00811798799948934,7833
Clade A vs. A reference,VFG001228.nogap.dedup.nt_ali_1v1_G1_groupwise_dnds.csv,0.018275454754777803,8686
Clade A vs. A reference,VFG001230.nogap.dedup.nt_ali_1v1_G1_groupwise_dnds.csv,0.15294671029566434,8557
Clade A vs. A reference,VFG001231.nogap.dedup.nt_ali_1v1_G1_groupwise_dnds.csv,0.16582401556776558,8736
Clade A vs. A reference,VFG001232.nogap.dedup.nt_ali_1v1_G1_groupwise_dnds.csv,0.01065863604405906,8534
Clade A vs. A reference,VFG001238.nogap.dedup.nt_ali_1v1_G1_groupwise_dnds.csv,0.013935689170182843,8532
Clade A vs. A reference,VFG001242.nogap.dedup.nt_ali_1v1_G1_groupwise_dnds.csv,0.010471539172636931,8654
Clade A vs. A reference,VFG001243.nogap.dedup.nt_ali_1v1_G1_groupwise_dnds.csv,0.07513017929590368,7641
Clade A vs. A reference,VFG001248.nogap.dedup.nt_ali_1v1_G1_groupwise_dnds.csv,0.009299616858237547,8613
Clade A vs. A reference,VFG001249.nogap.dedup.nt_ali_1v1_G1_groupwise_dnds.csv,0.07547262001156739,8645
Clade A vs. A reference,VFG001251.nogap.dedup.nt_ali_1v1_G1_groupwise_dnds.csv,0.03486720932917677,8661
Clade A vs. A reference,VFG001252.nogap.dedup.nt_ali_1v1_G1_groupwise_dnds.csv,0.001921021611001965,8653
Clade A vs. A reference,VFG001254.nogap.dedup.nt_ali_1v1_G1_groupwise_dnds.csv,0.02155380381604697,8176
Clade A vs. A reference,VFG001262.nogap.dedup.nt_ali_1v1_G1_groupwise_dnds.csv,0.00745294395280236,8475
Clade A vs. A reference,VFG001263.nogap.dedup.nt_ali_1v1_G1_groupwise_dnds.csv,0.019032309285467727,8691
Clade A vs. A reference,VFG001264.nogap.dedup.nt_ali_1v1_G1_groupwise_dnds.csv,0.030086721039887857,7847
Clade A vs. A reference,VFG001266.nogap.dedup.nt_ali_1v1_G1_groupwise_dnds.csv,0.2553968659468001,7594
Clade A vs. A reference,VFG001267.nogap.dedup.nt_ali_1v1_G1_groupwise_dnds.csv,0.2453562848003791,8441
Clade A vs. A reference,VFG001268.nogap.dedup.nt_ali_1v1_G1_groupwise_dnds.csv,0.17956148388091933,6483
Clade A vs. A reference,VFG002057.nogap.dedup.nt_ali_1v1_G1_groupwise_dnds.csv,0.027976618403733396,8357
Clade A vs. A reference,VFG002058.nogap.dedup.nt_ali_1v1_G1_groupwise_dnds.csv,0.09282880419773544,7242
Clade A vs. A reference,VFG002060.nogap.dedup.nt_ali_1v1_G1_groupwise_dnds.csv,0.15675296720458096,7684
Clade A vs. A reference,VFG002063.nogap.dedup.nt_ali_1v1_G1_groupwise_dnds.csv,0.06678503519095419,8667
Clade A vs. A reference,VFG002064.nogap.dedup.nt_ali_1v1_G1_groupwise_dnds.csv,0.021458416676708038,8299
Clade A vs. A reference,VFG002065.nogap.dedup.nt_ali_1v1_G1_groupwise_dnds.csv,0.013920334094459799,8321
Clade A vs. A reference,VFG002067.nogap.dedup.nt_ali_1v1_G1_groupwise_dnds.csv,0.12054888734353268,7190
Clade A vs. A reference,VFG002068.nogap.dedup.nt_ali_1v1_G1_groupwise_dnds.csv,0.23575457241720219,8092
Clade A vs. A reference,VFG002070.nogap.dedup.nt_ali_1v1_G1_groupwise_dnds.csv,0.015223113480931959,8627
Clade A vs. A reference,VFG002074.nogap.dedup.nt_ali_1v1_G1_groupwise_dnds.csv,0.04744696327683616,8496
Clade A vs. A reference,VFG002075.nogap.dedup.nt_ali_1v1_G1_groupwise_dnds.csv,0.01729532896277219,8542
Clade A vs. A reference,VFG002076.nogap.dedup.nt_ali_1v1_G1_groupwise_dnds.csv,0.23785348410757945,8180
Clade A vs. A reference,VFG002077.nogap.dedup.nt_ali_1v1_G1_groupwise_dnds.csv,0.06416779319041614,7930
Clade A vs. A reference,VFG013836.nogap.dedup.nt_ali_1v1_G1_groupwise_dnds.csv,0.012394770408163265,8624
Clade A vs. A reference,VFG013897.nogap.dedup.nt_ali_1v1_G1_groupwise_dnds.csv,0.001564770004791567,8348
Clade A vs. A reference,VFG013898.nogap.dedup.nt_ali_1v1_G1_groupwise_dnds.csv,0.0013543158861340678,8712
Clade A vs. A reference,VFG013910.nogap.dedup.nt_ali_1v1_G1_groupwise_dnds.csv,0.008098033958891868,7833
Clade A vs. A reference,VFG013911.nogap.dedup.nt_ali_1v1_G1_groupwise_dnds.csv,0.00811798799948934,7833
Clade A vs. A reference,VFG013973.nogap.dedup.nt_ali_1v1_G1_groupwise_dnds.csv,0.15321960967628842,8557
Clade A vs. A reference,VFG013986.nogap.dedup.nt_ali_1v1_G1_groupwise_dnds.csv,0.03463286540049546,8477
Clade A vs. A reference,VFG013996.nogap.dedup.nt_ali_1v1_G1_groupwise_dnds.csv,0.0452735030970406,8718
Clade A vs. A reference,VFG014043.nogap.dedup.nt_ali_1v1_G1_groupwise_dnds.csv,0.01789333410085195,8686
Clade A vs. A reference,VFG014044.nogap.dedup.nt_ali_1v1_G1_groupwise_dnds.csv,0.018275454754777803,8686
Clade A vs. A reference,VFG014062.nogap.dedup.nt_ali_1v1_G1_groupwise_dnds.csv,0.1648458676739927,8736
Clade A vs. A reference,VFG014075.nogap.dedup.nt_ali_1v1_G1_groupwise_dnds.csv,0.010682419260129184,8515
Clade A vs. A reference,VFG014117.nogap.dedup.nt_ali_1v1_G1_groupwise_dnds.csv,0.12291560557075354,8042
Clade A vs. A reference,VFG014147.nogap.dedup.nt_ali_1v1_G1_groupwise_dnds.csv,0.46241025976147687,6121
Clade A vs. A reference,VFG014189.nogap.dedup.nt_ali_1v1_G1_groupwise_dnds.csv,0.013935689170182843,8532
Clade A vs. A reference,VFG014240.nogap.dedup.nt_ali_1v1_G1_groupwise_dnds.csv,0.009611932615816566,8548
Clade A vs. A reference,VFG014241.nogap.dedup.nt_ali_1v1_G1_groupwise_dnds.csv,0.010471539172636931,8654
Clade A vs. A reference,VFG014254.nogap.dedup.nt_ali_1v1_G1_groupwise_dnds.csv,0.07513017929590368,7641
Clade A vs. A reference,VFG014358.nogap.dedup.nt_ali_1v1_G1_groupwise_dnds.csv,0.009223963775687913,8613
Clade A vs. A reference,VFG014369.nogap.dedup.nt_ali_1v1_G1_groupwise_dnds.csv,0.04442630396215257,8455
Clade A vs. A reference,VFG014371.nogap.dedup.nt_ali_1v1_G1_groupwise_dnds.csv,0.04442630396215257,8455
Clade A vs. A reference,VFG014384.nogap.dedup.nt_ali_1v1_G1_groupwise_dnds.csv,0.07547262001156739,8645
Clade A vs. A reference,VFG014409.nogap.dedup.nt_ali_1v1_G1_groupwise_dnds.csv,0.03467263279445728,8660
Clade A vs. A reference,VFG014410.nogap.dedup.nt_ali_1v1_G1_groupwise_dnds.csv,0.03486720932917677,8661
Clade A vs. A reference,VFG014423.nogap.dedup.nt_ali_1v1_G1_groupwise_dnds.csv,0.001922576914179968,8646
Clade A vs. A reference,VFG014449.nogap.dedup.nt_ali_1v1_G1_groupwise_dnds.csv,0.02155380381604697,8176
Clade A vs. A reference,VFG014473.nogap.dedup.nt_ali_1v1_G1_groupwise_dnds.csv,0.13956140135218192,8135
Clade A vs. A reference,VFG014475.nogap.dedup.nt_ali_1v1_G1_groupwise_dnds.csv,0.13955425374969263,8134
Clade A vs. A reference,VFG014501.nogap.dedup.nt_ali_1v1_G1_groupwise_dnds.csv,0.003945472178445872,8249
Clade A vs. A reference,VFG014579.nogap.dedup.nt_ali_1v1_G1_groupwise_dnds.csv,0.00745294395280236,8475
Clade A vs. A reference,VFG014591.nogap.dedup.nt_ali_1v1_G1_groupwise_dnds.csv,0.019032309285467727,8691
Clade A vs. A reference,VFG014592.nogap.dedup.nt_ali_1v1_G1_groupwise_dnds.csv,0.019032309285467727,8691
Clade A vs. A reference,VFG014605.nogap.dedup.nt_ali_1v1_G1_groupwise_dnds.csv,0.030086721039887857,7847
Clade A vs. A reference,VFG014681.nogap.dedup.nt_ali_1v1_G1_groupwise_dnds.csv,0.01738922326632568,8407
Clade A vs. A reference,VFG014683.nogap.dedup.nt_ali_1v1_G1_groupwise_dnds.csv,0.01742238112263139,8391
Clade A vs. A reference,VFG014747.nogap.dedup.nt_ali_1v1_G1_groupwise_dnds.csv,-0.012909677047289502,8670
Clade A vs. A reference,VFG014748.nogap.dedup.nt_ali_1v1_G1_groupwise_dnds.csv,-0.012908188213585511,8671
Clade A vs. A reference,VFG014759.nogap.dedup.nt_ali_1v1_G1_groupwise_dnds.csv,0.02281164131501472,8152
Clade A vs. A reference,VFG014760.nogap.dedup.nt_ali_1v1_G1_groupwise_dnds.csv,0.02281164131501472,8152
Clade A vs. A reference,VFG014771.nogap.dedup.nt_ali_1v1_G1_groupwise_dnds.csv,0.025361947004608296,8680
Clade A vs. A reference,VFG014772.nogap.dedup.nt_ali_1v1_G1_groupwise_dnds.csv,0.025361947004608296,8680
Clade A vs. A reference,VFG014783.nogap.dedup.nt_ali_1v1_G1_groupwise_dnds.csv,0.11842752535229817,7593
Clade A vs. A reference,VFG014784.nogap.dedup.nt_ali_1v1_G1_groupwise_dnds.csv,0.11825797445015146,7593
Clade A vs. A reference,VFG014796.nogap.dedup.nt_ali_1v1_G1_groupwise_dnds.csv,0.08578600074266618,8079
Clade A vs. A reference,VFG014797.nogap.dedup.nt_ali_1v1_G1_groupwise_dnds.csv,0.08578600074266618,8079
Clade A vs. A reference,VFG014808.nogap.dedup.nt_ali_1v1_G1_groupwise_dnds.csv,0.06838477032670107,8142
Clade A vs. A reference,VFG014809.nogap.dedup.nt_ali_1v1_G1_groupwise_dnds.csv,0.07497256527657468,8081
Clade A vs. A reference,VFG014820.nogap.dedup.nt_ali_1v1_G1_groupwise_dnds.csv,0.062286497161194755,8102
Clade A vs. A reference,VFG014821.nogap.dedup.nt_ali_1v1_G1_groupwise_dnds.csv,0.06225645519624783,8102
Clade A vs. A reference,VFG014832.nogap.dedup.nt_ali_1v1_G1_groupwise_dnds.csv,0.05004975714285714,7000
Clade A vs. A reference,VFG014833.nogap.dedup.nt_ali_1v1_G1_groupwise_dnds.csv,0.050331937172774864,7067
Clade A vs. A reference,VFG014844.nogap.dedup.nt_ali_1v1_G1_groupwise_dnds.csv,0.09206064665722015,7763
Clade A vs. A reference,VFG014845.nogap.dedup.nt_ali_1v1_G1_groupwise_dnds.csv,0.0920338786551591,7763
Clade A vs. A reference,VFG014857.nogap.dedup.nt_ali_1v1_G1_groupwise_dnds.csv,0.03186762674159935,8541
Clade A vs. A reference,VFG014858.nogap.dedup.nt_ali_1v1_G1_groupwise_dnds.csv,0.03159442753453524,8542
Clade A vs. A reference,VFG014881.nogap.dedup.nt_ali_1v1_G1_groupwise_dnds.csv,0.042237307418819627,8438
Clade A vs. A reference,VFG014882.nogap.dedup.nt_ali_1v1_G1_groupwise_dnds.csv,0.04310436122303863,8438
Clade A vs. A reference,VFG014893.nogap.dedup.nt_ali_1v1_G1_groupwise_dnds.csv,0.2608470821917808,7300
Clade A vs. A reference,VFG014895.nogap.dedup.nt_ali_1v1_G1_groupwise_dnds.csv,0.2608470821917808,7300
Clade A vs. A reference,VFG014950.nogap.dedup.nt_ali_1v1_G1_groupwise_dnds.csv,0.02295124721864387,8539
Clade A vs. A reference,VFG014951.nogap.dedup.nt_ali_1v1_G1_groupwise_dnds.csv,0.022915893651909117,8538
Clade A vs. A reference,VFG014952.nogap.dedup.nt_ali_1v1_G1_groupwise_dnds.csv,0.02295124721864387,8539
Clade A vs. A reference,VFG014978.nogap.dedup.nt_ali_1v1_G1_groupwise_dnds.csv,0.02035191139692747,8397
Clade A vs. A reference,VFG014984.nogap.dedup.nt_ali_1v1_G1_groupwise_dnds.csv,0.023614969989408027,8497
Clade A vs. A reference,VFG014986.nogap.dedup.nt_ali_1v1_G1_groupwise_dnds.csv,0.023621216756883973,8498
Clade A vs. A reference,VFG015000.nogap.dedup.nt_ali_1v1_G1_groupwise_dnds.csv,0.12452739330269207,7615
Clade A vs. A reference,VFG015001.nogap.dedup.nt_ali_1v1_G1_groupwise_dnds.csv,0.12441645652744943,7614
Clade A vs. A reference,VFG015002.nogap.dedup.nt_ali_1v1_G1_groupwise_dnds.csv,0.12452739330269207,7615
Clade A vs. A reference,VFG015044.nogap.dedup.nt_ali_1v1_G1_groupwise_dnds.csv,0.0974293966323667,8552
Clade A vs. A reference,VFG015067.nogap.dedup.nt_ali_1v1_G1_groupwise_dnds.csv,0.03235260142104057,8726
Clade A vs. A reference,VFG015069.nogap.dedup.nt_ali_1v1_G1_groupwise_dnds.csv,0.032273298189319274,8726
Clade A vs. A reference,VFG015094.nogap.dedup.nt_ali_1v1_G1_groupwise_dnds.csv,0.06034737740912418,8198
Clade A vs. A reference,VFG015108.nogap.dedup.nt_ali_1v1_G1_groupwise_dnds.csv,0.05127860749090055,8517
Clade A vs. A reference,VFG015120.nogap.dedup.nt_ali_1v1_G1_groupwise_dnds.csv,0.04654249970494512,8473
Clade A vs. A reference,VFG015130.nogap.dedup.nt_ali_1v1_G1_groupwise_dnds.csv,0.10744193143287706,7963
Clade A vs. A reference,VFG015146.nogap.dedup.nt_ali_1v1_G1_groupwise_dnds.csv,0.04878866489159376,7887
Clade A vs. A reference,VFG015148.nogap.dedup.nt_ali_1v1_G1_groupwise_dnds.csv,0.13056415711947628,6721
Clade A vs. A reference,VFG015168.nogap.dedup.nt_ali_1v1_G1_groupwise_dnds.csv,0.2940565312046444,6890
Clade A vs. A reference,VFG015365.nogap.dedup.nt_ali_1v1_G1_groupwise_dnds.csv,0.027976618403733396,8357
Clade A vs. A reference,VFG015366.nogap.dedup.nt_ali_1v1_G1_groupwise_dnds.csv,0.027976618403733396,8357
Clade A vs. A reference,VFG015372.nogap.dedup.nt_ali_1v1_G1_groupwise_dnds.csv,0.0920382531785517,7236
Clade A vs. A reference,VFG015373.nogap.dedup.nt_ali_1v1_G1_groupwise_dnds.csv,0.09282880419773544,7242
Clade A vs. A reference,VFG015386.nogap.dedup.nt_ali_1v1_G1_groupwise_dnds.csv,0.1554290343486714,7715
Clade A vs. A reference,VFG015387.nogap.dedup.nt_ali_1v1_G1_groupwise_dnds.csv,0.1534604379940391,7717
Clade A vs. A reference,VFG015403.nogap.dedup.nt_ali_1v1_G1_groupwise_dnds.csv,0.07122593746394369,8667
Clade A vs. A reference,VFG015404.nogap.dedup.nt_ali_1v1_G1_groupwise_dnds.csv,0.07122593746394369,8667
Clade A vs. A reference,VFG015412.nogap.dedup.nt_ali_1v1_G1_groupwise_dnds.csv,0.022629269175108536,8292
Clade A vs. A reference,VFG015413.nogap.dedup.nt_ali_1v1_G1_groupwise_dnds.csv,0.021458416676708038,8299
Clade A vs. A reference,VFG015417.nogap.dedup.nt_ali_1v1_G1_groupwise_dnds.csv,0.013920334094459799,8321
Clade A vs. A reference,VFG015418.nogap.dedup.nt_ali_1v1_G1_groupwise_dnds.csv,0.013920334094459799,8321
Clade A vs. A reference,VFG015433.nogap.dedup.nt_ali_1v1_G1_groupwise_dnds.csv,0.2296540598577372,7451
Clade A vs. A reference,VFG015438.nogap.dedup.nt_ali_1v1_G1_groupwise_dnds.csv,0.23224734678624814,8028
Clade A vs. A reference,VFG015447.nogap.dedup.nt_ali_1v1_G1_groupwise_dnds.csv,0.015223183030022024,8627
Clade A vs. A reference,VFG015448.nogap.dedup.nt_ali_1v1_G1_groupwise_dnds.csv,0.015223113480931959,8627
Clade A vs. A reference,VFG015473.nogap.dedup.nt_ali_1v1_G1_groupwise_dnds.csv,0.04752103342749529,8496
Clade A vs. A reference,VFG015474.nogap.dedup.nt_ali_1v1_G1_groupwise_dnds.csv,0.04744696327683616,8496
Clade A vs. A reference,VFG015483.nogap.dedup.nt_ali_1v1_G1_groupwise_dnds.csv,0.01730090142823695,8542
Clade A vs. A reference,VFG015491.nogap.dedup.nt_ali_1v1_G1_groupwise_dnds.csv,0.23750496332518334,8180
Clade A vs. A reference,VFG015492.nogap.dedup.nt_ali_1v1_G1_groupwise_dnds.csv,0.23785343520782393,8180
Clade A vs. A reference,VFG015500.nogap.dedup.nt_ali_1v1_G1_groupwise_dnds.csv,0.06687224675160844,7927
Clade A vs. A reference,VFG015501.nogap.dedup.nt_ali_1v1_G1_groupwise_dnds.csv,0.06405068095838588,7930
Clade A vs. A reference,VFG015515.nogap.dedup.nt_ali_1v1_G1_groupwise_dnds.csv,0.08402849833717063,7818
Clade A vs. A reference,VFG015516.nogap.dedup.nt_ali_1v1_G1_groupwise_dnds.csv,0.05626660146061555,7668
Clade A vs. A reference,VFG015517.nogap.dedup.nt_ali_1v1_G1_groupwise_dnds.csv,0.07876488324352066,7794
Clade A vs. A reference,VFG015537.nogap.dedup.nt_ali_1v1_G1_groupwise_dnds.csv,0.05029820751014,7643
Clade A vs. A reference,VFG015538.nogap.dedup.nt_ali_1v1_G1_groupwise_dnds.csv,0.0765616468459152,7736
Clade A vs. A reference,VFG015547.nogap.dedup.nt_ali_1v1_G1_groupwise_dnds.csv,0.024357317252537137,6799
Clade A vs. A reference,VFG015549.nogap.dedup.nt_ali_1v1_G1_groupwise_dnds.csv,0.05098247779443996,8669
Clade A vs. A reference,VFG015550.nogap.dedup.nt_ali_1v1_G1_groupwise_dnds.csv,0.05162807058009457,8671
Clade A vs. A reference,VFG015551.nogap.dedup.nt_ali_1v1_G1_groupwise_dnds.csv,0.08077620198115487,8278
Clade A vs. A reference,VFG015552.nogap.dedup.nt_ali_1v1_G1_groupwise_dnds.csv,0.08077620198115487,8278
Clade A vs. A reference,VFG015555.nogap.dedup.nt_ali_1v1_G1_groupwise_dnds.csv,0.09886534530042383,8022
Clade A vs. A reference,VFG015558.nogap.dedup.nt_ali_1v1_G1_groupwise_dnds.csv,0.012034965208747514,8048
Clade A vs. A reference,VFG015561.nogap.dedup.nt_ali_1v1_G1_groupwise_dnds.csv,0.07351840469208211,8525
Clade A vs. A reference,VFG015846.nogap.dedup.nt_ali_1v1_G1_groupwise_dnds.csv,0.06377539932377288,8577
Clade A vs. A reference,VFG015848.nogap.dedup.nt_ali_1v1_G1_groupwise_dnds.csv,0.06377539932377288,8577
Clade A vs. A reference,VFG015850.nogap.dedup.nt_ali_1v1_G1_groupwise_dnds.csv,0.21588194705808558,7971
Clade A vs. A reference,VFG015851.nogap.dedup.nt_ali_1v1_G1_groupwise_dnds.csv,0.21586580960742505,7973
Clade A vs. A reference,VFG015852.nogap.dedup.nt_ali_1v1_G1_groupwise_dnds.csv,0.041595189782764386,8378
Clade A vs. A reference,VFG015853.nogap.dedup.nt_ali_1v1_G1_groupwise_dnds.csv,0.041595189782764386,8378
Clade A vs. A reference,VFG015854.nogap.dedup.nt_ali_1v1_G1_groupwise_dnds.csv,0.041595189782764386,8378
Clade A vs. A reference,VFG015856.nogap.dedup.nt_ali_1v1_G1_groupwise_dnds.csv,0.02285560468451243,8368
Clade A vs. A reference,VFG015858.nogap.dedup.nt_ali_1v1_G1_groupwise_dnds.csv,0.02326712445308702,8228
Clade A vs. A reference,VFG015862.nogap.dedup.nt_ali_1v1_G1_groupwise_dnds.csv,0.18275071034401785,8517
Clade A vs. A reference,VFG015920.nogap.dedup.nt_ali_1v1_G1_groupwise_dnds.csv,0.10876619988207548,6784
Clade A vs. A reference,VFG015922.nogap.dedup.nt_ali_1v1_G1_groupwise_dnds.csv,0.10876619988207548,6784
Clade A vs. A reference,VFG015926.nogap.dedup.nt_ali_1v1_G1_groupwise_dnds.csv,0.10625421129181542,7563
Clade A vs. A reference,VFG015928.nogap.dedup.nt_ali_1v1_G1_groupwise_dnds.csv,0.10625421129181542,7563
Clade A vs. A reference,VFG015950.nogap.dedup.nt_ali_1v1_G1_groupwise_dnds.csv,0.10092371332371333,8316
Clade A vs. A reference,VFG015952.nogap.dedup.nt_ali_1v1_G1_groupwise_dnds.csv,0.10092371332371333,8316
Clade A vs. A reference,VFG016046.nogap.dedup.nt_ali_1v1_G1_groupwise_dnds.csv,0.03743462475350887,8621
Clade A vs. A reference,VFG016048.nogap.dedup.nt_ali_1v1_G1_groupwise_dnds.csv,0.03743462475350887,8621
Clade A vs. A reference,VFG016058.nogap.dedup.nt_ali_1v1_G1_groupwise_dnds.csv,0.10623138803066712,8739
Clade A vs. A reference,VFG016059.nogap.dedup.nt_ali_1v1_G1_groupwise_dnds.csv,0.10609948216340621,8690
Clade A vs. A reference,VFG016060.nogap.dedup.nt_ali_1v1_G1_groupwise_dnds.csv,0.10576823435175649,8739
Clade A vs. A reference,VFG016107.nogap.dedup.nt_ali_1v1_G1_groupwise_dnds.csv,0.2553968659468001,7594
Clade A vs. A reference,VFG016111.nogap.dedup.nt_ali_1v1_G1_groupwise_dnds.csv,0.2437736137440758,8440
Clade A vs. A reference,VFG016115.nogap.dedup.nt_ali_1v1_G1_groupwise_dnds.csv,0.17955178957112,6482
Clade A vs. A reference,VFG016117.nogap.dedup.nt_ali_1v1_G1_groupwise_dnds.csv,0.18994545038342678,8737
Clade A vs. A reference,VFG016118.nogap.dedup.nt_ali_1v1_G1_groupwise_dnds.csv,0.19051949181641295,8737
Clade A vs. A reference,VFG016122.nogap.dedup.nt_ali_1v1_G1_groupwise_dnds.csv,0.25833147579693033,8470
Clade A vs. A reference,VFG016130.nogap.dedup.nt_ali_1v1_G1_groupwise_dnds.csv,0.1920862056610534,8373
Clade A vs. A reference,VFG016146.nogap.dedup.nt_ali_1v1_G1_groupwise_dnds.csv,0.08301398015719623,7761
Clade A vs. A reference,VFG016153.nogap.dedup.nt_ali_1v1_G1_groupwise_dnds.csv,0.05782755063530004,7949
Clade A vs. A reference,VFG019737.nogap.dedup.nt_ali_1v1_G1_groupwise_dnds.csv,0.012394770408163265,8624
Clade A vs. A reference,VFG019744.nogap.dedup.nt_ali_1v1_G1_groupwise_dnds.csv,0.0013543158861340678,8712
Clade A vs. A reference,VFG019758.nogap.dedup.nt_ali_1v1_G1_groupwise_dnds.csv,0.15250322542947292,8557
Clade A vs. A reference,VFG019759.nogap.dedup.nt_ali_1v1_G1_groupwise_dnds.csv,0.03463286540049546,8477
Clade A vs. A reference,VFG019761.nogap.dedup.nt_ali_1v1_G1_groupwise_dnds.csv,0.0452735030970406,8718
Clade A vs. A reference,VFG019768.nogap.dedup.nt_ali_1v1_G1_groupwise_dnds.csv,0.018275454754777803,8686
Clade A vs. A reference,VFG019771.nogap.dedup.nt_ali_1v1_G1_groupwise_dnds.csv,0.16545575778388277,8736
Clade A vs. A reference,VFG019773.nogap.dedup.nt_ali_1v1_G1_groupwise_dnds.csv,0.010649900480037465,8541
Clade A vs. A reference,VFG019790.nogap.dedup.nt_ali_1v1_G1_groupwise_dnds.csv,0.11132684611719867,8396
Clade A vs. A reference,VFG019797.nogap.dedup.nt_ali_1v1_G1_groupwise_dnds.csv,0.013935689170182843,8532
Clade A vs. A reference,VFG019805.nogap.dedup.nt_ali_1v1_G1_groupwise_dnds.csv,0.010471539172636931,8654
Clade A vs. A reference,VFG019807.nogap.dedup.nt_ali_1v1_G1_groupwise_dnds.csv,0.07513017929590368,7641
Clade A vs. A reference,VFG019823.nogap.dedup.nt_ali_1v1_G1_groupwise_dnds.csv,0.009223963775687913,8613
Clade A vs. A reference,VFG019825.nogap.dedup.nt_ali_1v1_G1_groupwise_dnds.csv,0.04442630396215257,8455
Clade A vs. A reference,VFG019827.nogap.dedup.nt_ali_1v1_G1_groupwise_dnds.csv,0.07547262001156739,8645
Clade A vs. A reference,VFG019831.nogap.dedup.nt_ali_1v1_G1_groupwise_dnds.csv,0.03486720932917677,8661
Clade A vs. A reference,VFG019833.nogap.dedup.nt_ali_1v1_G1_groupwise_dnds.csv,0.0019243574901597594,8638
Clade A vs. A reference,VFG019837.nogap.dedup.nt_ali_1v1_G1_groupwise_dnds.csv,0.02155380381604697,8176
Clade A vs. A reference,VFG019841.nogap.dedup.nt_ali_1v1_G1_groupwise_dnds.csv,0.13944539643515674,8135
Clade A vs. A reference,VFG019859.nogap.dedup.nt_ali_1v1_G1_groupwise_dnds.csv,0.019032309285467727,8691
Clade A vs. A reference,VFG019861.nogap.dedup.nt_ali_1v1_G1_groupwise_dnds.csv,0.030086721039887857,7847
Clade A vs. A reference,VFG019873.nogap.dedup.nt_ali_1v1_G1_groupwise_dnds.csv,0.01738922326632568,8407
Clade A vs. A reference,VFG019885.nogap.dedup.nt_ali_1v1_G1_groupwise_dnds.csv,0.02281164131501472,8152
Clade A vs. A reference,VFG019887.nogap.dedup.nt_ali_1v1_G1_groupwise_dnds.csv,0.025361947004608296,8680
Clade A vs. A reference,VFG019889.nogap.dedup.nt_ali_1v1_G1_groupwise_dnds.csv,0.11825797445015146,7593
Clade A vs. A reference,VFG019891.nogap.dedup.nt_ali_1v1_G1_groupwise_dnds.csv,0.08578600074266618,8079
Clade A vs. A reference,VFG019893.nogap.dedup.nt_ali_1v1_G1_groupwise_dnds.csv,0.07497256527657468,8081
Clade A vs. A reference,VFG019895.nogap.dedup.nt_ali_1v1_G1_groupwise_dnds.csv,0.06225645519624783,8102
Clade A vs. A reference,VFG019897.nogap.dedup.nt_ali_1v1_G1_groupwise_dnds.csv,0.050331937172774864,7067
Clade A vs. A reference,VFG019899.nogap.dedup.nt_ali_1v1_G1_groupwise_dnds.csv,0.0920338786551591,7763
Clade A vs. A reference,VFG019901.nogap.dedup.nt_ali_1v1_G1_groupwise_dnds.csv,0.03159442753453524,8542
Clade A vs. A reference,VFG019905.nogap.dedup.nt_ali_1v1_G1_groupwise_dnds.csv,0.043104467883384685,8438
Clade A vs. A reference,VFG019907.nogap.dedup.nt_ali_1v1_G1_groupwise_dnds.csv,0.2608470821917808,7300
Clade A vs. A reference,VFG019916.nogap.dedup.nt_ali_1v1_G1_groupwise_dnds.csv,0.02295124721864387,8539
Clade A vs. A reference,VFG019921.nogap.dedup.nt_ali_1v1_G1_groupwise_dnds.csv,0.023614969989408027,8497
Clade A vs. A reference,VFG019924.nogap.dedup.nt_ali_1v1_G1_groupwise_dnds.csv,0.12452739330269207,7615
Clade A vs. A reference,VFG019932.nogap.dedup.nt_ali_1v1_G1_groupwise_dnds.csv,0.09738992048643592,8552
Clade A vs. A reference,VFG019941.nogap.dedup.nt_ali_1v1_G1_groupwise_dnds.csv,0.032273298189319274,8726
Clade A vs. A reference,VFG019945.nogap.dedup.nt_ali_1v1_G1_groupwise_dnds.csv,0.06029511424404472,8228
Clade A vs. A reference,VFG019951.nogap.dedup.nt_ali_1v1_G1_groupwise_dnds.csv,0.05402748620406247,8517
Clade A vs. A reference,VFG019957.nogap.dedup.nt_ali_1v1_G1_groupwise_dnds.csv,0.04654249970494512,8473
Clade A vs. A reference,VFG019961.nogap.dedup.nt_ali_1v1_G1_groupwise_dnds.csv,0.10743987190757252,7963
Clade A vs. A reference,VFG019968.nogap.dedup.nt_ali_1v1_G1_groupwise_dnds.csv,0.04878866489159376,7887
Clade A vs. A reference,VFG019969.nogap.dedup.nt_ali_1v1_G1_groupwise_dnds.csv,0.13056415711947628,6721
Clade A vs. A reference,VFG019979.nogap.dedup.nt_ali_1v1_G1_groupwise_dnds.csv,0.2934431349782294,6890
Clade A vs. A reference,VFG019981.nogap.dedup.nt_ali_1v1_G1_groupwise_dnds.csv,0.027976618403733396,8357
Clade A vs. A reference,VFG019983.nogap.dedup.nt_ali_1v1_G1_groupwise_dnds.csv,0.09282880419773544,7242
Clade A vs. A reference,VFG019987.nogap.dedup.nt_ali_1v1_G1_groupwise_dnds.csv,0.1346594041450777,7720
Clade A vs. A reference,VFG019993.nogap.dedup.nt_ali_1v1_G1_groupwise_dnds.csv,0.07122593746394369,8667
Clade A vs. A reference,VFG019995.nogap.dedup.nt_ali_1v1_G1_groupwise_dnds.csv,0.021458416676708038,8299
Clade A vs. A reference,VFG019997.nogap.dedup.nt_ali_1v1_G1_groupwise_dnds.csv,0.013920334094459799,8321
Clade A vs. A reference,VFG020001.nogap.dedup.nt_ali_1v1_G1_groupwise_dnds.csv,0.1581570788141721,6915
Clade A vs. A reference,VFG020003.nogap.dedup.nt_ali_1v1_G1_groupwise_dnds.csv,0.2353983178726036,8085
Clade A vs. A reference,VFG020007.nogap.dedup.nt_ali_1v1_G1_groupwise_dnds.csv,0.015223113480931959,8627
Clade A vs. A reference,VFG020014.nogap.dedup.nt_ali_1v1_G1_groupwise_dnds.csv,0.04744696327683616,8496
Clade A vs. A reference,VFG020016.nogap.dedup.nt_ali_1v1_G1_groupwise_dnds.csv,0.01729532896277219,8542
Clade A vs. A reference,VFG020018.nogap.dedup.nt_ali_1v1_G1_groupwise_dnds.csv,0.23785348410757945,8180
Clade A vs. A reference,VFG020020.nogap.dedup.nt_ali_1v1_G1_groupwise_dnds.csv,0.06416779319041614,7930
Clade A vs. A reference,VFG020026.nogap.dedup.nt_ali_1v1_G1_groupwise_dnds.csv,0.036817900215818204,7877
Clade A vs. A reference,VFG020036.nogap.dedup.nt_ali_1v1_G1_groupwise_dnds.csv,0.024555077954247415,6863
Clade A vs. A reference,VFG020037.nogap.dedup.nt_ali_1v1_G1_groupwise_dnds.csv,0.04911540768077499,8671
Clade A vs. A reference,VFG020038.nogap.dedup.nt_ali_1v1_G1_groupwise_dnds.csv,0.08077620198115487,8278
Clade A vs. A reference,VFG020039.nogap.dedup.nt_ali_1v1_G1_groupwise_dnds.csv,0.09884085525495574,8021
Clade A vs. A reference,VFG020040.nogap.dedup.nt_ali_1v1_G1_groupwise_dnds.csv,0.012034965208747514,8048
Clade A vs. A reference,VFG020041.nogap.dedup.nt_ali_1v1_G1_groupwise_dnds.csv,0.07351840469208211,8525
Clade A vs. A reference,VFG020043.nogap.dedup.nt_ali_1v1_G1_groupwise_dnds.csv,0.06377539932377288,8577
Clade A vs. A reference,VFG020044.nogap.dedup.nt_ali_1v1_G1_groupwise_dnds.csv,0.21586580960742505,7973
Clade A vs. A reference,VFG020045.nogap.dedup.nt_ali_1v1_G1_groupwise_dnds.csv,0.041595189782764386,8378
Clade A vs. A reference,VFG020047.nogap.dedup.nt_ali_1v1_G1_groupwise_dnds.csv,0.18273426088998473,8517
Clade A vs. A reference,VFG020049.nogap.dedup.nt_ali_1v1_G1_groupwise_dnds.csv,0.10876619988207548,6784
Clade A vs. A reference,VFG020051.nogap.dedup.nt_ali_1v1_G1_groupwise_dnds.csv,0.10092371332371333,8316
Clade A vs. A reference,VFG020072.nogap.dedup.nt_ali_1v1_G1_groupwise_dnds.csv,0.03743462475350887,8621
Clade A vs. A reference,VFG020074.nogap.dedup.nt_ali_1v1_G1_groupwise_dnds.csv,0.10640052637601556,8739
Clade A vs. A reference,VFG020086.nogap.dedup.nt_ali_1v1_G1_groupwise_dnds.csv,0.2553968659468001,7594
Clade A vs. A reference,VFG020087.nogap.dedup.nt_ali_1v1_G1_groupwise_dnds.csv,0.24423934620395593,8443
Clade A vs. A reference,VFG020088.nogap.dedup.nt_ali_1v1_G1_groupwise_dnds.csv,0.17956148388091933,6483
Clade A vs. A reference,VFG020089.nogap.dedup.nt_ali_1v1_G1_groupwise_dnds.csv,0.18896214947922627,8737
Clade A vs. A reference,VFG020090.nogap.dedup.nt_ali_1v1_G1_groupwise_dnds.csv,0.2586041204250295,8470
Clade A vs. A reference,VFG020092.nogap.dedup.nt_ali_1v1_G1_groupwise_dnds.csv,0.19200278275409052,8373
Clade A vs. A reference,VFG020095.nogap.dedup.nt_ali_1v1_G1_groupwise_dnds.csv,0.08302088648370055,7761
Clade A vs. A reference,VFG020096.nogap.dedup.nt_ali_1v1_G1_groupwise_dnds.csv,0.05768914328846396,7949
Clade A vs. A reference,VFG040875.nogap.dedup.nt_ali_1v1_G1_groupwise_dnds.csv,0.35030756262801327,6347
Clade A vs. A reference,VFG040877.nogap.dedup.nt_ali_1v1_G1_groupwise_dnds.csv,0.15800614607710312,8119
Clade A vs. A reference,VFG040878.nogap.dedup.nt_ali_1v1_G1_groupwise_dnds.csv,0.02752138043225657,8606
Clade A vs. A reference,VFG040879.nogap.dedup.nt_ali_1v1_G1_groupwise_dnds.csv,0.06888691769249336,8286
Clade A vs. A reference,VFG041011.nogap.dedup.nt_ali_1v1_G1_groupwise_dnds.csv,0.0032880486322188407,8225
Clade A vs. A reference,VFG041012.nogap.dedup.nt_ali_1v1_G1_groupwise_dnds.csv,0.1491638228377319,7654
Clade A vs. A reference,VFG041014.nogap.dedup.nt_ali_1v1_G1_groupwise_dnds.csv,0.0738064380769692,8341
Clade A vs. A reference,VFG041016.nogap.dedup.nt_ali_1v1_G1_groupwise_dnds.csv,0.010745971948533673,8627
Clade A vs. A reference,VFG041018.nogap.dedup.nt_ali_1v1_G1_groupwise_dnds.csv,0.09739530776992936,7928
Clade A vs. A reference,VFG041019.nogap.dedup.nt_ali_1v1_G1_groupwise_dnds.csv,0.02602861367837338,8115
Clade A vs. A reference,VFG041020.nogap.dedup.nt_ali_1v1_G1_groupwise_dnds.csv,0.1722927836243784,8647
Clade A vs. A reference,VFG041021.nogap.dedup.nt_ali_1v1_G1_groupwise_dnds.csv,0.07754586348287505,8292
Clade A vs. A reference,VFG041023.nogap.dedup.nt_ali_1v1_G1_groupwise_dnds.csv,0.2577965549132948,8650
Clade A vs. A reference,VFG041025.nogap.dedup.nt_ali_1v1_G1_groupwise_dnds.csv,0.019203996271699872,8583
Clade A vs. A reference,VFG041027.nogap.dedup.nt_ali_1v1_G1_groupwise_dnds.csv,0.09594331344331344,8547
Clade A vs. A reference,VFG041031.nogap.dedup.nt_ali_1v1_G1_groupwise_dnds.csv,0.02731038219529247,8582
Clade A vs. A reference,VFG041032.nogap.dedup.nt_ali_1v1_G1_groupwise_dnds.csv,0.18416662630543362,6607
Clade A vs. A reference,VFG041033.nogap.dedup.nt_ali_1v1_G1_groupwise_dnds.csv,0.1988722247918594,8648
Clade A vs. A reference,VFG041035.nogap.dedup.nt_ali_1v1_G1_groupwise_dnds.csv,0.0997787546641791,8576
Clade A vs. A reference,VFG041038.nogap.dedup.nt_ali_1v1_G1_groupwise_dnds.csv,0.015453744798890428,8652
Clade A vs. A reference,VFG041041.nogap.dedup.nt_ali_1v1_G1_groupwise_dnds.csv,0.14840532256148273,8417
Clade A vs. A reference,VFG041042.nogap.dedup.nt_ali_1v1_G1_groupwise_dnds.csv,0.16068591265131732,8426
Clade A vs. A reference,VFG041043.nogap.dedup.nt_ali_1v1_G1_groupwise_dnds.csv,0.08428783892927195,8667
Clade A vs. A reference,VFG041047.nogap.dedup.nt_ali_1v1_G1_groupwise_dnds.csv,0.015890744466800805,8449
Clade A vs. A reference,VFG042297.nogap.dedup.nt_ali_1v1_G1_groupwise_dnds.csv,0.139302339950046,7607
Clade A vs. A reference,VFG042695.nogap.dedup.nt_ali_1v1_G1_groupwise_dnds.csv,0.16712704811443435,8459
Clade A vs. A reference,VFG042696.nogap.dedup.nt_ali_1v1_G1_groupwise_dnds.csv,0.10544358504398826,8184
Clade A vs. A reference,VFG042698.nogap.dedup.nt_ali_1v1_G1_groupwise_dnds.csv,0.1913130266343826,6195
Clade A vs. A reference,VFG042699.nogap.dedup.nt_ali_1v1_G1_groupwise_dnds.csv,0.2115705724299065,8560
Clade A vs. A reference,VFG042701.nogap.dedup.nt_ali_1v1_G1_groupwise_dnds.csv,0.3664485921382771,7174
Clade A vs. A reference,VFG042706.nogap.dedup.nt_ali_1v1_G1_groupwise_dnds.csv,0.05642624860577519,8069
Clade A vs. A reference,VFG042735.nogap.dedup.nt_ali_1v1_G1_groupwise_dnds.csv,0.012806340772228126,8469
Clade A vs. A reference,VFG042736.nogap.dedup.nt_ali_1v1_G1_groupwise_dnds.csv,0.017897744180465563,8334
Clade A vs. A reference,VFG042738.nogap.dedup.nt_ali_1v1_G1_groupwise_dnds.csv,0.05706220233799971,6929
Clade A vs. A reference,VFG042740.nogap.dedup.nt_ali_1v1_G1_groupwise_dnds.csv,0.11701998161553488,8703
Clade A vs. A reference,VFG042744.nogap.dedup.nt_ali_1v1_G1_groupwise_dnds.csv,0.18087191413237924,7826
Clade A vs. A reference,VFG042749.nogap.dedup.nt_ali_1v1_G1_groupwise_dnds.csv,0.06483127674750358,8412
Clade A vs. A reference,VFG042750.nogap.dedup.nt_ali_1v1_G1_groupwise_dnds.csv,0.01146880193905817,8664
Clade A vs. A reference,VFG042751.nogap.dedup.nt_ali_1v1_G1_groupwise_dnds.csv,0.06007396747396747,8547
Clade A vs. A reference,VFG043014.nogap.dedup.nt_ali_1v1_G1_groupwise_dnds.csv,0.08136388272398085,8561
Clade A vs. A reference,VFG043015.nogap.dedup.nt_ali_1v1_G1_groupwise_dnds.csv,0.041579028041825096,8416
Clade A vs. A reference,VFG043480.nogap.dedup.nt_ali_1v1_G1_groupwise_dnds.csv,0.03255550159895772,8443
Clade A vs. A reference,VFG043648.nogap.dedup.nt_ali_1v1_G1_groupwise_dnds.csv,0.015823304562268804,8110
Clade A vs. A reference,VFG043810.nogap.dedup.nt_ali_1v1_G1_groupwise_dnds.csv,0.3375327487431311,8553
Clade A vs. A reference,VFG044081.nogap.dedup.nt_ali_1v1_G1_groupwise_dnds.csv,0.15318444102420595,7147
Clade A vs. A reference,VFG044089.nogap.dedup.nt_ali_1v1_G1_groupwise_dnds.csv,0.08954922309833024,8624
Clade A vs. A reference,VFG044090.nogap.dedup.nt_ali_1v1_G1_groupwise_dnds.csv,0.06585900889767672,8092
Clade A vs. A reference,VFG044091.nogap.dedup.nt_ali_1v1_G1_groupwise_dnds.csv,0.1533947012802276,8436
Clade A vs. A reference,VFG044093.nogap.dedup.nt_ali_1v1_G1_groupwise_dnds.csv,0.14710552610654654,7546
Clade A vs. A reference,VFG044096.nogap.dedup.nt_ali_1v1_G1_groupwise_dnds.csv,0.10959751896130607,7779
Clade A vs. A reference,VFG044097.nogap.dedup.nt_ali_1v1_G1_groupwise_dnds.csv,0.3384336024844721,6440
Clade A vs. A reference,VFG044101.nogap.dedup.nt_ali_1v1_G1_groupwise_dnds.csv,0.01938459338473017,8042
Clade A vs. A reference,VFG044103.nogap.dedup.nt_ali_1v1_G1_groupwise_dnds.csv,0.10316212686567165,8576
Clade A vs. A reference,VFG044104.nogap.dedup.nt_ali_1v1_G1_groupwise_dnds.csv,0.08620241879751209,7235
Clade A vs. A reference,VFG044448.nogap.dedup.nt_ali_1v1_G1_groupwise_dnds.csv,0.16129218027160125,6701
Clade A vs. A reference,VFG050297.nogap.dedup.nt_ali_1v1_G1_groupwise_dnds.csv,0.021862880687925475,8373
Clade A vs. A reference,VFG050300.nogap.dedup.nt_ali_1v1_G1_groupwise_dnds.csv,0.058486625416468346,8404
Clade A vs. A reference,VFG051484.nogap.dedup.nt_ali_1v1_G1_groupwise_dnds.csv,0.2062610600137963,8698
Clade A vs. A reference,VFG051485.nogap.dedup.nt_ali_1v1_G1_groupwise_dnds.csv,0.07442569341258047,8076
Clade A vs. A reference,VFG051487.nogap.dedup.nt_ali_1v1_G1_groupwise_dnds.csv,0.18481636900937945,7783
Clade A vs. A reference,VFG051488.nogap.dedup.nt_ali_1v1_G1_groupwise_dnds.csv,0.27297649086521886,8703
Clade A vs. A reference,VFG051489.nogap.dedup.nt_ali_1v1_G1_groupwise_dnds.csv,0.12877028720626632,7660
Clade A vs. A reference,VFG051491.nogap.dedup.nt_ali_1v1_G1_groupwise_dnds.csv,0.12313188425485669,7361
Clade A vs. A reference,VFG051504.nogap.dedup.nt_ali_1v1_G1_groupwise_dnds.csv,0.0738064380769692,8341
Clade A vs. A reference,VFG051507.nogap.dedup.nt_ali_1v1_G1_groupwise_dnds.csv,0.0738064380769692,8341
Clade A vs. A reference,VFG051519.nogap.dedup.nt_ali_1v1_G1_groupwise_dnds.csv,0.010745971948533673,8627
Clade A vs. A reference,VFG051522.nogap.dedup.nt_ali_1v1_G1_groupwise_dnds.csv,0.010745971948533673,8627
Clade A vs. A reference,VFG051535.nogap.dedup.nt_ali_1v1_G1_groupwise_dnds.csv,0.1319343675131768,8348
Clade A vs. A reference,VFG051538.nogap.dedup.nt_ali_1v1_G1_groupwise_dnds.csv,0.1319343675131768,8348
Clade A vs. A reference,VFG051543.nogap.dedup.nt_ali_1v1_G1_groupwise_dnds.csv,0.02446132052529183,8224
Clade A vs. A reference,VFG051546.nogap.dedup.nt_ali_1v1_G1_groupwise_dnds.csv,0.026522607927291084,7922
Clade A vs. A reference,VFG051551.nogap.dedup.nt_ali_1v1_G1_groupwise_dnds.csv,0.17229263328321962,8647
Clade A vs. A reference,VFG051554.nogap.dedup.nt_ali_1v1_G1_groupwise_dnds.csv,0.1722927836243784,8647
Clade A vs. A reference,VFG051567.nogap.dedup.nt_ali_1v1_G1_groupwise_dnds.csv,0.019203996271699872,8583
Clade A vs. A reference,VFG051568.nogap.dedup.nt_ali_1v1_G1_groupwise_dnds.csv,0.019203996271699872,8583
Clade A vs. A reference,VFG051570.nogap.dedup.nt_ali_1v1_G1_groupwise_dnds.csv,0.019203996271699872,8583
Clade A vs. A reference,VFG051583.nogap.dedup.nt_ali_1v1_G1_groupwise_dnds.csv,0.09594331344331344,8547
Clade A vs. A reference,VFG051584.nogap.dedup.nt_ali_1v1_G1_groupwise_dnds.csv,0.09592544752544752,8547
Clade A vs. A reference,VFG051586.nogap.dedup.nt_ali_1v1_G1_groupwise_dnds.csv,0.09592544752544752,8547
Clade A vs. A reference,VFG051593.nogap.dedup.nt_ali_1v1_G1_groupwise_dnds.csv,0.21296659536990434,7948
Clade A vs. A reference,VFG051596.nogap.dedup.nt_ali_1v1_G1_groupwise_dnds.csv,0.21332872136183284,7813
Clade A vs. A reference,VFG051601.nogap.dedup.nt_ali_1v1_G1_groupwise_dnds.csv,0.18416662630543362,6607
Clade A vs. A reference,VFG051602.nogap.dedup.nt_ali_1v1_G1_groupwise_dnds.csv,0.18416689874375664,6607
Clade A vs. A reference,VFG051604.nogap.dedup.nt_ali_1v1_G1_groupwise_dnds.csv,0.18416689874375664,6607
Clade A vs. A reference,VFG051606.nogap.dedup.nt_ali_1v1_G1_groupwise_dnds.csv,0.1988722247918594,8648
Clade A vs. A reference,VFG051607.nogap.dedup.nt_ali_1v1_G1_groupwise_dnds.csv,0.1988722247918594,8648
Clade A vs. A reference,VFG051609.nogap.dedup.nt_ali_1v1_G1_groupwise_dnds.csv,0.198878341813136,8648
Clade A vs. A reference,VFG051616.nogap.dedup.nt_ali_1v1_G1_groupwise_dnds.csv,0.09967075218658891,8575
Clade A vs. A reference,VFG051617.nogap.dedup.nt_ali_1v1_G1_groupwise_dnds.csv,0.0997787546641791,8576
Clade A vs. A reference,VFG051619.nogap.dedup.nt_ali_1v1_G1_groupwise_dnds.csv,0.09974514285714285,8575
Clade A vs. A reference,VFG051626.nogap.dedup.nt_ali_1v1_G1_groupwise_dnds.csv,0.015453744798890428,8652
Clade A vs. A reference,VFG051627.nogap.dedup.nt_ali_1v1_G1_groupwise_dnds.csv,0.015453744798890428,8652
Clade A vs. A reference,VFG051629.nogap.dedup.nt_ali_1v1_G1_groupwise_dnds.csv,0.015453744798890428,8652
Clade A vs. A reference,VFG051641.nogap.dedup.nt_ali_1v1_G1_groupwise_dnds.csv,0.14840092669597243,8417
Clade A vs. A reference,VFG051642.nogap.dedup.nt_ali_1v1_G1_groupwise_dnds.csv,0.14840092669597243,8417
Clade A vs. A reference,VFG051644.nogap.dedup.nt_ali_1v1_G1_groupwise_dnds.csv,0.14840092669597243,8417
Clade A vs. A reference,VFG051646.nogap.dedup.nt_ali_1v1_G1_groupwise_dnds.csv,0.16109342371268878,8409
Clade A vs. A reference,VFG051647.nogap.dedup.nt_ali_1v1_G1_groupwise_dnds.csv,0.162712581188357,8314
Clade A vs. A reference,VFG051649.nogap.dedup.nt_ali_1v1_G1_groupwise_dnds.csv,0.16212611503049149,8363
Clade A vs. A reference,VFG051651.nogap.dedup.nt_ali_1v1_G1_groupwise_dnds.csv,0.08444202146071306,8667
Clade A vs. A reference,VFG051652.nogap.dedup.nt_ali_1v1_G1_groupwise_dnds.csv,1.3153883076923076,5525
Clade A vs. A reference,VFG051654.nogap.dedup.nt_ali_1v1_G1_groupwise_dnds.csv,0.08444202146071306,8667
Clade A vs. A reference,VFG051661.nogap.dedup.nt_ali_1v1_G1_groupwise_dnds.csv,0.22392889892323722,8637
Clade A vs. A reference,VFG051663.nogap.dedup.nt_ali_1v1_G1_groupwise_dnds.csv,0.2115890725008728,8593
Clade A vs. A reference,VFG051818.nogap.dedup.nt_ali_1v1_G1_groupwise_dnds.csv,0.015890744466800805,8449
Clade A vs. A reference,VFG051819.nogap.dedup.nt_ali_1v1_G1_groupwise_dnds.csv,0.015894247839981064,8449
Clade A vs. A reference,VFG051821.nogap.dedup.nt_ali_1v1_G1_groupwise_dnds.csv,0.015890744466800805,8449
Clade A vs. A reference,VFG051830.nogap.dedup.nt_ali_1v1_G1_groupwise_dnds.csv,0.20635189698781325,8698
Clade A vs. A reference,VFG051833.nogap.dedup.nt_ali_1v1_G1_groupwise_dnds.csv,0.2062733961830306,8698
Clade A vs. A reference,VFG051834.nogap.dedup.nt_ali_1v1_G1_groupwise_dnds.csv,0.07442569341258047,8076
Clade A vs. B reference,VFG000115.nogap.dedup.nt_ali_1v0_G1_groupwise_dnds.csv,0.1337224427837459,8564
Clade A vs. B reference,VFG000116.nogap.dedup.nt_ali_1v0_G1_groupwise_dnds.csv,0.325076299765808,4270
Clade A vs. B reference,VFG000120.nogap.dedup.nt_ali_1v0_G1_groupwise_dnds.csv,0.02922013600737667,8676
Clade A vs. B reference,VFG000122.nogap.dedup.nt_ali_1v0_G1_groupwise_dnds.csv,-0.01276802446342027,8666
Clade A vs. B reference,VFG000123.nogap.dedup.nt_ali_1v0_G1_groupwise_dnds.csv,0.022682672901796697,8126
Clade A vs. B reference,VFG000124.nogap.dedup.nt_ali_1v0_G1_groupwise_dnds.csv,0.019754473684210527,8740
Clade A vs. B reference,VFG000125.nogap.dedup.nt_ali_1v0_G1_groupwise_dnds.csv,0.27048221673718853,8508
Clade A vs. B reference,VFG000126.nogap.dedup.nt_ali_1v0_G1_groupwise_dnds.csv,0.16214152173913043,8740
Clade A vs. B reference,VFG000127.nogap.dedup.nt_ali_1v0_G1_groupwise_dnds.csv,0.05277303203661327,8740
Clade A vs. B reference,VFG000128.nogap.dedup.nt_ali_1v0_G1_groupwise_dnds.csv,0.03052296771238837,8734
Clade A vs. B reference,VFG000129.nogap.dedup.nt_ali_1v0_G1_groupwise_dnds.csv,0.03467652243589744,8736
Clade A vs. B reference,VFG000130.nogap.dedup.nt_ali_1v0_G1_groupwise_dnds.csv,0.09159455252918289,8738
Clade A vs. B reference,VFG000131.nogap.dedup.nt_ali_1v0_G1_groupwise_dnds.csv,0.026988395005155232,8729
Clade A vs. B reference,VFG000133.nogap.dedup.nt_ali_1v0_G1_groupwise_dnds.csv,0.015830861581920902,8496
Clade A vs. B reference,VFG000139.nogap.dedup.nt_ali_1v0_G1_groupwise_dnds.csv,0.21607200860446357,7438
Clade A vs. B reference,VFG000141.nogap.dedup.nt_ali_1v0_G1_groupwise_dnds.csv,0.28317154994259464,8710
Clade A vs. B reference,VFG000142.nogap.dedup.nt_ali_1v0_G1_groupwise_dnds.csv,0.12269248910535761,7802
Clade A vs. B reference,VFG000143.nogap.dedup.nt_ali_1v0_G1_groupwise_dnds.csv,0.047568899576319705,8733
Clade A vs. B reference,VFG000144.nogap.dedup.nt_ali_1v0_G1_groupwise_dnds.csv,0.09988235979946367,8577
Clade A vs. B reference,VFG000145.nogap.dedup.nt_ali_1v0_G1_groupwise_dnds.csv,0.1092708998965636,8701
Clade A vs. B reference,VFG000146.nogap.dedup.nt_ali_1v0_G1_groupwise_dnds.csv,0.08951127260242618,8738
Clade A vs. B reference,VFG000148.nogap.dedup.nt_ali_1v0_G1_groupwise_dnds.csv,0.1416649043062201,8360
Clade A vs. B reference,VFG000155.nogap.dedup.nt_ali_1v0_G1_groupwise_dnds.csv,0.029385456229735988,8636
Clade A vs. B reference,VFG000157.nogap.dedup.nt_ali_1v0_G1_groupwise_dnds.csv,0.16053976838448175,8635
Clade A vs. B reference,VFG000164.nogap.dedup.nt_ali_1v0_G1_groupwise_dnds.csv,0.07133954607977991,8724
Clade A vs. B reference,VFG000165.nogap.dedup.nt_ali_1v0_G1_groupwise_dnds.csv,0.1657576218814374,8738
Clade A vs. B reference,VFG000166.nogap.dedup.nt_ali_1v0_G1_groupwise_dnds.csv,0.18938780320366133,8740
Clade A vs. B reference,VFG000168.nogap.dedup.nt_ali_1v0_G1_groupwise_dnds.csv,0.12232602187679907,8685
Clade A vs. B reference,VFG000171.nogap.dedup.nt_ali_1v0_G1_groupwise_dnds.csv,0.1810843195604899,8737
Clade A vs. B reference,VFG000172.nogap.dedup.nt_ali_1v0_G1_groupwise_dnds.csv,0.06967982588508416,8615
Clade A vs. B reference,VFG000173.nogap.dedup.nt_ali_1v0_G1_groupwise_dnds.csv,0.04956285320468642,8706
Clade A vs. B reference,VFG000175.nogap.dedup.nt_ali_1v0_G1_groupwise_dnds.csv,0.03843280174391923,8716
Clade A vs. B reference,VFG000176.nogap.dedup.nt_ali_1v0_G1_groupwise_dnds.csv,0.09077056394525719,8476
Clade A vs. B reference,VFG000181.nogap.dedup.nt_ali_1v0_G1_groupwise_dnds.csv,0.01846637624670412,8723
Clade A vs. B reference,VFG000182.nogap.dedup.nt_ali_1v0_G1_groupwise_dnds.csv,0.019502872182171872,8739
Clade A vs. B reference,VFG000185.nogap.dedup.nt_ali_1v0_G1_groupwise_dnds.csv,0.08053531307550645,8688
Clade A vs. B reference,VFG000192.nogap.dedup.nt_ali_1v0_G1_groupwise_dnds.csv,0.055237313953488375,8600
Clade A vs. B reference,VFG000198.nogap.dedup.nt_ali_1v0_G1_groupwise_dnds.csv,0.0176706876724931,8696
Clade A vs. B reference,VFG000203.nogap.dedup.nt_ali_1v0_G1_groupwise_dnds.csv,0.4138910366904704,8122
Clade A vs. B reference,VFG000211.nogap.dedup.nt_ali_1v0_G1_groupwise_dnds.csv,0.07534912462566229,8682
Clade A vs. B reference,VFG000212.nogap.dedup.nt_ali_1v0_G1_groupwise_dnds.csv,0.16534708054465727,8666
Clade A vs. B reference,VFG001213.nogap.dedup.nt_ali_1v0_G1_groupwise_dnds.csv,0.04683523255813953,8600
Clade A vs. B reference,VFG001214.nogap.dedup.nt_ali_1v0_G1_groupwise_dnds.csv,0.016353233375300445,8737
Clade A vs. B reference,VFG001222.nogap.dedup.nt_ali_1v0_G1_groupwise_dnds.csv,0.013769494459833796,8664
Clade A vs. B reference,VFG001223.nogap.dedup.nt_ali_1v0_G1_groupwise_dnds.csv,0.001689686355311355,8736
Clade A vs. B reference,VFG001224.nogap.dedup.nt_ali_1v0_G1_groupwise_dnds.csv,0.23339437923250567,4430
Clade A vs. B reference,VFG001228.nogap.dedup.nt_ali_1v0_G1_groupwise_dnds.csv,0.05340590591736294,8737
Clade A vs. B reference,VFG001230.nogap.dedup.nt_ali_1v0_G1_groupwise_dnds.csv,0.10325937356057116,8684
Clade A vs. B reference,VFG001231.nogap.dedup.nt_ali_1v0_G1_groupwise_dnds.csv,0.12214841478768457,8737
Clade A vs. B reference,VFG001232.nogap.dedup.nt_ali_1v0_G1_groupwise_dnds.csv,0.05784131832797428,8708
Clade A vs. B reference,VFG001238.nogap.dedup.nt_ali_1v0_G1_groupwise_dnds.csv,0.12391239967430498,8597
Clade A vs. B reference,VFG001242.nogap.dedup.nt_ali_1v0_G1_groupwise_dnds.csv,0.004876466544454629,8728
Clade A vs. B reference,VFG001243.nogap.dedup.nt_ali_1v0_G1_groupwise_dnds.csv,0.04798416113527123,8738
Clade A vs. B reference,VFG001248.nogap.dedup.nt_ali_1v0_G1_groupwise_dnds.csv,0.006774959926723151,8734
Clade A vs. B reference,VFG001249.nogap.dedup.nt_ali_1v0_G1_groupwise_dnds.csv,0.03442649788062779,8729
Clade A vs. B reference,VFG001251.nogap.dedup.nt_ali_1v0_G1_groupwise_dnds.csv,0.018027838490739672,8693
Clade A vs. B reference,VFG001252.nogap.dedup.nt_ali_1v0_G1_groupwise_dnds.csv,0.003958292150327549,8701
Clade A vs. B reference,VFG001254.nogap.dedup.nt_ali_1v0_G1_groupwise_dnds.csv,0.011988179425563565,8739
Clade A vs. B reference,VFG001262.nogap.dedup.nt_ali_1v0_G1_groupwise_dnds.csv,0.015581163911845733,8712
Clade A vs. B reference,VFG001263.nogap.dedup.nt_ali_1v0_G1_groupwise_dnds.csv,0.012834283751288218,8733
Clade A vs. B reference,VFG001264.nogap.dedup.nt_ali_1v0_G1_groupwise_dnds.csv,0.1297068534037424,8711
Clade A vs. B reference,VFG001266.nogap.dedup.nt_ali_1v0_G1_groupwise_dnds.csv,0.20121980301274625,8630
Clade A vs. B reference,VFG001267.nogap.dedup.nt_ali_1v0_G1_groupwise_dnds.csv,0.15819396792189677,8604
Clade A vs. B reference,VFG001268.nogap.dedup.nt_ali_1v0_G1_groupwise_dnds.csv,0.2074312904717854,8648
Clade A vs. B reference,VFG002057.nogap.dedup.nt_ali_1v0_G1_groupwise_dnds.csv,0.10504221711659965,8705
Clade A vs. B reference,VFG002058.nogap.dedup.nt_ali_1v0_G1_groupwise_dnds.csv,0.05660649214659687,8595
Clade A vs. B reference,VFG002060.nogap.dedup.nt_ali_1v0_G1_groupwise_dnds.csv,0.08020163030998852,8710
Clade A vs. B reference,VFG002063.nogap.dedup.nt_ali_1v0_G1_groupwise_dnds.csv,0.05178129017447199,8712
Clade A vs. B reference,VFG002064.nogap.dedup.nt_ali_1v0_G1_groupwise_dnds.csv,0.12037506103941402,8601
Clade A vs. B reference,VFG002065.nogap.dedup.nt_ali_1v0_G1_groupwise_dnds.csv,0.014463140951942975,8698
Clade A vs. B reference,VFG002067.nogap.dedup.nt_ali_1v0_G1_groupwise_dnds.csv,0.4044950552716034,8413
Clade A vs. B reference,VFG002068.nogap.dedup.nt_ali_1v0_G1_groupwise_dnds.csv,0.37239569036186915,8539
Clade A vs. B reference,VFG002070.nogap.dedup.nt_ali_1v0_G1_groupwise_dnds.csv,0.0041103764921946746,8712
Clade A vs. B reference,VFG002074.nogap.dedup.nt_ali_1v0_G1_groupwise_dnds.csv,0.010079995417048578,8728
Clade A vs. B reference,VFG002075.nogap.dedup.nt_ali_1v0_G1_groupwise_dnds.csv,0.019881138993926892,8727
Clade A vs. B reference,VFG002076.nogap.dedup.nt_ali_1v0_G1_groupwise_dnds.csv,0.14170414757103578,8728
Clade A vs. B reference,VFG002077.nogap.dedup.nt_ali_1v0_G1_groupwise_dnds.csv,0.028591103694326162,8689
Clade A vs. B reference,VFG013836.nogap.dedup.nt_ali_1v0_G1_groupwise_dnds.csv,0.013769494459833796,8664
Clade A vs. B reference,VFG013897.nogap.dedup.nt_ali_1v0_G1_groupwise_dnds.csv,0.0017452113685216145,8374
Clade A vs. B reference,VFG013898.nogap.dedup.nt_ali_1v0_G1_groupwise_dnds.csv,0.001689686355311355,8736
Clade A vs. B reference,VFG013910.nogap.dedup.nt_ali_1v0_G1_groupwise_dnds.csv,0.23335916478555307,4430
Clade A vs. B reference,VFG013911.nogap.dedup.nt_ali_1v0_G1_groupwise_dnds.csv,0.23339437923250567,4430
Clade A vs. B reference,VFG013973.nogap.dedup.nt_ali_1v0_G1_groupwise_dnds.csv,0.1036813334868724,8684
Clade A vs. B reference,VFG013986.nogap.dedup.nt_ali_1v0_G1_groupwise_dnds.csv,0.016353233375300445,8737
Clade A vs. B reference,VFG013996.nogap.dedup.nt_ali_1v0_G1_groupwise_dnds.csv,0.04683523255813953,8600
Clade A vs. B reference,VFG014043.nogap.dedup.nt_ali_1v0_G1_groupwise_dnds.csv,0.05303256266453015,8737
Clade A vs. B reference,VFG014044.nogap.dedup.nt_ali_1v0_G1_groupwise_dnds.csv,0.05340590591736294,8737
Clade A vs. B reference,VFG014062.nogap.dedup.nt_ali_1v0_G1_groupwise_dnds.csv,0.12106915417191257,8737
Clade A vs. B reference,VFG014075.nogap.dedup.nt_ali_1v0_G1_groupwise_dnds.csv,0.057644819249366805,8686
Clade A vs. B reference,VFG014117.nogap.dedup.nt_ali_1v0_G1_groupwise_dnds.csv,0.07487803778184034,8205
Clade A vs. B reference,VFG014147.nogap.dedup.nt_ali_1v0_G1_groupwise_dnds.csv,2.8046498715282024,8173
Clade A vs. B reference,VFG014189.nogap.dedup.nt_ali_1v0_G1_groupwise_dnds.csv,0.12391239967430498,8597
Clade A vs. B reference,VFG014240.nogap.dedup.nt_ali_1v0_G1_groupwise_dnds.csv,0.004836344659631218,8623
Clade A vs. B reference,VFG014241.nogap.dedup.nt_ali_1v0_G1_groupwise_dnds.csv,0.004876466544454629,8728
Clade A vs. B reference,VFG014254.nogap.dedup.nt_ali_1v0_G1_groupwise_dnds.csv,0.04798416113527123,8738
Clade A vs. B reference,VFG014358.nogap.dedup.nt_ali_1v0_G1_groupwise_dnds.csv,0.006701019006182734,8734
Clade A vs. B reference,VFG014369.nogap.dedup.nt_ali_1v0_G1_groupwise_dnds.csv,0.07703783907519744,8737
Clade A vs. B reference,VFG014371.nogap.dedup.nt_ali_1v0_G1_groupwise_dnds.csv,0.07703783907519744,8737
Clade A vs. B reference,VFG014384.nogap.dedup.nt_ali_1v0_G1_groupwise_dnds.csv,0.03442649788062779,8729
Clade A vs. B reference,VFG014409.nogap.dedup.nt_ali_1v0_G1_groupwise_dnds.csv,0.017844960883571098,8692
Clade A vs. B reference,VFG014410.nogap.dedup.nt_ali_1v0_G1_groupwise_dnds.csv,0.018027838490739672,8693
Clade A vs. B reference,VFG014423.nogap.dedup.nt_ali_1v0_G1_groupwise_dnds.csv,0.0039614791810443995,8694
Clade A vs. B reference,VFG014449.nogap.dedup.nt_ali_1v0_G1_groupwise_dnds.csv,0.011988179425563565,8739
Clade A vs. B reference,VFG014473.nogap.dedup.nt_ali_1v0_G1_groupwise_dnds.csv,0.14065716412782042,8731
Clade A vs. B reference,VFG014475.nogap.dedup.nt_ali_1v0_G1_groupwise_dnds.csv,0.14066139747995418,8730
Clade A vs. B reference,VFG014501.nogap.dedup.nt_ali_1v0_G1_groupwise_dnds.csv,0.003945472178445872,8249
Clade A vs. B reference,VFG014579.nogap.dedup.nt_ali_1v0_G1_groupwise_dnds.csv,0.015581163911845733,8712
Clade A vs. B reference,VFG014591.nogap.dedup.nt_ali_1v0_G1_groupwise_dnds.csv,0.012834283751288218,8733
Clade A vs. B reference,VFG014592.nogap.dedup.nt_ali_1v0_G1_groupwise_dnds.csv,0.012834283751288218,8733
Clade A vs. B reference,VFG014605.nogap.dedup.nt_ali_1v0_G1_groupwise_dnds.csv,0.1297068534037424,8711
Clade A vs. B reference,VFG014681.nogap.dedup.nt_ali_1v0_G1_groupwise_dnds.csv,0.01903441095260009,8692
Clade A vs. B reference,VFG014683.nogap.dedup.nt_ali_1v0_G1_groupwise_dnds.csv,0.019069513600737668,8676
Clade A vs. B reference,VFG014747.nogap.dedup.nt_ali_1v0_G1_groupwise_dnds.csv,-0.012769497980380849,8665
Clade A vs. B reference,VFG014748.nogap.dedup.nt_ali_1v0_G1_groupwise_dnds.csv,-0.01276802446342027,8666
Clade A vs. B reference,VFG014759.nogap.dedup.nt_ali_1v0_G1_groupwise_dnds.csv,0.022682672901796697,8126
Clade A vs. B reference,VFG014760.nogap.dedup.nt_ali_1v0_G1_groupwise_dnds.csv,0.022682672901796697,8126
Clade A vs. B reference,VFG014771.nogap.dedup.nt_ali_1v0_G1_groupwise_dnds.csv,0.019754473684210527,8740
Clade A vs. B reference,VFG014772.nogap.dedup.nt_ali_1v0_G1_groupwise_dnds.csv,0.019754473684210527,8740
Clade A vs. B reference,VFG014783.nogap.dedup.nt_ali_1v0_G1_groupwise_dnds.csv,0.27063510813352143,8508
Clade A vs. B reference,VFG014784.nogap.dedup.nt_ali_1v0_G1_groupwise_dnds.csv,0.27048221673718853,8508
Clade A vs. B reference,VFG014796.nogap.dedup.nt_ali_1v0_G1_groupwise_dnds.csv,0.16214152173913043,8740
Clade A vs. B reference,VFG014797.nogap.dedup.nt_ali_1v0_G1_groupwise_dnds.csv,0.16214152173913043,8740
Clade A vs. B reference,VFG014808.nogap.dedup.nt_ali_1v0_G1_groupwise_dnds.csv,0.04935713958810069,8740
Clade A vs. B reference,VFG014809.nogap.dedup.nt_ali_1v0_G1_groupwise_dnds.csv,0.05277303203661327,8740
Clade A vs. B reference,VFG014820.nogap.dedup.nt_ali_1v0_G1_groupwise_dnds.csv,0.03054137852072361,8734
Clade A vs. B reference,VFG014821.nogap.dedup.nt_ali_1v0_G1_groupwise_dnds.csv,0.03052296771238837,8734
Clade A vs. B reference,VFG014832.nogap.dedup.nt_ali_1v0_G1_groupwise_dnds.csv,0.034654175811482044,8657
Clade A vs. B reference,VFG014833.nogap.dedup.nt_ali_1v0_G1_groupwise_dnds.csv,0.03467652243589744,8736
Clade A vs. B reference,VFG014844.nogap.dedup.nt_ali_1v0_G1_groupwise_dnds.csv,0.09161833371480889,8738
Clade A vs. B reference,VFG014845.nogap.dedup.nt_ali_1v0_G1_groupwise_dnds.csv,0.09159455252918289,8738
Clade A vs. B reference,VFG014857.nogap.dedup.nt_ali_1v0_G1_groupwise_dnds.csv,0.027167587076076995,8728
Clade A vs. B reference,VFG014858.nogap.dedup.nt_ali_1v0_G1_groupwise_dnds.csv,0.026988395005155232,8729
Clade A vs. B reference,VFG014881.nogap.dedup.nt_ali_1v0_G1_groupwise_dnds.csv,0.014896763182674197,8496
Clade A vs. B reference,VFG014882.nogap.dedup.nt_ali_1v0_G1_groupwise_dnds.csv,0.015830861581920902,8496
Clade A vs. B reference,VFG014893.nogap.dedup.nt_ali_1v0_G1_groupwise_dnds.csv,0.14939574029543112,8733
Clade A vs. B reference,VFG014895.nogap.dedup.nt_ali_1v0_G1_groupwise_dnds.csv,0.14939574029543112,8733
Clade A vs. B reference,VFG014950.nogap.dedup.nt_ali_1v0_G1_groupwise_dnds.csv,0.051031456688408285,8739
Clade A vs. B reference,VFG014951.nogap.dedup.nt_ali_1v0_G1_groupwise_dnds.csv,0.05099502174410621,8738
Clade A vs. B reference,VFG014952.nogap.dedup.nt_ali_1v0_G1_groupwise_dnds.csv,0.051031456688408285,8739
Clade A vs. B reference,VFG014978.nogap.dedup.nt_ali_1v0_G1_groupwise_dnds.csv,0.02922013600737667,8676
Clade A vs. B reference,VFG014984.nogap.dedup.nt_ali_1v0_G1_groupwise_dnds.csv,0.035494083991303355,8739
Clade A vs. B reference,VFG014986.nogap.dedup.nt_ali_1v0_G1_groupwise_dnds.csv,0.035503352402746,8740
Clade A vs. B reference,VFG015000.nogap.dedup.nt_ali_1v0_G1_groupwise_dnds.csv,0.06771703550023052,8676
Clade A vs. B reference,VFG015001.nogap.dedup.nt_ali_1v0_G1_groupwise_dnds.csv,0.06762767723342938,8675
Clade A vs. B reference,VFG015002.nogap.dedup.nt_ali_1v0_G1_groupwise_dnds.csv,0.06771703550023052,8676
Clade A vs. B reference,VFG015044.nogap.dedup.nt_ali_1v0_G1_groupwise_dnds.csv,0.029385456229735988,8636
Clade A vs. B reference,VFG015067.nogap.dedup.nt_ali_1v0_G1_groupwise_dnds.csv,0.012371737637362637,8736
Clade A vs. B reference,VFG015069.nogap.dedup.nt_ali_1v0_G1_groupwise_dnds.csv,0.01209735576923077,8736
Clade A vs. B reference,VFG015094.nogap.dedup.nt_ali_1v0_G1_groupwise_dnds.csv,0.08056747516747516,8658
Clade A vs. B reference,VFG015108.nogap.dedup.nt_ali_1v0_G1_groupwise_dnds.csv,0.0554616511627907,8600
Clade A vs. B reference,VFG015120.nogap.dedup.nt_ali_1v0_G1_groupwise_dnds.csv,0.0176706876724931,8696
Clade A vs. B reference,VFG015130.nogap.dedup.nt_ali_1v0_G1_groupwise_dnds.csv,0.41389395469096285,8122
Clade A vs. B reference,VFG015146.nogap.dedup.nt_ali_1v0_G1_groupwise_dnds.csv,0.07534912462566229,8682
Clade A vs. B reference,VFG015148.nogap.dedup.nt_ali_1v0_G1_groupwise_dnds.csv,0.16536030005770339,8665
Clade A vs. B reference,VFG015168.nogap.dedup.nt_ali_1v0_G1_groupwise_dnds.csv,0.1412036001440058,8333
Clade A vs. B reference,VFG015365.nogap.dedup.nt_ali_1v0_G1_groupwise_dnds.csv,0.10504221711659965,8705
Clade A vs. B reference,VFG015366.nogap.dedup.nt_ali_1v0_G1_groupwise_dnds.csv,0.10504221711659965,8705
Clade A vs. B reference,VFG015372.nogap.dedup.nt_ali_1v0_G1_groupwise_dnds.csv,0.05601949004540691,8589
Clade A vs. B reference,VFG015373.nogap.dedup.nt_ali_1v0_G1_groupwise_dnds.csv,0.05660649214659687,8595
Clade A vs. B reference,VFG015386.nogap.dedup.nt_ali_1v0_G1_groupwise_dnds.csv,0.08038432835820895,8710
Clade A vs. B reference,VFG015387.nogap.dedup.nt_ali_1v0_G1_groupwise_dnds.csv,0.08309123995407577,8710
Clade A vs. B reference,VFG015403.nogap.dedup.nt_ali_1v0_G1_groupwise_dnds.csv,0.055196590909090903,8712
Clade A vs. B reference,VFG015404.nogap.dedup.nt_ali_1v0_G1_groupwise_dnds.csv,0.055196590909090903,8712
Clade A vs. B reference,VFG015412.nogap.dedup.nt_ali_1v0_G1_groupwise_dnds.csv,0.1215629741680242,8594
Clade A vs. B reference,VFG015413.nogap.dedup.nt_ali_1v0_G1_groupwise_dnds.csv,0.12037506103941402,8601
Clade A vs. B reference,VFG015417.nogap.dedup.nt_ali_1v0_G1_groupwise_dnds.csv,0.014463140951942975,8698
Clade A vs. B reference,VFG015418.nogap.dedup.nt_ali_1v0_G1_groupwise_dnds.csv,0.014463140951942975,8698
Clade A vs. B reference,VFG015433.nogap.dedup.nt_ali_1v0_G1_groupwise_dnds.csv,0.415527215415725,8407
Clade A vs. B reference,VFG015438.nogap.dedup.nt_ali_1v0_G1_groupwise_dnds.csv,0.37048725132430843,8495
Clade A vs. B reference,VFG015447.nogap.dedup.nt_ali_1v0_G1_groupwise_dnds.csv,0.0041103764921946746,8712
Clade A vs. B reference,VFG015448.nogap.dedup.nt_ali_1v0_G1_groupwise_dnds.csv,0.0041103764921946746,8712
Clade A vs. B reference,VFG015473.nogap.dedup.nt_ali_1v0_G1_groupwise_dnds.csv,0.010151856095325389,8728
Clade A vs. B reference,VFG015474.nogap.dedup.nt_ali_1v0_G1_groupwise_dnds.csv,0.010079995417048578,8728
Clade A vs. B reference,VFG015483.nogap.dedup.nt_ali_1v0_G1_groupwise_dnds.csv,0.019887086054772542,8727
Clade A vs. B reference,VFG015491.nogap.dedup.nt_ali_1v0_G1_groupwise_dnds.csv,0.14083384509624197,8728
Clade A vs. B reference,VFG015492.nogap.dedup.nt_ali_1v0_G1_groupwise_dnds.csv,0.1417041131989001,8728
Clade A vs. B reference,VFG015500.nogap.dedup.nt_ali_1v0_G1_groupwise_dnds.csv,0.03077809118121114,8686
Clade A vs. B reference,VFG015501.nogap.dedup.nt_ali_1v0_G1_groupwise_dnds.csv,0.028492254574749683,8689
Clade A vs. B reference,VFG015515.nogap.dedup.nt_ali_1v0_G1_groupwise_dnds.csv,0.07917887014787431,8656
Clade A vs. B reference,VFG015516.nogap.dedup.nt_ali_1v0_G1_groupwise_dnds.csv,0.05325481326838321,8622
Clade A vs. B reference,VFG015517.nogap.dedup.nt_ali_1v0_G1_groupwise_dnds.csv,0.08317216959334564,8656
Clade A vs. B reference,VFG015537.nogap.dedup.nt_ali_1v0_G1_groupwise_dnds.csv,0.05726547688028741,8629
Clade A vs. B reference,VFG015538.nogap.dedup.nt_ali_1v0_G1_groupwise_dnds.csv,0.08491110340843443,8655
Clade A vs. B reference,VFG015547.nogap.dedup.nt_ali_1v0_G1_groupwise_dnds.csv,0.06939409710094306,8589
Clade A vs. B reference,VFG015549.nogap.dedup.nt_ali_1v0_G1_groupwise_dnds.csv,0.04993138786764706,8704
Clade A vs. B reference,VFG015550.nogap.dedup.nt_ali_1v0_G1_groupwise_dnds.csv,0.0502228348265564,8706
Clade A vs. B reference,VFG015551.nogap.dedup.nt_ali_1v0_G1_groupwise_dnds.csv,0.08060367955286447,8588
Clade A vs. B reference,VFG015552.nogap.dedup.nt_ali_1v0_G1_groupwise_dnds.csv,0.08060367955286447,8588
Clade A vs. B reference,VFG015555.nogap.dedup.nt_ali_1v0_G1_groupwise_dnds.csv,0.1092708998965636,8701
Clade A vs. B reference,VFG015558.nogap.dedup.nt_ali_1v0_G1_groupwise_dnds.csv,0.08951127260242618,8738
Clade A vs. B reference,VFG015561.nogap.dedup.nt_ali_1v0_G1_groupwise_dnds.csv,0.09988235979946367,8577
Clade A vs. B reference,VFG015846.nogap.dedup.nt_ali_1v0_G1_groupwise_dnds.csv,0.08724367750086139,8707
Clade A vs. B reference,VFG015848.nogap.dedup.nt_ali_1v0_G1_groupwise_dnds.csv,0.08724367750086139,8707
Clade A vs. B reference,VFG015850.nogap.dedup.nt_ali_1v0_G1_groupwise_dnds.csv,0.16040735549635118,8633
Clade A vs. B reference,VFG015851.nogap.dedup.nt_ali_1v0_G1_groupwise_dnds.csv,0.16040411117544875,8635
Clade A vs. B reference,VFG015852.nogap.dedup.nt_ali_1v0_G1_groupwise_dnds.csv,0.04424346681922196,8740
Clade A vs. B reference,VFG015853.nogap.dedup.nt_ali_1v0_G1_groupwise_dnds.csv,0.04424346681922196,8740
Clade A vs. B reference,VFG015854.nogap.dedup.nt_ali_1v0_G1_groupwise_dnds.csv,0.04424346681922196,8740
Clade A vs. B reference,VFG015856.nogap.dedup.nt_ali_1v0_G1_groupwise_dnds.csv,0.05397682637571157,8432
Clade A vs. B reference,VFG015858.nogap.dedup.nt_ali_1v0_G1_groupwise_dnds.csv,0.054139420989143545,8290
Clade A vs. B reference,VFG015862.nogap.dedup.nt_ali_1v0_G1_groupwise_dnds.csv,0.1337284212984587,8564
Clade A vs. B reference,VFG015920.nogap.dedup.nt_ali_1v0_G1_groupwise_dnds.csv,0.06594640561075395,8555
Clade A vs. B reference,VFG015922.nogap.dedup.nt_ali_1v0_G1_groupwise_dnds.csv,0.06594640561075395,8555
Clade A vs. B reference,VFG015926.nogap.dedup.nt_ali_1v0_G1_groupwise_dnds.csv,0.03279189852700491,8554
Clade A vs. B reference,VFG015928.nogap.dedup.nt_ali_1v0_G1_groupwise_dnds.csv,0.03279189852700491,8554
Clade A vs. B reference,VFG015950.nogap.dedup.nt_ali_1v0_G1_groupwise_dnds.csv,0.11418230609418283,8664
Clade A vs. B reference,VFG015952.nogap.dedup.nt_ali_1v0_G1_groupwise_dnds.csv,0.11418230609418283,8664
Clade A vs. B reference,VFG016046.nogap.dedup.nt_ali_1v0_G1_groupwise_dnds.csv,0.0330930385592242,8662
Clade A vs. B reference,VFG016048.nogap.dedup.nt_ali_1v0_G1_groupwise_dnds.csv,0.0330930385592242,8662
Clade A vs. B reference,VFG016058.nogap.dedup.nt_ali_1v0_G1_groupwise_dnds.csv,0.07949803181142007,8739
Clade A vs. B reference,VFG016059.nogap.dedup.nt_ali_1v0_G1_groupwise_dnds.csv,0.08079582278481012,8690
Clade A vs. B reference,VFG016060.nogap.dedup.nt_ali_1v0_G1_groupwise_dnds.csv,0.0797790021741618,8739
Clade A vs. B reference,VFG016107.nogap.dedup.nt_ali_1v0_G1_groupwise_dnds.csv,0.20121980301274625,8630
Clade A vs. B reference,VFG016111.nogap.dedup.nt_ali_1v0_G1_groupwise_dnds.csv,0.15738111343561137,8604
Clade A vs. B reference,VFG016115.nogap.dedup.nt_ali_1v0_G1_groupwise_dnds.csv,0.20743152538452644,8647
Clade A vs. B reference,VFG016117.nogap.dedup.nt_ali_1v0_G1_groupwise_dnds.csv,0.1666977225909819,8738
Clade A vs. B reference,VFG016118.nogap.dedup.nt_ali_1v0_G1_groupwise_dnds.csv,0.1674804417486839,8738
Clade A vs. B reference,VFG016122.nogap.dedup.nt_ali_1v0_G1_groupwise_dnds.csv,0.18885107551487412,8740
Clade A vs. B reference,VFG016130.nogap.dedup.nt_ali_1v0_G1_groupwise_dnds.csv,0.12232689694876224,8685
Clade A vs. B reference,VFG016146.nogap.dedup.nt_ali_1v0_G1_groupwise_dnds.csv,0.18093589743589747,8736
Clade A vs. B reference,VFG016153.nogap.dedup.nt_ali_1v0_G1_groupwise_dnds.csv,0.07147881705639615,8724
Clade A vs. B reference,VFG019737.nogap.dedup.nt_ali_1v0_G1_groupwise_dnds.csv,0.013769494459833796,8664
Clade A vs. B reference,VFG019744.nogap.dedup.nt_ali_1v0_G1_groupwise_dnds.csv,0.001689686355311355,8736
Clade A vs. B reference,VFG019758.nogap.dedup.nt_ali_1v0_G1_groupwise_dnds.csv,0.1021639221556886,8684
Clade A vs. B reference,VFG019759.nogap.dedup.nt_ali_1v0_G1_groupwise_dnds.csv,0.016353233375300445,8737
Clade A vs. B reference,VFG019761.nogap.dedup.nt_ali_1v0_G1_groupwise_dnds.csv,0.04683523255813953,8600
Clade A vs. B reference,VFG019768.nogap.dedup.nt_ali_1v0_G1_groupwise_dnds.csv,0.05340590591736294,8737
Clade A vs. B reference,VFG019771.nogap.dedup.nt_ali_1v0_G1_groupwise_dnds.csv,0.12184985693029647,8737
Clade A vs. B reference,VFG019773.nogap.dedup.nt_ali_1v0_G1_groupwise_dnds.csv,0.057550223752151464,8715
Clade A vs. B reference,VFG019790.nogap.dedup.nt_ali_1v0_G1_groupwise_dnds.csv,0.08586519740718916,8485
Clade A vs. B reference,VFG019797.nogap.dedup.nt_ali_1v0_G1_groupwise_dnds.csv,0.12391239967430498,8597
Clade A vs. B reference,VFG019805.nogap.dedup.nt_ali_1v0_G1_groupwise_dnds.csv,0.004876466544454629,8728
Clade A vs. B reference,VFG019807.nogap.dedup.nt_ali_1v0_G1_groupwise_dnds.csv,0.04798416113527123,8738
Clade A vs. B reference,VFG019823.nogap.dedup.nt_ali_1v0_G1_groupwise_dnds.csv,0.006701019006182734,8734
Clade A vs. B reference,VFG019825.nogap.dedup.nt_ali_1v0_G1_groupwise_dnds.csv,0.07703783907519744,8737
Clade A vs. B reference,VFG019827.nogap.dedup.nt_ali_1v0_G1_groupwise_dnds.csv,0.03442649788062779,8729
Clade A vs. B reference,VFG019831.nogap.dedup.nt_ali_1v0_G1_groupwise_dnds.csv,0.018027838490739672,8693
Clade A vs. B reference,VFG019833.nogap.dedup.nt_ali_1v0_G1_groupwise_dnds.csv,0.003965127791848953,8686
Clade A vs. B reference,VFG019837.nogap.dedup.nt_ali_1v0_G1_groupwise_dnds.csv,0.011988179425563565,8739
Clade A vs. B reference,VFG019841.nogap.dedup.nt_ali_1v0_G1_groupwise_dnds.csv,0.14065693505898524,8731
Clade A vs. B reference,VFG019859.nogap.dedup.nt_ali_1v0_G1_groupwise_dnds.csv,0.012834283751288218,8733
Clade A vs. B reference,VFG019861.nogap.dedup.nt_ali_1v0_G1_groupwise_dnds.csv,0.1297068534037424,8711
Clade A vs. B reference,VFG019873.nogap.dedup.nt_ali_1v0_G1_groupwise_dnds.csv,0.01903441095260009,8692
Clade A vs. B reference,VFG019885.nogap.dedup.nt_ali_1v0_G1_groupwise_dnds.csv,0.022682672901796697,8126
Clade A vs. B reference,VFG019887.nogap.dedup.nt_ali_1v0_G1_groupwise_dnds.csv,0.019754473684210527,8740
Clade A vs. B reference,VFG019889.nogap.dedup.nt_ali_1v0_G1_groupwise_dnds.csv,0.27048221673718853,8508
Clade A vs. B reference,VFG019891.nogap.dedup.nt_ali_1v0_G1_groupwise_dnds.csv,0.16214152173913043,8740
Clade A vs. B reference,VFG019893.nogap.dedup.nt_ali_1v0_G1_groupwise_dnds.csv,0.05277303203661327,8740
Clade A vs. B reference,VFG019895.nogap.dedup.nt_ali_1v0_G1_groupwise_dnds.csv,0.03052296771238837,8734
Clade A vs. B reference,VFG019897.nogap.dedup.nt_ali_1v0_G1_groupwise_dnds.csv,0.03467652243589744,8736
Clade A vs. B reference,VFG019899.nogap.dedup.nt_ali_1v0_G1_groupwise_dnds.csv,0.09159455252918289,8738
Clade A vs. B reference,VFG019901.nogap.dedup.nt_ali_1v0_G1_groupwise_dnds.csv,0.026988395005155232,8729
Clade A vs. B reference,VFG019905.nogap.dedup.nt_ali_1v0_G1_groupwise_dnds.csv,0.015830920433145008,8496
Clade A vs. B reference,VFG019907.nogap.dedup.nt_ali_1v0_G1_groupwise_dnds.csv,0.14939574029543112,8733
Clade A vs. B reference,VFG019916.nogap.dedup.nt_ali_1v0_G1_groupwise_dnds.csv,0.051031456688408285,8739
Clade A vs. B reference,VFG019921.nogap.dedup.nt_ali_1v0_G1_groupwise_dnds.csv,0.035494083991303355,8739
Clade A vs. B reference,VFG019924.nogap.dedup.nt_ali_1v0_G1_groupwise_dnds.csv,0.06771703550023052,8676
Clade A vs. B reference,VFG019932.nogap.dedup.nt_ali_1v0_G1_groupwise_dnds.csv,0.029313547938860582,8636
Clade A vs. B reference,VFG019941.nogap.dedup.nt_ali_1v0_G1_groupwise_dnds.csv,0.01209735576923077,8736
Clade A vs. B reference,VFG019945.nogap.dedup.nt_ali_1v0_G1_groupwise_dnds.csv,0.08053531307550645,8688
Clade A vs. B reference,VFG019951.nogap.dedup.nt_ali_1v0_G1_groupwise_dnds.csv,0.05769163856262356,8599
Clade A vs. B reference,VFG019957.nogap.dedup.nt_ali_1v0_G1_groupwise_dnds.csv,0.0176706876724931,8696
Clade A vs. B reference,VFG019961.nogap.dedup.nt_ali_1v0_G1_groupwise_dnds.csv,0.4138910366904704,8122
Clade A vs. B reference,VFG019968.nogap.dedup.nt_ali_1v0_G1_groupwise_dnds.csv,0.07534912462566229,8682
Clade A vs. B reference,VFG019969.nogap.dedup.nt_ali_1v0_G1_groupwise_dnds.csv,0.16536030005770339,8665
Clade A vs. B reference,VFG019979.nogap.dedup.nt_ali_1v0_G1_groupwise_dnds.csv,0.1416649043062201,8360
Clade A vs. B reference,VFG019981.nogap.dedup.nt_ali_1v0_G1_groupwise_dnds.csv,0.10504221711659965,8705
Clade A vs. B reference,VFG019983.nogap.dedup.nt_ali_1v0_G1_groupwise_dnds.csv,0.05660649214659687,8595
Clade A vs. B reference,VFG019987.nogap.dedup.nt_ali_1v0_G1_groupwise_dnds.csv,0.0761772904707233,8710
Clade A vs. B reference,VFG019993.nogap.dedup.nt_ali_1v0_G1_groupwise_dnds.csv,0.055196590909090903,8712
Clade A vs. B reference,VFG019995.nogap.dedup.nt_ali_1v0_G1_groupwise_dnds.csv,0.12037506103941402,8601
Clade A vs. B reference,VFG019997.nogap.dedup.nt_ali_1v0_G1_groupwise_dnds.csv,0.014463140951942975,8698
Clade A vs. B reference,VFG020001.nogap.dedup.nt_ali_1v0_G1_groupwise_dnds.csv,0.4375576946000715,8389
Clade A vs. B reference,VFG020003.nogap.dedup.nt_ali_1v0_G1_groupwise_dnds.csv,0.37234550332439054,8573
Clade A vs. B reference,VFG020007.nogap.dedup.nt_ali_1v0_G1_groupwise_dnds.csv,0.0041103764921946746,8712
Clade A vs. B reference,VFG020014.nogap.dedup.nt_ali_1v0_G1_groupwise_dnds.csv,0.010079995417048578,8728
Clade A vs. B reference,VFG020016.nogap.dedup.nt_ali_1v0_G1_groupwise_dnds.csv,0.019881138993926892,8727
Clade A vs. B reference,VFG020018.nogap.dedup.nt_ali_1v0_G1_groupwise_dnds.csv,0.14170414757103578,8728
Clade A vs. B reference,VFG020020.nogap.dedup.nt_ali_1v0_G1_groupwise_dnds.csv,0.028591103694326162,8689
Clade A vs. B reference,VFG020026.nogap.dedup.nt_ali_1v0_G1_groupwise_dnds.csv,0.07830494511842866,8655
Clade A vs. B reference,VFG020036.nogap.dedup.nt_ali_1v0_G1_groupwise_dnds.csv,0.06948637360101534,8667
Clade A vs. B reference,VFG020037.nogap.dedup.nt_ali_1v0_G1_groupwise_dnds.csv,0.04956285320468642,8706
Clade A vs. B reference,VFG020038.nogap.dedup.nt_ali_1v0_G1_groupwise_dnds.csv,0.08060367955286447,8588
Clade A vs. B reference,VFG020039.nogap.dedup.nt_ali_1v0_G1_groupwise_dnds.csv,0.10925413793103447,8700
Clade A vs. B reference,VFG020040.nogap.dedup.nt_ali_1v0_G1_groupwise_dnds.csv,0.08951127260242618,8738
Clade A vs. B reference,VFG020041.nogap.dedup.nt_ali_1v0_G1_groupwise_dnds.csv,0.09988235979946367,8577
Clade A vs. B reference,VFG020043.nogap.dedup.nt_ali_1v0_G1_groupwise_dnds.csv,0.08724367750086139,8707
Clade A vs. B reference,VFG020044.nogap.dedup.nt_ali_1v0_G1_groupwise_dnds.csv,0.16040411117544875,8635
Clade A vs. B reference,VFG020045.nogap.dedup.nt_ali_1v0_G1_groupwise_dnds.csv,0.04424346681922196,8740
Clade A vs. B reference,VFG020047.nogap.dedup.nt_ali_1v0_G1_groupwise_dnds.csv,0.13372245446053244,8564
Clade A vs. B reference,VFG020049.nogap.dedup.nt_ali_1v0_G1_groupwise_dnds.csv,0.06594640561075395,8555
Clade A vs. B reference,VFG020051.nogap.dedup.nt_ali_1v0_G1_groupwise_dnds.csv,0.11418230609418283,8664
Clade A vs. B reference,VFG020072.nogap.dedup.nt_ali_1v0_G1_groupwise_dnds.csv,0.0330930385592242,8662
Clade A vs. B reference,VFG020074.nogap.dedup.nt_ali_1v0_G1_groupwise_dnds.csv,0.07963721249570889,8739
Clade A vs. B reference,VFG020086.nogap.dedup.nt_ali_1v0_G1_groupwise_dnds.csv,0.20121980301274625,8630
Clade A vs. B reference,VFG020087.nogap.dedup.nt_ali_1v0_G1_groupwise_dnds.csv,0.15699862838544695,8603
Clade A vs. B reference,VFG020088.nogap.dedup.nt_ali_1v0_G1_groupwise_dnds.csv,0.2074312904717854,8648
Clade A vs. B reference,VFG020089.nogap.dedup.nt_ali_1v0_G1_groupwise_dnds.csv,0.1658059967956054,8738
Clade A vs. B reference,VFG020090.nogap.dedup.nt_ali_1v0_G1_groupwise_dnds.csv,0.18920318077803203,8740
Clade A vs. B reference,VFG020092.nogap.dedup.nt_ali_1v0_G1_groupwise_dnds.csv,0.12224166954519287,8685
Clade A vs. B reference,VFG020095.nogap.dedup.nt_ali_1v0_G1_groupwise_dnds.csv,0.18084173534798534,8736
Clade A vs. B reference,VFG020096.nogap.dedup.nt_ali_1v0_G1_groupwise_dnds.csv,0.07133954607977991,8724
Clade A vs. B reference,VFG040875.nogap.dedup.nt_ali_1v0_G1_groupwise_dnds.csv,0.20842666116384645,7269
Clade A vs. B reference,VFG040877.nogap.dedup.nt_ali_1v0_G1_groupwise_dnds.csv,0.06856275028768699,8690
Clade A vs. B reference,VFG040878.nogap.dedup.nt_ali_1v0_G1_groupwise_dnds.csv,0.03535597238204833,8690
Clade A vs. B reference,VFG040879.nogap.dedup.nt_ali_1v0_G1_groupwise_dnds.csv,0.0773629966601405,8683
Clade A vs. B reference,VFG041011.nogap.dedup.nt_ali_1v0_G1_groupwise_dnds.csv,0.06181032094204573,8662
Clade A vs. B reference,VFG041012.nogap.dedup.nt_ali_1v0_G1_groupwise_dnds.csv,0.3618499049068087,7887
Clade A vs. B reference,VFG041014.nogap.dedup.nt_ali_1v0_G1_groupwise_dnds.csv,0.06772655658754731,8721
Clade A vs. B reference,VFG041016.nogap.dedup.nt_ali_1v0_G1_groupwise_dnds.csv,0.008525986238532112,8720
Clade A vs. B reference,VFG041018.nogap.dedup.nt_ali_1v0_G1_groupwise_dnds.csv,0.09399609868043603,8715
Clade A vs. B reference,VFG041019.nogap.dedup.nt_ali_1v0_G1_groupwise_dnds.csv,0.03527896853560446,8454
Clade A vs. B reference,VFG041020.nogap.dedup.nt_ali_1v0_G1_groupwise_dnds.csv,0.32051840385276925,8721
Clade A vs. B reference,VFG041021.nogap.dedup.nt_ali_1v0_G1_groupwise_dnds.csv,0.07512741972477065,8720
Clade A vs. B reference,VFG041023.nogap.dedup.nt_ali_1v0_G1_groupwise_dnds.csv,0.17724929464388117,8719
Clade A vs. B reference,VFG041025.nogap.dedup.nt_ali_1v0_G1_groupwise_dnds.csv,0.036922521489971355,8725
Clade A vs. B reference,VFG041027.nogap.dedup.nt_ali_1v0_G1_groupwise_dnds.csv,0.059526246418338105,8725
Clade A vs. B reference,VFG041031.nogap.dedup.nt_ali_1v0_G1_groupwise_dnds.csv,0.061203082231167334,8695
Clade A vs. B reference,VFG041032.nogap.dedup.nt_ali_1v0_G1_groupwise_dnds.csv,0.10888440345821326,8675
Clade A vs. B reference,VFG041033.nogap.dedup.nt_ali_1v0_G1_groupwise_dnds.csv,0.14923466314095196,8698
Clade A vs. B reference,VFG041035.nogap.dedup.nt_ali_1v0_G1_groupwise_dnds.csv,0.09776883699528359,8693
Clade A vs. B reference,VFG041038.nogap.dedup.nt_ali_1v0_G1_groupwise_dnds.csv,0.004561138585393904,8695
Clade A vs. B reference,VFG041041.nogap.dedup.nt_ali_1v0_G1_groupwise_dnds.csv,0.10606150656530752,8682
Clade A vs. B reference,VFG041042.nogap.dedup.nt_ali_1v0_G1_groupwise_dnds.csv,0.06125824162679427,8360
Clade A vs. B reference,VFG041043.nogap.dedup.nt_ali_1v0_G1_groupwise_dnds.csv,0.07050083956296721,8695
Clade A vs. B reference,VFG041047.nogap.dedup.nt_ali_1v0_G1_groupwise_dnds.csv,0.016702355238970592,8704
Clade A vs. B reference,VFG042297.nogap.dedup.nt_ali_1v0_G1_groupwise_dnds.csv,0.05806291671440028,8729
Clade A vs. B reference,VFG042695.nogap.dedup.nt_ali_1v0_G1_groupwise_dnds.csv,0.3587055651772313,8661
Clade A vs. B reference,VFG042696.nogap.dedup.nt_ali_1v0_G1_groupwise_dnds.csv,0.45478947614047366,8571
Clade A vs. B reference,VFG042698.nogap.dedup.nt_ali_1v0_G1_groupwise_dnds.csv,0.38381940772078266,7564
Clade A vs. B reference,VFG042699.nogap.dedup.nt_ali_1v0_G1_groupwise_dnds.csv,0.21933008401284904,8094
Clade A vs. B reference,VFG042701.nogap.dedup.nt_ali_1v0_G1_groupwise_dnds.csv,0.2750705827505827,8580
Clade A vs. B reference,VFG042706.nogap.dedup.nt_ali_1v0_G1_groupwise_dnds.csv,0.1963425709909273,8487
Clade A vs. B reference,VFG042735.nogap.dedup.nt_ali_1v0_G1_groupwise_dnds.csv,0.08825859661172161,8736
Clade A vs. B reference,VFG042736.nogap.dedup.nt_ali_1v0_G1_groupwise_dnds.csv,0.013430758668039822,8739
Clade A vs. B reference,VFG042738.nogap.dedup.nt_ali_1v0_G1_groupwise_dnds.csv,0.016217700228832954,8740
Clade A vs. B reference,VFG042740.nogap.dedup.nt_ali_1v0_G1_groupwise_dnds.csv,0.10800545663411834,8705
Clade A vs. B reference,VFG042744.nogap.dedup.nt_ali_1v0_G1_groupwise_dnds.csv,0.17357547796222092,8735
Clade A vs. B reference,VFG042749.nogap.dedup.nt_ali_1v0_G1_groupwise_dnds.csv,0.13521945801349153,8598
Clade A vs. B reference,VFG042750.nogap.dedup.nt_ali_1v0_G1_groupwise_dnds.csv,0.004597974828375285,8740
Clade A vs. B reference,VFG042751.nogap.dedup.nt_ali_1v0_G1_groupwise_dnds.csv,0.03318422199289072,8721
Clade A vs. B reference,VFG043014.nogap.dedup.nt_ali_1v0_G1_groupwise_dnds.csv,0.046613872038457134,8737
Clade A vs. B reference,VFG043015.nogap.dedup.nt_ali_1v0_G1_groupwise_dnds.csv,0.1217107024177839,8727
Clade A vs. B reference,VFG043480.nogap.dedup.nt_ali_1v0_G1_groupwise_dnds.csv,0.014651938811810743,8433
Clade A vs. B reference,VFG043648.nogap.dedup.nt_ali_1v0_G1_groupwise_dnds.csv,0.023078415933302454,8636
Clade A vs. B reference,VFG043810.nogap.dedup.nt_ali_1v0_G1_groupwise_dnds.csv,0.3214253202888423,8586
Clade A vs. B reference,VFG044081.nogap.dedup.nt_ali_1v0_G1_groupwise_dnds.csv,0.051788694610778445,8350
Clade A vs. B reference,VFG044089.nogap.dedup.nt_ali_1v0_G1_groupwise_dnds.csv,0.09698000927106269,8629
Clade A vs. B reference,VFG044090.nogap.dedup.nt_ali_1v0_G1_groupwise_dnds.csv,0.0738450504801773,8122
Clade A vs. B reference,VFG044091.nogap.dedup.nt_ali_1v0_G1_groupwise_dnds.csv,0.12222348651464289,8639
Clade A vs. B reference,VFG044093.nogap.dedup.nt_ali_1v0_G1_groupwise_dnds.csv,0.12521656498215725,8687
Clade A vs. B reference,VFG044096.nogap.dedup.nt_ali_1v0_G1_groupwise_dnds.csv,0.1690438262910798,8520
Clade A vs. B reference,VFG044097.nogap.dedup.nt_ali_1v0_G1_groupwise_dnds.csv,0.2496633371559633,8720
Clade A vs. B reference,VFG044101.nogap.dedup.nt_ali_1v0_G1_groupwise_dnds.csv,0.03378186397984887,8337
Clade A vs. B reference,VFG044103.nogap.dedup.nt_ali_1v0_G1_groupwise_dnds.csv,0.1398629193568806,7899
Clade A vs. B reference,VFG044104.nogap.dedup.nt_ali_1v0_G1_groupwise_dnds.csv,0.09228562929061786,8740
Clade A vs. B reference,VFG044448.nogap.dedup.nt_ali_1v0_G1_groupwise_dnds.csv,0.06314125529721683,8731
Clade A vs. B reference,VFG050297.nogap.dedup.nt_ali_1v0_G1_groupwise_dnds.csv,0.4358594384707288,3348
Clade A vs. B reference,VFG050300.nogap.dedup.nt_ali_1v0_G1_groupwise_dnds.csv,0.0431308450214443,8627
Clade A vs. B reference,VFG051484.nogap.dedup.nt_ali_1v0_G1_groupwise_dnds.csv,0.11033429487179487,8736
Clade A vs. B reference,VFG051485.nogap.dedup.nt_ali_1v0_G1_groupwise_dnds.csv,0.10058667992047714,8551
Clade A vs. B reference,VFG051487.nogap.dedup.nt_ali_1v0_G1_groupwise_dnds.csv,0.35908678452219067,8089
Clade A vs. B reference,VFG051488.nogap.dedup.nt_ali_1v0_G1_groupwise_dnds.csv,0.2710568079972423,8703
Clade A vs. B reference,VFG051489.nogap.dedup.nt_ali_1v0_G1_groupwise_dnds.csv,0.40149968229762356,7869
Clade A vs. B reference,VFG051491.nogap.dedup.nt_ali_1v0_G1_groupwise_dnds.csv,0.33311152869476895,7876
Clade A vs. B reference,VFG051504.nogap.dedup.nt_ali_1v0_G1_groupwise_dnds.csv,0.06772655658754731,8721
Clade A vs. B reference,VFG051507.nogap.dedup.nt_ali_1v0_G1_groupwise_dnds.csv,0.06772655658754731,8721
Clade A vs. B reference,VFG051519.nogap.dedup.nt_ali_1v0_G1_groupwise_dnds.csv,0.008525986238532112,8720
Clade A vs. B reference,VFG051522.nogap.dedup.nt_ali_1v0_G1_groupwise_dnds.csv,0.008525986238532112,8720
Clade A vs. B reference,VFG051535.nogap.dedup.nt_ali_1v0_G1_groupwise_dnds.csv,0.09796814687320711,8715
Clade A vs. B reference,VFG051538.nogap.dedup.nt_ali_1v0_G1_groupwise_dnds.csv,0.09796814687320711,8715
Clade A vs. B reference,VFG051543.nogap.dedup.nt_ali_1v0_G1_groupwise_dnds.csv,0.03527740093240093,8580
Clade A vs. B reference,VFG051546.nogap.dedup.nt_ali_1v0_G1_groupwise_dnds.csv,0.03532678614676678,8258
Clade A vs. B reference,VFG051551.nogap.dedup.nt_ali_1v0_G1_groupwise_dnds.csv,0.32051835798646944,8721
Clade A vs. B reference,VFG051554.nogap.dedup.nt_ali_1v0_G1_groupwise_dnds.csv,0.32051840385276925,8721
Clade A vs. B reference,VFG051567.nogap.dedup.nt_ali_1v0_G1_groupwise_dnds.csv,0.036922521489971355,8725
Clade A vs. B reference,VFG051568.nogap.dedup.nt_ali_1v0_G1_groupwise_dnds.csv,0.036922521489971355,8725
Clade A vs. B reference,VFG051570.nogap.dedup.nt_ali_1v0_G1_groupwise_dnds.csv,0.036922521489971355,8725
Clade A vs. B reference,VFG051583.nogap.dedup.nt_ali_1v0_G1_groupwise_dnds.csv,0.059526246418338105,8725
Clade A vs. B reference,VFG051584.nogap.dedup.nt_ali_1v0_G1_groupwise_dnds.csv,0.05950735816618911,8725
Clade A vs. B reference,VFG051586.nogap.dedup.nt_ali_1v0_G1_groupwise_dnds.csv,0.05950735816618911,8725
Clade A vs. B reference,VFG051593.nogap.dedup.nt_ali_1v0_G1_groupwise_dnds.csv,0.3929545027794935,8095
Clade A vs. B reference,VFG051596.nogap.dedup.nt_ali_1v0_G1_groupwise_dnds.csv,0.4003687361419069,8118
Clade A vs. B reference,VFG051601.nogap.dedup.nt_ali_1v0_G1_groupwise_dnds.csv,0.1088844265129683,8675
Clade A vs. B reference,VFG051602.nogap.dedup.nt_ali_1v0_G1_groupwise_dnds.csv,0.10888468011527377,8675
Clade A vs. B reference,VFG051604.nogap.dedup.nt_ali_1v0_G1_groupwise_dnds.csv,0.10888468011527377,8675
Clade A vs. B reference,VFG051606.nogap.dedup.nt_ali_1v0_G1_groupwise_dnds.csv,0.14923466314095196,8698
Clade A vs. B reference,VFG051607.nogap.dedup.nt_ali_1v0_G1_groupwise_dnds.csv,0.14923466314095196,8698
Clade A vs. B reference,VFG051609.nogap.dedup.nt_ali_1v0_G1_groupwise_dnds.csv,0.14924169924120487,8698
Clade A vs. B reference,VFG051616.nogap.dedup.nt_ali_1v0_G1_groupwise_dnds.csv,0.09766661681812955,8693
Clade A vs. B reference,VFG051617.nogap.dedup.nt_ali_1v0_G1_groupwise_dnds.csv,0.09776883699528359,8693
Clade A vs. B reference,VFG051619.nogap.dedup.nt_ali_1v0_G1_groupwise_dnds.csv,0.09775365236397102,8693
Clade A vs. B reference,VFG051626.nogap.dedup.nt_ali_1v0_G1_groupwise_dnds.csv,0.004561138585393904,8695
Clade A vs. B reference,VFG051627.nogap.dedup.nt_ali_1v0_G1_groupwise_dnds.csv,0.004561138585393904,8695
Clade A vs. B reference,VFG051629.nogap.dedup.nt_ali_1v0_G1_groupwise_dnds.csv,0.004561138585393904,8695
Clade A vs. B reference,VFG051641.nogap.dedup.nt_ali_1v0_G1_groupwise_dnds.csv,0.10603901174844504,8682
Clade A vs. B reference,VFG051642.nogap.dedup.nt_ali_1v0_G1_groupwise_dnds.csv,0.10603901174844504,8682
Clade A vs. B reference,VFG051644.nogap.dedup.nt_ali_1v0_G1_groupwise_dnds.csv,0.10603901174844504,8682
Clade A vs. B reference,VFG051646.nogap.dedup.nt_ali_1v0_G1_groupwise_dnds.csv,0.061433369291621714,8343
Clade A vs. B reference,VFG051647.nogap.dedup.nt_ali_1v0_G1_groupwise_dnds.csv,0.0629471629485936,8248
Clade A vs. B reference,VFG051649.nogap.dedup.nt_ali_1v0_G1_groupwise_dnds.csv,0.06253727853441003,8297
Clade A vs. B reference,VFG051651.nogap.dedup.nt_ali_1v0_G1_groupwise_dnds.csv,0.07059231742380678,8695
Clade A vs. B reference,VFG051652.nogap.dedup.nt_ali_1v0_G1_groupwise_dnds.csv,1.68283889943074,8432
Clade A vs. B reference,VFG051654.nogap.dedup.nt_ali_1v0_G1_groupwise_dnds.csv,0.07059231742380678,8695
Clade A vs. B reference,VFG051661.nogap.dedup.nt_ali_1v0_G1_groupwise_dnds.csv,0.17612973747563912,8723
Clade A vs. B reference,VFG051663.nogap.dedup.nt_ali_1v0_G1_groupwise_dnds.csv,0.24845239623939464,8722
Clade A vs. B reference,VFG051818.nogap.dedup.nt_ali_1v0_G1_groupwise_dnds.csv,0.016702355238970592,8704
Clade A vs. B reference,VFG051819.nogap.dedup.nt_ali_1v0_G1_groupwise_dnds.csv,0.016705767463235294,8704
Clade A vs. B reference,VFG051821.nogap.dedup.nt_ali_1v0_G1_groupwise_dnds.csv,0.016702355238970592,8704
Clade A vs. B reference,VFG051830.nogap.dedup.nt_ali_1v0_G1_groupwise_dnds.csv,0.11044112866300365,8736
Clade A vs. B reference,VFG051833.nogap.dedup.nt_ali_1v0_G1_groupwise_dnds.csv,0.11035022893772893,8736
Clade A vs. B reference,VFG051834.nogap.dedup.nt_ali_1v0_G1_groupwise_dnds.csv,0.10058667992047714,8551
Clade B vs. A reference,VFG000115.nogap.dedup.nt_ali_0v1_G0_groupwise_dnds.csv,0.16747765726681127,2766
Clade B vs. A reference,VFG000116.nogap.dedup.nt_ali_0v1_G0_groupwise_dnds.csv,0.1622179640718563,2839
Clade B vs. A reference,VFG000120.nogap.dedup.nt_ali_0v1_G0_groupwise_dnds.csv,0.0265801906779661,2832
Clade B vs. A reference,VFG000122.nogap.dedup.nt_ali_0v1_G0_groupwise_dnds.csv,0.0013470567500881213,2837
Clade B vs. A reference,VFG000123.nogap.dedup.nt_ali_0v1_G0_groupwise_dnds.csv,0.026821142857142856,2800
Clade B vs. A reference,VFG000124.nogap.dedup.nt_ali_0v1_G0_groupwise_dnds.csv,0.0039609017259598445,2839
Clade B vs. A reference,VFG000125.nogap.dedup.nt_ali_0v1_G0_groupwise_dnds.csv,0.11795750528541225,2838
Clade B vs. A reference,VFG000126.nogap.dedup.nt_ali_0v1_G0_groupwise_dnds.csv,0.13545988023952096,2839
Clade B vs. A reference,VFG000127.nogap.dedup.nt_ali_0v1_G0_groupwise_dnds.csv,0.0449008104298802,2838
Clade B vs. A reference,VFG000128.nogap.dedup.nt_ali_0v1_G0_groupwise_dnds.csv,0.016781824586121874,2839
Clade B vs. A reference,VFG000129.nogap.dedup.nt_ali_0v1_G0_groupwise_dnds.csv,0.018894777699364852,2834
Clade B vs. A reference,VFG000130.nogap.dedup.nt_ali_0v1_G0_groupwise_dnds.csv,0.06801262341325812,2836
Clade B vs. A reference,VFG000131.nogap.dedup.nt_ali_0v1_G0_groupwise_dnds.csv,0.029486403663261707,2839
Clade B vs. A reference,VFG000133.nogap.dedup.nt_ali_0v1_G0_groupwise_dnds.csv,0.06570841845720324,2839
Clade B vs. A reference,VFG000139.nogap.dedup.nt_ali_0v1_G0_groupwise_dnds.csv,0.30009393725766653,2837
Clade B vs. A reference,VFG000141.nogap.dedup.nt_ali_0v1_G0_groupwise_dnds.csv,0.2829053229240596,2818
Clade B vs. A reference,VFG000142.nogap.dedup.nt_ali_0v1_G0_groupwise_dnds.csv,0.041698907296439894,2837
Clade B vs. A reference,VFG000143.nogap.dedup.nt_ali_0v1_G0_groupwise_dnds.csv,0.014423087768769828,2837
Clade B vs. A reference,VFG000144.nogap.dedup.nt_ali_0v1_G0_groupwise_dnds.csv,0.10024176947479732,2837
Clade B vs. A reference,VFG000145.nogap.dedup.nt_ali_0v1_G0_groupwise_dnds.csv,0.10042909026798309,2836
Clade B vs. A reference,VFG000146.nogap.dedup.nt_ali_0v1_G0_groupwise_dnds.csv,0.07684199576868829,2836
Clade B vs. A reference,VFG000148.nogap.dedup.nt_ali_0v1_G0_groupwise_dnds.csv,0.20370200987306064,2836
Clade B vs. A reference,VFG000155.nogap.dedup.nt_ali_0v1_G0_groupwise_dnds.csv,0.03350875886524823,2820
Clade B vs. A reference,VFG000157.nogap.dedup.nt_ali_0v1_G0_groupwise_dnds.csv,0.2101861169837914,2838
Clade B vs. A reference,VFG000164.nogap.dedup.nt_ali_0v1_G0_groupwise_dnds.csv,0.028395944992947814,2836
Clade B vs. A reference,VFG000165.nogap.dedup.nt_ali_0v1_G0_groupwise_dnds.csv,0.1330504943502825,2832
Clade B vs. A reference,VFG000166.nogap.dedup.nt_ali_0v1_G0_groupwise_dnds.csv,0.21646806485724357,2837
Clade B vs. A reference,VFG000168.nogap.dedup.nt_ali_0v1_G0_groupwise_dnds.csv,0.12513846424797465,2839
Clade B vs. A reference,VFG000171.nogap.dedup.nt_ali_0v1_G0_groupwise_dnds.csv,0.1281031018681706,2837
Clade B vs. A reference,VFG000172.nogap.dedup.nt_ali_0v1_G0_groupwise_dnds.csv,0.025375537249283667,2792
Clade B vs. A reference,VFG000173.nogap.dedup.nt_ali_0v1_G0_groupwise_dnds.csv,0.02925979527003177,2833
Clade B vs. A reference,VFG000175.nogap.dedup.nt_ali_0v1_G0_groupwise_dnds.csv,0.032866337680648575,2837
Clade B vs. A reference,VFG000176.nogap.dedup.nt_ali_0v1_G0_groupwise_dnds.csv,0.1838137444279346,2692
Clade B vs. A reference,VFG000181.nogap.dedup.nt_ali_0v1_G0_groupwise_dnds.csv,0.005317195207892882,2838
Clade B vs. A reference,VFG000182.nogap.dedup.nt_ali_0v1_G0_groupwise_dnds.csv,0.01266892177589852,2838
Clade B vs. A reference,VFG000185.nogap.dedup.nt_ali_0v1_G0_groupwise_dnds.csv,0.10197554693013408,2834
Clade B vs. A reference,VFG000192.nogap.dedup.nt_ali_0v1_G0_groupwise_dnds.csv,0.06663458964424093,2839
Clade B vs. A reference,VFG000198.nogap.dedup.nt_ali_0v1_G0_groupwise_dnds.csv,0.039102786596119925,2835
Clade B vs. A reference,VFG000203.nogap.dedup.nt_ali_0v1_G0_groupwise_dnds.csv,0.7565455099553028,2461
Clade B vs. A reference,VFG000211.nogap.dedup.nt_ali_0v1_G0_groupwise_dnds.csv,0.03643906305036985,2839
Clade B vs. A reference,VFG000212.nogap.dedup.nt_ali_0v1_G0_groupwise_dnds.csv,0.26928928823114867,2838
Clade B vs. A reference,VFG001213.nogap.dedup.nt_ali_0v1_G0_groupwise_dnds.csv,0.05969291754756871,2838
Clade B vs. A reference,VFG001214.nogap.dedup.nt_ali_0v1_G0_groupwise_dnds.csv,0.022186424541607897,2836
Clade B vs. A reference,VFG001222.nogap.dedup.nt_ali_0v1_G0_groupwise_dnds.csv,0.014852993269571381,2823
Clade B vs. A reference,VFG001223.nogap.dedup.nt_ali_0v1_G0_groupwise_dnds.csv,0.0035457364341085268,2838
Clade B vs. A reference,VFG001224.nogap.dedup.nt_ali_0v1_G0_groupwise_dnds.csv,0.1693265670553936,2744
Clade B vs. A reference,VFG001228.nogap.dedup.nt_ali_0v1_G0_groupwise_dnds.csv,0.004692353770260747,2838
Clade B vs. A reference,VFG001230.nogap.dedup.nt_ali_0v1_G0_groupwise_dnds.csv,0.10038313932980598,2835
Clade B vs. A reference,VFG001231.nogap.dedup.nt_ali_0v1_G0_groupwise_dnds.csv,0.13530031712473573,2838
Clade B vs. A reference,VFG001232.nogap.dedup.nt_ali_0v1_G0_groupwise_dnds.csv,0.0067631448763250885,2830
Clade B vs. A reference,VFG001238.nogap.dedup.nt_ali_0v1_G0_groupwise_dnds.csv,0.057734061289186324,2839
Clade B vs. A reference,VFG001242.nogap.dedup.nt_ali_0v1_G0_groupwise_dnds.csv,0.013246847481507572,2839
Clade B vs. A reference,VFG001243.nogap.dedup.nt_ali_0v1_G0_groupwise_dnds.csv,0.027503381472349417,2839
Clade B vs. A reference,VFG001248.nogap.dedup.nt_ali_0v1_G0_groupwise_dnds.csv,0.006264670658682635,2839
Clade B vs. A reference,VFG001249.nogap.dedup.nt_ali_0v1_G0_groupwise_dnds.csv,0.03302660324171952,2838
Clade B vs. A reference,VFG001251.nogap.dedup.nt_ali_0v1_G0_groupwise_dnds.csv,0.008717195207892882,2838
Clade B vs. A reference,VFG001252.nogap.dedup.nt_ali_0v1_G0_groupwise_dnds.csv,0.0012344961240310078,2838
Clade B vs. A reference,VFG001254.nogap.dedup.nt_ali_0v1_G0_groupwise_dnds.csv,0.009341352588939767,2839
Clade B vs. A reference,VFG001262.nogap.dedup.nt_ali_0v1_G0_groupwise_dnds.csv,0.0010367512332628615,2838
Clade B vs. A reference,VFG001263.nogap.dedup.nt_ali_0v1_G0_groupwise_dnds.csv,0.02067030644593167,2839
Clade B vs. A reference,VFG001264.nogap.dedup.nt_ali_0v1_G0_groupwise_dnds.csv,0.055366236096160745,2787
Clade B vs. A reference,VFG001266.nogap.dedup.nt_ali_0v1_G0_groupwise_dnds.csv,0.3206543018335684,2836
Clade B vs. A reference,VFG001267.nogap.dedup.nt_ali_0v1_G0_groupwise_dnds.csv,0.2597320127343474,2827
Clade B vs. A reference,VFG001268.nogap.dedup.nt_ali_0v1_G0_groupwise_dnds.csv,0.1390679459843639,2814
Clade B vs. A reference,VFG002057.nogap.dedup.nt_ali_0v1_G0_groupwise_dnds.csv,0.13686109936575053,2838
Clade B vs. A reference,VFG002058.nogap.dedup.nt_ali_0v1_G0_groupwise_dnds.csv,0.042828999295278364,2838
Clade B vs. A reference,VFG002060.nogap.dedup.nt_ali_0v1_G0_groupwise_dnds.csv,0.13947903453136012,2838
Clade B vs. A reference,VFG002063.nogap.dedup.nt_ali_0v1_G0_groupwise_dnds.csv,0.051522128259337566,2838
Clade B vs. A reference,VFG002064.nogap.dedup.nt_ali_0v1_G0_groupwise_dnds.csv,0.05845954897815363,2838
Clade B vs. A reference,VFG002065.nogap.dedup.nt_ali_0v1_G0_groupwise_dnds.csv,0.022594001411432606,2834
Clade B vs. A reference,VFG002067.nogap.dedup.nt_ali_0v1_G0_groupwise_dnds.csv,0.26304417475728153,2678
Clade B vs. A reference,VFG002068.nogap.dedup.nt_ali_0v1_G0_groupwise_dnds.csv,0.2607870579915134,2828
Clade B vs. A reference,VFG002070.nogap.dedup.nt_ali_0v1_G0_groupwise_dnds.csv,0.030648343904157858,2838
Clade B vs. A reference,VFG002074.nogap.dedup.nt_ali_0v1_G0_groupwise_dnds.csv,0.00627437433909059,2837
Clade B vs. A reference,VFG002075.nogap.dedup.nt_ali_0v1_G0_groupwise_dnds.csv,0.1239099823633157,2835
Clade B vs. A reference,VFG002076.nogap.dedup.nt_ali_0v1_G0_groupwise_dnds.csv,0.18707613676418752,2837
Clade B vs. A reference,VFG002077.nogap.dedup.nt_ali_0v1_G0_groupwise_dnds.csv,0.039814255319148936,2820
Clade B vs. A reference,VFG013836.nogap.dedup.nt_ali_0v1_G0_groupwise_dnds.csv,0.014852993269571381,2823
Clade B vs. A reference,VFG013897.nogap.dedup.nt_ali_0v1_G0_groupwise_dnds.csv,0.0022642517380168314,2733
Clade B vs. A reference,VFG013898.nogap.dedup.nt_ali_0v1_G0_groupwise_dnds.csv,0.0035457364341085268,2838
Clade B vs. A reference,VFG013910.nogap.dedup.nt_ali_0v1_G0_groupwise_dnds.csv,0.16925207725947525,2744
Clade B vs. A reference,VFG013911.nogap.dedup.nt_ali_0v1_G0_groupwise_dnds.csv,0.1693265670553936,2744
Clade B vs. A reference,VFG013973.nogap.dedup.nt_ali_0v1_G0_groupwise_dnds.csv,0.10049513227513228,2835
Clade B vs. A reference,VFG013986.nogap.dedup.nt_ali_0v1_G0_groupwise_dnds.csv,0.022186424541607897,2836
Clade B vs. A reference,VFG013996.nogap.dedup.nt_ali_0v1_G0_groupwise_dnds.csv,0.05969291754756871,2838
Clade B vs. A reference,VFG014043.nogap.dedup.nt_ali_0v1_G0_groupwise_dnds.csv,0.004720436927413672,2838
Clade B vs. A reference,VFG014044.nogap.dedup.nt_ali_0v1_G0_groupwise_dnds.csv,0.004692353770260747,2838
Clade B vs. A reference,VFG014062.nogap.dedup.nt_ali_0v1_G0_groupwise_dnds.csv,0.1356775546159267,2838
Clade B vs. A reference,VFG014075.nogap.dedup.nt_ali_0v1_G0_groupwise_dnds.csv,0.0068818117729996485,2837
Clade B vs. A reference,VFG014117.nogap.dedup.nt_ali_0v1_G0_groupwise_dnds.csv,0.46483739837398375,2829
Clade B vs. A reference,VFG014147.nogap.dedup.nt_ali_0v1_G0_groupwise_dnds.csv,1.00430044345898,902
Clade B vs. A reference,VFG014189.nogap.dedup.nt_ali_0v1_G0_groupwise_dnds.csv,0.057734061289186324,2839
Clade B vs. A reference,VFG014240.nogap.dedup.nt_ali_0v1_G0_groupwise_dnds.csv,0.012965535524920465,2829
Clade B vs. A reference,VFG014241.nogap.dedup.nt_ali_0v1_G0_groupwise_dnds.csv,0.013246847481507572,2839
Clade B vs. A reference,VFG014254.nogap.dedup.nt_ali_0v1_G0_groupwise_dnds.csv,0.027503381472349417,2839
Clade B vs. A reference,VFG014358.nogap.dedup.nt_ali_0v1_G0_groupwise_dnds.csv,0.006264670658682635,2839
Clade B vs. A reference,VFG014369.nogap.dedup.nt_ali_0v1_G0_groupwise_dnds.csv,0.04419520789288231,2838
Clade B vs. A reference,VFG014371.nogap.dedup.nt_ali_0v1_G0_groupwise_dnds.csv,0.04419520789288231,2838
Clade B vs. A reference,VFG014384.nogap.dedup.nt_ali_0v1_G0_groupwise_dnds.csv,0.03302660324171952,2838
Clade B vs. A reference,VFG014409.nogap.dedup.nt_ali_0v1_G0_groupwise_dnds.csv,0.008730443974630022,2838
Clade B vs. A reference,VFG014410.nogap.dedup.nt_ali_0v1_G0_groupwise_dnds.csv,0.008717195207892882,2838
Clade B vs. A reference,VFG014423.nogap.dedup.nt_ali_0v1_G0_groupwise_dnds.csv,0.0012344961240310078,2838
Clade B vs. A reference,VFG014449.nogap.dedup.nt_ali_0v1_G0_groupwise_dnds.csv,0.009341352588939767,2839
Clade B vs. A reference,VFG014473.nogap.dedup.nt_ali_0v1_G0_groupwise_dnds.csv,0.21500504440497334,2815
Clade B vs. A reference,VFG014475.nogap.dedup.nt_ali_0v1_G0_groupwise_dnds.csv,0.21500504440497334,2815
Clade B vs. A reference,VFG014501.nogap.dedup.nt_ali_0v1_G0_groupwise_dnds.csv,0.0019730913173652696,2672
Clade B vs. A reference,VFG014579.nogap.dedup.nt_ali_0v1_G0_groupwise_dnds.csv,0.0010367512332628615,2838
Clade B vs. A reference,VFG014591.nogap.dedup.nt_ali_0v1_G0_groupwise_dnds.csv,0.02067030644593167,2839
Clade B vs. A reference,VFG014592.nogap.dedup.nt_ali_0v1_G0_groupwise_dnds.csv,0.02067030644593167,2839
Clade B vs. A reference,VFG014605.nogap.dedup.nt_ali_0v1_G0_groupwise_dnds.csv,0.055366236096160745,2787
Clade B vs. A reference,VFG014681.nogap.dedup.nt_ali_0v1_G0_groupwise_dnds.csv,0.007927748132337247,2811
Clade B vs. A reference,VFG014683.nogap.dedup.nt_ali_0v1_G0_groupwise_dnds.csv,0.007910834813499112,2815
Clade B vs. A reference,VFG014747.nogap.dedup.nt_ali_0v1_G0_groupwise_dnds.csv,0.0011161790623898484,2837
Clade B vs. A reference,VFG014748.nogap.dedup.nt_ali_0v1_G0_groupwise_dnds.csv,0.0013470567500881213,2837
Clade B vs. A reference,VFG014759.nogap.dedup.nt_ali_0v1_G0_groupwise_dnds.csv,0.026821142857142856,2800
Clade B vs. A reference,VFG014760.nogap.dedup.nt_ali_0v1_G0_groupwise_dnds.csv,0.026821142857142856,2800
Clade B vs. A reference,VFG014771.nogap.dedup.nt_ali_0v1_G0_groupwise_dnds.csv,0.0039609017259598445,2839
Clade B vs. A reference,VFG014772.nogap.dedup.nt_ali_0v1_G0_groupwise_dnds.csv,0.0039609017259598445,2839
Clade B vs. A reference,VFG014783.nogap.dedup.nt_ali_0v1_G0_groupwise_dnds.csv,0.11916916842847075,2838
Clade B vs. A reference,VFG014784.nogap.dedup.nt_ali_0v1_G0_groupwise_dnds.csv,0.11795750528541225,2838
Clade B vs. A reference,VFG014796.nogap.dedup.nt_ali_0v1_G0_groupwise_dnds.csv,0.13545988023952096,2839
Clade B vs. A reference,VFG014797.nogap.dedup.nt_ali_0v1_G0_groupwise_dnds.csv,0.13545988023952096,2839
Clade B vs. A reference,VFG014808.nogap.dedup.nt_ali_0v1_G0_groupwise_dnds.csv,0.04156990838618745,2838
Clade B vs. A reference,VFG014809.nogap.dedup.nt_ali_0v1_G0_groupwise_dnds.csv,0.0449008104298802,2838
Clade B vs. A reference,VFG014820.nogap.dedup.nt_ali_0v1_G0_groupwise_dnds.csv,0.016869918985558292,2839
Clade B vs. A reference,VFG014821.nogap.dedup.nt_ali_0v1_G0_groupwise_dnds.csv,0.016781824586121874,2839
Clade B vs. A reference,VFG014832.nogap.dedup.nt_ali_0v1_G0_groupwise_dnds.csv,0.018934865629420084,2828
Clade B vs. A reference,VFG014833.nogap.dedup.nt_ali_0v1_G0_groupwise_dnds.csv,0.018894777699364852,2834
Clade B vs. A reference,VFG014844.nogap.dedup.nt_ali_0v1_G0_groupwise_dnds.csv,0.06801579689703809,2836
Clade B vs. A reference,VFG014845.nogap.dedup.nt_ali_0v1_G0_groupwise_dnds.csv,0.06801262341325812,2836
Clade B vs. A reference,VFG014857.nogap.dedup.nt_ali_0v1_G0_groupwise_dnds.csv,0.029391187874515334,2837
Clade B vs. A reference,VFG014858.nogap.dedup.nt_ali_0v1_G0_groupwise_dnds.csv,0.029486403663261707,2839
Clade B vs. A reference,VFG014881.nogap.dedup.nt_ali_0v1_G0_groupwise_dnds.csv,0.06570841845720324,2839
Clade B vs. A reference,VFG014882.nogap.dedup.nt_ali_0v1_G0_groupwise_dnds.csv,0.06570841845720324,2839
Clade B vs. A reference,VFG014893.nogap.dedup.nt_ali_0v1_G0_groupwise_dnds.csv,0.11009203945051073,2839
Clade B vs. A reference,VFG014895.nogap.dedup.nt_ali_0v1_G0_groupwise_dnds.csv,0.11009203945051073,2839
Clade B vs. A reference,VFG014950.nogap.dedup.nt_ali_0v1_G0_groupwise_dnds.csv,0.04531370683579986,2838
Clade B vs. A reference,VFG014951.nogap.dedup.nt_ali_0v1_G0_groupwise_dnds.csv,0.04531370683579986,2838
Clade B vs. A reference,VFG014952.nogap.dedup.nt_ali_0v1_G0_groupwise_dnds.csv,0.04531370683579986,2838
Clade B vs. A reference,VFG014978.nogap.dedup.nt_ali_0v1_G0_groupwise_dnds.csv,0.0265801906779661,2832
Clade B vs. A reference,VFG014984.nogap.dedup.nt_ali_0v1_G0_groupwise_dnds.csv,0.06549778090877069,2839
Clade B vs. A reference,VFG014986.nogap.dedup.nt_ali_0v1_G0_groupwise_dnds.csv,0.06549778090877069,2839
Clade B vs. A reference,VFG015000.nogap.dedup.nt_ali_0v1_G0_groupwise_dnds.csv,0.06580218463706836,2838
Clade B vs. A reference,VFG015001.nogap.dedup.nt_ali_0v1_G0_groupwise_dnds.csv,0.06579076814658211,2838
Clade B vs. A reference,VFG015002.nogap.dedup.nt_ali_0v1_G0_groupwise_dnds.csv,0.06580218463706836,2838
Clade B vs. A reference,VFG015044.nogap.dedup.nt_ali_0v1_G0_groupwise_dnds.csv,0.03350875886524823,2820
Clade B vs. A reference,VFG015067.nogap.dedup.nt_ali_0v1_G0_groupwise_dnds.csv,0.035284319943622265,2838
Clade B vs. A reference,VFG015069.nogap.dedup.nt_ali_0v1_G0_groupwise_dnds.csv,0.035024700493305146,2838
Clade B vs. A reference,VFG015094.nogap.dedup.nt_ali_0v1_G0_groupwise_dnds.csv,0.1019207819654808,2839
Clade B vs. A reference,VFG015108.nogap.dedup.nt_ali_0v1_G0_groupwise_dnds.csv,0.06712972877773864,2839
Clade B vs. A reference,VFG015120.nogap.dedup.nt_ali_0v1_G0_groupwise_dnds.csv,0.039102786596119925,2835
Clade B vs. A reference,VFG015130.nogap.dedup.nt_ali_0v1_G0_groupwise_dnds.csv,0.7565455099553028,2461
Clade B vs. A reference,VFG015146.nogap.dedup.nt_ali_0v1_G0_groupwise_dnds.csv,0.03643906305036985,2839
Clade B vs. A reference,VFG015148.nogap.dedup.nt_ali_0v1_G0_groupwise_dnds.csv,0.27378365045806907,2838
Clade B vs. A reference,VFG015168.nogap.dedup.nt_ali_0v1_G0_groupwise_dnds.csv,0.20516607898448516,2836
Clade B vs. A reference,VFG015365.nogap.dedup.nt_ali_0v1_G0_groupwise_dnds.csv,0.13686109936575053,2838
Clade B vs. A reference,VFG015366.nogap.dedup.nt_ali_0v1_G0_groupwise_dnds.csv,0.13686109936575053,2838
Clade B vs. A reference,VFG015372.nogap.dedup.nt_ali_0v1_G0_groupwise_dnds.csv,0.042824630021141646,2838
Clade B vs. A reference,VFG015373.nogap.dedup.nt_ali_0v1_G0_groupwise_dnds.csv,0.042828999295278364,2838
Clade B vs. A reference,VFG015386.nogap.dedup.nt_ali_0v1_G0_groupwise_dnds.csv,0.14977646229739253,2838
Clade B vs. A reference,VFG015387.nogap.dedup.nt_ali_0v1_G0_groupwise_dnds.csv,0.14198742071881607,2838
Clade B vs. A reference,VFG015403.nogap.dedup.nt_ali_0v1_G0_groupwise_dnds.csv,0.05000877378435517,2838
Clade B vs. A reference,VFG015404.nogap.dedup.nt_ali_0v1_G0_groupwise_dnds.csv,0.05000877378435517,2838
Clade B vs. A reference,VFG015412.nogap.dedup.nt_ali_0v1_G0_groupwise_dnds.csv,0.058174489076814655,2838
Clade B vs. A reference,VFG015413.nogap.dedup.nt_ali_0v1_G0_groupwise_dnds.csv,0.05845954897815363,2838
Clade B vs. A reference,VFG015417.nogap.dedup.nt_ali_0v1_G0_groupwise_dnds.csv,0.022594001411432606,2834
Clade B vs. A reference,VFG015418.nogap.dedup.nt_ali_0v1_G0_groupwise_dnds.csv,0.022594001411432606,2834
Clade B vs. A reference,VFG015433.nogap.dedup.nt_ali_0v1_G0_groupwise_dnds.csv,0.30268512858740215,2683
Clade B vs. A reference,VFG015438.nogap.dedup.nt_ali_0v1_G0_groupwise_dnds.csv,0.2607531404375441,2834
Clade B vs. A reference,VFG015447.nogap.dedup.nt_ali_0v1_G0_groupwise_dnds.csv,0.030648343904157858,2838
Clade B vs. A reference,VFG015448.nogap.dedup.nt_ali_0v1_G0_groupwise_dnds.csv,0.030648343904157858,2838
Clade B vs. A reference,VFG015473.nogap.dedup.nt_ali_0v1_G0_groupwise_dnds.csv,0.0061947127247092,2837
Clade B vs. A reference,VFG015474.nogap.dedup.nt_ali_0v1_G0_groupwise_dnds.csv,0.00627437433909059,2837
Clade B vs. A reference,VFG015483.nogap.dedup.nt_ali_0v1_G0_groupwise_dnds.csv,0.12390691601976006,2834
Clade B vs. A reference,VFG015491.nogap.dedup.nt_ali_0v1_G0_groupwise_dnds.csv,0.18496090941135002,2837
Clade B vs. A reference,VFG015492.nogap.dedup.nt_ali_0v1_G0_groupwise_dnds.csv,0.18707613676418752,2837
Clade B vs. A reference,VFG015500.nogap.dedup.nt_ali_0v1_G0_groupwise_dnds.csv,0.04004320681092586,2819
Clade B vs. A reference,VFG015501.nogap.dedup.nt_ali_0v1_G0_groupwise_dnds.csv,0.03974297872340425,2820
Clade B vs. A reference,VFG015515.nogap.dedup.nt_ali_0v1_G0_groupwise_dnds.csv,0.0883675008938148,2797
Clade B vs. A reference,VFG015516.nogap.dedup.nt_ali_0v1_G0_groupwise_dnds.csv,0.07161372478386167,2776
Clade B vs. A reference,VFG015517.nogap.dedup.nt_ali_0v1_G0_groupwise_dnds.csv,0.09160543439399356,2797
Clade B vs. A reference,VFG015537.nogap.dedup.nt_ali_0v1_G0_groupwise_dnds.csv,0.05223038654259127,2794
Clade B vs. A reference,VFG015538.nogap.dedup.nt_ali_0v1_G0_groupwise_dnds.csv,0.08931072577761888,2797
Clade B vs. A reference,VFG015547.nogap.dedup.nt_ali_0v1_G0_groupwise_dnds.csv,0.025648989003192617,2819
Clade B vs. A reference,VFG015549.nogap.dedup.nt_ali_0v1_G0_groupwise_dnds.csv,0.036505330038828096,2833
Clade B vs. A reference,VFG015550.nogap.dedup.nt_ali_0v1_G0_groupwise_dnds.csv,0.03690405930109424,2833
Clade B vs. A reference,VFG015551.nogap.dedup.nt_ali_0v1_G0_groupwise_dnds.csv,0.049981677237491196,2838
Clade B vs. A reference,VFG015552.nogap.dedup.nt_ali_0v1_G0_groupwise_dnds.csv,0.049981677237491196,2838
Clade B vs. A reference,VFG015555.nogap.dedup.nt_ali_0v1_G0_groupwise_dnds.csv,0.10042909026798309,2836
Clade B vs. A reference,VFG015558.nogap.dedup.nt_ali_0v1_G0_groupwise_dnds.csv,0.07684192524682651,2836
Clade B vs. A reference,VFG015561.nogap.dedup.nt_ali_0v1_G0_groupwise_dnds.csv,0.10024176947479732,2837
Clade B vs. A reference,VFG015846.nogap.dedup.nt_ali_0v1_G0_groupwise_dnds.csv,0.06738039492242594,2836
Clade B vs. A reference,VFG015848.nogap.dedup.nt_ali_0v1_G0_groupwise_dnds.csv,0.06738039492242594,2836
Clade B vs. A reference,VFG015850.nogap.dedup.nt_ali_0v1_G0_groupwise_dnds.csv,0.2108185920577617,2770
Clade B vs. A reference,VFG015851.nogap.dedup.nt_ali_0v1_G0_groupwise_dnds.csv,0.2101787174066244,2838
Clade B vs. A reference,VFG015852.nogap.dedup.nt_ali_0v1_G0_groupwise_dnds.csv,0.04592395209580838,2839
Clade B vs. A reference,VFG015853.nogap.dedup.nt_ali_0v1_G0_groupwise_dnds.csv,0.04592395209580838,2839
Clade B vs. A reference,VFG015854.nogap.dedup.nt_ali_0v1_G0_groupwise_dnds.csv,0.04592395209580838,2839
Clade B vs. A reference,VFG015856.nogap.dedup.nt_ali_0v1_G0_groupwise_dnds.csv,0.037735583067092654,2504
Clade B vs. A reference,VFG015858.nogap.dedup.nt_ali_0v1_G0_groupwise_dnds.csv,0.03766070053887606,2598
Clade B vs. A reference,VFG015862.nogap.dedup.nt_ali_0v1_G0_groupwise_dnds.csv,0.167488575560376,2766
Clade B vs. A reference,VFG015920.nogap.dedup.nt_ali_0v1_G0_groupwise_dnds.csv,0.055826791501620454,2777
Clade B vs. A reference,VFG015922.nogap.dedup.nt_ali_0v1_G0_groupwise_dnds.csv,0.055826791501620454,2777
Clade B vs. A reference,VFG015926.nogap.dedup.nt_ali_0v1_G0_groupwise_dnds.csv,0.059169513513513516,2775
Clade B vs. A reference,VFG015928.nogap.dedup.nt_ali_0v1_G0_groupwise_dnds.csv,0.059169513513513516,2775
Clade B vs. A reference,VFG015950.nogap.dedup.nt_ali_0v1_G0_groupwise_dnds.csv,0.050647359092520376,2821
Clade B vs. A reference,VFG015952.nogap.dedup.nt_ali_0v1_G0_groupwise_dnds.csv,0.050647359092520376,2821
Clade B vs. A reference,VFG016046.nogap.dedup.nt_ali_0v1_G0_groupwise_dnds.csv,0.04061083096590909,2816
Clade B vs. A reference,VFG016048.nogap.dedup.nt_ali_0v1_G0_groupwise_dnds.csv,0.040621654242101526,2817
Clade B vs. A reference,VFG016058.nogap.dedup.nt_ali_0v1_G0_groupwise_dnds.csv,0.05503966185276506,2839
Clade B vs. A reference,VFG016059.nogap.dedup.nt_ali_0v1_G0_groupwise_dnds.csv,0.05455116525423729,2832
Clade B vs. A reference,VFG016060.nogap.dedup.nt_ali_0v1_G0_groupwise_dnds.csv,0.05378277562522015,2839
Clade B vs. A reference,VFG016107.nogap.dedup.nt_ali_0v1_G0_groupwise_dnds.csv,0.3206543018335684,2836
Clade B vs. A reference,VFG016111.nogap.dedup.nt_ali_0v1_G0_groupwise_dnds.csv,0.2594906261054121,2827
Clade B vs. A reference,VFG016115.nogap.dedup.nt_ali_0v1_G0_groupwise_dnds.csv,0.1390679459843639,2814
Clade B vs. A reference,VFG016117.nogap.dedup.nt_ali_0v1_G0_groupwise_dnds.csv,0.1326457627118644,2832
Clade B vs. A reference,VFG016118.nogap.dedup.nt_ali_0v1_G0_groupwise_dnds.csv,0.1336754943502825,2832
Clade B vs. A reference,VFG016122.nogap.dedup.nt_ali_0v1_G0_groupwise_dnds.csv,0.21626728939020087,2837
Clade B vs. A reference,VFG016130.nogap.dedup.nt_ali_0v1_G0_groupwise_dnds.csv,0.12513846424797465,2839
Clade B vs. A reference,VFG016146.nogap.dedup.nt_ali_0v1_G0_groupwise_dnds.csv,0.1278874162848079,2837
Clade B vs. A reference,VFG016153.nogap.dedup.nt_ali_0v1_G0_groupwise_dnds.csv,0.02841156558533145,2836
Clade B vs. A reference,VFG019737.nogap.dedup.nt_ali_0v1_G0_groupwise_dnds.csv,0.014852993269571381,2823
Clade B vs. A reference,VFG019744.nogap.dedup.nt_ali_0v1_G0_groupwise_dnds.csv,0.0035457364341085268,2838
Clade B vs. A reference,VFG019758.nogap.dedup.nt_ali_0v1_G0_groupwise_dnds.csv,0.10047202821869487,2835
Clade B vs. A reference,VFG019759.nogap.dedup.nt_ali_0v1_G0_groupwise_dnds.csv,0.022186424541607897,2836
Clade B vs. A reference,VFG019761.nogap.dedup.nt_ali_0v1_G0_groupwise_dnds.csv,0.05969291754756871,2838
Clade B vs. A reference,VFG019768.nogap.dedup.nt_ali_0v1_G0_groupwise_dnds.csv,0.004692353770260747,2838
Clade B vs. A reference,VFG019771.nogap.dedup.nt_ali_0v1_G0_groupwise_dnds.csv,0.13546902748414377,2838
Clade B vs. A reference,VFG019773.nogap.dedup.nt_ali_0v1_G0_groupwise_dnds.csv,0.006801164842922697,2833
Clade B vs. A reference,VFG019790.nogap.dedup.nt_ali_0v1_G0_groupwise_dnds.csv,0.15726409893992935,2830
Clade B vs. A reference,VFG019797.nogap.dedup.nt_ali_0v1_G0_groupwise_dnds.csv,0.057734061289186324,2839
Clade B vs. A reference,VFG019805.nogap.dedup.nt_ali_0v1_G0_groupwise_dnds.csv,0.013246847481507572,2839
Clade B vs. A reference,VFG019807.nogap.dedup.nt_ali_0v1_G0_groupwise_dnds.csv,0.027503381472349417,2839
Clade B vs. A reference,VFG019823.nogap.dedup.nt_ali_0v1_G0_groupwise_dnds.csv,0.006264670658682635,2839
Clade B vs. A reference,VFG019825.nogap.dedup.nt_ali_0v1_G0_groupwise_dnds.csv,0.04419520789288231,2838
Clade B vs. A reference,VFG019827.nogap.dedup.nt_ali_0v1_G0_groupwise_dnds.csv,0.03302660324171952,2838
Clade B vs. A reference,VFG019831.nogap.dedup.nt_ali_0v1_G0_groupwise_dnds.csv,0.008717195207892882,2838
Clade B vs. A reference,VFG019833.nogap.dedup.nt_ali_0v1_G0_groupwise_dnds.csv,0.0012349312654212196,2837
Clade B vs. A reference,VFG019837.nogap.dedup.nt_ali_0v1_G0_groupwise_dnds.csv,0.009341352588939767,2839
Clade B vs. A reference,VFG019841.nogap.dedup.nt_ali_0v1_G0_groupwise_dnds.csv,0.21462507992895202,2815
Clade B vs. A reference,VFG019859.nogap.dedup.nt_ali_0v1_G0_groupwise_dnds.csv,0.02067030644593167,2839
Clade B vs. A reference,VFG019861.nogap.dedup.nt_ali_0v1_G0_groupwise_dnds.csv,0.055366236096160745,2787
Clade B vs. A reference,VFG019873.nogap.dedup.nt_ali_0v1_G0_groupwise_dnds.csv,0.007927748132337247,2811
Clade B vs. A reference,VFG019885.nogap.dedup.nt_ali_0v1_G0_groupwise_dnds.csv,0.026821142857142856,2800
Clade B vs. A reference,VFG019887.nogap.dedup.nt_ali_0v1_G0_groupwise_dnds.csv,0.0039609017259598445,2839
Clade B vs. A reference,VFG019889.nogap.dedup.nt_ali_0v1_G0_groupwise_dnds.csv,0.11795750528541225,2838
Clade B vs. A reference,VFG019891.nogap.dedup.nt_ali_0v1_G0_groupwise_dnds.csv,0.13545988023952096,2839
Clade B vs. A reference,VFG019893.nogap.dedup.nt_ali_0v1_G0_groupwise_dnds.csv,0.0449008104298802,2838
Clade B vs. A reference,VFG019895.nogap.dedup.nt_ali_0v1_G0_groupwise_dnds.csv,0.016781824586121874,2839
Clade B vs. A reference,VFG019897.nogap.dedup.nt_ali_0v1_G0_groupwise_dnds.csv,0.018894777699364852,2834
Clade B vs. A reference,VFG019899.nogap.dedup.nt_ali_0v1_G0_groupwise_dnds.csv,0.06801262341325812,2836
Clade B vs. A reference,VFG019901.nogap.dedup.nt_ali_0v1_G0_groupwise_dnds.csv,0.029486403663261707,2839
Clade B vs. A reference,VFG019905.nogap.dedup.nt_ali_0v1_G0_groupwise_dnds.csv,0.06570841845720324,2839
Clade B vs. A reference,VFG019907.nogap.dedup.nt_ali_0v1_G0_groupwise_dnds.csv,0.11009203945051073,2839
Clade B vs. A reference,VFG019916.nogap.dedup.nt_ali_0v1_G0_groupwise_dnds.csv,0.04531370683579986,2838
Clade B vs. A reference,VFG019921.nogap.dedup.nt_ali_0v1_G0_groupwise_dnds.csv,0.06549778090877069,2839
Clade B vs. A reference,VFG019924.nogap.dedup.nt_ali_0v1_G0_groupwise_dnds.csv,0.06580218463706836,2838
Clade B vs. A reference,VFG019932.nogap.dedup.nt_ali_0v1_G0_groupwise_dnds.csv,0.03350875886524823,2820
Clade B vs. A reference,VFG019941.nogap.dedup.nt_ali_0v1_G0_groupwise_dnds.csv,0.035024700493305146,2838
Clade B vs. A reference,VFG019945.nogap.dedup.nt_ali_0v1_G0_groupwise_dnds.csv,0.10193280479210712,2838
Clade B vs. A reference,VFG019951.nogap.dedup.nt_ali_0v1_G0_groupwise_dnds.csv,0.06792867206762945,2839
Clade B vs. A reference,VFG019957.nogap.dedup.nt_ali_0v1_G0_groupwise_dnds.csv,0.039102786596119925,2835
Clade B vs. A reference,VFG019961.nogap.dedup.nt_ali_0v1_G0_groupwise_dnds.csv,0.7565455099553028,2461
Clade B vs. A reference,VFG019968.nogap.dedup.nt_ali_0v1_G0_groupwise_dnds.csv,0.03643906305036985,2839
Clade B vs. A reference,VFG019969.nogap.dedup.nt_ali_0v1_G0_groupwise_dnds.csv,0.27378365045806907,2838
Clade B vs. A reference,VFG019979.nogap.dedup.nt_ali_0v1_G0_groupwise_dnds.csv,0.20370200987306064,2836
Clade B vs. A reference,VFG019981.nogap.dedup.nt_ali_0v1_G0_groupwise_dnds.csv,0.13686109936575053,2838
Clade B vs. A reference,VFG019983.nogap.dedup.nt_ali_0v1_G0_groupwise_dnds.csv,0.042828999295278364,2838
Clade B vs. A reference,VFG019987.nogap.dedup.nt_ali_0v1_G0_groupwise_dnds.csv,0.1296684637068358,2838
Clade B vs. A reference,VFG019993.nogap.dedup.nt_ali_0v1_G0_groupwise_dnds.csv,0.05000877378435517,2838
Clade B vs. A reference,VFG019995.nogap.dedup.nt_ali_0v1_G0_groupwise_dnds.csv,0.05845954897815363,2838
Clade B vs. A reference,VFG019997.nogap.dedup.nt_ali_0v1_G0_groupwise_dnds.csv,0.022594001411432606,2834
Clade B vs. A reference,VFG020001.nogap.dedup.nt_ali_0v1_G0_groupwise_dnds.csv,0.40167745947983413,2653
Clade B vs. A reference,VFG020003.nogap.dedup.nt_ali_0v1_G0_groupwise_dnds.csv,0.2607813140233133,2831
Clade B vs. A reference,VFG020007.nogap.dedup.nt_ali_0v1_G0_groupwise_dnds.csv,0.030648343904157858,2838
Clade B vs. A reference,VFG020014.nogap.dedup.nt_ali_0v1_G0_groupwise_dnds.csv,0.00627437433909059,2837
Clade B vs. A reference,VFG020016.nogap.dedup.nt_ali_0v1_G0_groupwise_dnds.csv,0.1239099823633157,2835
Clade B vs. A reference,VFG020018.nogap.dedup.nt_ali_0v1_G0_groupwise_dnds.csv,0.18707613676418752,2837
Clade B vs. A reference,VFG020020.nogap.dedup.nt_ali_0v1_G0_groupwise_dnds.csv,0.039814255319148936,2820
Clade B vs. A reference,VFG020026.nogap.dedup.nt_ali_0v1_G0_groupwise_dnds.csv,0.04993736145870576,2797
Clade B vs. A reference,VFG020036.nogap.dedup.nt_ali_0v1_G0_groupwise_dnds.csv,0.025630804679191772,2821
Clade B vs. A reference,VFG020037.nogap.dedup.nt_ali_0v1_G0_groupwise_dnds.csv,0.02925979527003177,2833
Clade B vs. A reference,VFG020038.nogap.dedup.nt_ali_0v1_G0_groupwise_dnds.csv,0.049981677237491196,2838
Clade B vs. A reference,VFG020039.nogap.dedup.nt_ali_0v1_G0_groupwise_dnds.csv,0.10042909026798309,2836
Clade B vs. A reference,VFG020040.nogap.dedup.nt_ali_0v1_G0_groupwise_dnds.csv,0.07684199576868829,2836
Clade B vs. A reference,VFG020041.nogap.dedup.nt_ali_0v1_G0_groupwise_dnds.csv,0.10024176947479732,2837
Clade B vs. A reference,VFG020043.nogap.dedup.nt_ali_0v1_G0_groupwise_dnds.csv,0.06738039492242594,2836
Clade B vs. A reference,VFG020044.nogap.dedup.nt_ali_0v1_G0_groupwise_dnds.csv,0.2101787174066244,2838
Clade B vs. A reference,VFG020045.nogap.dedup.nt_ali_0v1_G0_groupwise_dnds.csv,0.04592395209580838,2839
Clade B vs. A reference,VFG020047.nogap.dedup.nt_ali_0v1_G0_groupwise_dnds.csv,0.16747769342010124,2766
Clade B vs. A reference,VFG020049.nogap.dedup.nt_ali_0v1_G0_groupwise_dnds.csv,0.055826791501620454,2777
Clade B vs. A reference,VFG020051.nogap.dedup.nt_ali_0v1_G0_groupwise_dnds.csv,0.050647359092520376,2821
Clade B vs. A reference,VFG020072.nogap.dedup.nt_ali_0v1_G0_groupwise_dnds.csv,0.04061083096590909,2816
Clade B vs. A reference,VFG020074.nogap.dedup.nt_ali_0v1_G0_groupwise_dnds.csv,0.05511366678407889,2839
Clade B vs. A reference,VFG020086.nogap.dedup.nt_ali_0v1_G0_groupwise_dnds.csv,0.3206543018335684,2836
Clade B vs. A reference,VFG020087.nogap.dedup.nt_ali_0v1_G0_groupwise_dnds.csv,0.25920933852140077,2827
Clade B vs. A reference,VFG020088.nogap.dedup.nt_ali_0v1_G0_groupwise_dnds.csv,0.1390679459843639,2814
Clade B vs. A reference,VFG020089.nogap.dedup.nt_ali_0v1_G0_groupwise_dnds.csv,0.13318905367231637,2832
Clade B vs. A reference,VFG020090.nogap.dedup.nt_ali_0v1_G0_groupwise_dnds.csv,0.2162417694747973,2837
Clade B vs. A reference,VFG020092.nogap.dedup.nt_ali_0v1_G0_groupwise_dnds.csv,0.12476072560760831,2839
Clade B vs. A reference,VFG020095.nogap.dedup.nt_ali_0v1_G0_groupwise_dnds.csv,0.12806267183644696,2837
Clade B vs. A reference,VFG020096.nogap.dedup.nt_ali_0v1_G0_groupwise_dnds.csv,0.028395944992947814,2836
Clade B vs. A reference,VFG040875.nogap.dedup.nt_ali_0v1_G0_groupwise_dnds.csv,0.1554239928698752,2805
Clade B vs. A reference,VFG040877.nogap.dedup.nt_ali_0v1_G0_groupwise_dnds.csv,0.07765935506732814,2822
Clade B vs. A reference,VFG040878.nogap.dedup.nt_ali_0v1_G0_groupwise_dnds.csv,0.019489900779588946,2822
Clade B vs. A reference,VFG040879.nogap.dedup.nt_ali_0v1_G0_groupwise_dnds.csv,0.1045966323998582,2821
Clade B vs. A reference,VFG041011.nogap.dedup.nt_ali_0v1_G0_groupwise_dnds.csv,0.071004414447282,2741
Clade B vs. A reference,VFG041012.nogap.dedup.nt_ali_0v1_G0_groupwise_dnds.csv,0.5100799631506219,2171
Clade B vs. A reference,VFG041014.nogap.dedup.nt_ali_0v1_G0_groupwise_dnds.csv,0.11837129270870025,2839
Clade B vs. A reference,VFG041016.nogap.dedup.nt_ali_0v1_G0_groupwise_dnds.csv,0.0012238548273431995,2838
Clade B vs. A reference,VFG041018.nogap.dedup.nt_ali_0v1_G0_groupwise_dnds.csv,0.010987072912997534,2839
Clade B vs. A reference,VFG041019.nogap.dedup.nt_ali_0v1_G0_groupwise_dnds.csv,0.010899665800222797,2693
Clade B vs. A reference,VFG041020.nogap.dedup.nt_ali_0v1_G0_groupwise_dnds.csv,0.19156262768580484,2839
Clade B vs. A reference,VFG041021.nogap.dedup.nt_ali_0v1_G0_groupwise_dnds.csv,0.031030398027474464,2839
Clade B vs. A reference,VFG041023.nogap.dedup.nt_ali_0v1_G0_groupwise_dnds.csv,0.19044515674533288,2839
Clade B vs. A reference,VFG041025.nogap.dedup.nt_ali_0v1_G0_groupwise_dnds.csv,0.05740619936597394,2839
Clade B vs. A reference,VFG041027.nogap.dedup.nt_ali_0v1_G0_groupwise_dnds.csv,0.047787037689327225,2839
Clade B vs. A reference,VFG041031.nogap.dedup.nt_ali_0v1_G0_groupwise_dnds.csv,0.06318236344162799,2801
Clade B vs. A reference,VFG041032.nogap.dedup.nt_ali_0v1_G0_groupwise_dnds.csv,0.0801083515681984,2742
Clade B vs. A reference,VFG041033.nogap.dedup.nt_ali_0v1_G0_groupwise_dnds.csv,0.12911119429590015,2805
Clade B vs. A reference,VFG041035.nogap.dedup.nt_ali_0v1_G0_groupwise_dnds.csv,0.08444775481111903,2806
Clade B vs. A reference,VFG041038.nogap.dedup.nt_ali_0v1_G0_groupwise_dnds.csv,0.04293813257305774,2806
Clade B vs. A reference,VFG041041.nogap.dedup.nt_ali_0v1_G0_groupwise_dnds.csv,0.05612664051355207,2804
Clade B vs. A reference,VFG041042.nogap.dedup.nt_ali_0v1_G0_groupwise_dnds.csv,0.057808706647398844,2768
Clade B vs. A reference,VFG041043.nogap.dedup.nt_ali_0v1_G0_groupwise_dnds.csv,0.07422992907801418,2820
Clade B vs. A reference,VFG041047.nogap.dedup.nt_ali_0v1_G0_groupwise_dnds.csv,0.027362269606071556,2767
Clade B vs. A reference,VFG042297.nogap.dedup.nt_ali_0v1_G0_groupwise_dnds.csv,0.009590454385346952,2839
Clade B vs. A reference,VFG042695.nogap.dedup.nt_ali_0v1_G0_groupwise_dnds.csv,0.3948630698005698,2808
Clade B vs. A reference,VFG042696.nogap.dedup.nt_ali_0v1_G0_groupwise_dnds.csv,0.31625437189767086,2619
Clade B vs. A reference,VFG042698.nogap.dedup.nt_ali_0v1_G0_groupwise_dnds.csv,0.19100984555984554,2072
Clade B vs. A reference,VFG042699.nogap.dedup.nt_ali_0v1_G0_groupwise_dnds.csv,0.11773360338147235,2839
Clade B vs. A reference,VFG042701.nogap.dedup.nt_ali_0v1_G0_groupwise_dnds.csv,0.21261850407656857,2821
Clade B vs. A reference,VFG042706.nogap.dedup.nt_ali_0v1_G0_groupwise_dnds.csv,0.1842294721927028,2823
Clade B vs. A reference,VFG042735.nogap.dedup.nt_ali_0v1_G0_groupwise_dnds.csv,0.04562181113460183,2838
Clade B vs. A reference,VFG042736.nogap.dedup.nt_ali_0v1_G0_groupwise_dnds.csv,0.01858883409651286,2839
Clade B vs. A reference,VFG042738.nogap.dedup.nt_ali_0v1_G0_groupwise_dnds.csv,0.003210672772102853,2839
Clade B vs. A reference,VFG042740.nogap.dedup.nt_ali_0v1_G0_groupwise_dnds.csv,0.10032684989429178,2838
Clade B vs. A reference,VFG042744.nogap.dedup.nt_ali_0v1_G0_groupwise_dnds.csv,0.15555356135401974,2836
Clade B vs. A reference,VFG042749.nogap.dedup.nt_ali_0v1_G0_groupwise_dnds.csv,0.1808823093220339,2832
Clade B vs. A reference,VFG042750.nogap.dedup.nt_ali_0v1_G0_groupwise_dnds.csv,0.014365444287729194,2836
Clade B vs. A reference,VFG042751.nogap.dedup.nt_ali_0v1_G0_groupwise_dnds.csv,0.03097916666666667,2832
Clade B vs. A reference,VFG043014.nogap.dedup.nt_ali_0v1_G0_groupwise_dnds.csv,0.08838471878316237,2827
Clade B vs. A reference,VFG043015.nogap.dedup.nt_ali_0v1_G0_groupwise_dnds.csv,0.12117629996462681,2827
Clade B vs. A reference,VFG043480.nogap.dedup.nt_ali_0v1_G0_groupwise_dnds.csv,0.11362996645546034,2683
Clade B vs. A reference,VFG043648.nogap.dedup.nt_ali_0v1_G0_groupwise_dnds.csv,0.007287668320340184,2822
Clade B vs. A reference,VFG043810.nogap.dedup.nt_ali_0v1_G0_groupwise_dnds.csv,0.25660447813822285,2836
Clade B vs. A reference,VFG044081.nogap.dedup.nt_ali_0v1_G0_groupwise_dnds.csv,0.03842888410477216,2787
Clade B vs. A reference,VFG044089.nogap.dedup.nt_ali_0v1_G0_groupwise_dnds.csv,0.05435860366713681,2836
Clade B vs. A reference,VFG044090.nogap.dedup.nt_ali_0v1_G0_groupwise_dnds.csv,0.3088518322762509,2838
Clade B vs. A reference,VFG044091.nogap.dedup.nt_ali_0v1_G0_groupwise_dnds.csv,0.12854133192389006,2838
Clade B vs. A reference,VFG044093.nogap.dedup.nt_ali_0v1_G0_groupwise_dnds.csv,0.07160148043708142,2837
Clade B vs. A reference,VFG044096.nogap.dedup.nt_ali_0v1_G0_groupwise_dnds.csv,0.05614168725732439,2833
Clade B vs. A reference,VFG044097.nogap.dedup.nt_ali_0v1_G0_groupwise_dnds.csv,0.16782814265536725,2832
Clade B vs. A reference,VFG044101.nogap.dedup.nt_ali_0v1_G0_groupwise_dnds.csv,0.0032389724770642203,2725
Clade B vs. A reference,VFG044103.nogap.dedup.nt_ali_0v1_G0_groupwise_dnds.csv,0.11451063754843255,2839
Clade B vs. A reference,VFG044104.nogap.dedup.nt_ali_0v1_G0_groupwise_dnds.csv,0.015007057163020466,2834
Clade B vs. A reference,VFG044448.nogap.dedup.nt_ali_0v1_G0_groupwise_dnds.csv,0.103997816132441,2839
Clade B vs. A reference,VFG050297.nogap.dedup.nt_ali_0v1_G0_groupwise_dnds.csv,0.15080996925779533,2277
Clade B vs. A reference,VFG050300.nogap.dedup.nt_ali_0v1_G0_groupwise_dnds.csv,0.0149299365303244,2836
Clade B vs. A reference,VFG051484.nogap.dedup.nt_ali_0v1_G0_groupwise_dnds.csv,0.1387724417784051,2834
Clade B vs. A reference,VFG051485.nogap.dedup.nt_ali_0v1_G0_groupwise_dnds.csv,0.12053496769289243,2631
Clade B vs. A reference,VFG051487.nogap.dedup.nt_ali_0v1_G0_groupwise_dnds.csv,0.22942997771173848,2692
Clade B vs. A reference,VFG051488.nogap.dedup.nt_ali_0v1_G0_groupwise_dnds.csv,0.21005586474110605,2839
Clade B vs. A reference,VFG051489.nogap.dedup.nt_ali_0v1_G0_groupwise_dnds.csv,0.5032413170951736,2217
Clade B vs. A reference,VFG051491.nogap.dedup.nt_ali_0v1_G0_groupwise_dnds.csv,0.24867603092783508,2716
Clade B vs. A reference,VFG051504.nogap.dedup.nt_ali_0v1_G0_groupwise_dnds.csv,0.11837129270870025,2839
Clade B vs. A reference,VFG051507.nogap.dedup.nt_ali_0v1_G0_groupwise_dnds.csv,0.11837129270870025,2839
Clade B vs. A reference,VFG051519.nogap.dedup.nt_ali_0v1_G0_groupwise_dnds.csv,0.0012238548273431995,2838
Clade B vs. A reference,VFG051522.nogap.dedup.nt_ali_0v1_G0_groupwise_dnds.csv,0.0012238548273431995,2838
Clade B vs. A reference,VFG051535.nogap.dedup.nt_ali_0v1_G0_groupwise_dnds.csv,0.011907396970764351,2839
Clade B vs. A reference,VFG051538.nogap.dedup.nt_ali_0v1_G0_groupwise_dnds.csv,0.011907396970764351,2839
Clade B vs. A reference,VFG051543.nogap.dedup.nt_ali_0v1_G0_groupwise_dnds.csv,0.01068760653409091,2816
Clade B vs. A reference,VFG051546.nogap.dedup.nt_ali_0v1_G0_groupwise_dnds.csv,0.01071966512290702,2807
Clade B vs. A reference,VFG051551.nogap.dedup.nt_ali_0v1_G0_groupwise_dnds.csv,0.19156262768580484,2839
Clade B vs. A reference,VFG051554.nogap.dedup.nt_ali_0v1_G0_groupwise_dnds.csv,0.19156262768580484,2839
Clade B vs. A reference,VFG051567.nogap.dedup.nt_ali_0v1_G0_groupwise_dnds.csv,0.05740619936597394,2839
Clade B vs. A reference,VFG051568.nogap.dedup.nt_ali_0v1_G0_groupwise_dnds.csv,0.05740619936597394,2839
Clade B vs. A reference,VFG051570.nogap.dedup.nt_ali_0v1_G0_groupwise_dnds.csv,0.05740619936597394,2839
Clade B vs. A reference,VFG051583.nogap.dedup.nt_ali_0v1_G0_groupwise_dnds.csv,0.047787037689327225,2839
Clade B vs. A reference,VFG051584.nogap.dedup.nt_ali_0v1_G0_groupwise_dnds.csv,0.04778510038746037,2839
Clade B vs. A reference,VFG051586.nogap.dedup.nt_ali_0v1_G0_groupwise_dnds.csv,0.04778510038746037,2839
Clade B vs. A reference,VFG051593.nogap.dedup.nt_ali_0v1_G0_groupwise_dnds.csv,0.30748230798624376,2617
Clade B vs. A reference,VFG051596.nogap.dedup.nt_ali_0v1_G0_groupwise_dnds.csv,0.17860749116607774,2830
Clade B vs. A reference,VFG051601.nogap.dedup.nt_ali_0v1_G0_groupwise_dnds.csv,0.08010827862873815,2742
Clade B vs. A reference,VFG051602.nogap.dedup.nt_ali_0v1_G0_groupwise_dnds.csv,0.0801083515681984,2742
Clade B vs. A reference,VFG051604.nogap.dedup.nt_ali_0v1_G0_groupwise_dnds.csv,0.0801083515681984,2742
Clade B vs. A reference,VFG051606.nogap.dedup.nt_ali_0v1_G0_groupwise_dnds.csv,0.12911119429590015,2805
Clade B vs. A reference,VFG051607.nogap.dedup.nt_ali_0v1_G0_groupwise_dnds.csv,0.12911247771836007,2805
Clade B vs. A reference,VFG051609.nogap.dedup.nt_ali_0v1_G0_groupwise_dnds.csv,0.13037197860962565,2805
Clade B vs. A reference,VFG051616.nogap.dedup.nt_ali_0v1_G0_groupwise_dnds.csv,0.08444775481111903,2806
Clade B vs. A reference,VFG051617.nogap.dedup.nt_ali_0v1_G0_groupwise_dnds.csv,0.08444775481111903,2806
Clade B vs. A reference,VFG051619.nogap.dedup.nt_ali_0v1_G0_groupwise_dnds.csv,0.08444212401995722,2806
Clade B vs. A reference,VFG051626.nogap.dedup.nt_ali_0v1_G0_groupwise_dnds.csv,0.04293813257305774,2806
Clade B vs. A reference,VFG051627.nogap.dedup.nt_ali_0v1_G0_groupwise_dnds.csv,0.04293813257305774,2806
Clade B vs. A reference,VFG051629.nogap.dedup.nt_ali_0v1_G0_groupwise_dnds.csv,0.04293813257305774,2806
Clade B vs. A reference,VFG051641.nogap.dedup.nt_ali_0v1_G0_groupwise_dnds.csv,0.05612250356633381,2804
Clade B vs. A reference,VFG051642.nogap.dedup.nt_ali_0v1_G0_groupwise_dnds.csv,0.05612250356633381,2804
Clade B vs. A reference,VFG051644.nogap.dedup.nt_ali_0v1_G0_groupwise_dnds.csv,0.05612250356633381,2804
Clade B vs. A reference,VFG051646.nogap.dedup.nt_ali_0v1_G0_groupwise_dnds.csv,0.05783789245759653,2771
Clade B vs. A reference,VFG051647.nogap.dedup.nt_ali_0v1_G0_groupwise_dnds.csv,0.05793487953973391,2781
Clade B vs. A reference,VFG051649.nogap.dedup.nt_ali_0v1_G0_groupwise_dnds.csv,0.05785136298421808,2788
Clade B vs. A reference,VFG051651.nogap.dedup.nt_ali_0v1_G0_groupwise_dnds.csv,0.07426560283687943,2820
Clade B vs. A reference,VFG051652.nogap.dedup.nt_ali_0v1_G0_groupwise_dnds.csv,1.2192743243243243,2812
Clade B vs. A reference,VFG051654.nogap.dedup.nt_ali_0v1_G0_groupwise_dnds.csv,0.07426560283687943,2820
Clade B vs. A reference,VFG051661.nogap.dedup.nt_ali_0v1_G0_groupwise_dnds.csv,0.18188925678055654,2839
Clade B vs. A reference,VFG051663.nogap.dedup.nt_ali_0v1_G0_groupwise_dnds.csv,0.20273490665727367,2839
Clade B vs. A reference,VFG051818.nogap.dedup.nt_ali_0v1_G0_groupwise_dnds.csv,0.027362269606071556,2767
Clade B vs. A reference,VFG051819.nogap.dedup.nt_ali_0v1_G0_groupwise_dnds.csv,0.027374945770065075,2766
Clade B vs. A reference,VFG051821.nogap.dedup.nt_ali_0v1_G0_groupwise_dnds.csv,0.027362269606071556,2767
Clade B vs. A reference,VFG051830.nogap.dedup.nt_ali_0v1_G0_groupwise_dnds.csv,0.13873662667607622,2834
Clade B vs. A reference,VFG051833.nogap.dedup.nt_ali_0v1_G0_groupwise_dnds.csv,0.13878775582215946,2834
Clade B vs. A reference,VFG051834.nogap.dedup.nt_ali_0v1_G0_groupwise_dnds.csv,0.12054410646387831,2630
Clade B vs. B reference,VFG000115.nogap.dedup.nt_ali_0v0_G0_groupwise_dnds.csv,0.17661679687499998,2304
Clade B vs. B reference,VFG000116.nogap.dedup.nt_ali_0v0_G0_groupwise_dnds.csv,0.03039148321905449,2771
Clade B vs. B reference,VFG000120.nogap.dedup.nt_ali_0v0_G0_groupwise_dnds.csv,0.021380240793201135,2824
Clade B vs. B reference,VFG000122.nogap.dedup.nt_ali_0v0_G0_groupwise_dnds.csv,0.0019861630780091772,2833
Clade B vs. B reference,VFG000123.nogap.dedup.nt_ali_0v0_G0_groupwise_dnds.csv,0.04820685975609756,2624
Clade B vs. B reference,VFG000124.nogap.dedup.nt_ali_0v0_G0_groupwise_dnds.csv,0.008620112715744982,2839
Clade B vs. B reference,VFG000125.nogap.dedup.nt_ali_0v0_G0_groupwise_dnds.csv,0.1037701866181156,2197
Clade B vs. B reference,VFG000126.nogap.dedup.nt_ali_0v0_G0_groupwise_dnds.csv,0.0718640565317036,2618
Clade B vs. B reference,VFG000127.nogap.dedup.nt_ali_0v0_G0_groupwise_dnds.csv,0.09464989399293286,2830
Clade B vs. B reference,VFG000128.nogap.dedup.nt_ali_0v0_G0_groupwise_dnds.csv,0.036319865913902606,2834
Clade B vs. B reference,VFG000129.nogap.dedup.nt_ali_0v0_G0_groupwise_dnds.csv,0.019818385826771655,2540
Clade B vs. B reference,VFG000130.nogap.dedup.nt_ali_0v0_G0_groupwise_dnds.csv,0.08811422351233672,2756
Clade B vs. B reference,VFG000131.nogap.dedup.nt_ali_0v0_G0_groupwise_dnds.csv,0.05441888138138138,2664
Clade B vs. B reference,VFG000133.nogap.dedup.nt_ali_0v0_G0_groupwise_dnds.csv,0.015907862223886186,2671
Clade B vs. B reference,VFG000139.nogap.dedup.nt_ali_0v0_G0_groupwise_dnds.csv,0.2892329090909091,2750
Clade B vs. B reference,VFG000141.nogap.dedup.nt_ali_0v0_G0_groupwise_dnds.csv,0.21801551387260654,2559
Clade B vs. B reference,VFG000142.nogap.dedup.nt_ali_0v0_G0_groupwise_dnds.csv,0.044120980319346456,2693
Clade B vs. B reference,VFG000143.nogap.dedup.nt_ali_0v0_G0_groupwise_dnds.csv,0.006752404207362885,2662
Clade B vs. B reference,VFG000144.nogap.dedup.nt_ali_0v0_G0_groupwise_dnds.csv,0.04331267019667171,2644
Clade B vs. B reference,VFG000145.nogap.dedup.nt_ali_0v0_G0_groupwise_dnds.csv,0.06686291975963238,2829
Clade B vs. B reference,VFG000146.nogap.dedup.nt_ali_0v0_G0_groupwise_dnds.csv,0.012255026833631485,2795
Clade B vs. B reference,VFG000148.nogap.dedup.nt_ali_0v0_G0_groupwise_dnds.csv,0.3368896577380952,2688
Clade B vs. B reference,VFG000155.nogap.dedup.nt_ali_0v0_G0_groupwise_dnds.csv,0.01873769708552317,2093
Clade B vs. B reference,VFG000157.nogap.dedup.nt_ali_0v0_G0_groupwise_dnds.csv,0.09516326253953908,2213
Clade B vs. B reference,VFG000164.nogap.dedup.nt_ali_0v0_G0_groupwise_dnds.csv,0.031188515709642466,2769
Clade B vs. B reference,VFG000165.nogap.dedup.nt_ali_0v0_G0_groupwise_dnds.csv,0.2780592370187213,2831
Clade B vs. B reference,VFG000166.nogap.dedup.nt_ali_0v0_G0_groupwise_dnds.csv,0.4918486621476989,2803
Clade B vs. B reference,VFG000168.nogap.dedup.nt_ali_0v0_G0_groupwise_dnds.csv,0.1709837037037037,2835
Clade B vs. B reference,VFG000171.nogap.dedup.nt_ali_0v0_G0_groupwise_dnds.csv,0.3092010762751521,2137
Clade B vs. B reference,VFG000172.nogap.dedup.nt_ali_0v0_G0_groupwise_dnds.csv,0.027109894291754758,2365
Clade B vs. B reference,VFG000173.nogap.dedup.nt_ali_0v0_G0_groupwise_dnds.csv,0.062312868217054264,2580
Clade B vs. B reference,VFG000175.nogap.dedup.nt_ali_0v0_G0_groupwise_dnds.csv,0.07125103697024346,2218
Clade B vs. B reference,VFG000176.nogap.dedup.nt_ali_0v0_G0_groupwise_dnds.csv,0.015147622585438336,2692
Clade B vs. B reference,VFG000181.nogap.dedup.nt_ali_0v0_G0_groupwise_dnds.csv,0.0257517800493479,2837
Clade B vs. B reference,VFG000182.nogap.dedup.nt_ali_0v0_G0_groupwise_dnds.csv,0.028264998237574907,2837
Clade B vs. B reference,VFG000185.nogap.dedup.nt_ali_0v0_G0_groupwise_dnds.csv,0.03154429409111412,2217
Clade B vs. B reference,VFG000192.nogap.dedup.nt_ali_0v0_G0_groupwise_dnds.csv,0.04145704175513093,2826
Clade B vs. B reference,VFG000198.nogap.dedup.nt_ali_0v0_G0_groupwise_dnds.csv,0.028943935119887167,2836
Clade B vs. B reference,VFG000203.nogap.dedup.nt_ali_0v0_G0_groupwise_dnds.csv,0.061492409381663116,2345
Clade B vs. B reference,VFG000211.nogap.dedup.nt_ali_0v0_G0_groupwise_dnds.csv,0.06933124339556183,2839
Clade B vs. B reference,VFG000212.nogap.dedup.nt_ali_0v0_G0_groupwise_dnds.csv,0.20215105762217359,2742
Clade B vs. B reference,VFG001213.nogap.dedup.nt_ali_0v0_G0_groupwise_dnds.csv,0.05832037562012757,2822
Clade B vs. B reference,VFG001214.nogap.dedup.nt_ali_0v0_G0_groupwise_dnds.csv,0.012701902078196547,2839
Clade B vs. B reference,VFG001222.nogap.dedup.nt_ali_0v0_G0_groupwise_dnds.csv,0.017439099610067354,2821
Clade B vs. B reference,VFG001223.nogap.dedup.nt_ali_0v0_G0_groupwise_dnds.csv,0.00025536419088625765,2787
Clade B vs. B reference,VFG001224.nogap.dedup.nt_ali_0v0_G0_groupwise_dnds.csv,0.0894092318788316,2773
Clade B vs. B reference,VFG001228.nogap.dedup.nt_ali_0v0_G0_groupwise_dnds.csv,0.007683615221987314,2838
Clade B vs. B reference,VFG001230.nogap.dedup.nt_ali_0v0_G0_groupwise_dnds.csv,0.20511584892340276,2833
Clade B vs. B reference,VFG001231.nogap.dedup.nt_ali_0v0_G0_groupwise_dnds.csv,0.21382083186464573,2837
Clade B vs. B reference,VFG001232.nogap.dedup.nt_ali_0v0_G0_groupwise_dnds.csv,0.0038518518518518524,2592
Clade B vs. B reference,VFG001238.nogap.dedup.nt_ali_0v0_G0_groupwise_dnds.csv,0.0029245508982035933,2839
Clade B vs. B reference,VFG001242.nogap.dedup.nt_ali_0v0_G0_groupwise_dnds.csv,0.01663859710962284,2837
Clade B vs. B reference,VFG001243.nogap.dedup.nt_ali_0v0_G0_groupwise_dnds.csv,0.04566043193212494,2593
Clade B vs. B reference,VFG001248.nogap.dedup.nt_ali_0v0_G0_groupwise_dnds.csv,0.014778512396694215,2783
Clade B vs. B reference,VFG001249.nogap.dedup.nt_ali_0v0_G0_groupwise_dnds.csv,0.0248479472693032,2655
Clade B vs. B reference,VFG001251.nogap.dedup.nt_ali_0v0_G0_groupwise_dnds.csv,0.009765851063829786,2820
Clade B vs. B reference,VFG001252.nogap.dedup.nt_ali_0v0_G0_groupwise_dnds.csv,0.0015289640591966173,2838
Clade B vs. B reference,VFG001254.nogap.dedup.nt_ali_0v0_G0_groupwise_dnds.csv,0.018249734136830908,2821
Clade B vs. B reference,VFG001262.nogap.dedup.nt_ali_0v0_G0_groupwise_dnds.csv,0.0026192511480042386,2831
Clade B vs. B reference,VFG001263.nogap.dedup.nt_ali_0v0_G0_groupwise_dnds.csv,0.0071232136509065055,2813
Clade B vs. B reference,VFG001264.nogap.dedup.nt_ali_0v0_G0_groupwise_dnds.csv,0.07305814873417721,2528
Clade B vs. B reference,VFG001266.nogap.dedup.nt_ali_0v0_G0_groupwise_dnds.csv,0.25596795707167497,2609
Clade B vs. B reference,VFG001267.nogap.dedup.nt_ali_0v0_G0_groupwise_dnds.csv,0.32735197393637405,2609
Clade B vs. B reference,VFG001268.nogap.dedup.nt_ali_0v0_G0_groupwise_dnds.csv,0.13626934306569344,2740
Clade B vs. B reference,VFG002057.nogap.dedup.nt_ali_0v0_G0_groupwise_dnds.csv,0.08193051730554522,2687
Clade B vs. B reference,VFG002058.nogap.dedup.nt_ali_0v0_G0_groupwise_dnds.csv,0.0436419401896426,2742
Clade B vs. B reference,VFG002060.nogap.dedup.nt_ali_0v0_G0_groupwise_dnds.csv,0.1943149685068544,2699
Clade B vs. B reference,VFG002063.nogap.dedup.nt_ali_0v0_G0_groupwise_dnds.csv,0.026500317124735728,2838
Clade B vs. B reference,VFG002064.nogap.dedup.nt_ali_0v0_G0_groupwise_dnds.csv,0.1338921171171171,2664
Clade B vs. B reference,VFG002065.nogap.dedup.nt_ali_0v0_G0_groupwise_dnds.csv,0.07326065340909091,2816
Clade B vs. B reference,VFG002067.nogap.dedup.nt_ali_0v0_G0_groupwise_dnds.csv,0.1547600076394194,2618
Clade B vs. B reference,VFG002068.nogap.dedup.nt_ali_0v0_G0_groupwise_dnds.csv,0.07935961538461539,2808
Clade B vs. B reference,VFG002070.nogap.dedup.nt_ali_0v0_G0_groupwise_dnds.csv,0.06767899929527837,2838
Clade B vs. B reference,VFG002074.nogap.dedup.nt_ali_0v0_G0_groupwise_dnds.csv,0.021509869580542827,2837
Clade B vs. B reference,VFG002075.nogap.dedup.nt_ali_0v0_G0_groupwise_dnds.csv,0.010615949269792467,2602
Clade B vs. B reference,VFG002076.nogap.dedup.nt_ali_0v0_G0_groupwise_dnds.csv,0.19751080074487895,2685
Clade B vs. B reference,VFG002077.nogap.dedup.nt_ali_0v0_G0_groupwise_dnds.csv,0.11095425531914895,2820
Clade B vs. B reference,VFG013836.nogap.dedup.nt_ali_0v0_G0_groupwise_dnds.csv,0.017439099610067354,2821
Clade B vs. B reference,VFG013897.nogap.dedup.nt_ali_0v0_G0_groupwise_dnds.csv,0.0002635925925925926,2700
Clade B vs. B reference,VFG013898.nogap.dedup.nt_ali_0v0_G0_groupwise_dnds.csv,0.00025536419088625765,2787
Clade B vs. B reference,VFG013910.nogap.dedup.nt_ali_0v0_G0_groupwise_dnds.csv,0.0893352686620988,2773
Clade B vs. B reference,VFG013911.nogap.dedup.nt_ali_0v0_G0_groupwise_dnds.csv,0.0894092318788316,2773
Clade B vs. B reference,VFG013973.nogap.dedup.nt_ali_0v0_G0_groupwise_dnds.csv,0.20527864454641723,2833
Clade B vs. B reference,VFG013986.nogap.dedup.nt_ali_0v0_G0_groupwise_dnds.csv,0.012701902078196547,2839
Clade B vs. B reference,VFG013996.nogap.dedup.nt_ali_0v0_G0_groupwise_dnds.csv,0.05832037562012757,2822
Clade B vs. B reference,VFG014043.nogap.dedup.nt_ali_0v0_G0_groupwise_dnds.csv,0.007710394644115575,2838
Clade B vs. B reference,VFG014044.nogap.dedup.nt_ali_0v0_G0_groupwise_dnds.csv,0.007683615221987314,2838
Clade B vs. B reference,VFG014062.nogap.dedup.nt_ali_0v0_G0_groupwise_dnds.csv,0.21378054282692985,2837
Clade B vs. B reference,VFG014075.nogap.dedup.nt_ali_0v0_G0_groupwise_dnds.csv,0.0038503663709988437,2593
Clade B vs. B reference,VFG014117.nogap.dedup.nt_ali_0v0_G0_groupwise_dnds.csv,0.10330646425073457,1021
Clade B vs. B reference,VFG014147.nogap.dedup.nt_ali_0v0_G0_groupwise_dnds.csv,1.0718363089267804,997
Clade B vs. B reference,VFG014189.nogap.dedup.nt_ali_0v0_G0_groupwise_dnds.csv,0.0029245508982035933,2839
Clade B vs. B reference,VFG014240.nogap.dedup.nt_ali_0v0_G0_groupwise_dnds.csv,0.016360665015917934,2827
Clade B vs. B reference,VFG014241.nogap.dedup.nt_ali_0v0_G0_groupwise_dnds.csv,0.01663859710962284,2837
Clade B vs. B reference,VFG014254.nogap.dedup.nt_ali_0v0_G0_groupwise_dnds.csv,0.04566043193212494,2593
Clade B vs. B reference,VFG014358.nogap.dedup.nt_ali_0v0_G0_groupwise_dnds.csv,0.014778512396694215,2783
Clade B vs. B reference,VFG014369.nogap.dedup.nt_ali_0v0_G0_groupwise_dnds.csv,0.04120508173418621,2814
Clade B vs. B reference,VFG014371.nogap.dedup.nt_ali_0v0_G0_groupwise_dnds.csv,0.04120508173418621,2814
Clade B vs. B reference,VFG014384.nogap.dedup.nt_ali_0v0_G0_groupwise_dnds.csv,0.0248479472693032,2655
Clade B vs. B reference,VFG014409.nogap.dedup.nt_ali_0v0_G0_groupwise_dnds.csv,0.009778085106382981,2820
Clade B vs. B reference,VFG014410.nogap.dedup.nt_ali_0v0_G0_groupwise_dnds.csv,0.009765851063829786,2820
Clade B vs. B reference,VFG014423.nogap.dedup.nt_ali_0v0_G0_groupwise_dnds.csv,0.0015289640591966173,2838
Clade B vs. B reference,VFG014449.nogap.dedup.nt_ali_0v0_G0_groupwise_dnds.csv,0.018249734136830908,2821
Clade B vs. B reference,VFG014473.nogap.dedup.nt_ali_0v0_G0_groupwise_dnds.csv,0.13421555007052188,2836
Clade B vs. B reference,VFG014475.nogap.dedup.nt_ali_0v0_G0_groupwise_dnds.csv,0.13421555007052188,2836
Clade B vs. B reference,VFG014501.nogap.dedup.nt_ali_0v0_G0_groupwise_dnds.csv,0.0019730913173652696,2672
Clade B vs. B reference,VFG014579.nogap.dedup.nt_ali_0v0_G0_groupwise_dnds.csv,0.0026192511480042386,2831
Clade B vs. B reference,VFG014591.nogap.dedup.nt_ali_0v0_G0_groupwise_dnds.csv,0.0071232136509065055,2813
Clade B vs. B reference,VFG014592.nogap.dedup.nt_ali_0v0_G0_groupwise_dnds.csv,0.0071232136509065055,2813
Clade B vs. B reference,VFG014605.nogap.dedup.nt_ali_0v0_G0_groupwise_dnds.csv,0.07305814873417721,2528
Clade B vs. B reference,VFG014681.nogap.dedup.nt_ali_0v0_G0_groupwise_dnds.csv,0.010997465191003213,2801
Clade B vs. B reference,VFG014683.nogap.dedup.nt_ali_0v0_G0_groupwise_dnds.csv,0.010976114081996434,2805
Clade B vs. B reference,VFG014747.nogap.dedup.nt_ali_0v0_G0_groupwise_dnds.csv,0.0017376632545005296,2833
Clade B vs. B reference,VFG014748.nogap.dedup.nt_ali_0v0_G0_groupwise_dnds.csv,0.0019861630780091772,2833
Clade B vs. B reference,VFG014759.nogap.dedup.nt_ali_0v0_G0_groupwise_dnds.csv,0.04820685975609756,2624
Clade B vs. B reference,VFG014760.nogap.dedup.nt_ali_0v0_G0_groupwise_dnds.csv,0.04820685975609756,2624
Clade B vs. B reference,VFG014771.nogap.dedup.nt_ali_0v0_G0_groupwise_dnds.csv,0.008620112715744982,2839
Clade B vs. B reference,VFG014772.nogap.dedup.nt_ali_0v0_G0_groupwise_dnds.csv,0.008620112715744982,2839
Clade B vs. B reference,VFG014783.nogap.dedup.nt_ali_0v0_G0_groupwise_dnds.csv,0.10541078743741467,2197
Clade B vs. B reference,VFG014784.nogap.dedup.nt_ali_0v0_G0_groupwise_dnds.csv,0.1037701866181156,2197
Clade B vs. B reference,VFG014796.nogap.dedup.nt_ali_0v0_G0_groupwise_dnds.csv,0.0718640565317036,2618
Clade B vs. B reference,VFG014797.nogap.dedup.nt_ali_0v0_G0_groupwise_dnds.csv,0.0718640565317036,2618
Clade B vs. B reference,VFG014808.nogap.dedup.nt_ali_0v0_G0_groupwise_dnds.csv,0.09008130081300812,2829
Clade B vs. B reference,VFG014809.nogap.dedup.nt_ali_0v0_G0_groupwise_dnds.csv,0.09464989399293286,2830
Clade B vs. B reference,VFG014820.nogap.dedup.nt_ali_0v0_G0_groupwise_dnds.csv,0.036385638673253354,2834
Clade B vs. B reference,VFG014821.nogap.dedup.nt_ali_0v0_G0_groupwise_dnds.csv,0.036319865913902606,2834
Clade B vs. B reference,VFG014832.nogap.dedup.nt_ali_0v0_G0_groupwise_dnds.csv,0.01986531176006314,2534
Clade B vs. B reference,VFG014833.nogap.dedup.nt_ali_0v0_G0_groupwise_dnds.csv,0.019818385826771655,2540
Clade B vs. B reference,VFG014844.nogap.dedup.nt_ali_0v0_G0_groupwise_dnds.csv,0.08811745283018868,2756
Clade B vs. B reference,VFG014845.nogap.dedup.nt_ali_0v0_G0_groupwise_dnds.csv,0.08811422351233672,2756
Clade B vs. B reference,VFG014857.nogap.dedup.nt_ali_0v0_G0_groupwise_dnds.csv,0.054234259954921114,2662
Clade B vs. B reference,VFG014858.nogap.dedup.nt_ali_0v0_G0_groupwise_dnds.csv,0.05441888138138138,2664
Clade B vs. B reference,VFG014881.nogap.dedup.nt_ali_0v0_G0_groupwise_dnds.csv,0.015907862223886186,2671
Clade B vs. B reference,VFG014882.nogap.dedup.nt_ali_0v0_G0_groupwise_dnds.csv,0.015907862223886186,2671
Clade B vs. B reference,VFG014893.nogap.dedup.nt_ali_0v0_G0_groupwise_dnds.csv,0.14592819683908045,2784
Clade B vs. B reference,VFG014895.nogap.dedup.nt_ali_0v0_G0_groupwise_dnds.csv,0.14592819683908045,2784
Clade B vs. B reference,VFG014950.nogap.dedup.nt_ali_0v0_G0_groupwise_dnds.csv,0.1283063559322034,2832
Clade B vs. B reference,VFG014951.nogap.dedup.nt_ali_0v0_G0_groupwise_dnds.csv,0.1283063559322034,2832
Clade B vs. B reference,VFG014952.nogap.dedup.nt_ali_0v0_G0_groupwise_dnds.csv,0.1283063559322034,2832
Clade B vs. B reference,VFG014978.nogap.dedup.nt_ali_0v0_G0_groupwise_dnds.csv,0.021380240793201135,2824
Clade B vs. B reference,VFG014984.nogap.dedup.nt_ali_0v0_G0_groupwise_dnds.csv,0.013937341325811004,2836
Clade B vs. B reference,VFG014986.nogap.dedup.nt_ali_0v0_G0_groupwise_dnds.csv,0.013937341325811004,2836
Clade B vs. B reference,VFG015000.nogap.dedup.nt_ali_0v0_G0_groupwise_dnds.csv,0.12600358047016275,2765
Clade B vs. B reference,VFG015001.nogap.dedup.nt_ali_0v0_G0_groupwise_dnds.csv,0.12598954792043401,2765
Clade B vs. B reference,VFG015002.nogap.dedup.nt_ali_0v0_G0_groupwise_dnds.csv,0.12600358047016275,2765
Clade B vs. B reference,VFG015044.nogap.dedup.nt_ali_0v0_G0_groupwise_dnds.csv,0.01873769708552317,2093
Clade B vs. B reference,VFG015067.nogap.dedup.nt_ali_0v0_G0_groupwise_dnds.csv,0.04191038495971352,2234
Clade B vs. B reference,VFG015069.nogap.dedup.nt_ali_0v0_G0_groupwise_dnds.csv,0.04411700984780662,2234
Clade B vs. B reference,VFG015094.nogap.dedup.nt_ali_0v0_G0_groupwise_dnds.csv,0.03147331233123313,2222
Clade B vs. B reference,VFG015108.nogap.dedup.nt_ali_0v0_G0_groupwise_dnds.csv,0.04252101910828025,2826
Clade B vs. B reference,VFG015120.nogap.dedup.nt_ali_0v0_G0_groupwise_dnds.csv,0.028943935119887167,2836
Clade B vs. B reference,VFG015130.nogap.dedup.nt_ali_0v0_G0_groupwise_dnds.csv,0.061492409381663116,2345
Clade B vs. B reference,VFG015146.nogap.dedup.nt_ali_0v0_G0_groupwise_dnds.csv,0.06933124339556183,2839
Clade B vs. B reference,VFG015148.nogap.dedup.nt_ali_0v0_G0_groupwise_dnds.csv,0.1852690741638391,2063
Clade B vs. B reference,VFG015168.nogap.dedup.nt_ali_0v0_G0_groupwise_dnds.csv,0.3383984334203655,2681
Clade B vs. B reference,VFG015365.nogap.dedup.nt_ali_0v0_G0_groupwise_dnds.csv,0.08193051730554522,2687
Clade B vs. B reference,VFG015366.nogap.dedup.nt_ali_0v0_G0_groupwise_dnds.csv,0.08193051730554522,2687
Clade B vs. B reference,VFG015372.nogap.dedup.nt_ali_0v0_G0_groupwise_dnds.csv,0.04365156819839533,2742
Clade B vs. B reference,VFG015373.nogap.dedup.nt_ali_0v0_G0_groupwise_dnds.csv,0.0436419401896426,2742
Clade B vs. B reference,VFG015386.nogap.dedup.nt_ali_0v0_G0_groupwise_dnds.csv,0.19686898851426451,2699
Clade B vs. B reference,VFG015387.nogap.dedup.nt_ali_0v0_G0_groupwise_dnds.csv,0.19877080400148206,2699
Clade B vs. B reference,VFG015403.nogap.dedup.nt_ali_0v0_G0_groupwise_dnds.csv,0.026361980267794217,2838
Clade B vs. B reference,VFG015404.nogap.dedup.nt_ali_0v0_G0_groupwise_dnds.csv,0.026361980267794217,2838
Clade B vs. B reference,VFG015412.nogap.dedup.nt_ali_0v0_G0_groupwise_dnds.csv,0.13328434684684684,2664
Clade B vs. B reference,VFG015413.nogap.dedup.nt_ali_0v0_G0_groupwise_dnds.csv,0.1338921171171171,2664
Clade B vs. B reference,VFG015417.nogap.dedup.nt_ali_0v0_G0_groupwise_dnds.csv,0.07326065340909091,2816
Clade B vs. B reference,VFG015418.nogap.dedup.nt_ali_0v0_G0_groupwise_dnds.csv,0.07326065340909091,2816
Clade B vs. B reference,VFG015433.nogap.dedup.nt_ali_0v0_G0_groupwise_dnds.csv,0.21949101251422073,2637
Clade B vs. B reference,VFG015438.nogap.dedup.nt_ali_0v0_G0_groupwise_dnds.csv,0.07906083866382373,2814
Clade B vs. B reference,VFG015447.nogap.dedup.nt_ali_0v0_G0_groupwise_dnds.csv,0.06767899929527837,2838
Clade B vs. B reference,VFG015448.nogap.dedup.nt_ali_0v0_G0_groupwise_dnds.csv,0.06767899929527837,2838
Clade B vs. B reference,VFG015473.nogap.dedup.nt_ali_0v0_G0_groupwise_dnds.csv,0.02142696510398308,2837
Clade B vs. B reference,VFG015474.nogap.dedup.nt_ali_0v0_G0_groupwise_dnds.csv,0.021509869580542827,2837
Clade B vs. B reference,VFG015483.nogap.dedup.nt_ali_0v0_G0_groupwise_dnds.csv,0.010620030757401,2601
Clade B vs. B reference,VFG015491.nogap.dedup.nt_ali_0v0_G0_groupwise_dnds.csv,0.19243385474860333,2685
Clade B vs. B reference,VFG015492.nogap.dedup.nt_ali_0v0_G0_groupwise_dnds.csv,0.19751080074487895,2685
Clade B vs. B reference,VFG015500.nogap.dedup.nt_ali_0v0_G0_groupwise_dnds.csv,0.11119833274210712,2819
Clade B vs. B reference,VFG015501.nogap.dedup.nt_ali_0v0_G0_groupwise_dnds.csv,0.11088549645390072,2820
Clade B vs. B reference,VFG015515.nogap.dedup.nt_ali_0v0_G0_groupwise_dnds.csv,0.07920036350418029,2751
Clade B vs. B reference,VFG015516.nogap.dedup.nt_ali_0v0_G0_groupwise_dnds.csv,0.06878725854383358,2692
Clade B vs. B reference,VFG015517.nogap.dedup.nt_ali_0v0_G0_groupwise_dnds.csv,0.08055284195086175,2727
Clade B vs. B reference,VFG015537.nogap.dedup.nt_ali_0v0_G0_groupwise_dnds.csv,0.06667515550676913,2733
Clade B vs. B reference,VFG015538.nogap.dedup.nt_ali_0v0_G0_groupwise_dnds.csv,0.07683495038588754,2721
Clade B vs. B reference,VFG015547.nogap.dedup.nt_ali_0v0_G0_groupwise_dnds.csv,0.027864964420259524,2389
Clade B vs. B reference,VFG015549.nogap.dedup.nt_ali_0v0_G0_groupwise_dnds.csv,0.06271151162790697,2580
Clade B vs. B reference,VFG015550.nogap.dedup.nt_ali_0v0_G0_groupwise_dnds.csv,0.06304612403100775,2580
Clade B vs. B reference,VFG015551.nogap.dedup.nt_ali_0v0_G0_groupwise_dnds.csv,0.1589752862218713,2533
Clade B vs. B reference,VFG015552.nogap.dedup.nt_ali_0v0_G0_groupwise_dnds.csv,0.1589753257007501,2533
Clade B vs. B reference,VFG015555.nogap.dedup.nt_ali_0v0_G0_groupwise_dnds.csv,0.06686291975963238,2829
Clade B vs. B reference,VFG015558.nogap.dedup.nt_ali_0v0_G0_groupwise_dnds.csv,0.012255026833631485,2795
Clade B vs. B reference,VFG015561.nogap.dedup.nt_ali_0v0_G0_groupwise_dnds.csv,0.04331267019667171,2644
Clade B vs. B reference,VFG015846.nogap.dedup.nt_ali_0v0_G0_groupwise_dnds.csv,0.04080900105894811,2833
Clade B vs. B reference,VFG015848.nogap.dedup.nt_ali_0v0_G0_groupwise_dnds.csv,0.04080900105894811,2833
Clade B vs. B reference,VFG015850.nogap.dedup.nt_ali_0v0_G0_groupwise_dnds.csv,0.0924697435897436,2145
Clade B vs. B reference,VFG015851.nogap.dedup.nt_ali_0v0_G0_groupwise_dnds.csv,0.09515485765928604,2213
Clade B vs. B reference,VFG015852.nogap.dedup.nt_ali_0v0_G0_groupwise_dnds.csv,0.08369784984138175,2837
Clade B vs. B reference,VFG015853.nogap.dedup.nt_ali_0v0_G0_groupwise_dnds.csv,0.08369784984138175,2837
Clade B vs. B reference,VFG015854.nogap.dedup.nt_ali_0v0_G0_groupwise_dnds.csv,0.08369784984138175,2837
Clade B vs. B reference,VFG015856.nogap.dedup.nt_ali_0v0_G0_groupwise_dnds.csv,0.038724627483443706,2416
Clade B vs. B reference,VFG015858.nogap.dedup.nt_ali_0v0_G0_groupwise_dnds.csv,0.0387642514011209,2498
Clade B vs. B reference,VFG015862.nogap.dedup.nt_ali_0v0_G0_groupwise_dnds.csv,0.1766269097222222,2304
Clade B vs. B reference,VFG015920.nogap.dedup.nt_ali_0v0_G0_groupwise_dnds.csv,0.061569898753894084,2568
Clade B vs. B reference,VFG015922.nogap.dedup.nt_ali_0v0_G0_groupwise_dnds.csv,0.061569898753894084,2568
Clade B vs. B reference,VFG015926.nogap.dedup.nt_ali_0v0_G0_groupwise_dnds.csv,0.02933620949510174,2654
Clade B vs. B reference,VFG015928.nogap.dedup.nt_ali_0v0_G0_groupwise_dnds.csv,0.02933620949510174,2654
Clade B vs. B reference,VFG015950.nogap.dedup.nt_ali_0v0_G0_groupwise_dnds.csv,0.14040280042538106,2821
Clade B vs. B reference,VFG015952.nogap.dedup.nt_ali_0v0_G0_groupwise_dnds.csv,0.14040280042538106,2821
Clade B vs. B reference,VFG016046.nogap.dedup.nt_ali_0v0_G0_groupwise_dnds.csv,0.05912006403415156,2811
Clade B vs. B reference,VFG016048.nogap.dedup.nt_ali_0v0_G0_groupwise_dnds.csv,0.05912432432432433,2812
Clade B vs. B reference,VFG016058.nogap.dedup.nt_ali_0v0_G0_groupwise_dnds.csv,0.08053237055301161,2839
Clade B vs. B reference,VFG016059.nogap.dedup.nt_ali_0v0_G0_groupwise_dnds.csv,0.08122404661016949,2832
Clade B vs. B reference,VFG016060.nogap.dedup.nt_ali_0v0_G0_groupwise_dnds.csv,0.08197685804860867,2839
Clade B vs. B reference,VFG016107.nogap.dedup.nt_ali_0v0_G0_groupwise_dnds.csv,0.25596795707167497,2609
Clade B vs. B reference,VFG016111.nogap.dedup.nt_ali_0v0_G0_groupwise_dnds.csv,0.32680390954388655,2609
Clade B vs. B reference,VFG016115.nogap.dedup.nt_ali_0v0_G0_groupwise_dnds.csv,0.13626934306569344,2740
Clade B vs. B reference,VFG016117.nogap.dedup.nt_ali_0v0_G0_groupwise_dnds.csv,0.27147230660543975,2831
Clade B vs. B reference,VFG016118.nogap.dedup.nt_ali_0v0_G0_groupwise_dnds.csv,0.2787117273048393,2831
Clade B vs. B reference,VFG016122.nogap.dedup.nt_ali_0v0_G0_groupwise_dnds.csv,0.49167877274348915,2803
Clade B vs. B reference,VFG016130.nogap.dedup.nt_ali_0v0_G0_groupwise_dnds.csv,0.1709837037037037,2835
Clade B vs. B reference,VFG016146.nogap.dedup.nt_ali_0v0_G0_groupwise_dnds.csv,0.3088600842302293,2137
Clade B vs. B reference,VFG016153.nogap.dedup.nt_ali_0v0_G0_groupwise_dnds.csv,0.031218345973275552,2769
Clade B vs. B reference,VFG019737.nogap.dedup.nt_ali_0v0_G0_groupwise_dnds.csv,0.017439099610067354,2821
Clade B vs. B reference,VFG019744.nogap.dedup.nt_ali_0v0_G0_groupwise_dnds.csv,0.00025536419088625765,2787
Clade B vs. B reference,VFG019758.nogap.dedup.nt_ali_0v0_G0_groupwise_dnds.csv,0.20573095658312746,2833
Clade B vs. B reference,VFG019759.nogap.dedup.nt_ali_0v0_G0_groupwise_dnds.csv,0.012701902078196547,2839
Clade B vs. B reference,VFG019761.nogap.dedup.nt_ali_0v0_G0_groupwise_dnds.csv,0.05832037562012757,2822
Clade B vs. B reference,VFG019768.nogap.dedup.nt_ali_0v0_G0_groupwise_dnds.csv,0.007683615221987314,2838
Clade B vs. B reference,VFG019771.nogap.dedup.nt_ali_0v0_G0_groupwise_dnds.csv,0.21376305956996827,2837
Clade B vs. B reference,VFG019773.nogap.dedup.nt_ali_0v0_G0_groupwise_dnds.csv,0.0038503663709988437,2593
Clade B vs. B reference,VFG019790.nogap.dedup.nt_ali_0v0_G0_groupwise_dnds.csv,0.09635780078543377,2801
Clade B vs. B reference,VFG019797.nogap.dedup.nt_ali_0v0_G0_groupwise_dnds.csv,0.0029245508982035933,2839
Clade B vs. B reference,VFG019805.nogap.dedup.nt_ali_0v0_G0_groupwise_dnds.csv,0.01663859710962284,2837
Clade B vs. B reference,VFG019807.nogap.dedup.nt_ali_0v0_G0_groupwise_dnds.csv,0.04566043193212494,2593
Clade B vs. B reference,VFG019823.nogap.dedup.nt_ali_0v0_G0_groupwise_dnds.csv,0.014778512396694215,2783
Clade B vs. B reference,VFG019825.nogap.dedup.nt_ali_0v0_G0_groupwise_dnds.csv,0.04120508173418621,2814
Clade B vs. B reference,VFG019827.nogap.dedup.nt_ali_0v0_G0_groupwise_dnds.csv,0.0248479472693032,2655
Clade B vs. B reference,VFG019831.nogap.dedup.nt_ali_0v0_G0_groupwise_dnds.csv,0.009765851063829786,2820
Clade B vs. B reference,VFG019833.nogap.dedup.nt_ali_0v0_G0_groupwise_dnds.csv,0.0015295029961226647,2837
Clade B vs. B reference,VFG019837.nogap.dedup.nt_ali_0v0_G0_groupwise_dnds.csv,0.018249734136830908,2821
Clade B vs. B reference,VFG019841.nogap.dedup.nt_ali_0v0_G0_groupwise_dnds.csv,0.13421787729196052,2836
Clade B vs. B reference,VFG019859.nogap.dedup.nt_ali_0v0_G0_groupwise_dnds.csv,0.0071232136509065055,2813
Clade B vs. B reference,VFG019861.nogap.dedup.nt_ali_0v0_G0_groupwise_dnds.csv,0.07305814873417721,2528
Clade B vs. B reference,VFG019873.nogap.dedup.nt_ali_0v0_G0_groupwise_dnds.csv,0.010997465191003213,2801
Clade B vs. B reference,VFG019885.nogap.dedup.nt_ali_0v0_G0_groupwise_dnds.csv,0.04820685975609756,2624
Clade B vs. B reference,VFG019887.nogap.dedup.nt_ali_0v0_G0_groupwise_dnds.csv,0.008620112715744982,2839
Clade B vs. B reference,VFG019889.nogap.dedup.nt_ali_0v0_G0_groupwise_dnds.csv,0.1037701866181156,2197
Clade B vs. B reference,VFG019891.nogap.dedup.nt_ali_0v0_G0_groupwise_dnds.csv,0.0718640565317036,2618
Clade B vs. B reference,VFG019893.nogap.dedup.nt_ali_0v0_G0_groupwise_dnds.csv,0.09464989399293286,2830
Clade B vs. B reference,VFG019895.nogap.dedup.nt_ali_0v0_G0_groupwise_dnds.csv,0.036319865913902606,2834
Clade B vs. B reference,VFG019897.nogap.dedup.nt_ali_0v0_G0_groupwise_dnds.csv,0.019818385826771655,2540
Clade B vs. B reference,VFG019899.nogap.dedup.nt_ali_0v0_G0_groupwise_dnds.csv,0.08811422351233672,2756
Clade B vs. B reference,VFG019901.nogap.dedup.nt_ali_0v0_G0_groupwise_dnds.csv,0.05441888138138138,2664
Clade B vs. B reference,VFG019905.nogap.dedup.nt_ali_0v0_G0_groupwise_dnds.csv,0.015907862223886186,2671
Clade B vs. B reference,VFG019907.nogap.dedup.nt_ali_0v0_G0_groupwise_dnds.csv,0.14592819683908045,2784
Clade B vs. B reference,VFG019916.nogap.dedup.nt_ali_0v0_G0_groupwise_dnds.csv,0.1283063559322034,2832
Clade B vs. B reference,VFG019921.nogap.dedup.nt_ali_0v0_G0_groupwise_dnds.csv,0.013937341325811004,2836
Clade B vs. B reference,VFG019924.nogap.dedup.nt_ali_0v0_G0_groupwise_dnds.csv,0.12600358047016275,2765
Clade B vs. B reference,VFG019932.nogap.dedup.nt_ali_0v0_G0_groupwise_dnds.csv,0.01873769708552317,2093
Clade B vs. B reference,VFG019941.nogap.dedup.nt_ali_0v0_G0_groupwise_dnds.csv,0.04411700984780662,2234
Clade B vs. B reference,VFG019945.nogap.dedup.nt_ali_0v0_G0_groupwise_dnds.csv,0.031487483115713644,2221
Clade B vs. B reference,VFG019951.nogap.dedup.nt_ali_0v0_G0_groupwise_dnds.csv,0.04352229299363057,2826
Clade B vs. B reference,VFG019957.nogap.dedup.nt_ali_0v0_G0_groupwise_dnds.csv,0.028943935119887167,2836
Clade B vs. B reference,VFG019961.nogap.dedup.nt_ali_0v0_G0_groupwise_dnds.csv,0.061492409381663116,2345
Clade B vs. B reference,VFG019968.nogap.dedup.nt_ali_0v0_G0_groupwise_dnds.csv,0.06933124339556183,2839
Clade B vs. B reference,VFG019969.nogap.dedup.nt_ali_0v0_G0_groupwise_dnds.csv,0.1852690741638391,2063
Clade B vs. B reference,VFG019979.nogap.dedup.nt_ali_0v0_G0_groupwise_dnds.csv,0.3368896577380952,2688
Clade B vs. B reference,VFG019981.nogap.dedup.nt_ali_0v0_G0_groupwise_dnds.csv,0.08193051730554522,2687
Clade B vs. B reference,VFG019983.nogap.dedup.nt_ali_0v0_G0_groupwise_dnds.csv,0.0436419401896426,2742
Clade B vs. B reference,VFG019987.nogap.dedup.nt_ali_0v0_G0_groupwise_dnds.csv,0.19348602668643441,2698
Clade B vs. B reference,VFG019993.nogap.dedup.nt_ali_0v0_G0_groupwise_dnds.csv,0.026361980267794217,2838
Clade B vs. B reference,VFG019995.nogap.dedup.nt_ali_0v0_G0_groupwise_dnds.csv,0.1338921171171171,2664
Clade B vs. B reference,VFG019997.nogap.dedup.nt_ali_0v0_G0_groupwise_dnds.csv,0.07326065340909091,2816
Clade B vs. B reference,VFG020001.nogap.dedup.nt_ali_0v0_G0_groupwise_dnds.csv,0.14139513888888888,2592
Clade B vs. B reference,VFG020003.nogap.dedup.nt_ali_0v0_G0_groupwise_dnds.csv,0.07923230167200285,2811
Clade B vs. B reference,VFG020007.nogap.dedup.nt_ali_0v0_G0_groupwise_dnds.csv,0.06767899929527837,2838
Clade B vs. B reference,VFG020014.nogap.dedup.nt_ali_0v0_G0_groupwise_dnds.csv,0.021509869580542827,2837
Clade B vs. B reference,VFG020016.nogap.dedup.nt_ali_0v0_G0_groupwise_dnds.csv,0.010615949269792467,2602
Clade B vs. B reference,VFG020018.nogap.dedup.nt_ali_0v0_G0_groupwise_dnds.csv,0.19751080074487895,2685
Clade B vs. B reference,VFG020020.nogap.dedup.nt_ali_0v0_G0_groupwise_dnds.csv,0.11095425531914895,2820
Clade B vs. B reference,VFG020026.nogap.dedup.nt_ali_0v0_G0_groupwise_dnds.csv,0.07790299926847111,2734
Clade B vs. B reference,VFG020036.nogap.dedup.nt_ali_0v0_G0_groupwise_dnds.csv,0.027841656210790464,2391
Clade B vs. B reference,VFG020037.nogap.dedup.nt_ali_0v0_G0_groupwise_dnds.csv,0.062312868217054264,2580
Clade B vs. B reference,VFG020038.nogap.dedup.nt_ali_0v0_G0_groupwise_dnds.csv,0.1589752862218713,2533
Clade B vs. B reference,VFG020039.nogap.dedup.nt_ali_0v0_G0_groupwise_dnds.csv,0.06686291975963238,2829
Clade B vs. B reference,VFG020040.nogap.dedup.nt_ali_0v0_G0_groupwise_dnds.csv,0.012255026833631485,2795
Clade B vs. B reference,VFG020041.nogap.dedup.nt_ali_0v0_G0_groupwise_dnds.csv,0.04331267019667171,2644
Clade B vs. B reference,VFG020043.nogap.dedup.nt_ali_0v0_G0_groupwise_dnds.csv,0.04080900105894811,2833
Clade B vs. B reference,VFG020044.nogap.dedup.nt_ali_0v0_G0_groupwise_dnds.csv,0.09515485765928604,2213
Clade B vs. B reference,VFG020045.nogap.dedup.nt_ali_0v0_G0_groupwise_dnds.csv,0.08369784984138175,2837
Clade B vs. B reference,VFG020047.nogap.dedup.nt_ali_0v0_G0_groupwise_dnds.csv,0.17661684027777777,2304
Clade B vs. B reference,VFG020049.nogap.dedup.nt_ali_0v0_G0_groupwise_dnds.csv,0.061569898753894084,2568
Clade B vs. B reference,VFG020051.nogap.dedup.nt_ali_0v0_G0_groupwise_dnds.csv,0.14040280042538106,2821
Clade B vs. B reference,VFG020072.nogap.dedup.nt_ali_0v0_G0_groupwise_dnds.csv,0.05912006403415156,2811
Clade B vs. B reference,VFG020074.nogap.dedup.nt_ali_0v0_G0_groupwise_dnds.csv,0.08060207819654808,2839
Clade B vs. B reference,VFG020086.nogap.dedup.nt_ali_0v0_G0_groupwise_dnds.csv,0.25596795707167497,2609
Clade B vs. B reference,VFG020087.nogap.dedup.nt_ali_0v0_G0_groupwise_dnds.csv,0.32699536220774245,2609
Clade B vs. B reference,VFG020088.nogap.dedup.nt_ali_0v0_G0_groupwise_dnds.csv,0.13626934306569344,2740
Clade B vs. B reference,VFG020089.nogap.dedup.nt_ali_0v0_G0_groupwise_dnds.csv,0.2781851642529142,2831
Clade B vs. B reference,VFG020090.nogap.dedup.nt_ali_0v0_G0_groupwise_dnds.csv,0.491808455226543,2803
Clade B vs. B reference,VFG020092.nogap.dedup.nt_ali_0v0_G0_groupwise_dnds.csv,0.17062053634438953,2834
Clade B vs. B reference,VFG020095.nogap.dedup.nt_ali_0v0_G0_groupwise_dnds.csv,0.3098899859616284,2137
Clade B vs. B reference,VFG020096.nogap.dedup.nt_ali_0v0_G0_groupwise_dnds.csv,0.031188515709642466,2769
Clade B vs. B reference,VFG040875.nogap.dedup.nt_ali_0v0_G0_groupwise_dnds.csv,0.12199039184111649,1863
Clade B vs. B reference,VFG040877.nogap.dedup.nt_ali_0v0_G0_groupwise_dnds.csv,0.0969281664872623,2787
Clade B vs. B reference,VFG040878.nogap.dedup.nt_ali_0v0_G0_groupwise_dnds.csv,0.18692615166548546,2822
Clade B vs. B reference,VFG040879.nogap.dedup.nt_ali_0v0_G0_groupwise_dnds.csv,0.03826987224982257,2818
Clade B vs. B reference,VFG041011.nogap.dedup.nt_ali_0v0_G0_groupwise_dnds.csv,0.08773669260700391,2570
Clade B vs. B reference,VFG041012.nogap.dedup.nt_ali_0v0_G0_groupwise_dnds.csv,0.21954513172966783,1746
Clade B vs. B reference,VFG041014.nogap.dedup.nt_ali_0v0_G0_groupwise_dnds.csv,0.060340790842872014,1922
Clade B vs. B reference,VFG041016.nogap.dedup.nt_ali_0v0_G0_groupwise_dnds.csv,0.0018008830801836807,2831
Clade B vs. B reference,VFG041018.nogap.dedup.nt_ali_0v0_G0_groupwise_dnds.csv,0.03521923076923077,2756
Clade B vs. B reference,VFG041019.nogap.dedup.nt_ali_0v0_G0_groupwise_dnds.csv,0.04594990709773319,2691
Clade B vs. B reference,VFG041020.nogap.dedup.nt_ali_0v0_G0_groupwise_dnds.csv,0.2172170190274841,2838
Clade B vs. B reference,VFG041021.nogap.dedup.nt_ali_0v0_G0_groupwise_dnds.csv,0.039154890133563124,2321
Clade B vs. B reference,VFG041023.nogap.dedup.nt_ali_0v0_G0_groupwise_dnds.csv,0.08606679591117378,2837
Clade B vs. B reference,VFG041025.nogap.dedup.nt_ali_0v0_G0_groupwise_dnds.csv,0.0045172499116295515,2829
Clade B vs. B reference,VFG041027.nogap.dedup.nt_ali_0v0_G0_groupwise_dnds.csv,0.06427728073265235,2839
Clade B vs. B reference,VFG041031.nogap.dedup.nt_ali_0v0_G0_groupwise_dnds.csv,0.038844561276287166,2758
Clade B vs. B reference,VFG041032.nogap.dedup.nt_ali_0v0_G0_groupwise_dnds.csv,0.13767326095697627,2487
Clade B vs. B reference,VFG041033.nogap.dedup.nt_ali_0v0_G0_groupwise_dnds.csv,0.10257105169340462,2805
Clade B vs. B reference,VFG041035.nogap.dedup.nt_ali_0v0_G0_groupwise_dnds.csv,0.15132943209876543,2025
Clade B vs. B reference,VFG041038.nogap.dedup.nt_ali_0v0_G0_groupwise_dnds.csv,0.034446324054246975,2802
Clade B vs. B reference,VFG041041.nogap.dedup.nt_ali_0v0_G0_groupwise_dnds.csv,0.06256651196001428,2801
Clade B vs. B reference,VFG041042.nogap.dedup.nt_ali_0v0_G0_groupwise_dnds.csv,0.11511905059337915,1601
Clade B vs. B reference,VFG041043.nogap.dedup.nt_ali_0v0_G0_groupwise_dnds.csv,0.06259609800362975,2204
Clade B vs. B reference,VFG041047.nogap.dedup.nt_ali_0v0_G0_groupwise_dnds.csv,0.05728939285714286,2800
Clade B vs. B reference,VFG042297.nogap.dedup.nt_ali_0v0_G0_groupwise_dnds.csv,0.03809046419575387,2779
Clade B vs. B reference,VFG042695.nogap.dedup.nt_ali_0v0_G0_groupwise_dnds.csv,0.22934712892741063,2769
Clade B vs. B reference,VFG042696.nogap.dedup.nt_ali_0v0_G0_groupwise_dnds.csv,0.1881348827470687,2388
Clade B vs. B reference,VFG042698.nogap.dedup.nt_ali_0v0_G0_groupwise_dnds.csv,0.08441196534921495,1847
Clade B vs. B reference,VFG042699.nogap.dedup.nt_ali_0v0_G0_groupwise_dnds.csv,0.22353635398230087,2825
Clade B vs. B reference,VFG042701.nogap.dedup.nt_ali_0v0_G0_groupwise_dnds.csv,0.09222489035087719,2736
Clade B vs. B reference,VFG042706.nogap.dedup.nt_ali_0v0_G0_groupwise_dnds.csv,0.23365863296546813,2809
Clade B vs. B reference,VFG042735.nogap.dedup.nt_ali_0v0_G0_groupwise_dnds.csv,0.01400866896816264,2607
Clade B vs. B reference,VFG042736.nogap.dedup.nt_ali_0v0_G0_groupwise_dnds.csv,0.02789825622775801,2810
Clade B vs. B reference,VFG042738.nogap.dedup.nt_ali_0v0_G0_groupwise_dnds.csv,0.009829440905874027,2826
Clade B vs. B reference,VFG042740.nogap.dedup.nt_ali_0v0_G0_groupwise_dnds.csv,0.09143428470754052,2838
Clade B vs. B reference,VFG042744.nogap.dedup.nt_ali_0v0_G0_groupwise_dnds.csv,0.09096548739179526,2657
Clade B vs. B reference,VFG042749.nogap.dedup.nt_ali_0v0_G0_groupwise_dnds.csv,0.032867258522727275,2816
Clade B vs. B reference,VFG042750.nogap.dedup.nt_ali_0v0_G0_groupwise_dnds.csv,0.03504462897526502,2830
Clade B vs. B reference,VFG042751.nogap.dedup.nt_ali_0v0_G0_groupwise_dnds.csv,0.042285586061246036,1894
Clade B vs. B reference,VFG043014.nogap.dedup.nt_ali_0v0_G0_groupwise_dnds.csv,0.0730449494949495,2772
Clade B vs. B reference,VFG043015.nogap.dedup.nt_ali_0v0_G0_groupwise_dnds.csv,0.014680928571428572,2800
Clade B vs. B reference,VFG043480.nogap.dedup.nt_ali_0v0_G0_groupwise_dnds.csv,0.003772995151063036,2681
Clade B vs. B reference,VFG043648.nogap.dedup.nt_ali_0v0_G0_groupwise_dnds.csv,0.018397017045454545,2816
Clade B vs. B reference,VFG043810.nogap.dedup.nt_ali_0v0_G0_groupwise_dnds.csv,0.4409391684901532,2742
Clade B vs. B reference,VFG044081.nogap.dedup.nt_ali_0v0_G0_groupwise_dnds.csv,0.06213362035225049,2555
Clade B vs. B reference,VFG044089.nogap.dedup.nt_ali_0v0_G0_groupwise_dnds.csv,0.053931235784685366,2638
Clade B vs. B reference,VFG044090.nogap.dedup.nt_ali_0v0_G0_groupwise_dnds.csv,0.29192178357419807,2837
Clade B vs. B reference,VFG044091.nogap.dedup.nt_ali_0v0_G0_groupwise_dnds.csv,0.19873360366713683,2836
Clade B vs. B reference,VFG044093.nogap.dedup.nt_ali_0v0_G0_groupwise_dnds.csv,0.06466401127952062,2837
Clade B vs. B reference,VFG044096.nogap.dedup.nt_ali_0v0_G0_groupwise_dnds.csv,0.037696485260770976,2646
Clade B vs. B reference,VFG044097.nogap.dedup.nt_ali_0v0_G0_groupwise_dnds.csv,0.22041032940219601,2459
Clade B vs. B reference,VFG044101.nogap.dedup.nt_ali_0v0_G0_groupwise_dnds.csv,0.00551630314232902,2705
Clade B vs. B reference,VFG044103.nogap.dedup.nt_ali_0v0_G0_groupwise_dnds.csv,0.18588210976478972,2806
Clade B vs. B reference,VFG044104.nogap.dedup.nt_ali_0v0_G0_groupwise_dnds.csv,0.04726516379006693,2839
Clade B vs. B reference,VFG044448.nogap.dedup.nt_ali_0v0_G0_groupwise_dnds.csv,0.15479426118391326,2213
Clade B vs. B reference,VFG050297.nogap.dedup.nt_ali_0v0_G0_groupwise_dnds.csv,0.03495657311669127,2031
Clade B vs. B reference,VFG050300.nogap.dedup.nt_ali_0v0_G0_groupwise_dnds.csv,0.017513579808034127,2813
Clade B vs. B reference,VFG051484.nogap.dedup.nt_ali_0v0_G0_groupwise_dnds.csv,0.15232297106563164,2834
Clade B vs. B reference,VFG051485.nogap.dedup.nt_ali_0v0_G0_groupwise_dnds.csv,0.04211801997394703,2303
Clade B vs. B reference,VFG051487.nogap.dedup.nt_ali_0v0_G0_groupwise_dnds.csv,0.15710094621513945,2008
Clade B vs. B reference,VFG051488.nogap.dedup.nt_ali_0v0_G0_groupwise_dnds.csv,0.24443293413173653,2839
Clade B vs. B reference,VFG051489.nogap.dedup.nt_ali_0v0_G0_groupwise_dnds.csv,0.18308595617529883,2008
Clade B vs. B reference,VFG051491.nogap.dedup.nt_ali_0v0_G0_groupwise_dnds.csv,0.15012180261832828,1986
Clade B vs. B reference,VFG051504.nogap.dedup.nt_ali_0v0_G0_groupwise_dnds.csv,0.060340790842872014,1922
Clade B vs. B reference,VFG051507.nogap.dedup.nt_ali_0v0_G0_groupwise_dnds.csv,0.060340790842872014,1922
Clade B vs. B reference,VFG051519.nogap.dedup.nt_ali_0v0_G0_groupwise_dnds.csv,0.0018008830801836807,2831
Clade B vs. B reference,VFG051522.nogap.dedup.nt_ali_0v0_G0_groupwise_dnds.csv,0.0018008830801836807,2831
Clade B vs. B reference,VFG051535.nogap.dedup.nt_ali_0v0_G0_groupwise_dnds.csv,0.0342719782214156,2755
Clade B vs. B reference,VFG051538.nogap.dedup.nt_ali_0v0_G0_groupwise_dnds.csv,0.0342719782214156,2755
Clade B vs. B reference,VFG051543.nogap.dedup.nt_ali_0v0_G0_groupwise_dnds.csv,0.04495501066098081,2814
Clade B vs. B reference,VFG051546.nogap.dedup.nt_ali_0v0_G0_groupwise_dnds.csv,0.044678288770053476,2805
Clade B vs. B reference,VFG051551.nogap.dedup.nt_ali_0v0_G0_groupwise_dnds.csv,0.2172170190274841,2838
Clade B vs. B reference,VFG051554.nogap.dedup.nt_ali_0v0_G0_groupwise_dnds.csv,0.2172170190274841,2838
Clade B vs. B reference,VFG051567.nogap.dedup.nt_ali_0v0_G0_groupwise_dnds.csv,0.0045172499116295515,2829
Clade B vs. B reference,VFG051568.nogap.dedup.nt_ali_0v0_G0_groupwise_dnds.csv,0.0045172499116295515,2829
Clade B vs. B reference,VFG051570.nogap.dedup.nt_ali_0v0_G0_groupwise_dnds.csv,0.0045172499116295515,2829
Clade B vs. B reference,VFG051583.nogap.dedup.nt_ali_0v0_G0_groupwise_dnds.csv,0.06427728073265235,2839
Clade B vs. B reference,VFG051584.nogap.dedup.nt_ali_0v0_G0_groupwise_dnds.csv,0.06427530820711518,2839
Clade B vs. B reference,VFG051586.nogap.dedup.nt_ali_0v0_G0_groupwise_dnds.csv,0.06427530820711518,2839
Clade B vs. B reference,VFG051593.nogap.dedup.nt_ali_0v0_G0_groupwise_dnds.csv,0.1807095785440613,2088
Clade B vs. B reference,VFG051596.nogap.dedup.nt_ali_0v0_G0_groupwise_dnds.csv,0.19530984887962483,1919
Clade B vs. B reference,VFG051601.nogap.dedup.nt_ali_0v0_G0_groupwise_dnds.csv,0.13767318053880176,2487
Clade B vs. B reference,VFG051602.nogap.dedup.nt_ali_0v0_G0_groupwise_dnds.csv,0.13767326095697627,2487
Clade B vs. B reference,VFG051604.nogap.dedup.nt_ali_0v0_G0_groupwise_dnds.csv,0.13767326095697627,2487
Clade B vs. B reference,VFG051606.nogap.dedup.nt_ali_0v0_G0_groupwise_dnds.csv,0.10257105169340462,2805
Clade B vs. B reference,VFG051607.nogap.dedup.nt_ali_0v0_G0_groupwise_dnds.csv,0.10258780748663102,2805
Clade B vs. B reference,VFG051609.nogap.dedup.nt_ali_0v0_G0_groupwise_dnds.csv,0.10384791443850268,2805
Clade B vs. B reference,VFG051616.nogap.dedup.nt_ali_0v0_G0_groupwise_dnds.csv,0.15132943209876543,2025
Clade B vs. B reference,VFG051617.nogap.dedup.nt_ali_0v0_G0_groupwise_dnds.csv,0.15132943209876543,2025
Clade B vs. B reference,VFG051619.nogap.dedup.nt_ali_0v0_G0_groupwise_dnds.csv,0.1510268148148148,2025
Clade B vs. B reference,VFG051626.nogap.dedup.nt_ali_0v0_G0_groupwise_dnds.csv,0.034446324054246975,2802
Clade B vs. B reference,VFG051627.nogap.dedup.nt_ali_0v0_G0_groupwise_dnds.csv,0.034446324054246975,2802
Clade B vs. B reference,VFG051629.nogap.dedup.nt_ali_0v0_G0_groupwise_dnds.csv,0.034446324054246975,2802
Clade B vs. B reference,VFG051641.nogap.dedup.nt_ali_0v0_G0_groupwise_dnds.csv,0.06256222777579437,2801
Clade B vs. B reference,VFG051642.nogap.dedup.nt_ali_0v0_G0_groupwise_dnds.csv,0.06256222777579437,2801
Clade B vs. B reference,VFG051644.nogap.dedup.nt_ali_0v0_G0_groupwise_dnds.csv,0.06256222777579437,2801
Clade B vs. B reference,VFG051646.nogap.dedup.nt_ali_0v0_G0_groupwise_dnds.csv,0.11507340823970037,1602
Clade B vs. B reference,VFG051647.nogap.dedup.nt_ali_0v0_G0_groupwise_dnds.csv,0.11486811145510836,1615
Clade B vs. B reference,VFG051649.nogap.dedup.nt_ali_0v0_G0_groupwise_dnds.csv,0.11500784919653893,1618
Clade B vs. B reference,VFG051651.nogap.dedup.nt_ali_0v0_G0_groupwise_dnds.csv,0.06239854809437386,2204
Clade B vs. B reference,VFG051652.nogap.dedup.nt_ali_0v0_G0_groupwise_dnds.csv,0.9640212077294685,2070
Clade B vs. B reference,VFG051654.nogap.dedup.nt_ali_0v0_G0_groupwise_dnds.csv,0.06239854809437386,2204
Clade B vs. B reference,VFG051661.nogap.dedup.nt_ali_0v0_G0_groupwise_dnds.csv,0.22384929428369796,2834
Clade B vs. B reference,VFG051663.nogap.dedup.nt_ali_0v0_G0_groupwise_dnds.csv,0.23084128440366972,2834
Clade B vs. B reference,VFG051818.nogap.dedup.nt_ali_0v0_G0_groupwise_dnds.csv,0.05728939285714286,2800
Clade B vs. B reference,VFG051819.nogap.dedup.nt_ali_0v0_G0_groupwise_dnds.csv,0.057312611647016794,2799
Clade B vs. B reference,VFG051821.nogap.dedup.nt_ali_0v0_G0_groupwise_dnds.csv,0.05728939285714286,2800
Clade B vs. B reference,VFG051830.nogap.dedup.nt_ali_0v0_G0_groupwise_dnds.csv,0.15228856739590682,2834
Clade B vs. B reference,VFG051833.nogap.dedup.nt_ali_0v0_G0_groupwise_dnds.csv,0.15233853211009174,2834
Clade B vs. B reference,VFG051834.nogap.dedup.nt_ali_0v0_G0_groupwise_dnds.csv,0.04213631624674196,2302
