Accession,Clade,genome_count,total_genomes,freq
VFG000111(gb|NP_253215),1,1552,8740,0.17757437070938215
VFG000111(gb|NP_253215),2,1033,2839,0.36386051426558647
VFG000112(gb|NP_253216),1,2007,8740,0.22963386727688787
VFG000112(gb|NP_253216),2,1163,2839,0.4096512856639662
VFG000113,1,1280,8740,0.14645308924485126
VFG000113,2,600,2839,0.2113420218386756
VFG000114(gb|NP_253218),1,8271,8740,0.9463386727688787
VFG000114(gb|NP_253218),2,2608,2839,0.9186333215921099
VFG000115(gb|NP_249839),1,8588,8740,0.9826086956521739
VFG000115(gb|NP_249839),2,2766,2839,0.9742867206762945
VFG000116(gb|NP_254170),1,8740,8740,1
VFG000116(gb|NP_254170),2,2839,2839,1
VFG000117(gb|NP_253940),1,7699,8740,0.8808924485125859
VFG000117(gb|NP_253940),2,1684,2839,0.5931666079605495
VFG000118(gb|NP_253942),1,8234,8740,0.9421052631578948
VFG000118(gb|NP_253942),2,2597,2839,0.9147587178584008
VFG000119(gb|NP_253948),1,8259,8740,0.9449656750572082
VFG000119(gb|NP_253948),2,2602,2839,0.9165199013737232
VFG000120(gb|NP_253949),1,8737,8740,0.9996567505720824
VFG000120(gb|NP_253949),2,2833,2839,0.9978865797816132
VFG000121(gb|NP_249453),1,8239,8740,0.9426773455377574
VFG000121(gb|NP_249453),2,2595,2839,0.9140542444522719
VFG000122(gb|NP_252230),1,8740,8740,1
VFG000122(gb|NP_252230),2,2839,2839,1
VFG000123(gb|NP_252231),1,8740,8740,1
VFG000123(gb|NP_252231),2,2839,2839,1
VFG000124(gb|NP_252232),1,8740,8740,1
VFG000124(gb|NP_252232),2,2839,2839,1
VFG000125(gb|NP_252233),1,8740,8740,1
VFG000125(gb|NP_252233),2,2839,2839,1
VFG000126(gb|NP_252234),1,8740,8740,1
VFG000126(gb|NP_252234),2,2839,2839,1
VFG000127(gb|NP_252235),1,8740,8740,1
VFG000127(gb|NP_252235),2,2839,2839,1
VFG000128(gb|NP_252236),1,8740,8740,1
VFG000128(gb|NP_252236),2,2839,2839,1
VFG000129(gb|NP_252237),1,8740,8740,1
VFG000129(gb|NP_252237),2,2839,2839,1
VFG000130(gb|NP_252238),1,8740,8740,1
VFG000130(gb|NP_252238),2,2839,2839,1
VFG000131(gb|NP_252239),1,8739,8740,0.9998855835240275
VFG000131(gb|NP_252239),2,2839,2839,1
VFG000132(gb|NP_252240),1,8242,8740,0.943020594965675
VFG000132(gb|NP_252240),2,2594,2839,0.9137020077492075
VFG000133(gb|NP_252241),1,8740,8740,1
VFG000133(gb|NP_252241),2,2839,2839,1
VFG000134(gb|NP_249454),1,8240,8740,0.9427917620137299
VFG000134(gb|NP_249454),2,2595,2839,0.9140542444522719
VFG000135(gb|NP_249455),1,8291,8740,0.9486270022883295
VFG000135(gb|NP_249455),2,2611,2839,0.9196900317013033
VFG000136(gb|NP_249456),1,8210,8740,0.9393592677345538
VFG000136(gb|NP_249456),2,2590,2839,0.9122930609369496
VFG000137(gb|NP_251850),1,1368,8740,0.1565217391304348
VFG000137(gb|NP_251850),2,64,2839,0.022543148996125396
VFG000138(gb|NP_251844),1,1368,8740,0.1565217391304348
VFG000138(gb|NP_251844),2,63,2839,0.022190912293060937
VFG000139(gb|NP_253697),1,8739,8740,0.9998855835240275
VFG000139(gb|NP_253697),2,2837,2839,0.9992955265938711
VFG000140(gb|NP_253696),1,8263,8740,0.9454233409610984
VFG000140(gb|NP_253696),2,2601,2839,0.9161676646706587
VFG000141(gb|NP_253675),1,8739,8740,0.9998855835240275
VFG000141(gb|NP_253675),2,2839,2839,1
VFG000142(gb|NP_253698),1,8739,8740,0.9998855835240275
VFG000142(gb|NP_253698),2,2837,2839,0.9992955265938711
VFG000143(gb|NP_253699),1,8739,8740,0.9998855835240275
VFG000143(gb|NP_253699),2,2837,2839,0.9992955265938711
VFG000144(gb|NP_249940),1,8729,8740,0.9987414187643021
VFG000144(gb|NP_249940),2,2837,2839,0.9992955265938711
VFG000145(gb|NP_250562),1,8736,8740,0.9995423340961098
VFG000145(gb|NP_250562),2,2836,2839,0.9989432898908066
VFG000146(gb|NP_252413),1,8739,8740,0.9998855835240275
VFG000146(gb|NP_252413),2,2836,2839,0.9989432898908066
VFG000147(gb|NP_252530),1,8561,8740,0.9795194508009153
VFG000147(gb|NP_252530),2,74,2839,0.02606551602676999
VFG000148(gb|NP_248734),1,8692,8740,0.994508009153318
VFG000148(gb|NP_248734),2,2838,2839,0.9996477632969355
VFG000150(gb|NP_250881),1,8456,8740,0.9675057208237986
VFG000150(gb|NP_250881),2,2421,2839,0.852765058119056
VFG000151(gb|NP_250121),1,8112,8740,0.9281464530892448
VFG000151(gb|NP_250121),2,2567,2839,0.9041916167664671
VFG000152(gb|NP_252167),1,8181,8740,0.9360411899313501
VFG000152(gb|NP_252167),2,2538,2839,0.8939767523775978
VFG000153(gb|NP_252166),1,8169,8740,0.9346681922196797
VFG000153(gb|NP_252166),2,2516,2839,0.8862275449101796
VFG000154(gb|NP_250123),1,8114,8740,0.9283752860411899
VFG000154(gb|NP_250123),2,2570,2839,0.9052483268756605
VFG000155(gb|NP_252168),1,8685,8740,0.9937070938215103
VFG000155(gb|NP_252168),2,2820,2839,0.9933075026417753
VFG000156(gb|NP_252169),1,8212,8740,0.9395881006864989
VFG000156(gb|NP_252169),2,2604,2839,0.9172243747798521
VFG000157(gb|NP_249535),1,8739,8740,0.9998855835240275
VFG000157(gb|NP_249535),2,2839,2839,1
VFG000159(gb|NP_251076),1,5375,8740,0.6149885583524027
VFG000159(gb|NP_251076),2,1237,2839,0.4357168016907362
VFG000160(gb|NP_251087),1,2946,8740,0.337070938215103
VFG000160(gb|NP_251087),2,1085,2839,0.38217682282493837
VFG000161(gb|NP_251089),1,2949,8740,0.3374141876430206
VFG000161(gb|NP_251089),2,1088,2839,0.38323353293413176
VFG000162(gb|NP_251116),1,8179,8740,0.935812356979405
VFG000162(gb|NP_251116),2,2570,2839,0.9052483268756605
VFG000163(gb|NP_251088),1,2945,8740,0.33695652173913043
VFG000163(gb|NP_251088),2,1085,2839,0.38217682282493837
VFG000164(gb|NP_252911),1,8724,8740,0.9981693363844394
VFG000164(gb|NP_252911),2,2836,2839,0.9989432898908066
VFG000165(gb|NP_252915),1,8738,8740,0.9997711670480549
VFG000165(gb|NP_252915),2,2832,2839,0.9975343430785488
VFG000166(gb|NP_252916),1,8740,8740,1
VFG000166(gb|NP_252916),2,2837,2839,0.9992955265938711
VFG000167(gb|NP_252917),1,8268,8740,0.9459954233409611
VFG000167(gb|NP_252917),2,2605,2839,0.9175766114829165
VFG000168(gb|NP_252918),1,8740,8740,1
VFG000168(gb|NP_252918),2,2839,2839,1
VFG000169(gb|NP_252919),1,8248,8740,0.9437070938215103
VFG000169(gb|NP_252919),2,2601,2839,0.9161676646706587
VFG000170(gb|NP_252920),1,8207,8740,0.9390160183066362
VFG000170(gb|NP_252920),2,2578,2839,0.9080662205001762
VFG000171(gb|NP_252921),1,8738,8740,0.9997711670480549
VFG000171(gb|NP_252921),2,2837,2839,0.9992955265938711
VFG000172(gb|NP_252898),1,8630,8740,0.9874141876430206
VFG000172(gb|NP_252898),2,2795,2839,0.9845015850651638
VFG000173(gb|NP_252907),1,8718,8740,0.9974828375286041
VFG000173(gb|NP_252907),2,2833,2839,0.9978865797816132
VFG000174(gb|NP_251785),1,8206,8740,0.9389016018306636
VFG000174(gb|NP_251785),2,2583,2839,0.9098274040154984
VFG000175(gb|NP_251786),1,8716,8740,0.997254004576659
VFG000175(gb|NP_251786),2,2837,2839,0.9992955265938711
VFG000176(gb|NP_251787),1,8491,8740,0.9715102974828376
VFG000176(gb|NP_251787),2,2692,2839,0.9482212046495245
VFG000177(gb|NP_251788),1,8225,8740,0.9410755148741419
VFG000177(gb|NP_251788),2,2595,2839,0.9140542444522719
VFG000178(gb|NP_251789),1,8198,8740,0.9379862700228833
VFG000178(gb|NP_251789),2,2583,2839,0.9098274040154984
VFG000179(gb|NP_251790),1,8223,8740,0.9408466819221968
VFG000179(gb|NP_251790),2,2585,2839,0.9105318774216273
VFG000180(gb|NP_251791),1,8222,8740,0.9407322654462242
VFG000180(gb|NP_251791),2,2585,2839,0.9105318774216273
VFG000181(gb|NP_251792),1,8723,8740,0.9980549199084668
VFG000181(gb|NP_251792),2,2838,2839,0.9996477632969355
VFG000182(gb|NP_251793),1,8739,8740,0.9998855835240275
VFG000182(gb|NP_251793),2,2838,2839,0.9996477632969355
VFG000183(gb|NP_251794),1,8247,8740,0.9435926773455378
VFG000183(gb|NP_251794),2,2596,2839,0.9144064811553364
VFG000184(gb|NP_251795),1,7951,8740,0.9097254004576659
VFG000184(gb|NP_251795),2,896,2839,0.31560408594575556
VFG000185(gb|NP_250381),1,8704,8740,0.9958810068649886
VFG000185(gb|NP_250381),2,2834,2839,0.9982388164846777
VFG000186(gb|NP_250382),1,8217,8740,0.9401601830663615
VFG000186(gb|NP_250382),2,2601,2839,0.9161676646706587
VFG000187(gb|NP_250383),1,8038,8740,0.9196796338672769
VFG000187(gb|NP_250383),2,2560,2839,0.9017259598450158
VFG000188(gb|NP_250384),1,8208,8740,0.9391304347826087
VFG000188(gb|NP_250384),2,2595,2839,0.9140542444522719
VFG000189(gb|NP_250385),1,8250,8740,0.9439359267734554
VFG000189(gb|NP_250385),2,2609,2839,0.9189855582951744
VFG000190(gb|NP_250386),1,7970,8740,0.9118993135011442
VFG000190(gb|NP_250386),2,2328,2839,0.8200070447340613
VFG000191(gb|NP_250387),1,8156,8740,0.9331807780320366
VFG000191(gb|NP_250387),2,2589,2839,0.9119408242338851
VFG000192(gb|NP_250388),1,8698,8740,0.9951945080091533
VFG000192(gb|NP_250388),2,2839,2839,1
VFG000193(gb|NP_250389),1,8219,8740,0.9403890160183066
VFG000193(gb|NP_250389),2,2604,2839,0.9172243747798521
VFG000194(gb|NP_250390),1,8050,8740,0.9210526315789473
VFG000194(gb|NP_250390),2,2566,2839,0.9038393800634026
VFG000195(gb|NP_250391),1,8159,8740,0.9335240274599542
VFG000195(gb|NP_250391),2,2583,2839,0.9098274040154984
VFG000196(gb|NP_250392),1,8160,8740,0.9336384439359268
VFG000196(gb|NP_250392),2,2583,2839,0.9098274040154984
VFG000197(gb|NP_250393),1,8134,8740,0.9306636155606407
VFG000197(gb|NP_250393),2,2579,2839,0.9084184572032405
VFG000198(gb|NP_250394),1,8696,8740,0.9949656750572082
VFG000198(gb|NP_250394),2,2839,2839,1
VFG000199(gb|NP_250395),1,8175,8740,0.9353546910755148
VFG000199(gb|NP_250395),2,2587,2839,0.9112363508277562
VFG000200(gb|NP_250396),1,8063,8740,0.9225400457665904
VFG000200(gb|NP_250396),2,2567,2839,0.9041916167664671
VFG000201(gb|NP_250397),1,8228,8740,0.9414187643020595
VFG000201(gb|NP_250397),2,2604,2839,0.9172243747798521
VFG000202(gb|NP_250398),1,8189,8740,0.9369565217391305
VFG000202(gb|NP_250398),2,2591,2839,0.9126452976400141
VFG000203(gb|NP_250399),1,8695,8740,0.9948512585812357
VFG000203(gb|NP_250399),2,2839,2839,1
VFG000204(gb|NP_250400),1,8213,8740,0.9397025171624714
VFG000204(gb|NP_250400),2,2600,2839,0.9158154279675942
VFG000205(gb|NP_250401),1,8160,8740,0.9336384439359268
VFG000205(gb|NP_250401),2,2585,2839,0.9105318774216273
VFG000206(gb|NP_250402),1,7987,8740,0.9138443935926773
VFG000206(gb|NP_250402),2,2549,2839,0.8978513561113068
VFG000207(gb|NP_250403),1,8154,8740,0.9329519450800915
VFG000207(gb|NP_250403),2,2584,2839,0.9101796407185628
VFG000208(gb|NP_250404),1,8200,8740,0.9382151029748284
VFG000208(gb|NP_250404),2,2600,2839,0.9158154279675942
VFG000209(gb|NP_250405),1,8200,8740,0.9382151029748284
VFG000209(gb|NP_250405),2,2600,2839,0.9158154279675942
VFG000210(gb|NP_250406),1,8157,8740,0.9332951945080091
VFG000210(gb|NP_250406),2,2585,2839,0.9105318774216273
VFG000211(gb|NP_250407),1,8682,8740,0.9933638443935927
VFG000211(gb|NP_250407),2,2839,2839,1
VFG000212(gb|NP_250408),1,8683,8740,0.9934782608695653
VFG000212(gb|NP_250408),2,2839,2839,1
VFG000213(gb|NP_250409),1,7977,8740,0.912700228832952
VFG000213(gb|NP_250409),2,2549,2839,0.8978513561113068
VFG000214(gb|NP_250410),1,8019,8740,0.9175057208237987
VFG000214(gb|NP_250410),2,2558,2839,0.9010214864388869
VFG000215(gb|NP_250411),1,8143,8740,0.9316933638443936
VFG000215(gb|NP_250411),2,2580,2839,0.908770693906305
VFG000216(gb|NP_250412),1,8163,8740,0.9339816933638444
VFG000216(gb|NP_250412),2,2587,2839,0.9112363508277562
VFG000217(gb|NP_250413),1,8141,8740,0.9314645308924485
VFG000217(gb|NP_250413),2,2579,2839,0.9084184572032405
VFG000218(gb|NP_250414),1,8196,8740,0.9377574370709382
VFG000218(gb|NP_250414),2,2599,2839,0.9154631912645298
VFG000219(gb|NP_250415),1,8184,8740,0.9363844393592677
VFG000219(gb|NP_250415),2,2594,2839,0.9137020077492075
VFG000220(gb|NP_250416),1,8189,8740,0.9369565217391305
VFG000220(gb|NP_250416),2,2594,2839,0.9137020077492075
VFG000229,1,1,8740,1.1441647597254005e-4
VFG000358(gb|WP_002212885),1,2,8740,2.288329519450801e-4
VFG000363(gb|WP_002212775),1,1,8740,1.1441647597254005e-4
VFG000366(gb|WP_002212761),1,1,8740,1.1441647597254005e-4
VFG000433(gb|NP_490508),1,1,8740,1.1441647597254005e-4
VFG000434(gb|NP_490509),1,1,8740,1.1441647597254005e-4
VFG000452(gb|NP_462537),1,1,8740,1.1441647597254005e-4
VFG000453(gb|NP_462538),1,1,8740,1.1441647597254005e-4
VFG000454(gb|NP_462539),1,1,8740,1.1441647597254005e-4
VFG000465(gb|NP_460064),1,1,8740,1.1441647597254005e-4
VFG000478(gb|NP_459678),1,1,8740,1.1441647597254005e-4
VFG000538(gb|NP_461797),1,1,8740,1.1441647597254005e-4
VFG000543(gb|NP_461803),1,1,8740,1.1441647597254005e-4
VFG000546(gb|NP_461806),1,1,8740,1.1441647597254005e-4
VFG000574(gb|NP_462662),1,1,8740,1.1441647597254005e-4
VFG000618(gb|NP_709457),1,1,8740,1.1441647597254005e-4
VFG000872(gb|WP_000044711),1,1,8740,1.1441647597254005e-4
VFG000876(gb|WP_000120946),1,1,8740,1.1441647597254005e-4
VFG000876(gb|WP_000120946),2,1,2839,3.522367030644593e-4
VFG000917(gb|WP_000089583),1,1,8740,1.1441647597254005e-4
VFG000931(gb|WP_001336900),1,2,8740,2.288329519450801e-4
VFG000937(gb|WP_000750139),1,1,8740,1.1441647597254005e-4
VFG000979(gb|WP_010921857),1,1,8740,1.1441647597254005e-4
VFG001207(gb|NP_253241),1,6993,8740,0.8001144164759726
VFG001207(gb|NP_253241),2,1821,2839,0.6414230362803804
VFG001208(gb|NP_253242),1,6283,8740,0.7188787185354691
VFG001208(gb|NP_253242),2,1689,2839,0.5949277914758718
VFG001209(gb|NP_253243),1,6868,8740,0.785812356979405
VFG001209(gb|NP_253243),2,1820,2839,0.6410707995773159
VFG001210(gb|NP_253244),1,7332,8740,0.8389016018306636
VFG001210(gb|NP_253244),2,1966,2839,0.692497358224727
VFG001211(gb|NP_253245),1,6983,8740,0.7989702517162471
VFG001211(gb|NP_253245),2,1814,2839,0.6389573793589292
VFG001212(gb|NP_253246),1,6958,8740,0.7961098398169336
VFG001212(gb|NP_253246),2,1817,2839,0.6400140894681225
VFG001213(gb|NP_253236),1,8738,8740,0.9997711670480549
VFG001213(gb|NP_253236),2,2839,2839,1
VFG001214(gb|NP_253237),1,8737,8740,0.9996567505720824
VFG001214(gb|NP_253237),2,2839,2839,1
VFG001215(gb|NP_253239),1,6987,8740,0.7994279176201373
VFG001215(gb|NP_253239),2,1819,2839,0.6407185628742516
VFG001216(gb|NP_253240),1,6991,8740,0.7998855835240275
VFG001216(gb|NP_253240),2,1818,2839,0.640366326171187
VFG001217(gb|NP_252494),1,8248,8740,0.9437070938215103
VFG001217(gb|NP_252494),2,2601,2839,0.9161676646706587
VFG001218(gb|NP_253727),1,7462,8740,0.8537757437070939
VFG001218(gb|NP_253727),2,1998,2839,0.7037689327227897
VFG001219(gb|NP_253728),1,7032,8740,0.8045766590389016
VFG001219(gb|NP_253728),2,1822,2839,0.6417752729834448
VFG001220(gb|NP_253729),1,7039,8740,0.8053775743707093
VFG001220(gb|NP_253729),2,1822,2839,0.6417752729834448
VFG001221(gb|NP_253730),1,7037,8740,0.8051487414187642
VFG001221(gb|NP_253730),2,1822,2839,0.6417752729834448
VFG001222(gb|NP_253731),1,8738,8740,0.9997711670480549
VFG001222(gb|NP_253731),2,2837,2839,0.9992955265938711
VFG001223(gb|NP_249086),1,8736,8740,0.9995423340961098
VFG001223(gb|NP_249086),2,2838,2839,0.9996477632969355
VFG001224(gb|NP_249087),1,8736,8740,0.9995423340961098
VFG001224(gb|NP_249087),2,2838,2839,0.9996477632969355
VFG001225(gb|NP_249099),1,8218,8740,0.94027459954233406
VFG001225(gb|NP_249099),2,2590,2839,0.9122930609369496
VFG001226(gb|NP_249100),1,8211,8740,0.9394736842105263
VFG001226(gb|NP_249100),2,2589,2839,0.9119408242338851
VFG001227(gb|NP_249101),1,8226,8740,0.9411899313501144
VFG001227(gb|NP_249101),2,2593,2839,0.913349771046143
VFG001228(gb|NP_249102),1,8737,8740,0.9996567505720824
VFG001228(gb|NP_249102),2,2838,2839,0.9996477632969355
VFG001229(gb|NP_249103),1,8255,8740,0.9445080091533181
VFG001229(gb|NP_249103),2,2605,2839,0.9175766114829165
VFG001230(gb|NP_251805),1,8684,8740,0.9935926773455378
VFG001230(gb|NP_251805),2,2835,2839,0.9985910531877422
VFG001231(gb|NP_249104),1,8737,8740,0.9996567505720824
VFG001231(gb|NP_249104),2,2838,2839,0.9996477632969355
VFG001232(gb|NP_249105),1,8709,8740,0.9964530892448512
VFG001232(gb|NP_249105),2,2830,2839,0.9968298696724198
VFG001233(gb|NP_249106),1,8223,8740,0.9408466819221968
VFG001233(gb|NP_249106),2,2590,2839,0.9122930609369496
VFG001234(gb|NP_249107),1,8248,8740,0.9437070938215103
VFG001234(gb|NP_249107),2,2603,2839,0.9168721380767876
VFG001235(gb|NP_249108),1,8237,8740,0.9424485125858123
VFG001235(gb|NP_249108),2,2596,2839,0.9144064811553364
VFG001236(gb|NP_249769),1,8213,8740,0.9397025171624714
VFG001236(gb|NP_249769),2,2587,2839,0.9112363508277562
VFG001237(gb|NP_249770),1,8107,8740,0.9275743707093822
VFG001237(gb|NP_249770),2,2598,2839,0.9151109545614653
VFG001238(gb|NP_249771),1,8597,8740,0.9836384439359268
VFG001238(gb|NP_249771),2,2839,2839,1
VFG001239(gb|NP_249772),1,8245,8740,0.9433638443935927
VFG001239(gb|NP_249772),2,2600,2839,0.9158154279675942
VFG001240(gb|NP_249773),1,8247,8740,0.9435926773455378
VFG001240(gb|NP_249773),2,2601,2839,0.9161676646706587
VFG001241(gb|NP_249774),1,8239,8740,0.9426773455377574
VFG001241(gb|NP_249774),2,2597,2839,0.9147587178584008
VFG001242(gb|NP_249775),1,8737,8740,0.9996567505720824
VFG001242(gb|NP_249775),2,2839,2839,1
VFG001243(gb|NP_249776),1,8738,8740,0.9997711670480549
VFG001243(gb|NP_249776),2,2839,2839,1
VFG001244(gb|NP_249777),1,3564,8740,0.4077803203661327
VFG001244(gb|NP_249777),2,451,2839,0.15885875308207115
VFG001245(gb|NP_249778),1,3562,8740,0.4075514874141876
VFG001245(gb|NP_249778),2,449,2839,0.15815427967594223
VFG001246(gb|NP_249783),1,3603,8740,0.4122425629290618
VFG001246(gb|NP_249783),2,451,2839,0.15885875308207115
VFG001247(gb|NP_249785),1,3599,8740,0.4117848970251716
VFG001247(gb|NP_249785),2,450,2839,0.1585065163790067
VFG001248(gb|NP_249788),1,8736,8740,0.9995423340961098
VFG001248(gb|NP_249788),2,2839,2839,1
VFG001249(gb|NP_249790),1,8737,8740,0.9996567505720824
VFG001249(gb|NP_249790),2,2838,2839,0.9996477632969355
VFG001250(gb|NP_249791),1,8163,8740,0.9339816933638444
VFG001250(gb|NP_249791),2,2577,2839,0.9077139837971117
VFG001251(gb|NP_249792),1,8739,8740,0.9998855835240275
VFG001251(gb|NP_249792),2,2839,2839,1
VFG001252(gb|NP_249793),1,8712,8740,0.9967963386727688
VFG001252(gb|NP_249793),2,2839,2839,1
VFG001253(gb|NP_249794),1,8250,8740,0.9439359267734554
VFG001253(gb|NP_249794),2,2601,2839,0.9161676646706587
VFG001254(gb|NP_249795),1,8739,8740,0.9998855835240275
VFG001254(gb|NP_249795),2,2839,2839,1
VFG001255(gb|NP_249796),1,8215,8740,0.9399313501144165
VFG001255(gb|NP_249796),2,2587,2839,0.9112363508277562
VFG001256(gb|NP_250134),1,8299,8740,0.9495423340961099
VFG001256(gb|NP_250134),2,2662,2839,0.9376541035575907
VFG001257(gb|NP_250135),1,8216,8740,0.940045766590389
VFG001257(gb|NP_250135),2,2591,2839,0.9126452976400141
VFG001258(gb|NP_250136),1,8213,8740,0.9397025171624714
VFG001258(gb|NP_250136),2,2590,2839,0.9122930609369496
VFG001259(gb|NP_250137),1,8244,8740,0.9432494279176201
VFG001259(gb|NP_250137),2,2600,2839,0.9158154279675942
VFG001260(gb|NP_250138),1,8016,8740,0.917162471395881
VFG001260(gb|NP_250138),2,2564,2839,0.9031349066572737
VFG001261(gb|NP_250139),1,8189,8740,0.9369565217391305
VFG001261(gb|NP_250139),2,2599,2839,0.9154631912645298
VFG001262(gb|NP_250140),1,8733,8740,0.9991990846681922
VFG001262(gb|NP_250140),2,2838,2839,0.9996477632969355
VFG001263(gb|NP_250143),1,8735,8740,0.9994279176201373
VFG001263(gb|NP_250143),2,2839,2839,1
VFG001264(gb|NP_250144),1,8735,8740,0.9994279176201373
VFG001264(gb|NP_250144),2,2827,2839,0.9957731595632265
VFG001265(gb|NP_250145),1,8249,8740,0.9438215102974828
VFG001265(gb|NP_250145),2,2589,2839,0.9119408242338851
VFG001266(gb|NP_252912),1,8722,8740,0.9979405034324943
VFG001266(gb|NP_252912),2,2836,2839,0.9989432898908066
VFG001267(gb|NP_252913),1,8713,8740,0.9969107551487414
VFG001267(gb|NP_252913),2,2833,2839,0.9978865797816132
VFG001268(gb|NP_252914),1,8702,8740,0.9956521739130435
VFG001268(gb|NP_252914),2,2814,2839,0.9911940824233885
VFG001280(gb|WP_000934435),1,1,8740,1.1441647597254005e-4
VFG001282(gb|WP_000841389),1,2,8740,2.288329519450801e-4
VFG001283(gb|WP_000794648),1,2,8740,2.288329519450801e-4
VFG001291(gb|WP_001039417),1,2,8740,2.288329519450801e-4
VFG001305(gb|WP_001034053),1,1,8740,1.1441647597254005e-4
VFG001308(gb|WP_001291010),1,3,8740,3.4324942791762013e-4
VFG001444(gb|AAG10151),1,1,8740,1.1441647597254005e-4
VFG002044(gb|WP_010930609),1,1,8740,1.1441647597254005e-4
VFG002044(gb|WP_010930609),2,1,2839,3.522367030644593e-4
VFG002055(gb|WP_000097229),2,1,2839,3.522367030644593e-4
VFG002056,2,1,2839,3.522367030644593e-4
VFG002057(gb|NP_248761),1,8705,8740,0.9959954233409611
VFG002057(gb|NP_248761),2,2838,2839,0.9996477632969355
VFG002058(gb|NP_248762),1,8703,8740,0.995766590389016
VFG002058(gb|NP_248762),2,2838,2839,0.9996477632969355
VFG002059(gb|NP_248763),1,8221,8740,0.9406178489702517
VFG002059(gb|NP_248763),2,2599,2839,0.9154631912645298
VFG002060(gb|NP_248764),1,8710,8740,0.9965675057208238
VFG002060(gb|NP_248764),2,2838,2839,0.9996477632969355
VFG002061(gb|NP_248765),1,8229,8740,0.941533180778032
VFG002061(gb|NP_248765),2,2600,2839,0.9158154279675942
VFG002062(gb|NP_248766),1,8228,8740,0.9414187643020595
VFG002062(gb|NP_248766),2,2598,2839,0.9151109545614653
VFG002063(gb|NP_248767),1,8712,8740,0.9967963386727688
VFG002063(gb|NP_248767),2,2838,2839,0.9996477632969355
VFG002064(gb|NP_248768),1,8712,8740,0.9967963386727688
VFG002064(gb|NP_248768),2,2838,2839,0.9996477632969355
VFG002065(gb|NP_248769),1,8708,8740,0.9963386727688787
VFG002065(gb|NP_248769),2,2838,2839,0.9996477632969355
VFG002066(gb|NP_248770),1,8207,8740,0.9390160183066362
VFG002066(gb|NP_248770),2,2590,2839,0.9122930609369496
VFG002067(gb|NP_248771),1,8418,8740,0.9631578947368421
VFG002067(gb|NP_248771),2,2679,2839,0.9436421275096865
VFG002068(gb|NP_248772),1,8676,8740,0.9926773455377574
VFG002068(gb|NP_248772),2,2828,2839,0.9961253962662909
VFG002069(gb|NP_248773),1,8212,8740,0.9395881006864989
VFG002069(gb|NP_248773),2,2590,2839,0.9122930609369496
VFG002070(gb|NP_248774),1,8712,8740,0.9967963386727688
VFG002070(gb|NP_248774),2,2838,2839,0.9996477632969355
VFG002071(gb|NP_248775),1,8209,8740,0.9392448512585813
VFG002071(gb|NP_248775),2,2589,2839,0.9119408242338851
VFG002072(gb|NP_248776),1,8236,8740,0.9423340961098399
VFG002072(gb|NP_248776),2,2602,2839,0.9165199013737232
VFG002073(gb|NP_248777),1,8211,8740,0.9394736842105263
VFG002073(gb|NP_248777),2,2589,2839,0.9119408242338851
VFG002074(gb|NP_248778),1,8728,8740,0.9986270022883296
VFG002074(gb|NP_248778),2,2837,2839,0.9992955265938711
VFG002075(gb|NP_248779),1,8728,8740,0.9986270022883296
VFG002075(gb|NP_248779),2,2836,2839,0.9989432898908066
VFG002076(gb|NP_248780),1,8728,8740,0.9986270022883296
VFG002076(gb|NP_248780),2,2837,2839,0.9992955265938711
VFG002077(gb|NP_248781),1,8692,8740,0.994508009153318
VFG002077(gb|NP_248781),2,2820,2839,0.9933075026417753
VFG002101(gb|WP_010948213),2,1,2839,3.522367030644593e-4
VFG002179(gb|AAD09858),1,1,8740,1.1441647597254005e-4
VFG002306(gb|NP_461449),1,1,8740,1.1441647597254005e-4
VFG002406(gb|WP_000728972),1,1,8740,1.1441647597254005e-4
VFG002409(gb|WP_000549274),2,1,2839,3.522367030644593e-4
VFG002414(gb|WP_000730972),1,1,8740,1.1441647597254005e-4
VFG002420(gb|WP_000645781),2,1,2839,3.522367030644593e-4
VFG003114(gb|WP_000784549),1,2,8740,2.288329519450801e-4
VFG003250(gb|WP_002212775),1,1,8740,1.1441647597254005e-4
VFG003385(gb|WP_002212775),1,1,8740,1.1441647597254005e-4
VFG003499(gb|WP_011816644),1,2,8740,2.288329519450801e-4
VFG003504(gb|WP_011816641),1,1,8740,1.1441647597254005e-4
VFG003507(gb|WP_005168689),1,1,8740,1.1441647597254005e-4
VFG003676(gb|WP_001120092),1,1,8740,1.1441647597254005e-4
VFG003678(gb|WP_001120088),1,1,8740,1.1441647597254005e-4
VFG003781(gb|WP_000258814),1,1,8740,1.1441647597254005e-4
VFG003783(gb|WP_000258813),1,1,8740,1.1441647597254005e-4
VFG003784(gb|WP_001540781),1,1,8740,1.1441647597254005e-4
VFG003791(gb|WP_000245782),1,1,8740,1.1441647597254005e-4
VFG003793(gb|WP_000245781),1,1,8740,1.1441647597254005e-4
VFG003794(gb|WP_001540783),1,1,8740,1.1441647597254005e-4
VFG003801(gb|WP_001166955),1,1,8740,1.1441647597254005e-4
VFG003803(gb|WP_001166948),1,1,8740,1.1441647597254005e-4
VFG004039(gb|WP_000131278),1,1,8740,1.1441647597254005e-4
VFG004041(gb|WP_000131279),1,1,8740,1.1441647597254005e-4
VFG004042(gb|WP_001541138),1,1,8740,1.1441647597254005e-4
VFG004181(gb|WP_001541093),1,1,8740,1.1441647597254005e-4
VFG004183(gb|WP_001541094),1,1,8740,1.1441647597254005e-4
VFG004185,1,1,8740,1.1441647597254005e-4
VFG004299(gb|WP_024133661),1,1,8740,1.1441647597254005e-4
VFG004300(gb|WP_024131208),1,1,8740,1.1441647597254005e-4
VFG004301(gb|WP_000981791),1,1,8740,1.1441647597254005e-4
VFG004302(gb|WP_000981804),1,1,8740,1.1441647597254005e-4
VFG004355(gb|NP_463449),1,1,8740,1.1441647597254005e-4
VFG004356,1,1,8740,1.1441647597254005e-4
VFG004358(gb|WP_001160713),1,1,8740,1.1441647597254005e-4
VFG004359(gb|WP_001541508),1,1,8740,1.1441647597254005e-4
VFG004407(gb|WP_001038509),1,1,8740,1.1441647597254005e-4
VFG004409(gb|WP_001541550),1,1,8740,1.1441647597254005e-4
VFG004448(gb|WP_001540608),1,1,8740,1.1441647597254005e-4
VFG004502(gb|WP_001109328),1,5,8740,5.720823798627002e-4
VFG004502(gb|WP_001109328),2,3,2839,0.0010567101091933778
VFG004503,1,1,8740,1.1441647597254005e-4
VFG004504(gb|YP_499969),1,5,8740,5.720823798627002e-4
VFG004504(gb|YP_499969),2,3,2839,0.0010567101091933778
VFG004505,1,5,8740,5.720823798627002e-4
VFG004505,2,3,2839,0.0010567101091933778
VFG004507,1,4,8740,4.576659038901602e-4
VFG004507,2,1,2839,3.522367030644593e-4
VFG004508(gb|WP_001109390),1,4,8740,4.576659038901602e-4
VFG004508(gb|WP_001109390),2,4,2839,0.0014089468122578373
VFG004510,1,5,8740,5.720823798627002e-4
VFG004510,2,3,2839,0.0010567101091933778
VFG004511(gb|WP_001109341),1,5,8740,5.720823798627002e-4
VFG004511(gb|WP_001109341),2,3,2839,0.0010567101091933778
VFG004512(gb|WP_001109333),1,5,8740,5.720823798627002e-4
VFG004512(gb|WP_001109333),2,3,2839,0.0010567101091933778
VFG004594(gb|WP_000934424),1,1,8740,1.1441647597254005e-4
VFG004595(gb|YP_499118),1,1,8740,1.1441647597254005e-4
VFG004596(gb|WP_000934467),1,1,8740,1.1441647597254005e-4
VFG004597(gb|WP_000934439),1,1,8740,1.1441647597254005e-4
VFG004598(gb|WP_000934467),1,1,8740,1.1441647597254005e-4
VFG004600(gb|WP_000934424),1,1,8740,1.1441647597254005e-4
VFG004610(gb|WP_001039419),1,2,8740,2.288329519450801e-4
VFG004611(gb|WP_001039406),1,2,8740,2.288329519450801e-4
VFG004613(gb|WP_000841422),1,2,8740,2.288329519450801e-4
VFG004614(gb|YP_501261),1,2,8740,2.288329519450801e-4
VFG004615(gb|WP_000841404),1,1,8740,1.1441647597254005e-4
VFG004616(gb|WP_000841390),1,2,8740,2.288329519450801e-4
VFG004620(gb|WP_000794589),1,1,8740,1.1441647597254005e-4
VFG004621(gb|WP_000794654),1,1,8740,1.1441647597254005e-4
VFG004622(gb|YP_501262),1,1,8740,1.1441647597254005e-4
VFG004623(gb|WP_000794614),1,1,8740,1.1441647597254005e-4
VFG004625(gb|WP_000794580),1,1,8740,1.1441647597254005e-4
VFG004732(gb|WP_001548082),1,2,8740,2.288329519450801e-4
VFG004733(gb|WP_011382230),1,2,8740,2.288329519450801e-4
VFG004736(gb|WP_001793574),1,2,8740,2.288329519450801e-4
VFG004737(gb|WP_001643461),1,2,8740,2.288329519450801e-4
VFG004738(gb|WP_000141557),1,2,8740,2.288329519450801e-4
VFG004853(gb|WP_000473596),2,1,2839,3.522367030644593e-4
VFG004854(gb|WP_000473600),2,1,2839,3.522367030644593e-4
VFG004855(gb|YP_500454),2,1,2839,3.522367030644593e-4
VFG004856(gb|WP_000473596),2,1,2839,3.522367030644593e-4
VFG004886(gb|WP_000673051),1,1,8740,1.1441647597254005e-4
VFG004904,1,1,8740,1.1441647597254005e-4
VFG004906(gb|WP_000778477),1,1,8740,1.1441647597254005e-4
VFG004936(gb|WP_000673051),1,1,8740,1.1441647597254005e-4
VFG004978(gb|WP_010922839),2,1,2839,3.522367030644593e-4
VFG005058(gb|WP_001034059),1,1,8740,1.1441647597254005e-4
VFG005062(gb|WP_001045642),1,1,8740,1.1441647597254005e-4
VFG005074(gb|WP_001085819),1,2,8740,2.288329519450801e-4
VFG005079(gb|WP_000239647),1,2,8740,2.288329519450801e-4
VFG005085(gb|WP_001291022),1,3,8740,3.4324942791762013e-4
VFG005090(gb|WP_001291020),1,3,8740,3.4324942791762013e-4
VFG005091(gb|WP_001291014),1,3,8740,3.4324942791762013e-4
VFG005095(gb|WP_001291016),1,3,8740,3.4324942791762013e-4
VFG005157(gb|WP_011529060),1,1,8740,1.1441647597254005e-4
VFG005158(gb|WP_011285221),1,1,8740,1.1441647597254005e-4
VFG005515(gb|WP_002994926),1,1,8740,1.1441647597254005e-4
VFG005517(gb|WP_002991468),1,1,8740,1.1441647597254005e-4
VFG005518(gb|WP_002994926),1,1,8740,1.1441647597254005e-4
VFG005520(gb|WP_002994926),1,1,8740,1.1441647597254005e-4
VFG005521(gb|WP_002981947),1,1,8740,1.1441647597254005e-4
VFG005522(gb|WP_002991468),1,1,8740,1.1441647597254005e-4
VFG005525(gb|WP_002981947),1,1,8740,1.1441647597254005e-4
VFG005526(gb|WP_011285340),1,1,8740,1.1441647597254005e-4
VFG005671(gb|WP_020833236),1,1,8740,1.1441647597254005e-4
VFG005672(gb|WP_011054152),1,1,8740,1.1441647597254005e-4
VFG005674,1,1,8740,1.1441647597254005e-4
VFG005675(gb|WP_002991212),1,1,8740,1.1441647597254005e-4
VFG005677(gb|WP_041174247),1,1,8740,1.1441647597254005e-4
VFG005678(gb|WP_010921857),1,1,8740,1.1441647597254005e-4
VFG006137(gb|WP_173024112),1,1,8740,1.1441647597254005e-4
VFG006138(gb|WP_173024113),1,1,8740,1.1441647597254005e-4
VFG007775(gb|WP_011894256),1,2,8740,2.288329519450801e-4
VFG007830(gb|WP_011894255),1,1,8740,1.1441647597254005e-4
VFG007849(gb|NP_217449),1,1,8740,1.1441647597254005e-4
VFG007851(gb|WP_003899548),1,1,8740,1.1441647597254005e-4
VFG007852(gb|WP_003414837),1,1,8740,1.1441647597254005e-4
VFG007914(gb|WP_011780329),1,30,8740,0.003432494279176201
VFG008258(gb|NP_216932),2,1,2839,3.522367030644593e-4
VFG008259(gb|WP_003412375),2,1,2839,3.522367030644593e-4
VFG008261(gb|WP_010950714),2,1,2839,3.522367030644593e-4
VFG008351(gb|WP_011740948),1,1,8740,1.1441647597254005e-4
VFG008870(gb|YP_005361486),1,1,8740,1.1441647597254005e-4
VFG008874(gb|WP_015288408),1,1,8740,1.1441647597254005e-4
VFG008875(gb|WP_015303644),1,1,8740,1.1441647597254005e-4
VFG008876(gb|WP_015291057),1,1,8740,1.1441647597254005e-4
VFG008877(gb|WP_015294040),1,1,8740,1.1441647597254005e-4
VFG008881(gb|WP_003414837),1,1,8740,1.1441647597254005e-4
VFG008884(gb|WP_009938592),1,1,8740,1.1441647597254005e-4
VFG008889(gb|WP_003414837),1,1,8740,1.1441647597254005e-4
VFG009374(gb|WP_010908479),2,19,2839,0.006692497358224727
VFG009423(gb|WP_011856686),1,36,8740,0.004118993135011442
VFG009423(gb|WP_011856686),2,1,2839,3.522367030644593e-4
VFG009424(gb|WP_011561489),1,36,8740,0.004118993135011442
VFG009424(gb|WP_011561489),2,1,2839,3.522367030644593e-4
VFG009488,1,4,8740,4.576659038901602e-4
VFG009488,2,1,2839,3.522367030644593e-4
VFG009489(gb|WP_011724535),1,4,8740,4.576659038901602e-4
VFG009584(gb|WP_003873185),1,1,8740,1.1441647597254005e-4
VFG009585(gb|WP_011724227),1,1,8740,1.1441647597254005e-4
VFG009701(gb|WP_010948769),1,1,8740,1.1441647597254005e-4
VFG009702(gb|WP_003872294),1,1,8740,1.1441647597254005e-4
VFG009815(gb|WP_162830471),1,105,8740,0.012013729977116704
VFG009815(gb|WP_162830471),2,1,2839,3.522367030644593e-4
VFG009816(gb|WP_165928405),1,105,8740,0.012013729977116704
VFG009816(gb|WP_165928405),2,1,2839,3.522367030644593e-4
VFG009819(gb|WP_041799901),1,8004,8740,0.9157894736842105
VFG009819(gb|WP_041799901),2,2527,2839,0.8901021486438887
VFG009820(gb|WP_036377494),1,105,8740,0.012013729977116704
VFG009820(gb|WP_036377494),2,1,2839,3.522367030644593e-4
VFG009862(gb|WP_071498255),1,1,8740,1.1441647597254005e-4
VFG009865(gb|WP_041307013),1,6,8740,6.864988558352403e-4
VFG009930(gb|WP_011779804),1,7,8740,8.009153318077803e-4
VFG010698(gb|WP_080020091),2,1,2839,3.522367030644593e-4
VFG010699(gb|WP_011216393),2,1,2839,3.522367030644593e-4
VFG010939(gb|WP_148265616),2,1,2839,3.522367030644593e-4
VFG010940(gb|WP_041937492),2,1,2839,3.522367030644593e-4
VFG011118(gb|WP_010930609),1,1,8740,1.1441647597254005e-4
VFG011118(gb|WP_010930609),2,1,2839,3.522367030644593e-4
VFG011119(gb|WP_010930609),1,1,8740,1.1441647597254005e-4
VFG011119(gb|WP_010930609),2,1,2839,3.522367030644593e-4
VFG011158(gb|WP_012415798),1,1,8740,1.1441647597254005e-4
VFG011257,1,1,8740,1.1441647597254005e-4
VFG011258,1,1,8740,1.1441647597254005e-4
VFG011259(gb|WP_003811905),1,1,8740,1.1441647597254005e-4
VFG011288(gb|WP_012417360),2,1,2839,3.522367030644593e-4
VFG012252(gb|WP_001535784),1,1,8740,1.1441647597254005e-4
VFG012270(gb|NP_418733),1,1,8740,1.1441647597254005e-4
VFG012271(gb|WP_000044700),1,1,8740,1.1441647597254005e-4
VFG012274(gb|WP_000044708),1,1,8740,1.1441647597254005e-4
VFG012275(gb|WP_000044708),1,1,8740,1.1441647597254005e-4
VFG012298(gb|NP_418737),1,1,8740,1.1441647597254005e-4
VFG012298(gb|NP_418737),2,1,2839,3.522367030644593e-4
VFG012299(gb|WP_000120982),1,1,8740,1.1441647597254005e-4
VFG012299(gb|WP_000120982),2,1,2839,3.522367030644593e-4
VFG012300(gb|NP_313303),1,1,8740,1.1441647597254005e-4
VFG012300(gb|NP_313303),2,1,2839,3.522367030644593e-4
VFG012302(gb|WP_000120951),1,1,8740,1.1441647597254005e-4
VFG012302(gb|WP_000120951),2,1,2839,3.522367030644593e-4
VFG012303(gb|WP_000120954),1,1,8740,1.1441647597254005e-4
VFG012303(gb|WP_000120954),2,1,2839,3.522367030644593e-4
VFG012454(gb|WP_000820483),1,1,8740,1.1441647597254005e-4
VFG012456(gb|WP_000820518),1,1,8740,1.1441647597254005e-4
VFG012457(gb|WP_000820443),1,1,8740,1.1441647597254005e-4
VFG012458(gb|YP_026164),1,1,8740,1.1441647597254005e-4
VFG012459(gb|WP_000820423),1,1,8740,1.1441647597254005e-4
VFG012460(gb|WP_000820396),1,1,8740,1.1441647597254005e-4
VFG012518(gb|WP_000973517),2,1,2839,3.522367030644593e-4
VFG012520(gb|WP_012006523),1,1,8740,1.1441647597254005e-4
VFG012535(gb|WP_001327263),1,1,8740,1.1441647597254005e-4
VFG012536(gb|WP_001295637),1,1,8740,1.1441647597254005e-4
VFG012537(gb|WP_001304269),1,1,8740,1.1441647597254005e-4
VFG012538(gb|WP_001350678),1,1,8740,1.1441647597254005e-4
VFG012548(gb|WP_000623031),1,1,8740,1.1441647597254005e-4
VFG012549(gb|WP_000623043),1,1,8740,1.1441647597254005e-4
VFG012550(gb|WP_000623043),1,1,8740,1.1441647597254005e-4
VFG012567(gb|WP_000784549),1,2,8740,2.288329519450801e-4
VFG012569(gb|WP_000784554),1,2,8740,2.288329519450801e-4
VFG012570(gb|WP_000784540),1,2,8740,2.288329519450801e-4
VFG012597(gb|WP_000089593),1,1,8740,1.1441647597254005e-4
VFG012600(gb|WP_000089598),1,1,8740,1.1441647597254005e-4
VFG012601(gb|WP_000089584),1,1,8740,1.1441647597254005e-4
VFG012602(gb|WP_000089584),1,1,8740,1.1441647597254005e-4
VFG012865,1,4,8740,4.576659038901602e-4
VFG012865,2,3,2839,0.0010567101091933778
VFG012912(gb|WP_000094969),2,1,2839,3.522367030644593e-4
VFG012914(gb|WP_000942800),2,1,2839,3.522367030644593e-4
VFG012961(gb|WP_000750138),1,1,8740,1.1441647597254005e-4
VFG012962(gb|WP_000750143),1,1,8740,1.1441647597254005e-4
VFG012985(gb|WP_000026832),1,1,8740,1.1441647597254005e-4
VFG012986(gb|NP_706449),1,1,8740,1.1441647597254005e-4
VFG012988(gb|WP_000026772),1,1,8740,1.1441647597254005e-4
VFG012989(gb|WP_000026762),1,1,8740,1.1441647597254005e-4
VFG012990(gb|WP_000026810),1,1,8740,1.1441647597254005e-4
VFG012991(gb|WP_000381303),1,2,8740,2.288329519450801e-4
VFG012992,1,2,8740,2.288329519450801e-4
VFG012993,1,2,8740,2.288329519450801e-4
VFG012994,1,2,8740,2.288329519450801e-4
VFG012995(gb|WP_004980869),1,2,8740,2.288329519450801e-4
VFG012996(gb|WP_005141144),1,2,8740,2.288329519450801e-4
VFG013003(gb|WP_005019349),1,1,8740,1.1441647597254005e-4
VFG013004(gb|NP_706438),1,1,8740,1.1441647597254005e-4
VFG013005(gb|WP_001506608),1,1,8740,1.1441647597254005e-4
VFG013008(gb|WP_001370282),1,1,8740,1.1441647597254005e-4
VFG013010(gb|NP_706439),1,1,8740,1.1441647597254005e-4
VFG013012(gb|WP_001034936),1,1,8740,1.1441647597254005e-4
VFG013064(gb|WP_000089574),1,1,8740,1.1441647597254005e-4
VFG013733(gb|WP_003854229),2,8,2839,0.0028178936245156746
VFG013762(gb|WP_003141352),1,2329,8740,0.2664759725400458
VFG013762(gb|WP_003141352),2,1235,2839,0.43501232828460723
VFG013774(gb|WP_033998207),1,33,8740,0.0037757437070938217
VFG013774(gb|WP_033998207),2,23,2839,0.008101444170482565
VFG013775(gb|WP_003141354),1,1300,8740,0.14874141876430205
VFG013775(gb|WP_003141354),2,862,2839,0.3036280380415639
VFG013784(gb|WP_016254080),1,627,8740,0.07173913043478261
VFG013784(gb|WP_016254080),2,795,2839,0.28002817893624515
VFG013796(gb|WP_012077297),1,8262,8740,0.9453089244851258
VFG013796(gb|WP_012077297),2,2605,2839,0.9175766114829165
VFG013797(gb|WP_003141356),1,8269,8740,0.9461098398169336
VFG013797(gb|WP_003141356),2,2607,2839,0.9182810848890455
VFG013809(gb|WP_003150015),1,8,8740,9.153318077803204e-4
VFG013809(gb|WP_003150015),2,2,2839,7.044734061289186e-4
VFG013810(gb|WP_003116267),1,1245,8740,0.14244851258581237
VFG013810(gb|WP_003116267),2,779,2839,0.2743923916872138
VFG013823(gb|WP_003092804),1,8247,8740,0.9435926773455378
VFG013823(gb|WP_003092804),2,2603,2839,0.9168721380767876
VFG013835(gb|WP_003110888),1,8291,8740,0.9486270022883295
VFG013835(gb|WP_003110888),2,2613,2839,0.9203945051074321
VFG013836(gb|WP_003110888),1,8738,8740,0.9997711670480549
VFG013836(gb|WP_003110888),2,2837,2839,0.9992955265938711
VFG013848(gb|WP_003148777),1,1,8740,1.1441647597254005e-4
VFG013849(gb|WP_003141783),1,1232,8740,0.14096109839816934
VFG013849(gb|WP_003141783),2,775,2839,0.27298344487495596
VFG013861(gb|WP_003148775),1,6815,8740,0.7797482837528604
VFG013861(gb|WP_003148775),2,1192,2839,0.4198661500528355
VFG013862(gb|WP_003116135),1,1217,8740,0.13924485125858124
VFG013862(gb|WP_003116135),2,775,2839,0.27298344487495596
VFG013871(gb|WP_012077721),1,6709,8740,0.7676201372997712
VFG013871(gb|WP_012077721),2,1819,2839,0.6407185628742516
VFG013872(gb|WP_003116136),1,1222,8740,0.13981693363844394
VFG013872(gb|WP_003116136),2,773,2839,0.27227897146882707
VFG013884(gb|WP_012077720),1,9,8740,0.0010297482837528604
VFG013884(gb|WP_012077720),2,1,2839,3.522367030644593e-4
VFG013885(gb|WP_003141780),1,1300,8740,0.14874141876430205
VFG013885(gb|WP_003141780),2,854,2839,0.30081014441704823
VFG013897(gb|WP_003084552),1,8374,8740,0.9581235697940503
VFG013897(gb|WP_003084552),2,2751,2839,0.9690031701303276
VFG013898(gb|WP_003084552),1,8736,8740,0.9995423340961098
VFG013898(gb|WP_003084552),2,2838,2839,0.9996477632969355
VFG013907(gb|WP_004373763),1,2,8740,2.288329519450801e-4
VFG013910(gb|WP_033999672),1,8736,8740,0.9995423340961098
VFG013910(gb|WP_033999672),2,2838,2839,0.9996477632969355
VFG013911(gb|WP_003110016),1,8736,8740,0.9995423340961098
VFG013911(gb|WP_003110016),2,2838,2839,0.9996477632969355
VFG013919(gb|WP_012077309),2,1,2839,3.522367030644593e-4
VFG013925(gb|WP_016254061),1,1252,8740,0.14324942791762013
VFG013925(gb|WP_016254061),2,786,2839,0.27685804860866503
VFG013930(gb|WP_003150019),1,132,8740,0.015102974828375287
VFG013931(gb|WP_003116263),1,1249,8740,0.14290617848970252
VFG013931(gb|WP_003116263),2,780,2839,0.27474462839027824
VFG013937(gb|WP_003141555),1,1293,8740,0.1479405034324943
VFG013937(gb|WP_003141555),2,851,2839,0.2997534343078549
VFG013948(gb|NP_251650),1,8215,8740,0.9399313501144165
VFG013948(gb|NP_251650),2,2581,2839,0.9091229306093696
VFG013949(gb|WP_003091119),1,8214,8740,0.939816933638444
VFG013949(gb|WP_003091119),2,2581,2839,0.9091229306093696
VFG013950(gb|WP_003091119),1,8214,8740,0.939816933638444
VFG013950(gb|WP_003091119),2,2586,2839,0.9108841141246918
VFG013962(gb|WP_003141552),1,1248,8740,0.14279176201372998
VFG013962(gb|WP_003141552),2,779,2839,0.2743923916872138
VFG013972(gb|WP_034028141),1,22,8740,0.002517162471395881
VFG013972(gb|WP_034028141),2,2,2839,7.044734061289186e-4
VFG013973(gb|WP_003138501),1,8684,8740,0.9935926773455378
VFG013973(gb|WP_003138501),2,2835,2839,0.9985910531877422
VFG013985(gb|WP_012077306),1,17,8740,0.0019450800915331808
VFG013985(gb|WP_012077306),2,1,2839,3.522367030644593e-4
VFG013986(gb|WP_003094694),1,8737,8740,0.9996567505720824
VFG013986(gb|WP_003094694),2,2839,2839,1
VFG013992(gb|WP_011921055),1,2,8740,2.288329519450801e-4
VFG013993(gb|WP_026006503),1,1,8740,1.1441647597254005e-4
VFG013996(gb|WP_003094692),1,8738,8740,0.9997711670480549
VFG013996(gb|WP_003094692),2,2839,2839,1
VFG014004(gb|WP_003148848),1,8212,8740,0.9395881006864989
VFG014004(gb|WP_003148848),2,2588,2839,0.9115885875308207
VFG014017(gb|WP_003084587),1,8209,8740,0.9392448512585813
VFG014017(gb|WP_003084587),2,2588,2839,0.9115885875308207
VFG014018(gb|WP_003084587),1,8210,8740,0.9393592677345538
VFG014018(gb|WP_003084587),2,2589,2839,0.9119408242338851
VFG014030(gb|WP_003148849),1,8221,8740,0.9406178489702517
VFG014030(gb|WP_003148849),2,2589,2839,0.9119408242338851
VFG014043(gb|WP_012074000),1,8737,8740,0.9996567505720824
VFG014043(gb|WP_012074000),2,2838,2839,0.9996477632969355
VFG014044(gb|WP_003084592),1,8737,8740,0.9996567505720824
VFG014044(gb|WP_003084592),2,2838,2839,0.9996477632969355
VFG014056(gb|WP_003148852),1,1099,8740,0.12574370709382152
VFG014056(gb|WP_003148852),2,1564,2839,0.5508982035928144
VFG014057(gb|WP_003084594),1,8252,8740,0.9441647597254005
VFG014057(gb|WP_003084594),2,2607,2839,0.9182810848890455
VFG014061(gb|WP_012074001),1,108,8740,0.012356979405034324
VFG014061(gb|WP_012074001),2,27,2839,0.009510390982740402
VFG014062(gb|WP_004365046),1,8737,8740,0.9996567505720824
VFG014062(gb|WP_004365046),2,2838,2839,0.9996477632969355
VFG014063(gb|WP_011105280),1,7,8740,8.009153318077803e-4
VFG014063(gb|WP_011105280),2,2,2839,7.044734061289186e-4
VFG014064(gb|WP_011266435),1,1,8740,1.1441647597254005e-4
VFG014065(gb|WP_011167502),1,1,8740,1.1441647597254005e-4
VFG014069(gb|WP_011063997),1,2,8740,2.288329519450801e-4
VFG014070(gb|WP_011336362),1,1,8740,1.1441647597254005e-4
VFG014072(gb|WP_011914954),1,2,8740,2.288329519450801e-4
VFG014072(gb|WP_011914954),2,3,2839,0.0010567101091933778
VFG014074(gb|WP_012074002),1,1139,8740,0.1303203661327231
VFG014074(gb|WP_012074002),2,1140,2839,0.4015498414934836
VFG014075(gb|WP_004365048),1,8687,8740,0.9939359267734553
VFG014075(gb|WP_004365048),2,2837,2839,0.9992955265938711
VFG014079(gb|WP_012074003),1,144,8740,0.016475972540045767
VFG014079(gb|WP_012074003),2,183,2839,0.06445931666079606
VFG014080(gb|WP_003084602),1,8224,8740,0.9409610983981693
VFG014080(gb|WP_003084602),2,2590,2839,0.9122930609369496
VFG014092(gb|WP_012074004),1,6849,8740,0.7836384439359267
VFG014092(gb|WP_012074004),2,483,2839,0.17013032758013386
VFG014093(gb|WP_003128976),1,8248,8740,0.9437070938215103
VFG014093(gb|WP_003128976),2,2603,2839,0.9168721380767876
VFG014095(gb|WP_012074005),1,1,8740,1.1441647597254005e-4
VFG014096(gb|WP_003084610),1,8236,8740,0.9423340961098399
VFG014096(gb|WP_003084610),2,2597,2839,0.9147587178584008
VFG014099(gb|NP_251849),1,1365,8740,0.15617848970251716
VFG014099(gb|NP_251849),2,64,2839,0.022543148996125396
VFG014100(gb|NP_251848),1,1276,8740,0.1459954233409611
VFG014100(gb|NP_251848),2,52,2839,0.018316308559351884
VFG014101(gb|NP_251847),1,1366,8740,0.1562929061784897
VFG014101(gb|NP_251847),2,63,2839,0.022190912293060937
VFG014102(gb|NP_251846),1,1272,8740,0.14553775743707092
VFG014102(gb|NP_251846),2,52,2839,0.018316308559351884
VFG014103(gb|NP_251845),1,1366,8740,0.1562929061784897
VFG014103(gb|NP_251845),2,63,2839,0.022190912293060937
VFG014105(gb|NP_251843),1,1366,8740,0.1562929061784897
VFG014105(gb|NP_251843),2,63,2839,0.022190912293060937
VFG014106(gb|NP_251842),1,1274,8740,0.14576659038901602
VFG014106(gb|NP_251842),2,52,2839,0.018316308559351884
VFG014107(gb|NP_251841),1,1272,8740,0.14553775743707092
VFG014107(gb|NP_251841),2,52,2839,0.018316308559351884
VFG014108(gb|NP_251840),1,1364,8740,0.15606407322654461
VFG014108(gb|NP_251840),2,63,2839,0.022190912293060937
VFG014109(gb|NP_251839),1,1365,8740,0.15617848970251716
VFG014109(gb|NP_251839),2,63,2839,0.022190912293060937
VFG014110(gb|NP_251838),1,1365,8740,0.15617848970251716
VFG014110(gb|NP_251838),2,63,2839,0.022190912293060937
VFG014111(gb|NP_251837),1,1367,8740,0.15640732265446225
VFG014111(gb|NP_251837),2,64,2839,0.022543148996125396
VFG014112(gb|NP_251836),1,1277,8740,0.14610983981693365
VFG014112(gb|NP_251836),2,52,2839,0.018316308559351884
VFG014113(gb|NP_251835),1,1366,8740,0.1562929061784897
VFG014113(gb|NP_251835),2,64,2839,0.022543148996125396
VFG014115(gb|YP_008719764),1,1348,8740,0.15423340961098397
VFG014115(gb|YP_008719764),2,106,2839,0.03733709052483269
VFG014116(gb|NP_251832),1,1235,8740,0.14130434782608695
VFG014116(gb|NP_251832),2,50,2839,0.017611835153222965
VFG014117(gb|NP_251831),1,8478,8740,0.9700228832951945
VFG014117(gb|NP_251831),2,2829,2839,0.9964776329693554
VFG014118(gb|WP_012075024),1,251,8740,0.02871853546910755
VFG014118(gb|WP_012075024),2,2,2839,7.044734061289186e-4
VFG014119(gb|WP_012075025),1,219,8740,0.02505720823798627
VFG014119(gb|WP_012075025),2,2,2839,7.044734061289186e-4
VFG014120(gb|WP_042169654),1,251,8740,0.02871853546910755
VFG014120(gb|WP_042169654),2,2,2839,7.044734061289186e-4
VFG014122(gb|WP_003150874),1,251,8740,0.02871853546910755
VFG014122(gb|WP_003150874),2,2,2839,7.044734061289186e-4
VFG014123(gb|WP_003150878),1,214,8740,0.02448512585812357
VFG014123(gb|WP_003150878),2,2,2839,7.044734061289186e-4
VFG014124(gb|WP_012075029),1,251,8740,0.02871853546910755
VFG014124(gb|WP_012075029),2,2,2839,7.044734061289186e-4
VFG014125(gb|WP_012075030),1,251,8740,0.02871853546910755
VFG014125(gb|WP_012075030),2,2,2839,7.044734061289186e-4
VFG014126(gb|WP_012075031),1,251,8740,0.02871853546910755
VFG014126(gb|WP_012075031),2,2,2839,7.044734061289186e-4
VFG014127(gb|WP_012075032),1,253,8740,0.02894736842105263
VFG014127(gb|WP_012075032),2,2,2839,7.044734061289186e-4
VFG014128(gb|WP_012075033),1,215,8740,0.02459954233409611
VFG014128(gb|WP_012075033),2,2,2839,7.044734061289186e-4
VFG014129(gb|WP_003150889),1,252,8740,0.028832951945080093
VFG014129(gb|WP_003150889),2,2,2839,7.044734061289186e-4
VFG014130(gb|WP_012075034),1,252,8740,0.028832951945080093
VFG014130(gb|WP_012075034),2,2,2839,7.044734061289186e-4
VFG014131(gb|WP_025297833),1,246,8740,0.028146453089244853
VFG014131(gb|WP_025297833),2,2,2839,7.044734061289186e-4
VFG014132(gb|WP_012075036),1,256,8740,0.029290617848970253
VFG014132(gb|WP_012075036),2,2,2839,7.044734061289186e-4
VFG014133(gb|WP_012075037),1,941,8740,0.10766590389016019
VFG014133(gb|WP_012075037),2,10,2839,0.003522367030644593
VFG014134(gb|WP_003150897),1,980,8740,0.11212814645308924
VFG014134(gb|WP_003150897),2,10,2839,0.003522367030644593
VFG014135(gb|WP_025297832),1,255,8740,0.02917620137299771
VFG014135(gb|WP_025297832),2,4,2839,0.0014089468122578373
VFG014136(gb|WP_011666598),1,20,8740,0.002288329519450801
VFG014136(gb|WP_011666598),2,271,2839,0.09545614653046848
VFG014137(gb|WP_003138472),1,21,8740,0.002402745995423341
VFG014137(gb|WP_003138472),2,270,2839,0.09510390982740402
VFG014138(gb|WP_003138473),1,20,8740,0.002288329519450801
VFG014138(gb|WP_003138473),2,271,2839,0.09545614653046848
VFG014139(gb|WP_003138474),1,21,8740,0.002402745995423341
VFG014139(gb|WP_003138474),2,271,2839,0.09545614653046848
VFG014140(gb|WP_016254249),1,19,8740,0.002173913043478261
VFG014140(gb|WP_016254249),2,269,2839,0.09475167312433956
VFG014141(gb|WP_003138476),1,17,8740,0.0019450800915331808
VFG014141(gb|WP_003138476),2,257,2839,0.09052483268756605
VFG014142(gb|WP_016254248),1,21,8740,0.002402745995423341
VFG014142(gb|WP_016254248),2,270,2839,0.09510390982740402
VFG014143(gb|WP_003138478),1,20,8740,0.002288329519450801
VFG014143(gb|WP_003138478),2,270,2839,0.09510390982740402
VFG014144(gb|WP_003138479),1,20,8740,0.002288329519450801
VFG014144(gb|WP_003138479),2,271,2839,0.09545614653046848
VFG014145(gb|WP_003138480),1,18,8740,0.002059496567505721
VFG014145(gb|WP_003138480),2,259,2839,0.09122930609369496
VFG014146(gb|WP_003138482),1,21,8740,0.002402745995423341
VFG014146(gb|WP_003138482),2,270,2839,0.09510390982740402
VFG014147(gb|WP_003138484),1,8477,8740,0.9699084668192219
VFG014147(gb|WP_003138484),2,2830,2839,0.9968298696724198
VFG014148(gb|NP_249768),1,8208,8740,0.9391304347826087
VFG014148(gb|NP_249768),2,2586,2839,0.9108841141246918
VFG014149(gb|WP_012076728),1,8197,8740,0.9378718535469107
VFG014149(gb|WP_012076728),2,2580,2839,0.908770693906305
VFG014162(gb|WP_003082150),1,8204,8740,0.9386727688787185
VFG014162(gb|WP_003082150),2,2585,2839,0.9105318774216273
VFG014175(gb|WP_003149706),1,459,8740,0.05251716247139588
VFG014175(gb|WP_003149706),2,1043,2839,0.3673828812962311
VFG014176(gb|WP_003111390),1,8239,8740,0.9426773455377574
VFG014176(gb|WP_003111390),2,2598,2839,0.9151109545614653
VFG014188(gb|WP_012076727),1,4,8740,4.576659038901602e-4
VFG014188(gb|WP_012076727),2,2,2839,7.044734061289186e-4
VFG014189(gb|WP_003086405),1,8597,8740,0.9836384439359268
VFG014189(gb|WP_003086405),2,2839,2839,1
VFG014201(gb|WP_012076726),1,8221,8740,0.9406178489702517
VFG014201(gb|WP_012076726),2,2597,2839,0.9147587178584008
VFG014202(gb|WP_003082159),1,8243,8740,0.9431350114416476
VFG014202(gb|WP_003082159),2,2600,2839,0.9158154279675942
VFG014214(gb|WP_003082164),1,8243,8740,0.9431350114416476
VFG014214(gb|WP_003082164),2,2599,2839,0.9154631912645298
VFG014215(gb|WP_003082164),1,8247,8740,0.9435926773455378
VFG014215(gb|WP_003082164),2,2601,2839,0.9161676646706587
VFG014227(gb|WP_012076725),1,8238,8740,0.9425629290617848
VFG014227(gb|WP_012076725),2,2597,2839,0.9147587178584008
VFG014228(gb|WP_003086407),1,8238,8740,0.9425629290617848
VFG014228(gb|WP_003086407),2,2598,2839,0.9151109545614653
VFG014240(gb|WP_003082169),1,8631,8740,0.9875286041189931
VFG014240(gb|WP_003082169),2,2829,2839,0.9964776329693554
VFG014241(gb|WP_003082169),1,8737,8740,0.9996567505720824
VFG014241(gb|WP_003082169),2,2839,2839,1
VFG014253(gb|WP_012076724),1,208,8740,0.02379862700228833
VFG014253(gb|WP_012076724),2,943,2839,0.3321592109897851
VFG014254(gb|WP_003116316),1,8738,8740,0.9997711670480549
VFG014254(gb|WP_003116316),2,2839,2839,1
VFG014267(gb|WP_003140599),1,3564,8740,0.4077803203661327
VFG014267(gb|WP_003140599),2,451,2839,0.15885875308207115
VFG014279(gb|WP_012076722),1,1,8740,1.1441647597254005e-4
VFG014280(gb|WP_003111492),1,3561,8740,0.40743707093821513
VFG014280(gb|WP_003111492),2,449,2839,0.15815427967594223
VFG014292(gb|WP_012076715),1,3692,8740,0.42242562929061783
VFG014292(gb|WP_012076715),2,2387,2839,0.8407890102148644
VFG014293(gb|WP_003082185),1,3603,8740,0.4122425629290618
VFG014293(gb|WP_003082185),2,451,2839,0.15885875308207115
VFG014304(gb|NP_249784),1,3346,8740,0.382837528604119
VFG014304(gb|NP_249784),2,417,2839,0.14688270517787955
VFG014306(gb|WP_003082188),1,3346,8740,0.382837528604119
VFG014306(gb|WP_003082188),2,417,2839,0.14688270517787955
VFG014319(gb|WP_003140595),1,3599,8740,0.4117848970251716
VFG014319(gb|WP_003140595),2,450,2839,0.1585065163790067
VFG014330(gb|NP_249786),1,3344,8740,0.3826086956521739
VFG014330(gb|NP_249786),2,417,2839,0.14688270517787955
VFG014332(gb|WP_003082192),1,3345,8740,0.38272311212814647
VFG014332(gb|WP_003082192),2,417,2839,0.14688270517787955
VFG014343(gb|NP_249787),1,7844,8740,0.8974828375286041
VFG014343(gb|NP_249787),2,2499,2839,0.8802395209580839
VFG014344(gb|WP_003152328),1,1,8740,1.1441647597254005e-4
VFG014345(gb|WP_003082194),1,7843,8740,0.8973684210526316
VFG014345(gb|WP_003082194),2,2499,2839,0.8802395209580839
VFG014357(gb|WP_003152329),1,9,8740,0.0010297482837528604
VFG014357(gb|WP_003152329),2,4,2839,0.0014089468122578373
VFG014358(gb|WP_003086448),1,8736,8740,0.9995423340961098
VFG014358(gb|WP_003086448),2,2839,2839,1
VFG014364(gb|WP_011534913),1,1,8740,1.1441647597254005e-4
VFG014365(gb|WP_011059970),1,31,8740,0.0035469107551487416
VFG014366(gb|WP_003222863),1,1,8740,1.1441647597254005e-4
VFG014367(gb|WP_012019027),1,1,8740,1.1441647597254005e-4
VFG014369(gb|NP_249789),1,8737,8740,0.9996567505720824
VFG014369(gb|NP_249789),2,2838,2839,0.9996477632969355
VFG014371(gb|WP_003109120),1,8737,8740,0.9996567505720824
VFG014371(gb|WP_003109120),2,2838,2839,0.9996477632969355
VFG014384(gb|WP_003082202),1,8737,8740,0.9996567505720824
VFG014384(gb|WP_003082202),2,2838,2839,0.9996477632969355
VFG014396(gb|WP_003158014),1,8129,8740,0.9300915331807781
VFG014396(gb|WP_003158014),2,2566,2839,0.9038393800634026
VFG014397(gb|WP_003140591),1,8170,8740,0.9347826086956522
VFG014397(gb|WP_003140591),2,2577,2839,0.9077139837971117
VFG014409(gb|WP_012076711),1,8738,8740,0.9997711670480549
VFG014409(gb|WP_012076711),2,2839,2839,1
VFG014410(gb|WP_003109118),1,8739,8740,0.9998855835240275
VFG014410(gb|WP_003109118),2,2839,2839,1
VFG014416(gb|WP_011534909),1,1,8740,1.1441647597254005e-4
VFG014419(gb|WP_012019024),1,1,8740,1.1441647597254005e-4
VFG014420(gb|WP_013983230),1,1,8740,1.1441647597254005e-4
VFG014422(gb|WP_012076710),1,7340,8740,0.8398169336384439
VFG014422(gb|WP_012076710),2,1569,2839,0.5526593871081367
VFG014423(gb|WP_003082212),1,8705,8740,0.9959954233409611
VFG014423(gb|WP_003082212),2,2839,2839,1
VFG014436(gb|WP_003140589),1,8250,8740,0.9439359267734554
VFG014436(gb|WP_003140589),2,2601,2839,0.9161676646706587
VFG014449(gb|WP_003086458),1,8739,8740,0.9998855835240275
VFG014449(gb|WP_003086458),2,2839,2839,1
VFG014452(gb|WP_004664459),1,31,8740,0.0035469107551487416
VFG014461(gb|WP_003158011),1,5354,8740,0.6125858123569794
VFG014461(gb|WP_003158011),2,686,2839,0.2416343783022191
VFG014462(gb|WP_003082220),1,8216,8740,0.940045766590389
VFG014462(gb|WP_003082220),2,2587,2839,0.9112363508277562
VFG014473(gb|NP_250132),1,8731,8740,0.9989702517162471
VFG014473(gb|NP_250132),2,2839,2839,1
VFG014474(gb|WP_012076415),1,1,8740,1.1441647597254005e-4
VFG014475(gb|WP_003140280),1,8730,8740,0.9988558352402745
VFG014475(gb|WP_003140280),2,2839,2839,1
VFG014486(gb|NP_250133),1,8225,8740,0.9410755148741419
VFG014486(gb|NP_250133),2,2593,2839,0.913349771046143
VFG014487(gb|WP_003156948),1,8181,8740,0.9360411899313501
VFG014487(gb|WP_003156948),2,2590,2839,0.9122930609369496
VFG014488(gb|WP_003083042),1,8225,8740,0.9410755148741419
VFG014488(gb|WP_003083042),2,2593,2839,0.913349771046143
VFG014500(gb|WP_012076412),1,8258,8740,0.9448512585812358
VFG014500(gb|WP_012076412),2,2607,2839,0.9182810848890455
VFG014501(gb|WP_003083045),1,8314,8740,0.951258581235698
VFG014501(gb|WP_003083045),2,2726,2839,0.9601972525537161
VFG014510(gb|WP_003243207),1,1,8740,1.1441647597254005e-4
VFG014511(gb|WP_013983226),1,1,8740,1.1441647597254005e-4
VFG014513(gb|WP_012076411),1,8174,8740,0.9352402745995423
VFG014513(gb|WP_012076411),2,2588,2839,0.9115885875308207
VFG014514(gb|WP_003083049),1,8212,8740,0.9395881006864989
VFG014514(gb|WP_003083049),2,2590,2839,0.9122930609369496
VFG014526(gb|WP_012076410),1,1,8740,1.1441647597254005e-4
VFG014526(gb|WP_012076410),2,1,2839,3.522367030644593e-4
VFG014527(gb|WP_003083051),1,8212,8740,0.9395881006864989
VFG014527(gb|WP_003083051),2,2588,2839,0.9115885875308207
VFG014539(gb|WP_003155632),1,8192,8740,0.9372997711670481
VFG014539(gb|WP_003155632),2,2591,2839,0.9126452976400141
VFG014540(gb|WP_003083052),1,8244,8740,0.9432494279176201
VFG014540(gb|WP_003083052),2,2601,2839,0.9161676646706587
VFG014548(gb|WP_011333059),1,2,8740,2.288329519450801e-4
VFG014552(gb|WP_003155633),1,21,8740,0.002402745995423341
VFG014552(gb|WP_003155633),2,14,2839,0.004931313842902431
VFG014553(gb|WP_003083053),1,8016,8740,0.917162471395881
VFG014553(gb|WP_003083053),2,2564,2839,0.9031349066572737
VFG014565(gb|WP_012076409),1,6055,8740,0.6927917620137299
VFG014565(gb|WP_012076409),2,2363,2839,0.8323353293413174
VFG014566(gb|WP_003083054),1,8189,8740,0.9369565217391305
VFG014566(gb|WP_003083054),2,2599,2839,0.9154631912645298
VFG014578(gb|WP_003155636),1,4799,8740,0.5490846681922197
VFG014578(gb|WP_003155636),2,1538,2839,0.5417400493131385
VFG014579(gb|WP_003083056),1,8733,8740,0.9991990846681922
VFG014579(gb|WP_003083056),2,2838,2839,0.9996477632969355
VFG014591(gb|WP_003155638),1,8735,8740,0.9994279176201373
VFG014591(gb|WP_003155638),2,2839,2839,1
VFG014592(gb|WP_003083059),1,8735,8740,0.9994279176201373
VFG014592(gb|WP_003083059),2,2839,2839,1
VFG014598(gb|WP_011534892),1,1,8740,1.1441647597254005e-4
VFG014601(gb|WP_012019015),1,1,8740,1.1441647597254005e-4
VFG014604(gb|WP_012076406),1,3,8740,3.4324942791762013e-4
VFG014604(gb|WP_012076406),2,1,2839,3.522367030644593e-4
VFG014605(gb|WP_003087102),1,8735,8740,0.9994279176201373
VFG014605(gb|WP_003087102),2,2827,2839,0.9957731595632265
VFG014617(gb|WP_003083064),1,8242,8740,0.943020594965675
VFG014617(gb|WP_003083064),2,2587,2839,0.9112363508277562
VFG014618(gb|WP_003083064),1,8248,8740,0.9437070938215103
VFG014618(gb|WP_003083064),2,2589,2839,0.9119408242338851
VFG014622(gb|WP_003254408),1,1,8740,1.1441647597254005e-4
VFG014623(gb|WP_003254408),1,1,8740,1.1441647597254005e-4
VFG014624(gb|WP_011534890),1,1,8740,1.1441647597254005e-4
VFG014629(gb|NP_250146),1,8243,8740,0.9431350114416476
VFG014629(gb|NP_250146),2,2587,2839,0.9112363508277562
VFG014630(gb|WP_003083070),1,8237,8740,0.9424485125858123
VFG014630(gb|WP_003083070),2,2585,2839,0.9105318774216273
VFG014631(gb|WP_003083070),1,8241,8740,0.9429061784897025
VFG014631(gb|WP_003083070),2,2587,2839,0.9112363508277562
VFG014642(gb|NP_252040),1,8246,8740,0.9434782608695652
VFG014642(gb|NP_252040),2,2595,2839,0.9140542444522719
VFG014644(gb|WP_003091731),1,8245,8740,0.9433638443935927
VFG014644(gb|WP_003091731),2,2597,2839,0.9147587178584008
VFG014655(gb|NP_252041),1,8214,8740,0.939816933638444
VFG014655(gb|NP_252041),2,2582,2839,0.9094751673124339
VFG014656(gb|WP_003151922),1,5718,8740,0.654233409610984
VFG014656(gb|WP_003151922),2,1243,2839,0.4378302219091229
VFG014657(gb|WP_003091732),1,8214,8740,0.939816933638444
VFG014657(gb|WP_003091732),2,2582,2839,0.9094751673124339
VFG014668(gb|NP_252042),1,8225,8740,0.9410755148741419
VFG014668(gb|NP_252042),2,2586,2839,0.9108841141246918
VFG014670(gb|WP_003091733),1,8225,8740,0.9410755148741419
VFG014670(gb|WP_003091733),2,2586,2839,0.9108841141246918
VFG014681(gb|NP_253640),1,8739,8740,0.9998855835240275
VFG014681(gb|NP_253640),2,2813,2839,0.9908418457203241
VFG014682(gb|WP_012077641),1,4,8740,4.576659038901602e-4
VFG014682(gb|WP_012077641),2,1,2839,3.522367030644593e-4
VFG014683(gb|WP_003095673),1,8723,8740,0.9980549199084668
VFG014683(gb|WP_003095673),2,2817,2839,0.9922507925325819
VFG014694(gb|NP_253641),1,8266,8740,0.945766590389016
VFG014694(gb|NP_253641),2,2603,2839,0.9168721380767876
VFG014696(gb|WP_003095674),1,8264,8740,0.9455377574370709
VFG014696(gb|WP_003095674),2,2605,2839,0.9175766114829165
VFG014707(gb|NP_250151),1,8244,8740,0.9432494279176201
VFG014707(gb|NP_250151),2,2586,2839,0.9108841141246918
VFG014708(gb|WP_003153718),1,5,8740,5.720823798627002e-4
VFG014708(gb|WP_003153718),2,204,2839,0.0718562874251497
VFG014709(gb|WP_003083089),1,8242,8740,0.943020594965675
VFG014709(gb|WP_003083089),2,2586,2839,0.9108841141246918
VFG014720(gb|NP_250152),1,8264,8740,0.9455377574370709
VFG014720(gb|NP_250152),2,2603,2839,0.9168721380767876
VFG014721(gb|WP_003153720),1,1,8740,1.1441647597254005e-4
VFG014722(gb|WP_003083090),1,8252,8740,0.9441647597254005
VFG014722(gb|WP_003083090),2,2608,2839,0.9186333215921099
VFG014733(gb|NP_252216),1,8295,8740,0.9490846681922197
VFG014733(gb|NP_252216),2,2617,2839,0.92180345191969
VFG014734(gb|WP_012074781),1,8,8740,9.153318077803204e-4
VFG014734(gb|WP_012074781),2,4,2839,0.0014089468122578373
VFG014735(gb|WP_003138116),1,8293,8740,0.9488558352402746
VFG014735(gb|WP_003138116),2,2632,2839,0.9270870024656569
VFG014747(gb|WP_003154318),1,8739,8740,0.9998855835240275
VFG014747(gb|WP_003154318),2,2839,2839,1
VFG014748(gb|WP_003110461),1,8740,8740,1
VFG014748(gb|WP_003110461),2,2839,2839,1
VFG014754(gb|WP_011535583),1,1,8740,1.1441647597254005e-4
VFG014755(gb|WP_011059377),1,1,8740,1.1441647597254005e-4
VFG014757(gb|WP_003243115),1,1,8740,1.1441647597254005e-4
VFG014759(gb|WP_074197298),1,8740,8740,1
VFG014759(gb|WP_074197298),2,2839,2839,1
VFG014760(gb|WP_003138103),1,8740,8740,1
VFG014760(gb|WP_003138103),2,2839,2839,1
VFG014771(gb|WP_012074769),1,8740,8740,1
VFG014771(gb|WP_012074769),2,2839,2839,1
VFG014772(gb|WP_003092101),1,8740,8740,1
VFG014772(gb|WP_003092101),2,2839,2839,1
VFG014783(gb|WP_012074768),1,8740,8740,1
VFG014783(gb|WP_012074768),2,2839,2839,1
VFG014784(gb|WP_003110463),1,8740,8740,1
VFG014784(gb|WP_003110463),2,2839,2839,1
VFG014796(gb|WP_012074767),1,8740,8740,1
VFG014796(gb|WP_012074767),2,2839,2839,1
VFG014797(gb|WP_003138101),1,8740,8740,1
VFG014797(gb|WP_003138101),2,2839,2839,1
VFG014808(gb|WP_012074766),1,8740,8740,1
VFG014808(gb|WP_012074766),2,2839,2839,1
VFG014809(gb|WP_003138099),1,8740,8740,1
VFG014809(gb|WP_003138099),2,2839,2839,1
VFG014820(gb|WP_012074765),1,8740,8740,1
VFG014820(gb|WP_012074765),2,2839,2839,1
VFG014821(gb|WP_003092107),1,8740,8740,1
VFG014821(gb|WP_003092107),2,2839,2839,1
VFG014832(gb|WP_012074764),1,8661,8740,0.9909610983981694
VFG014832(gb|WP_012074764),2,2833,2839,0.9978865797816132
VFG014833(gb|WP_003092108),1,8740,8740,1
VFG014833(gb|WP_003092108),2,2839,2839,1
VFG014844(gb|WP_012074763),1,8740,8740,1
VFG014844(gb|WP_012074763),2,2839,2839,1
VFG014845(gb|WP_003138085),1,8740,8740,1
VFG014845(gb|WP_003138085),2,2839,2839,1
VFG014849(gb|WP_010952409),2,1,2839,3.522367030644593e-4
VFG014851(gb|WP_011535591),2,1,2839,3.522367030644593e-4
VFG014857(gb|WP_003157810),1,8738,8740,0.9997711670480549
VFG014857(gb|WP_003157810),2,2837,2839,0.9992955265938711
VFG014858(gb|WP_003092111),1,8739,8740,0.9998855835240275
VFG014858(gb|WP_003092111),2,2839,2839,1
VFG014869(gb|WP_012074762),1,8242,8740,0.943020594965675
VFG014869(gb|WP_012074762),2,2594,2839,0.9137020077492075
VFG014870(gb|WP_003138083),1,8242,8740,0.943020594965675
VFG014870(gb|WP_003138083),2,2594,2839,0.9137020077492075
VFG014881(gb|WP_012074761),1,8740,8740,1
VFG014881(gb|WP_012074761),2,2839,2839,1
VFG014882(gb|WP_003092113),1,8740,8740,1
VFG014882(gb|WP_003092113),2,2839,2839,1
VFG014885(gb|WP_011167899),1,1,8740,1.1441647597254005e-4
VFG014886(gb|WP_003251742),1,1,8740,1.1441647597254005e-4
VFG014893(gb|NP_254009),1,8740,8740,1
VFG014893(gb|NP_254009),2,2839,2839,1
VFG014894(gb|WP_012077935),1,7,8740,8.009153318077803e-4
VFG014894(gb|WP_012077935),2,6,2839,0.0021134202183867557
VFG014895(gb|WP_016254361),1,8740,8740,1
VFG014895(gb|WP_016254361),2,2839,2839,1
VFG014907(gb|WP_003085543),1,8232,8740,0.9418764302059497
VFG014907(gb|WP_003085543),2,2593,2839,0.913349771046143
VFG014908(gb|WP_003085543),1,8239,8740,0.9426773455377574
VFG014908(gb|WP_003085543),2,2595,2839,0.9140542444522719
VFG014920(gb|WP_003150208),1,6271,8740,0.7175057208237986
VFG014920(gb|WP_003150208),2,2238,2839,0.7883057414582599
VFG014921(gb|WP_003101958),1,8237,8740,0.9424485125858123
VFG014921(gb|WP_003101958),2,2595,2839,0.9140542444522719
VFG014933(gb|WP_012077034),1,1,8740,1.1441647597254005e-4
VFG014934(gb|WP_003140937),1,8287,8740,0.9481693363844393
VFG014934(gb|WP_003140937),2,2612,2839,0.9200422684043678
VFG014946(gb|WP_003150212),1,3,8740,3.4324942791762013e-4
VFG014947(gb|WP_003140935),1,8210,8740,0.9393592677345538
VFG014947(gb|WP_003140935),2,2590,2839,0.9122930609369496
VFG014950(gb|NP_249457),1,8739,8740,0.9998855835240275
VFG014950(gb|NP_249457),2,2838,2839,0.9996477632969355
VFG014951(gb|WP_012077033),1,8738,8740,0.9997711670480549
VFG014951(gb|WP_012077033),2,2838,2839,0.9996477632969355
VFG014952(gb|WP_003140933),1,8739,8740,0.9998855835240275
VFG014952(gb|WP_003140933),2,2838,2839,0.9996477632969355
VFG014964(gb|WP_003157680),1,8162,8740,0.9338672768878719
VFG014964(gb|WP_003157680),2,2592,2839,0.9129975343430785
VFG014965(gb|WP_003096397),1,8259,8740,0.9449656750572082
VFG014965(gb|WP_003096397),2,2603,2839,0.9168721380767876
VFG014977(gb|WP_012077870),1,8220,8740,0.9405034324942791
VFG014977(gb|WP_012077870),2,2535,2839,0.8929200422684044
VFG014978(gb|WP_003096404),1,8737,8740,0.9996567505720824
VFG014978(gb|WP_003096404),2,2833,2839,0.9978865797816132
VFG014984(gb|NP_253136),1,8739,8740,0.9998855835240275
VFG014984(gb|NP_253136),2,2839,2839,1
VFG014985(gb|WP_012077206),1,80,8740,0.009153318077803204
VFG014985(gb|WP_012077206),2,1749,2839,0.6160619936597393
VFG014986(gb|WP_003094320),1,8740,8740,1
VFG014986(gb|WP_003094320),2,2839,2839,1
VFG014997(gb|NP_252722),1,8192,8740,0.9372997711670481
VFG014997(gb|NP_252722),2,2579,2839,0.9084184572032405
VFG014999(gb|WP_003093256),1,8191,8740,0.9371853546910756
VFG014999(gb|WP_003093256),2,2579,2839,0.9084184572032405
VFG015000(gb|NP_252339),1,8740,8740,1
VFG015000(gb|NP_252339),2,2839,2839,1
VFG015001(gb|WP_012074695),1,8739,8740,0.9998855835240275
VFG015001(gb|WP_012074695),2,2839,2839,1
VFG015002(gb|WP_003138017),1,8740,8740,1
VFG015002(gb|WP_003138017),2,2839,2839,1
VFG015015(gb|WP_011666786),1,7546,8740,0.8633867276887872
VFG015015(gb|WP_011666786),2,1768,2839,0.6227544910179641
VFG015027(gb|WP_003154610),1,3,8740,3.4324942791762013e-4
VFG015028(gb|WP_003120370),1,8234,8740,0.9421052631578948
VFG015028(gb|WP_003120370),2,2597,2839,0.9147587178584008
VFG015040(gb|WP_012074800),1,2,8740,2.288329519450801e-4
VFG015040(gb|WP_012074800),2,7,2839,0.0024656569214512153
VFG015041(gb|WP_003092013),1,8217,8740,0.9401601830663615
VFG015041(gb|WP_003092013),2,2605,2839,0.9175766114829165
VFG015043(gb|WP_003155939),1,1,8740,1.1441647597254005e-4
VFG015044(gb|WP_003092007),1,8685,8740,0.9937070938215103
VFG015044(gb|WP_003092007),2,2820,2839,0.9933075026417753
VFG015045(gb|NP_249821),1,8262,8740,0.9453089244851258
VFG015045(gb|NP_249821),2,2613,2839,0.9203945051074321
VFG015046(gb|WP_003140566),1,8242,8740,0.943020594965675
VFG015046(gb|WP_003140566),2,2632,2839,0.9270870024656569
VFG015048(gb|WP_003119559),1,10,8740,0.0011441647597254005
VFG015048(gb|WP_003119559),2,20,2839,0.007044734061289186
VFG015049(gb|WP_003119559),1,8181,8740,0.9360411899313501
VFG015049(gb|WP_003119559),2,2543,2839,0.8957379358929201
VFG015052(gb|WP_003138177),1,8168,8740,0.9345537757437071
VFG015052(gb|WP_003138177),2,2516,2839,0.8862275449101796
VFG015054(gb|WP_012076422),1,22,8740,0.002517162471395881
VFG015054(gb|WP_012076422),2,18,2839,0.0063402606551602675
VFG015055(gb|WP_003082999),1,8111,8740,0.9280320366132723
VFG015055(gb|WP_003082999),2,2568,2839,0.9045438534695315
VFG015057(gb|WP_003151020),1,16,8740,0.0018306636155606408
VFG015058(gb|WP_003083017),1,8114,8740,0.9283752860411899
VFG015058(gb|WP_003083017),2,2570,2839,0.9052483268756605
VFG015067(gb|NP_249619),1,8736,8740,0.9995423340961098
VFG015067(gb|NP_249619),2,2838,2839,0.9996477632969355
VFG015068(gb|WP_003156446),1,5,8740,5.720823798627002e-4
VFG015068(gb|WP_003156446),2,1,2839,3.522367030644593e-4
VFG015069(gb|WP_003102426),1,8736,8740,0.9995423340961098
VFG015069(gb|WP_003102426),2,2838,2839,0.9996477632969355
VFG015070(gb|WP_011103673),1,10,8740,0.0011441647597254005
VFG015075(gb|WP_011532652),1,62,8740,0.007093821510297483
VFG015075(gb|WP_011532652),2,8,2839,0.0028178936245156746
VFG015080(gb|NP_251276),1,8243,8740,0.9431350114416476
VFG015080(gb|NP_251276),2,2591,2839,0.9126452976400141
VFG015081(gb|WP_003090351),1,8214,8740,0.939816933638444
VFG015081(gb|WP_003090351),2,2587,2839,0.9112363508277562
VFG015082(gb|WP_003090351),1,8243,8740,0.9431350114416476
VFG015082(gb|WP_003090351),2,2591,2839,0.9126452976400141
VFG015094(gb|WP_003087668),1,8674,8740,0.9924485125858123
VFG015094(gb|WP_003087668),2,2839,2839,1
VFG015096(gb|WP_003132884),1,8218,8740,0.94027459954233406
VFG015096(gb|WP_003132884),2,2601,2839,0.9161676646706587
VFG015100(gb|WP_003087674),1,8208,8740,0.9391304347826087
VFG015100(gb|WP_003087674),2,2595,2839,0.9140542444522719
VFG015102(gb|WP_003140061),1,8237,8740,0.9424485125858123
VFG015102(gb|WP_003140061),2,2611,2839,0.9196900317013033
VFG015104(gb|WP_011666708),1,7656,8740,0.8759725400457666
VFG015104(gb|WP_011666708),2,2690,2839,0.9475167312433955
VFG015106(gb|WP_003140046),1,8172,8740,0.9350114416475973
VFG015106(gb|WP_003140046),2,2590,2839,0.9122930609369496
VFG015108(gb|WP_003100796),1,8698,8740,0.9951945080091533
VFG015108(gb|WP_003100796),2,2839,2839,1
VFG015110(gb|WP_003087692),1,8218,8740,0.94027459954233406
VFG015110(gb|WP_003087692),2,2604,2839,0.9172243747798521
VFG015114(gb|WP_003087694),1,8161,8740,0.9337528604118993
VFG015114(gb|WP_003087694),2,2583,2839,0.9098274040154984
VFG015116(gb|WP_003140044),1,8157,8740,0.9332951945080091
VFG015116(gb|WP_003140044),2,2581,2839,0.9091229306093696
VFG015118(gb|WP_003113547),1,8133,8740,0.9305491990846682
VFG015118(gb|WP_003113547),2,2579,2839,0.9084184572032405
VFG015120(gb|WP_003087696),1,8696,8740,0.9949656750572082
VFG015120(gb|WP_003087696),2,2839,2839,1
VFG015122(gb|WP_003100791),1,8174,8740,0.9352402745995423
VFG015122(gb|WP_003100791),2,2587,2839,0.9112363508277562
VFG015124(gb|WP_003109501),1,8062,8740,0.9224256292906179
VFG015124(gb|WP_003109501),2,2566,2839,0.9038393800634026
VFG015126(gb|WP_003109502),1,8219,8740,0.9403890160183066
VFG015126(gb|WP_003109502),2,2608,2839,0.9186333215921099
VFG015128(gb|WP_003087708),1,8190,8740,0.937070938215103
VFG015128(gb|WP_003087708),2,2592,2839,0.9129975343430785
VFG015130(gb|WP_003087710),1,8695,8740,0.9948512585812357
VFG015130(gb|WP_003087710),2,2839,2839,1
VFG015132(gb|WP_003109504),1,8200,8740,0.9382151029748284
VFG015132(gb|WP_003109504),2,2606,2839,0.917928848185981
VFG015134(gb|WP_003109505),1,8159,8740,0.9335240274599542
VFG015134(gb|WP_003109505),2,2586,2839,0.9108841141246918
VFG015136(gb|WP_003109506),1,7977,8740,0.912700228832952
VFG015136(gb|WP_003109506),2,2553,2839,0.8992603029235646
VFG015138(gb|WP_003117721),1,8149,8740,0.9323798627002289
VFG015138(gb|WP_003117721),2,2584,2839,0.9101796407185628
VFG015140(gb|WP_003120334),1,8198,8740,0.9379862700228833
VFG015140(gb|WP_003120334),2,2600,2839,0.9158154279675942
VFG015142(gb|WP_003109509),1,8197,8740,0.9378718535469107
VFG015142(gb|WP_003109509),2,2600,2839,0.9158154279675942
VFG015144(gb|WP_003109510),1,8157,8740,0.9332951945080091
VFG015144(gb|WP_003109510),2,2586,2839,0.9108841141246918
VFG015146(gb|WP_003140040),1,8682,8740,0.9933638443935927
VFG015146(gb|WP_003140040),2,2839,2839,1
VFG015148(gb|WP_003132859),1,8683,8740,0.9934782608695653
VFG015148(gb|WP_003132859),2,2839,2839,1
VFG015150(gb|WP_003100751),1,7977,8740,0.912700228832952
VFG015150(gb|WP_003100751),2,2549,2839,0.8978513561113068
VFG015152(gb|WP_003087729),1,8015,8740,0.9170480549199085
VFG015152(gb|WP_003087729),2,2562,2839,0.9024304332511448
VFG015154(gb|WP_003140037),1,8140,8740,0.931350114416476
VFG015154(gb|WP_003140037),2,2581,2839,0.9091229306093696
VFG015158(gb|WP_003120330),1,8143,8740,0.9316933638443936
VFG015158(gb|WP_003120330),2,2580,2839,0.908770693906305
VFG015160(gb|WP_003120329),1,8195,8740,0.9376430205949656
VFG015160(gb|WP_003120329),2,2599,2839,0.9154631912645298
VFG015162(gb|WP_003087734),1,8186,8740,0.9366132723112128
VFG015162(gb|WP_003087734),2,2594,2839,0.9137020077492075
VFG015164(gb|WP_003087735),1,8190,8740,0.937070938215103
VFG015164(gb|WP_003087735),2,2594,2839,0.9137020077492075
VFG015165(gb|WP_003134060),1,198,8740,0.02265446224256293
VFG015165(gb|WP_003134060),2,2670,2839,0.9404719971821064
VFG015168(gb|WP_003136948),1,8692,8740,0.994508009153318
VFG015168(gb|WP_003136948),2,2838,2839,0.9996477632969355
VFG015170(gb|WP_011666674),1,8487,8740,0.9710526315789474
VFG015170(gb|WP_011666674),2,2421,2839,0.852765058119056
VFG015260(gb|WP_162885235),1,1,8740,1.1441647597254005e-4
VFG015260(gb|WP_162885235),2,143,2839,0.05036984853821768
VFG015261(gb|WP_004656243),1,1,8740,1.1441647597254005e-4
VFG015261(gb|WP_004656243),2,143,2839,0.05036984853821768
VFG015365(gb|WP_011979122),1,8705,8740,0.9959954233409611
VFG015365(gb|WP_011979122),2,2838,2839,0.9996477632969355
VFG015366(gb|WP_003083632),1,8705,8740,0.9959954233409611
VFG015366(gb|WP_003083632),2,2838,2839,0.9996477632969355
VFG015372(gb|WP_011979123),1,8697,8740,0.9950800915331808
VFG015372(gb|WP_011979123),2,2838,2839,0.9996477632969355
VFG015373(gb|WP_003136958),1,8703,8740,0.995766590389016
VFG015373(gb|WP_003136958),2,2838,2839,0.9996477632969355
VFG015379(gb|WP_011979124),1,8220,8740,0.9405034324942791
VFG015379(gb|WP_011979124),2,2599,2839,0.9154631912645298
VFG015380(gb|WP_003136959),1,8220,8740,0.9405034324942791
VFG015380(gb|WP_003136959),2,2599,2839,0.9154631912645298
VFG015383(gb|WP_011064245),1,16,8740,0.0018306636155606408
VFG015383(gb|WP_011064245),2,1,2839,3.522367030644593e-4
VFG015386(gb|WP_011979125),1,8710,8740,0.9965675057208238
VFG015386(gb|WP_011979125),2,2838,2839,0.9996477632969355
VFG015387(gb|WP_003136961),1,8710,8740,0.9965675057208238
VFG015387(gb|WP_003136961),2,2838,2839,0.9996477632969355
VFG015393(gb|WP_003157819),1,8225,8740,0.9410755148741419
VFG015393(gb|WP_003157819),2,2598,2839,0.9151109545614653
VFG015394(gb|WP_003083639),1,8229,8740,0.941533180778032
VFG015394(gb|WP_003083639),2,2600,2839,0.9158154279675942
VFG015398(gb|WP_011979126),1,8210,8740,0.9393592677345538
VFG015398(gb|WP_011979126),2,2591,2839,0.9126452976400141
VFG015399(gb|WP_003083642),1,8228,8740,0.9414187643020595
VFG015399(gb|WP_003083642),2,2599,2839,0.9154631912645298
VFG015403(gb|WP_011979127),1,8712,8740,0.9967963386727688
VFG015403(gb|WP_011979127),2,2838,2839,0.9996477632969355
VFG015404(gb|WP_003111851),1,8712,8740,0.9967963386727688
VFG015404(gb|WP_003111851),2,2838,2839,0.9996477632969355
VFG015412(gb|WP_011979128),1,8705,8740,0.9959954233409611
VFG015412(gb|WP_011979128),2,2838,2839,0.9996477632969355
VFG015413(gb|WP_003115051),1,8712,8740,0.9967963386727688
VFG015413(gb|WP_003115051),2,2838,2839,0.9996477632969355
VFG015417(gb|WP_011979129),1,8708,8740,0.9963386727688787
VFG015417(gb|WP_011979129),2,2838,2839,0.9996477632969355
VFG015418(gb|WP_003115052),1,8708,8740,0.9963386727688787
VFG015418(gb|WP_003115052),2,2838,2839,0.9996477632969355
VFG015426(gb|WP_011979130),1,8193,8740,0.9374141876430206
VFG015426(gb|WP_011979130),2,2590,2839,0.9122930609369496
VFG015427(gb|WP_003083660),1,8207,8740,0.9390160183066362
VFG015427(gb|WP_003083660),2,2590,2839,0.9122930609369496
VFG015432(gb|WP_011979131),1,2459,8740,0.28135011441647595
VFG015432(gb|WP_011979131),2,533,2839,0.1877421627333568
VFG015433,1,8414,8740,0.9627002288329519
VFG015433,2,2683,2839,0.9450510743219444
VFG015437(gb|WP_011979133),1,16,8740,0.0018306636155606408
VFG015437(gb|WP_011979133),2,3,2839,0.0010567101091933778
VFG015438(gb|WP_003111627),1,8612,8740,0.9853546910755149
VFG015438(gb|WP_003111627),2,2834,2839,0.9982388164846777
VFG015442(gb|WP_011979134),1,8208,8740,0.9391304347826087
VFG015442(gb|WP_011979134),2,2590,2839,0.9122930609369496
VFG015443(gb|WP_003083666),1,8211,8740,0.9394736842105263
VFG015443(gb|WP_003083666),2,2590,2839,0.9122930609369496
VFG015447(gb|WP_003151425),1,8712,8740,0.9967963386727688
VFG015447(gb|WP_003151425),2,2838,2839,0.9996477632969355
VFG015448(gb|WP_003111626),1,8712,8740,0.9967963386727688
VFG015448(gb|WP_003111626),2,2838,2839,0.9996477632969355
VFG015449(gb|WP_011064256),1,1,8740,1.1441647597254005e-4
VFG015452(gb|WP_003151423),1,8208,8740,0.9391304347826087
VFG015452(gb|WP_003151423),2,2589,2839,0.9119408242338851
VFG015462(gb|WP_011979135),1,14,8740,0.0016018306636155606
VFG015463(gb|WP_003119488),1,8234,8740,0.9421052631578948
VFG015463(gb|WP_003119488),2,2603,2839,0.9168721380767876
VFG015466(gb|WP_003151421),1,8206,8740,0.9389016018306636
VFG015466(gb|WP_003151421),2,2589,2839,0.9119408242338851
VFG015467(gb|WP_003111625),1,8211,8740,0.9394736842105263
VFG015467(gb|WP_003111625),2,2589,2839,0.9119408242338851
VFG015473(gb|WP_011979136),1,8728,8740,0.9986270022883296
VFG015473(gb|WP_011979136),2,2837,2839,0.9992955265938711
VFG015474(gb|WP_003083676),1,8728,8740,0.9986270022883296
VFG015474(gb|WP_003083676),2,2837,2839,0.9992955265938711
VFG015482(gb|WP_011979137),1,8290,8740,0.948512585812357
VFG015482(gb|WP_011979137),2,2618,2839,0.9221556886227545
VFG015483(gb|WP_003104969),1,8728,8740,0.9986270022883296
VFG015483(gb|WP_003104969),2,2835,2839,0.9985910531877422
VFG015491(gb|WP_011979138),1,8728,8740,0.9986270022883296
VFG015491(gb|WP_011979138),2,2837,2839,0.9992955265938711
VFG015492(gb|WP_003136970),1,8728,8740,0.9986270022883296
VFG015492(gb|WP_003136970),2,2837,2839,0.9992955265938711
VFG015498(gb|WP_012018669),1,1,8740,1.1441647597254005e-4
VFG015500(gb|WP_079262221),1,8689,8740,0.9941647597254004
VFG015500(gb|WP_079262221),2,2819,2839,0.9929552659387109
VFG015501(gb|WP_011666527),1,8692,8740,0.994508009153318
VFG015501(gb|WP_011666527),2,2820,2839,0.9933075026417753
VFG015503(gb|NP_252899),1,8230,8740,0.9416475972540046
VFG015503(gb|NP_252899),2,2596,2839,0.9144064811553364
VFG015504(gb|WP_041025452),1,250,8740,0.028604118993135013
VFG015504(gb|WP_041025452),2,29,2839,0.010214864388869321
VFG015505(gb|WP_003137497),1,8229,8740,0.941533180778032
VFG015505(gb|WP_003137497),2,2596,2839,0.9144064811553364
VFG015506(gb|NP_252900),1,7662,8740,0.8766590389016018
VFG015506(gb|NP_252900),2,2471,2839,0.870376893272279
VFG015508(gb|WP_003123955),1,7652,8740,0.8755148741418765
VFG015508(gb|WP_003123955),2,2467,2839,0.8689679464600212
VFG015509(gb|NP_252901),1,8065,8740,0.9227688787185355
VFG015509(gb|NP_252901),2,2792,2839,0.9834448749559704
VFG015510(gb|WP_012074248),1,8063,8740,0.9225400457665904
VFG015510(gb|WP_012074248),2,2792,2839,0.9834448749559704
VFG015511(gb|WP_011666542),1,8065,8740,0.9227688787185355
VFG015511(gb|WP_011666542),2,2792,2839,0.9834448749559704
VFG015512(gb|NP_252902),1,7679,8740,0.8786041189931351
VFG015512(gb|NP_252902),2,2430,2839,0.8559351884466362
VFG015513(gb|WP_003157855),1,7425,8740,0.8495423340961098
VFG015513(gb|WP_003157855),2,2337,2839,0.8231771750616415
VFG015514(gb|WP_003093625),1,7679,8740,0.8786041189931351
VFG015514(gb|WP_003093625),2,2430,2839,0.8559351884466362
VFG015515(gb|NP_252903),1,8675,8740,0.9925629290617849
VFG015515(gb|NP_252903),2,2811,2839,0.9901373723141952
VFG015516(gb|WP_012074247),1,8641,8740,0.9886727688787186
VFG015516(gb|WP_012074247),2,2787,2839,0.9816836914406482
VFG015517(gb|WP_003137488),1,8675,8740,0.9925629290617849
VFG015517(gb|WP_003137488),2,2811,2839,0.9901373723141952
VFG015518(gb|NP_252904),1,7666,8740,0.877116704805492
VFG015518(gb|NP_252904),2,2453,2839,0.8640366326171187
VFG015519(gb|WP_012074246),1,7665,8740,0.8770022883295194
VFG015519(gb|WP_012074246),2,2453,2839,0.8640366326171187
VFG015520(gb|WP_003093628),1,7666,8740,0.877116704805492
VFG015520(gb|WP_003093628),2,2453,2839,0.8640366326171187
VFG015521(gb|NP_252906),1,7410,8740,0.8478260869565217
VFG015521(gb|NP_252906),2,2308,2839,0.8129623106727721
VFG015522(gb|WP_012074245),1,6935,8740,0.7934782608695652
VFG015522(gb|WP_012074245),2,2280,2839,0.8030996829869672
VFG015523(gb|WP_003112073),1,7410,8740,0.8478260869565217
VFG015523(gb|WP_003112073),2,2308,2839,0.8129623106727721
VFG015524(gb|NP_250590),1,8235,8740,0.9422196796338673
VFG015524(gb|NP_250590),2,2595,2839,0.9140542444522719
VFG015525(gb|WP_003154207),1,7262,8740,0.8308924485125858
VFG015525(gb|WP_003154207),2,2349,2839,0.8274040154984149
VFG015526(gb|WP_009877875),1,8233,8740,0.9419908466819222
VFG015526(gb|WP_009877875),2,2595,2839,0.9140542444522719
VFG015527(gb|NP_250591),1,7459,8740,0.8534324942791762
VFG015527(gb|NP_250591),2,2405,2839,0.8471292708700247
VFG015528(gb|WP_012076100),1,7076,8740,0.8096109839816934
VFG015528(gb|WP_012076100),2,2313,2839,0.8147234941880944
VFG015529(gb|WP_003115119),1,7459,8740,0.8534324942791762
VFG015529(gb|WP_003115119),2,2405,2839,0.8471292708700247
VFG015530(gb|NP_250592),1,8065,8740,0.9227688787185355
VFG015530(gb|NP_250592),2,2792,2839,0.9834448749559704
VFG015531(gb|WP_012074248),1,8063,8740,0.9225400457665904
VFG015531(gb|WP_012074248),2,2792,2839,0.9834448749559704
VFG015532(gb|WP_011666699),1,8065,8740,0.9227688787185355
VFG015532(gb|WP_011666699),2,2792,2839,0.9834448749559704
VFG015534(gb|WP_003157855),1,7556,8740,0.8645308924485126
VFG015534(gb|WP_003157855),2,2396,2839,0.8439591405424445
VFG015535(gb|WP_011666698),1,7679,8740,0.8786041189931351
VFG015535(gb|WP_011666698),2,2430,2839,0.8559351884466362
VFG015537(gb|WP_012074247),1,8645,8740,0.9891304347826086
VFG015537(gb|WP_012074247),2,2806,2839,0.9883761887988728
VFG015538(gb|WP_011666697),1,8675,8740,0.9925629290617849
VFG015538(gb|WP_011666697),2,2811,2839,0.9901373723141952
VFG015540(gb|WP_012074246),1,7665,8740,0.8770022883295194
VFG015540(gb|WP_012074246),2,2453,2839,0.8640366326171187
VFG015542(gb|NP_252905),1,7410,8740,0.8478260869565217
VFG015542(gb|NP_252905),2,2308,2839,0.8129623106727721
VFG015544(gb|WP_093945134),1,7410,8740,0.8478260869565217
VFG015544(gb|WP_093945134),2,2308,2839,0.8129623106727721
VFG015547(gb|WP_003093617),1,8604,8740,0.9844393592677345
VFG015547(gb|WP_003093617),2,2822,2839,0.9940119760479041
VFG015549(gb|WP_012074243),1,8716,8740,0.997254004576659
VFG015549(gb|WP_012074243),2,2833,2839,0.9978865797816132
VFG015550(gb|WP_003093633),1,8718,8740,0.9974828375286041
VFG015550(gb|WP_003093633),2,2833,2839,0.9978865797816132
VFG015551(gb|NP_248741),1,8652,8740,0.9899313501144165
VFG015551(gb|NP_248741),2,2838,2839,0.9996477632969355
VFG015552(gb|WP_003111526),1,8652,8740,0.9899313501144165
VFG015552(gb|WP_003111526),2,2838,2839,0.9996477632969355
VFG015554(gb|WP_012076121),2,1,2839,3.522367030644593e-4
VFG015555(gb|WP_003139897),1,8736,8740,0.9995423340961098
VFG015555(gb|WP_003139897),2,2836,2839,0.9989432898908066
VFG015557(gb|WP_012074626),1,1,8740,1.1441647597254005e-4
VFG015557(gb|WP_012074626),2,1,2839,3.522367030644593e-4
VFG015558(gb|WP_003092588),1,8739,8740,0.9998855835240275
VFG015558(gb|WP_003092588),2,2836,2839,0.9989432898908066
VFG015560(gb|WP_012076619),1,1,8740,1.1441647597254005e-4
VFG015560(gb|WP_012076619),2,6,2839,0.0021134202183867557
VFG015561(gb|WP_003086731),1,8729,8740,0.9987414187643021
VFG015561(gb|WP_003086731),2,2837,2839,0.9992955265938711
VFG015599(gb|NP_064725),1,8251,8740,0.9440503432494279
VFG015599(gb|NP_064725),2,2604,2839,0.9172243747798521
VFG015600(gb|WP_003150817),1,8226,8740,0.9411899313501144
VFG015600(gb|WP_003150817),2,2600,2839,0.9158154279675942
VFG015601(gb|WP_003100265),1,8251,8740,0.9440503432494279
VFG015601(gb|WP_003100265),2,2603,2839,0.9168721380767876
VFG015677(gb|WP_012315528),1,1,8740,1.1441647597254005e-4
VFG015685(gb|WP_012315524),1,1,8740,1.1441647597254005e-4
VFG015712(gb|WP_012273494),1,1,8740,1.1441647597254005e-4
VFG015717(gb|WP_011534890),1,1,8740,1.1441647597254005e-4
VFG015737(gb|WP_012312817),1,1,8740,1.1441647597254005e-4
VFG015753(gb|WP_012312809),2,1,2839,3.522367030644593e-4
VFG015758(gb|WP_041166587),1,1,8740,1.1441647597254005e-4
VFG015782(gb|WP_012270935),1,22,8740,0.002517162471395881
VFG015782(gb|WP_012270935),2,8,2839,0.0028178936245156746
VFG015819(gb|WP_012315373),1,3,8740,3.4324942791762013e-4
VFG015822(gb|WP_190273339),1,1,8740,1.1441647597254005e-4
VFG015822(gb|WP_190273339),2,1,2839,3.522367030644593e-4
VFG015826(gb|WP_012273396),1,8046,8740,0.9205949656750572
VFG015826(gb|WP_012273396),2,2582,2839,0.9094751673124339
VFG015827(gb|WP_012315395),1,23,8740,0.002631578947368421
VFG015827(gb|WP_012315395),2,57,2839,0.020077492074674182
VFG015846(gb|NP_252864),1,8712,8740,0.9967963386727688
VFG015846(gb|NP_252864),2,2836,2839,0.9989432898908066
VFG015847(gb|WP_012074275),1,51,8740,0.005835240274599542
VFG015847(gb|WP_012074275),2,2,2839,7.044734061289186e-4
VFG015848(gb|WP_003110541),1,8712,8740,0.9967963386727688
VFG015848(gb|WP_003110541),2,2836,2839,0.9989432898908066
VFG015850(gb|WP_012076980),1,8737,8740,0.9996567505720824
VFG015850(gb|WP_012076980),2,2771,2839,0.9760479041916168
VFG015851(gb|WP_003140852),1,8739,8740,0.9998855835240275
VFG015851(gb|WP_003140852),2,2839,2839,1
VFG015852(gb|NP_252009),1,8740,8740,1
VFG015852(gb|NP_252009),2,2839,2839,1
VFG015853(gb|WP_012074913),1,8740,8740,1
VFG015853(gb|WP_012074913),2,2839,2839,1
VFG015854(gb|WP_003138281),1,8740,8740,1
VFG015854(gb|WP_003138281),2,2839,2839,1
VFG015856(gb|NP_248716),1,8438,8740,0.9654462242562929
VFG015856(gb|NP_248716),2,2624,2839,0.9242691088411412
VFG015857(gb|WP_011979056),1,8253,8740,0.944279176201373
VFG015857(gb|WP_011979056),2,2606,2839,0.917928848185981
VFG015858(gb|WP_003097316),1,8296,8740,0.94919908466819225
VFG015858(gb|WP_003097316),2,2714,2839,0.9559704121169426
VFG015859(gb|NP_252177),1,1318,8740,0.15080091533180778
VFG015859(gb|NP_252177),2,2439,2839,0.8591053187742163
VFG015860(gb|WP_003138138),1,1317,8740,0.15068649885583524
VFG015860(gb|WP_003138138),2,2439,2839,0.8591053187742163
VFG015862(gb|WP_003140553),1,8588,8740,0.9826086956521739
VFG015862(gb|WP_003140553),2,2766,2839,0.9742867206762945
VFG015904(gb|WP_164920479),1,3186,8740,0.3645308924485126
VFG015904(gb|WP_164920479),2,1417,2839,0.49911940824233886
VFG015905(gb|WP_164920559),1,2670,8740,0.30549199084668194
VFG015905(gb|WP_164920559),2,935,2839,0.32934131736526945
VFG015906(gb|WP_011267825),1,5202,8740,0.5951945080091533
VFG015906(gb|WP_011267825),2,1114,2839,0.3923916872138077
VFG015908(gb|WP_164920478),1,89,8740,0.010183066361556064
VFG015908(gb|WP_164920478),2,12,2839,0.004226840436773511
VFG015914(gb|NP_250883),1,8025,8740,0.9181922196796338
VFG015914(gb|NP_250883),2,2520,2839,0.8876364917224375
VFG015915(gb|WP_012075862),1,2,8740,2.288329519450801e-4
VFG015915(gb|WP_012075862),2,2,2839,7.044734061289186e-4
VFG015916(gb|WP_003089025),1,8024,8740,0.9180778032036613
VFG015916(gb|WP_003089025),2,2521,2839,0.8879887284255019
VFG015920(gb|NP_250884),1,8555,8740,0.9788329519450801
VFG015920(gb|NP_250884),2,2777,2839,0.9781613244100035
VFG015921(gb|WP_012075861),2,1,2839,3.522367030644593e-4
VFG015922(gb|WP_009315733),1,8555,8740,0.9788329519450801
VFG015922(gb|WP_009315733),2,2777,2839,0.9781613244100035
VFG015926(gb|NP_250885),1,8554,8740,0.9787185354691076
VFG015926(gb|NP_250885),2,2776,2839,0.9778090877069391
VFG015927(gb|WP_012075860),2,1,2839,3.522367030644593e-4
VFG015928(gb|WP_011666673),1,8554,8740,0.9787185354691076
VFG015928(gb|WP_011666673),2,2776,2839,0.9778090877069391
VFG015950(gb|NP_251075),1,8664,8740,0.991304347826087
VFG015950(gb|NP_251075),2,2821,2839,0.9936597393448398
VFG015951(gb|WP_041025346),1,11,8740,0.0012585812356979405
VFG015951(gb|WP_041025346),2,3,2839,0.0010567101091933778
VFG015952(gb|WP_003139299),1,8664,8740,0.991304347826087
VFG015952(gb|WP_003139299),2,2821,2839,0.9936597393448398
VFG015962(gb|WP_012075675),1,3292,8740,0.37665903890160185
VFG015962(gb|WP_012075675),2,1585,2839,0.558295174357168
VFG015963(gb|WP_003114509),1,5374,8740,0.6148741418764302
VFG015963(gb|WP_003114509),2,1237,2839,0.4357168016907362
VFG015973(gb|NP_251082),1,3051,8740,0.34908466819221967
VFG015973(gb|NP_251082),2,1124,2839,0.39591405424445225
VFG015974(gb|WP_041025344),1,3327,8740,0.3806636155606407
VFG015974(gb|WP_041025344),2,1563,2839,0.5505459668897499
VFG015975(gb|WP_003139293),1,3051,8740,0.34908466819221967
VFG015975(gb|WP_003139293),2,1124,2839,0.39591405424445225
VFG015983(gb|NP_251083),1,3593,8740,0.4110983981693364
VFG015983(gb|NP_251083),2,1884,2839,0.6636139485734414
VFG015984(gb|WP_012075668),1,2961,8740,0.3387871853546911
VFG015984(gb|WP_012075668),2,936,2839,0.3296935540683339
VFG015985(gb|WP_003103610),1,3600,8740,0.41189931350114417
VFG015985(gb|WP_003103610),2,1884,2839,0.6636139485734414
VFG015994(gb|NP_251084),1,6391,8740,0.7312356979405035
VFG015994(gb|NP_251084),2,2680,2839,0.943994364212751
VFG015995(gb|WP_003148549),1,6389,8740,0.7310068649885584
VFG015995(gb|WP_003148549),2,2680,2839,0.943994364212751
VFG015996(gb|WP_003122677),1,6391,8740,0.7312356979405035
VFG015996(gb|WP_003122677),2,2681,2839,0.9443466009158155
VFG016005(gb|NP_251085),1,8181,8740,0.9360411899313501
VFG016005(gb|NP_251085),2,2586,2839,0.9108841141246918
VFG016006(gb|WP_012075667),1,8180,8740,0.9359267734553776
VFG016006(gb|WP_012075667),2,2586,2839,0.9108841141246918
VFG016007(gb|WP_003139292),1,8180,8740,0.9359267734553776
VFG016007(gb|WP_003139292),2,2587,2839,0.9112363508277562
VFG016016(gb|NP_251086),1,2760,8740,0.3157894736842105
VFG016016(gb|NP_251086),2,997,2839,0.3511799929552659
VFG016017(gb|WP_003148547),1,3289,8740,0.3763157894736842
VFG016017(gb|WP_003148547),2,1450,2839,0.510743219443466
VFG016018(gb|WP_003114501),1,2760,8740,0.3157894736842105
VFG016018(gb|WP_003114501),2,997,2839,0.3511799929552659
VFG016021(gb|WP_003148545),1,3442,8740,0.39382151029748286
VFG016021(gb|WP_003148545),2,1592,2839,0.5607608312786192
VFG016022(gb|WP_003103601),1,2946,8740,0.337070938215103
VFG016022(gb|WP_003103601),2,1085,2839,0.38217682282493837
VFG016032(gb|WP_011666646),1,2948,8740,0.33729977116704807
VFG016032(gb|WP_011666646),2,1088,2839,0.38323353293413176
VFG016034(gb|WP_011267346),1,1,8740,1.1441647597254005e-4
VFG016035(gb|WP_011168293),1,1,8740,1.1441647597254005e-4
VFG016036(gb|WP_010954974),1,16,8740,0.0018306636155606408
VFG016036(gb|WP_010954974),2,29,2839,0.010214864388869321
VFG016037(gb|WP_011062375),1,2301,8740,0.26327231121281464
VFG016037(gb|WP_011062375),2,1949,2839,0.6865093342726312
VFG016038(gb|NP_251090),1,2964,8740,0.3391304347826087
VFG016038(gb|NP_251090),2,1087,2839,0.38288129623106726
VFG016039(gb|WP_012075665),1,3291,8740,0.3765446224256293
VFG016039(gb|WP_012075665),2,1451,2839,0.5110954561465305
VFG016040(gb|WP_078463717),1,2964,8740,0.3391304347826087
VFG016040(gb|WP_078463717),2,1087,2839,0.38288129623106726
VFG016041(gb|NP_251092),1,5974,8740,0.6835240274599542
VFG016041(gb|NP_251092),2,2154,2839,0.7587178584008454
VFG016042(gb|WP_161440564),1,5244,8740,0.6
VFG016042(gb|WP_161440564),2,2287,2839,0.8055653399084185
VFG016043(gb|WP_011666644),1,6361,8740,0.7278032036613272
VFG016043(gb|WP_011666644),2,2643,2839,0.930961606199366
VFG016044(gb|WP_011534374),1,8015,8740,0.9170480549199085
VFG016044(gb|WP_011534374),2,2566,2839,0.9038393800634026
VFG016045(gb|WP_011062374),1,7915,8740,0.9056064073226545
VFG016045(gb|WP_011062374),2,2551,2839,0.8985558295174357
VFG016046(gb|NP_251103),1,8673,8740,0.9923340961098398
VFG016046(gb|NP_251103),2,2820,2839,0.9933075026417753
VFG016047(gb|WP_012075653),1,3888,8740,0.4448512585812357
VFG016047(gb|WP_012075653),2,1205,2839,0.42444522719267347
VFG016048(gb|WP_003089638),1,8673,8740,0.9923340961098398
VFG016048(gb|WP_003089638),2,2821,2839,0.9936597393448398
VFG016058(gb|NP_251114),1,8739,8740,0.9998855835240275
VFG016058(gb|NP_251114),2,2839,2839,1
VFG016059(gb|WP_012075639),1,8690,8740,0.994279176201373
VFG016059(gb|WP_012075639),2,2832,2839,0.9975343430785488
VFG016060(gb|WP_003139218),1,8739,8740,0.9998855835240275
VFG016060(gb|WP_003139218),2,2839,2839,1
VFG016062(gb|WP_165446461),1,1344,8740,0.15377574370709382
VFG016062(gb|WP_165446461),2,241,2839,0.08488904543853469
VFG016066(gb|WP_011533065),1,8094,8740,0.9260869565217391
VFG016066(gb|WP_011533065),2,2383,2839,0.8393800634026065
VFG016067(gb|WP_011062464),1,5253,8740,0.6010297482837529
VFG016067(gb|WP_011062464),2,1020,2839,0.3592814371257485
VFG016069(gb|NP_251115),1,8198,8740,0.9379862700228833
VFG016069(gb|NP_251115),2,2582,2839,0.9094751673124339
VFG016070(gb|WP_012075638),2,1,2839,3.522367030644593e-4
VFG016071(gb|WP_003139216),1,8197,8740,0.9378718535469107
VFG016071(gb|WP_003139216),2,2581,2839,0.9091229306093696
VFG016072(gb|WP_044390135),1,2,8740,2.288329519450801e-4
VFG016073(gb|WP_011267336),1,2,8740,2.288329519450801e-4
VFG016076(gb|WP_003156700),1,6475,8740,0.7408466819221968
VFG016076(gb|WP_003156700),2,2303,2839,0.8112011271574499
VFG016077(gb|WP_003113068),1,8179,8740,0.935812356979405
VFG016077(gb|WP_003113068),2,2571,2839,0.9056005635787249
VFG016087(gb|NP_251117),1,4904,8740,0.5610983981693364
VFG016087(gb|NP_251117),2,1135,2839,0.3997886579781613
VFG016088(gb|WP_012075637),1,43,8740,0.004919908466819222
VFG016088(gb|WP_012075637),2,575,2839,0.20253610426206411
VFG016089(gb|WP_003139215),1,4904,8740,0.5610983981693364
VFG016089(gb|WP_003139215),2,1135,2839,0.3997886579781613
VFG016094(gb|WP_012075666),1,1735,8740,0.19851258581235698
VFG016094(gb|WP_012075666),2,926,2839,0.3261711870376893
VFG016095(gb|WP_003139291),1,2945,8740,0.33695652173913043
VFG016095(gb|WP_003139291),2,1085,2839,0.38217682282493837
VFG016103(gb|WP_011333998),1,4,8740,4.576659038901602e-4
VFG016106(gb|WP_012074240),1,108,8740,0.012356979405034324
VFG016106(gb|WP_012074240),2,59,2839,0.020781965480803098
VFG016107(gb|WP_003137474),1,8722,8740,0.9979405034324943
VFG016107(gb|WP_003137474),2,2836,2839,0.9989432898908066
VFG016108(gb|WP_011061774),1,8156,8740,0.9331807780320366
VFG016108(gb|WP_011061774),2,2175,2839,0.766114829165199
VFG016110(gb|WP_012074239),1,6,8740,6.864988558352403e-4
VFG016110(gb|WP_012074239),2,1,2839,3.522367030644593e-4
VFG016111(gb|WP_003137473),1,8713,8740,0.9969107551487414
VFG016111(gb|WP_003137473),2,2833,2839,0.9978865797816132
VFG016114(gb|WP_012074238),1,8257,8740,0.9447368421052632
VFG016114(gb|WP_012074238),2,2595,2839,0.9140542444522719
VFG016115(gb|WP_003137472),1,8701,8740,0.995537757437071
VFG016115(gb|WP_003137472),2,2814,2839,0.9911940824233885
VFG016117(gb|WP_012074237),1,8738,8740,0.9997711670480549
VFG016117(gb|WP_012074237),2,2832,2839,0.9975343430785488
VFG016118(gb|WP_011666540),1,8738,8740,0.9997711670480549
VFG016118(gb|WP_011666540),2,2832,2839,0.9975343430785488
VFG016119(gb|WP_011061772),1,1,8740,1.1441647597254005e-4
VFG016121(gb|WP_012074236),1,397,8740,0.045423340961098395
VFG016121(gb|WP_012074236),2,168,2839,0.059175766114829165
VFG016122(gb|WP_003137469),1,8740,8740,1
VFG016122(gb|WP_003137469),2,2837,2839,0.9992955265938711
VFG016123(gb|WP_011061773),1,8150,8740,0.9324942791762014
VFG016123(gb|WP_011061773),2,2573,2839,0.9063050369848539
VFG016126(gb|WP_003106955),1,8262,8740,0.9453089244851258
VFG016126(gb|WP_003106955),2,2608,2839,0.9186333215921099
VFG016129(gb|WP_003157555),1,8302,8740,0.9498855835240274
VFG016129(gb|WP_003157555),2,2582,2839,0.9094751673124339
VFG016130(gb|WP_003137468),1,8740,8740,1
VFG016130(gb|WP_003137468),2,2839,2839,1
VFG016135(gb|WP_003137465),1,8246,8740,0.9434782608695652
VFG016135(gb|WP_003137465),2,2599,2839,0.9154631912645298
VFG016138(gb|WP_041025451),2,1,2839,3.522367030644593e-4
VFG016139(gb|WP_003137464),1,8207,8740,0.9390160183066362
VFG016139(gb|WP_003137464),2,2578,2839,0.9080662205001762
VFG016146(gb|WP_003129314),1,8737,8740,0.9996567505720824
VFG016146(gb|WP_003129314),2,2837,2839,0.9992955265938711
VFG016152(gb|WP_034000074),1,1,8740,1.1441647597254005e-4
VFG016152(gb|WP_034000074),2,1,2839,3.522367030644593e-4
VFG016153(gb|WP_003111969),1,8724,8740,0.9981693363844394
VFG016153(gb|WP_003111969),2,2836,2839,0.9989432898908066
VFG016155(gb|WP_041025357),2,1,2839,3.522367030644593e-4
VFG016158(gb|WP_012075848),2,1,2839,3.522367030644593e-4
VFG016163(gb|WP_012075853),2,1,2839,3.522367030644593e-4
VFG016598(gb|WP_011113852),1,8,8740,9.153318077803204e-4
VFG016598(gb|WP_011113852),2,1,2839,3.522367030644593e-4
VFG016789(gb|WP_011179056),1,1,8740,1.1441647597254005e-4
VFG017085(gb|WP_000473593),2,1,2839,3.522367030644593e-4
VFG017108(gb|WP_000794607),1,1,8740,1.1441647597254005e-4
VFG017111(gb|WP_000934463),1,1,8740,1.1441647597254005e-4
VFG017120(gb|WP_001109369),1,5,8740,5.720823798627002e-4
VFG017120(gb|WP_001109369),2,3,2839,0.0010567101091933778
VFG017218,1,2,8740,2.288329519450801e-4
VFG017220,1,1,8740,1.1441647597254005e-4
VFG017224(gb|WP_000934419),1,1,8740,1.1441647597254005e-4
VFG017242,1,5,8740,5.720823798627002e-4
VFG017242,2,3,2839,0.0010567101091933778
VFG017626(gb|WP_041180119),2,1,2839,3.522367030644593e-4
VFG017627(gb|WP_003412375),2,1,2839,3.522367030644593e-4
VFG017629(gb|WP_003412375),2,1,2839,3.522367030644593e-4
VFG017634(gb|WP_024753930),2,1,2839,3.522367030644593e-4
VFG018103(gb|WP_000728958),1,1,8740,1.1441647597254005e-4
VFG018105(gb|WP_000728955),1,1,8740,1.1441647597254005e-4
VFG018110(gb|WP_000728940),1,1,8740,1.1441647597254005e-4
VFG018113(gb|YP_498852),1,1,8740,1.1441647597254005e-4
VFG018114(gb|WP_000728969),1,1,8740,1.1441647597254005e-4
VFG018143(gb|WP_000549278),2,1,2839,3.522367030644593e-4
VFG018154(gb|WP_000549287),2,1,2839,3.522367030644593e-4
VFG018161(gb|WP_000549309),2,1,2839,3.522367030644593e-4
VFG018165(gb|WP_000549269),2,1,2839,3.522367030644593e-4
VFG018166(gb|WP_000549278),2,1,2839,3.522367030644593e-4
VFG018198(gb|NP_414827),1,1,8740,1.1441647597254005e-4
VFG018201(gb|WP_000730985),1,1,8740,1.1441647597254005e-4
VFG018202(gb|WP_000730982),1,1,8740,1.1441647597254005e-4
VFG018203(gb|WP_000095070),1,1,8740,1.1441647597254005e-4
VFG018204(gb|WP_000730982),1,1,8740,1.1441647597254005e-4
VFG018205(gb|NP_414826),1,1,8740,1.1441647597254005e-4
VFG018207(gb|WP_000716404),1,1,8740,1.1441647597254005e-4
VFG018208(gb|WP_000716404),1,1,8740,1.1441647597254005e-4
VFG018209(gb|WP_000716404),1,1,8740,1.1441647597254005e-4
VFG018308(gb|WP_001160719),1,1,8740,1.1441647597254005e-4
VFG018321,1,1,8740,1.1441647597254005e-4
VFG018348,1,1,8740,1.1441647597254005e-4
VFG018349(gb|WP_000914251),1,1,8740,1.1441647597254005e-4
VFG018391(gb|WP_000837127),1,1,8740,1.1441647597254005e-4
VFG018403(gb|WP_000131294),1,1,8740,1.1441647597254005e-4
VFG018496(gb|WP_001166949),1,1,8740,1.1441647597254005e-4
VFG018499(gb|WP_000245788),1,1,8740,1.1441647597254005e-4
VFG018503(gb|WP_000258818),1,1,8740,1.1441647597254005e-4
VFG018766(gb|WP_200858480),1,1,8740,1.1441647597254005e-4
VFG018768(gb|WP_164732682),1,1,8740,1.1441647597254005e-4
VFG018769(gb|WP_164729439),1,1,8740,1.1441647597254005e-4
VFG018921(gb|WP_012229554),1,1,8740,1.1441647597254005e-4
VFG018924(gb|WP_012229555),1,1,8740,1.1441647597254005e-4
VFG019674,1,1,8740,1.1441647597254005e-4
VFG019726(gb|WP_003122079),1,2165,8740,0.2477116704805492
VFG019726(gb|WP_003122079),2,168,2839,0.059175766114829165
VFG019728(gb|WP_003122078),1,4931,8740,0.564187643020595
VFG019728(gb|WP_003122078),2,1267,2839,0.44628390278266994
VFG019729(gb|WP_003107299),1,4804,8740,0.5496567505720824
VFG019729(gb|WP_003107299),2,1255,2839,0.4420570623458964
VFG019731(gb|WP_003107301),1,8271,8740,0.9463386727688787
VFG019731(gb|WP_003107301),2,2608,2839,0.9186333215921099
VFG019733(gb|WP_003094721),1,6952,8740,0.7954233409610983
VFG019733(gb|WP_003094721),2,1817,2839,0.6400140894681225
VFG019735(gb|WP_003092804),1,8248,8740,0.9437070938215103
VFG019735(gb|WP_003092804),2,2602,2839,0.9165199013737232
VFG019737(gb|WP_003110888),1,8738,8740,0.9997711670480549
VFG019737(gb|WP_003110888),2,2837,2839,0.9992955265938711
VFG019738(gb|WP_003095839),1,7037,8740,0.8051487414187642
VFG019738(gb|WP_003095839),2,1822,2839,0.6417752729834448
VFG019743(gb|WP_012614629),1,7463,8740,0.8538901601830664
VFG019743(gb|WP_012614629),2,1997,2839,0.7034166960197252
VFG019744(gb|WP_003084552),1,8736,8740,0.9995423340961098
VFG019744(gb|WP_003084552),2,2838,2839,0.9996477632969355
VFG019747(gb|WP_003119423),1,6994,8740,0.8002288329519451
VFG019747(gb|WP_003119423),2,1821,2839,0.6414230362803804
VFG019749(gb|WP_003119422),1,6283,8740,0.7188787185354691
VFG019749(gb|WP_003119422),2,1689,2839,0.5949277914758718
VFG019753(gb|WP_003123397),1,6565,8740,0.7511441647597255
VFG019753(gb|WP_003123397),2,1326,2839,0.46706586826347307
VFG019754(gb|WP_012614546),1,6983,8740,0.7989702517162471
VFG019754(gb|WP_012614546),2,1814,2839,0.6389573793589292
VFG019756(gb|WP_003161431),1,6990,8740,0.799771167048055
VFG019756(gb|WP_003161431),2,1819,2839,0.6407185628742516
VFG019758(gb|WP_012613878),1,8684,8740,0.9935926773455378
VFG019758(gb|WP_012613878),2,2835,2839,0.9985910531877422
VFG019759(gb|WP_003110427),1,8737,8740,0.9996567505720824
VFG019759(gb|WP_003110427),2,2839,2839,1
VFG019761(gb|WP_012614544),1,8738,8740,0.9997711670480549
VFG019761(gb|WP_012614544),2,2839,2839,1
VFG019766(gb|WP_003084590),1,8226,8740,0.9411899313501144
VFG019766(gb|WP_003084590),2,2593,2839,0.913349771046143
VFG019768(gb|WP_003100940),1,8737,8740,0.9996567505720824
VFG019768(gb|WP_003100940),2,2838,2839,0.9996477632969355
VFG019770(gb|WP_003100938),1,8257,8740,0.9447368421052632
VFG019770(gb|WP_003100938),2,2605,2839,0.9175766114829165
VFG019771(gb|WP_012613502),1,8737,8740,0.9996567505720824
VFG019771(gb|WP_012613502),2,2838,2839,0.9996477632969355
VFG019772(gb|WP_015886333),1,25,8740,0.002860411899313501
VFG019773(gb|WP_003084598),1,8716,8740,0.997254004576659
VFG019773(gb|WP_003084598),2,2833,2839,0.9978865797816132
VFG019774(gb|WP_012613503),1,8224,8740,0.9409610983981693
VFG019774(gb|WP_012613503),2,2590,2839,0.9122930609369496
VFG019776(gb|WP_003117898),1,8248,8740,0.9437070938215103
VFG019776(gb|WP_003117898),2,2603,2839,0.9168721380767876
VFG019778(gb|WP_003084610),1,8239,8740,0.9426773455377574
VFG019778(gb|WP_003084610),2,2596,2839,0.9144064811553364
VFG019780(gb|WP_014602695),1,3035,8740,0.34725400457665906
VFG019780(gb|WP_014602695),2,61,2839,0.021486438886932017
VFG019781(gb|WP_012613866),1,3034,8740,0.3471395881006865
VFG019781(gb|WP_012613866),2,57,2839,0.020077492074674182
VFG019782(gb|WP_003163315),1,3033,8740,0.34702517162471397
VFG019782(gb|WP_003163315),2,58,2839,0.020429728777738642
VFG019783(gb|WP_012613867),1,3034,8740,0.3471395881006865
VFG019783(gb|WP_012613867),2,57,2839,0.020077492074674182
VFG019784(gb|WP_172668778),1,2902,8740,0.3320366132723112
VFG019784(gb|WP_172668778),2,57,2839,0.020077492074674182
VFG019785(gb|WP_012613869),1,3038,8740,0.34759725400457664
VFG019785(gb|WP_012613869),2,57,2839,0.020077492074674182
VFG019786(gb|WP_003122253),1,3034,8740,0.3471395881006865
VFG019786(gb|WP_003122253),2,57,2839,0.020077492074674182
VFG019787(gb|WP_003122254),1,3034,8740,0.3471395881006865
VFG019787(gb|WP_003122254),2,57,2839,0.020077492074674182
VFG019788(gb|WP_016253165),1,2904,8740,0.3322654462242563
VFG019788(gb|WP_016253165),2,56,2839,0.019725255371609723
VFG019789(gb|WP_003452706),1,3034,8740,0.3471395881006865
VFG019789(gb|WP_003452706),2,57,2839,0.020077492074674182
VFG019790(gb|WP_003122257),1,8485,8740,0.9708237986270023
VFG019790(gb|WP_003122257),2,2830,2839,0.9968298696724198
VFG019795(gb|WP_003082153),1,8107,8740,0.9275743707093822
VFG019795(gb|WP_003082153),2,2598,2839,0.9151109545614653
VFG019797(gb|WP_003082154),1,8597,8740,0.9836384439359268
VFG019797(gb|WP_003082154),2,2839,2839,1
VFG019803(gb|WP_003082166),1,8239,8740,0.9426773455377574
VFG019803(gb|WP_003082166),2,2598,2839,0.9151109545614653
VFG019805(gb|WP_003082169),1,8737,8740,0.9996567505720824
VFG019805(gb|WP_003082169),2,2839,2839,1
VFG019807(gb|WP_003116316),1,8738,8740,0.9997711670480549
VFG019807(gb|WP_003116316),2,2839,2839,1
VFG019809(gb|WP_003112507),1,3564,8740,0.4077803203661327
VFG019809(gb|WP_003112507),2,451,2839,0.15885875308207115
VFG019811(gb|WP_003112506),1,3562,8740,0.4075514874141876
VFG019811(gb|WP_003112506),2,449,2839,0.15815427967594223
VFG019815(gb|WP_003082188),1,3346,8740,0.382837528604119
VFG019815(gb|WP_003082188),2,417,2839,0.14688270517787955
VFG019817(gb|WP_003082190),1,3599,8740,0.4117848970251716
VFG019817(gb|WP_003082190),2,450,2839,0.1585065163790067
VFG019819(gb|WP_003082192),1,3345,8740,0.38272311212814647
VFG019819(gb|WP_003082192),2,417,2839,0.14688270517787955
VFG019823(gb|WP_003086448),1,8736,8740,0.9995423340961098
VFG019823(gb|WP_003086448),2,2839,2839,1
VFG019825(gb|WP_012614401),1,8737,8740,0.9996567505720824
VFG019825(gb|WP_012614401),2,2838,2839,0.9996477632969355
VFG019827(gb|WP_003082202),1,8737,8740,0.9996567505720824
VFG019827(gb|WP_003082202),2,2838,2839,0.9996477632969355
VFG019828(gb|WP_015885195),1,1,8740,1.1441647597254005e-4
VFG019829(gb|WP_003086454),1,8166,8740,0.934324942791762
VFG019829(gb|WP_003086454),2,2577,2839,0.9077139837971117
VFG019831(gb|WP_012614400),1,8739,8740,0.9998855835240275
VFG019831(gb|WP_012614400),2,2839,2839,1
VFG019833(gb|WP_003082212),1,8697,8740,0.9950800915331808
VFG019833(gb|WP_003082212),2,2838,2839,0.9996477632969355
VFG019835(gb|WP_003449045),1,8249,8740,0.9438215102974828
VFG019835(gb|WP_003449045),2,2601,2839,0.9161676646706587
VFG019837(gb|WP_003086458),1,8739,8740,0.9998855835240275
VFG019837(gb|WP_003086458),2,2839,2839,1
VFG019841(gb|WP_003083038),1,8731,8740,0.9989702517162471
VFG019841(gb|WP_003083038),2,2839,2839,1
VFG019847(gb|WP_003083049),1,8215,8740,0.9399313501144165
VFG019847(gb|WP_003083049),2,2589,2839,0.9119408242338851
VFG019851(gb|WP_003083052),1,8244,8740,0.9432494279176201
VFG019851(gb|WP_003083052),2,2600,2839,0.9158154279675942
VFG019855(gb|WP_003083054),1,8189,8740,0.9369565217391305
VFG019855(gb|WP_003083054),2,2599,2839,0.9154631912645298
VFG019859(gb|WP_003083059),1,8735,8740,0.9994279176201373
VFG019859(gb|WP_003083059),2,2839,2839,1
VFG019861(gb|WP_003083061),1,8735,8740,0.9994279176201373
VFG019861(gb|WP_003083061),2,2827,2839,0.9957731595632265
VFG019865(gb|WP_003083070),1,8242,8740,0.943020594965675
VFG019865(gb|WP_003083070),2,2587,2839,0.9112363508277562
VFG019867(gb|WP_003098745),1,8246,8740,0.9434782608695652
VFG019867(gb|WP_003098745),2,2595,2839,0.9140542444522719
VFG019869(gb|WP_003098742),1,8215,8740,0.9399313501144165
VFG019869(gb|WP_003098742),2,2582,2839,0.9094751673124339
VFG019871(gb|WP_003091733),1,8225,8740,0.9410755148741419
VFG019871(gb|WP_003091733),2,2586,2839,0.9108841141246918
VFG019873(gb|WP_003095673),1,8739,8740,0.9998855835240275
VFG019873(gb|WP_003095673),2,2813,2839,0.9908418457203241
VFG019877(gb|WP_003159935),1,8244,8740,0.9432494279176201
VFG019877(gb|WP_003159935),2,2586,2839,0.9108841141246918
VFG019879(gb|WP_012614339),1,8261,8740,0.9451945080091533
VFG019879(gb|WP_012614339),2,2603,2839,0.9168721380767876
VFG019885(gb|WP_003119545),1,8740,8740,1
VFG019885(gb|WP_003119545),2,2839,2839,1
VFG019887(gb|WP_003092101),1,8740,8740,1
VFG019887(gb|WP_003092101),2,2839,2839,1
VFG019889(gb|WP_003110463),1,8740,8740,1
VFG019889(gb|WP_003110463),2,2839,2839,1
VFG019891(gb|WP_003110464),1,8740,8740,1
VFG019891(gb|WP_003110464),2,2839,2839,1
VFG019893(gb|WP_003110465),1,8740,8740,1
VFG019893(gb|WP_003110465),2,2839,2839,1
VFG019895(gb|WP_012613748),1,8740,8740,1
VFG019895(gb|WP_012613748),2,2839,2839,1
VFG019897(gb|WP_012613747),1,8740,8740,1
VFG019897(gb|WP_012613747),2,2839,2839,1
VFG019899(gb|WP_003110467),1,8740,8740,1
VFG019899(gb|WP_003110467),2,2839,2839,1
VFG019901(gb|WP_003092111),1,8739,8740,0.9998855835240275
VFG019901(gb|WP_003092111),2,2839,2839,1
VFG019903(gb|WP_003092112),1,8242,8740,0.943020594965675
VFG019903(gb|WP_003092112),2,2594,2839,0.9137020077492075
VFG019905(gb|WP_003092113),1,8740,8740,1
VFG019905(gb|WP_003092113),2,2839,2839,1
VFG019907(gb|WP_010792971),1,8740,8740,1
VFG019907(gb|WP_010792971),2,2839,2839,1
VFG019911(gb|WP_003101958),1,8240,8740,0.9427917620137299
VFG019911(gb|WP_003101958),2,2595,2839,0.9140542444522719
VFG019913(gb|WP_003085548),1,8291,8740,0.9486270022883295
VFG019913(gb|WP_003085548),2,2612,2839,0.9200422684043678
VFG019915(gb|WP_003110245),1,8210,8740,0.9393592677345538
VFG019915(gb|WP_003110245),2,2590,2839,0.9122930609369496
VFG019916(gb|WP_009315254),1,8739,8740,0.9998855835240275
VFG019916(gb|WP_009315254),2,2838,2839,0.9996477632969355
VFG019921(gb|WP_003145897),1,8739,8740,0.9998855835240275
VFG019921(gb|WP_003145897),2,2839,2839,1
VFG019923(gb|WP_003093256),1,8193,8740,0.9374141876430206
VFG019923(gb|WP_003093256),2,2579,2839,0.9084184572032405
VFG019924(gb|WP_012613725),1,8740,8740,1
VFG019924(gb|WP_012613725),2,2839,2839,1
VFG019926(gb|WP_003099228),1,7803,8740,0.89279176201373
VFG019926(gb|WP_003099228),2,1701,2839,0.5991546319126453
VFG019928(gb|WP_003120370),1,8234,8740,0.9421052631578948
VFG019928(gb|WP_003120370),2,2597,2839,0.9147587178584008
VFG019930(gb|WP_003092013),1,8223,8740,0.9408466819221968
VFG019930(gb|WP_003092013),2,2605,2839,0.9175766114829165
VFG019932(gb|WP_012613761),1,8685,8740,0.9937070938215103
VFG019932(gb|WP_012613761),2,2820,2839,0.9933075026417753
VFG019933(gb|WP_003082283),1,8250,8740,0.9439359267734554
VFG019933(gb|WP_003082283),2,2680,2839,0.943994364212751
VFG019934(gb|WP_003119559),1,8182,8740,0.9361556064073226
VFG019934(gb|WP_003119559),2,2542,2839,0.8953856991898556
VFG019935(gb|WP_003111059),1,8175,8740,0.9353546910755148
VFG019935(gb|WP_003111059),2,2516,2839,0.8862275449101796
VFG019939(gb|WP_012613418),1,8251,8740,0.9440503432494279
VFG019939(gb|WP_012613418),2,2603,2839,0.9168721380767876
VFG019941(gb|WP_003102426),1,8736,8740,0.9995423340961098
VFG019941(gb|WP_003102426),2,2838,2839,0.9996477632969355
VFG019942(gb|WP_012724914),1,64,8740,0.007322654462242563
VFG019942(gb|WP_012724914),2,10,2839,0.003522367030644593
VFG019943(gb|WP_003090351),1,8243,8740,0.9431350114416476
VFG019943(gb|WP_003090351),2,2591,2839,0.9126452976400141
VFG019945(gb|WP_003103203),1,8704,8740,0.9958810068649886
VFG019945(gb|WP_003103203),2,2838,2839,0.9996477632969355
VFG019946(gb|WP_003103206),1,8218,8740,0.94027459954233406
VFG019946(gb|WP_003103206),2,2601,2839,0.9161676646706587
VFG019947(gb|WP_003087672),1,8044,8740,0.9203661327231121
VFG019947(gb|WP_003087672),2,2562,2839,0.9024304332511448
VFG019948(gb|WP_012614298),1,8208,8740,0.9391304347826087
VFG019948(gb|WP_012614298),2,2595,2839,0.9140542444522719
VFG019949(gb|WP_012614297),1,8249,8740,0.9438215102974828
VFG019949(gb|WP_012614297),2,2608,2839,0.9186333215921099
VFG019950(gb|WP_003109497),1,8173,8740,0.9351258581235697
VFG019950(gb|WP_003109497),2,2591,2839,0.9126452976400141
VFG019951(gb|WP_012614296),1,8698,8740,0.9951945080091533
VFG019951(gb|WP_012614296),2,2839,2839,1
VFG019952(gb|WP_003087692),1,8221,8740,0.9406178489702517
VFG019952(gb|WP_003087692),2,2604,2839,0.9172243747798521
VFG019954(gb|WP_003087694),1,8162,8740,0.9338672768878719
VFG019954(gb|WP_003087694),2,2583,2839,0.9098274040154984
VFG019956(gb|WP_003087695),1,8134,8740,0.9306636155606407
VFG019956(gb|WP_003087695),2,2578,2839,0.9080662205001762
VFG019957(gb|WP_003087696),1,8696,8740,0.9949656750572082
VFG019957(gb|WP_003087696),2,2839,2839,1
VFG019961(gb|WP_004342870),1,8695,8740,0.9948512585812357
VFG019961(gb|WP_004342870),2,2839,2839,1
VFG019962(gb|WP_003113550),1,8213,8740,0.9397025171624714
VFG019962(gb|WP_003113550),2,2600,2839,0.9158154279675942
VFG019963(gb|WP_003100769),1,8160,8740,0.9336384439359268
VFG019963(gb|WP_003100769),2,2586,2839,0.9108841141246918
VFG019964(gb|WP_003100765),1,8156,8740,0.9331807780320366
VFG019964(gb|WP_003100765),2,2584,2839,0.9101796407185628
VFG019965(gb|WP_003120334),1,8200,8740,0.9382151029748284
VFG019965(gb|WP_003120334),2,2600,2839,0.9158154279675942
VFG019966(gb|WP_003100755),1,8199,8740,0.9381006864988558
VFG019966(gb|WP_003100755),2,2600,2839,0.9158154279675942
VFG019967(gb|WP_003120332),1,8156,8740,0.9331807780320366
VFG019967(gb|WP_003120332),2,2585,2839,0.9105318774216273
VFG019968(gb|WP_012614295),1,8682,8740,0.9933638443935927
VFG019968(gb|WP_012614295),2,2839,2839,1
VFG019969(gb|WP_012614294),1,8683,8740,0.9934782608695653
VFG019969(gb|WP_012614294),2,2839,2839,1
VFG019970(gb|WP_003100751),1,7978,8740,0.9128146453089245
VFG019970(gb|WP_003100751),2,2549,2839,0.8978513561113068
VFG019973(gb|WP_003122856),1,8164,8740,0.934096109839817
VFG019973(gb|WP_003122856),2,2587,2839,0.9112363508277562
VFG019975(gb|WP_004342903),1,8197,8740,0.9378718535469107
VFG019975(gb|WP_004342903),2,2598,2839,0.9151109545614653
VFG019976(gb|WP_003087734),1,8188,8740,0.9368421052631579
VFG019976(gb|WP_003087734),2,2594,2839,0.9137020077492075
VFG019978(gb|WP_003113791),1,8561,8740,0.9795194508009153
VFG019978(gb|WP_003113791),2,74,2839,0.02606551602676999
VFG019979(gb|WP_012613430),1,8692,8740,0.994508009153318
VFG019979(gb|WP_012613430),2,2838,2839,0.9996477632969355
VFG019980(gb|WP_003115517),1,8456,8740,0.9675057208237986
VFG019980(gb|WP_003115517),2,2421,2839,0.852765058119056
VFG019981(gb|WP_003106615),1,8705,8740,0.9959954233409611
VFG019981(gb|WP_003106615),2,2838,2839,0.9996477632969355
VFG019983(gb|WP_003083634),1,8703,8740,0.995766590389016
VFG019983(gb|WP_003083634),2,2838,2839,0.9996477632969355
VFG019985(gb|WP_003114657),1,8222,8740,0.9407322654462242
VFG019985(gb|WP_003114657),2,2599,2839,0.9154631912645298
VFG019987(gb|WP_004351957),1,8710,8740,0.9965675057208238
VFG019987(gb|WP_004351957),2,2838,2839,0.9996477632969355
VFG019989(gb|WP_012613435),1,8229,8740,0.941533180778032
VFG019989(gb|WP_012613435),2,2599,2839,0.9154631912645298
VFG019991(gb|WP_003106966),1,8228,8740,0.9414187643020595
VFG019991(gb|WP_003106966),2,2598,2839,0.9151109545614653
VFG019993(gb|WP_024082388),1,8712,8740,0.9967963386727688
VFG019993(gb|WP_024082388),2,2838,2839,0.9996477632969355
VFG019995(gb|WP_012613437),1,8712,8740,0.9967963386727688
VFG019995(gb|WP_012613437),2,2838,2839,0.9996477632969355
VFG019997(gb|WP_003115052),1,8708,8740,0.9963386727688787
VFG019997(gb|WP_003115052),2,2838,2839,0.9996477632969355
VFG020001(gb|WP_012613438),1,8395,8740,0.9605263157894737
VFG020001(gb|WP_012613438),2,2664,2839,0.9383585769637196
VFG020003(gb|WP_003104975),1,8690,8740,0.994279176201373
VFG020003(gb|WP_003104975),2,2831,2839,0.9971821063754843
VFG020005(gb|WP_003083666),1,8212,8740,0.9395881006864989
VFG020005(gb|WP_003083666),2,2590,2839,0.9122930609369496
VFG020007(gb|WP_003104973),1,8712,8740,0.9967963386727688
VFG020007(gb|WP_003104973),2,2838,2839,0.9996477632969355
VFG020011(gb|WP_003119488),1,8236,8740,0.9423340961098399
VFG020011(gb|WP_003119488),2,2602,2839,0.9165199013737232
VFG020014(gb|WP_003083676),1,8728,8740,0.9986270022883296
VFG020014(gb|WP_003083676),2,2837,2839,0.9992955265938711
VFG020016(gb|WP_003104969),1,8728,8740,0.9986270022883296
VFG020016(gb|WP_003104969),2,2836,2839,0.9989432898908066
VFG020018(gb|WP_012613439),1,8728,8740,0.9986270022883296
VFG020018(gb|WP_012613439),2,2837,2839,0.9992955265938711
VFG020019(gb|WP_015886561),1,1,8740,1.1441647597254005e-4
VFG020020(gb|WP_003142374),1,8692,8740,0.994508009153318
VFG020020(gb|WP_003142374),2,2820,2839,0.9933075026417753
VFG020022(gb|WP_012613549),1,8230,8740,0.9416475972540046
VFG020022(gb|WP_012613549),2,2596,2839,0.9144064811553364
VFG020023(gb|WP_003123955),1,7617,8740,0.8715102974828375
VFG020023(gb|WP_003123955),2,2445,2839,0.861218738992603
VFG020024(gb|WP_003093621),1,8065,8740,0.9227688787185355
VFG020024(gb|WP_003093621),2,2792,2839,0.9834448749559704
VFG020025(gb|WP_012613548),1,7679,8740,0.8786041189931351
VFG020025(gb|WP_012613548),2,2430,2839,0.8559351884466362
VFG020026(gb|WP_012613547),1,8675,8740,0.9925629290617849
VFG020026(gb|WP_012613547),2,2811,2839,0.9901373723141952
VFG020027(gb|WP_003117652),1,7667,8740,0.8772311212814645
VFG020027(gb|WP_003117652),2,2453,2839,0.8640366326171187
VFG020028(gb|WP_003112073),1,7410,8740,0.8478260869565217
VFG020028(gb|WP_003112073),2,2308,2839,0.8129623106727721
VFG020029(gb|WP_012614267),1,8234,8740,0.9421052631578948
VFG020029(gb|WP_012614267),2,2597,2839,0.9147587178584008
VFG020036(gb|WP_003093617),1,8682,8740,0.9933638443935927
VFG020036(gb|WP_003093617),2,2824,2839,0.9947164494540331
VFG020037(gb|WP_003093633),1,8718,8740,0.9974828375286041
VFG020037(gb|WP_003093633),2,2833,2839,0.9978865797816132
VFG020038(gb|WP_012613433),1,8652,8740,0.9899313501144165
VFG020038(gb|WP_012613433),2,2838,2839,0.9996477632969355
VFG020039(gb|WP_003120216),1,8735,8740,0.9994279176201373
VFG020039(gb|WP_003120216),2,2836,2839,0.9989432898908066
VFG020040(gb|WP_003113835),1,8739,8740,0.9998855835240275
VFG020040(gb|WP_003113835),2,2836,2839,0.9989432898908066
VFG020041(gb|WP_003159842),1,8729,8740,0.9987414187643021
VFG020041(gb|WP_003159842),2,2837,2839,0.9992955265938711
VFG020043(gb|WP_003101348),1,8712,8740,0.9967963386727688
VFG020043(gb|WP_003101348),2,2836,2839,0.9989432898908066
VFG020044(gb|WP_012614438),1,8739,8740,0.9998855835240275
VFG020044(gb|WP_012614438),2,2839,2839,1
VFG020045(gb|WP_012613840),1,8740,8740,1
VFG020045(gb|WP_012613840),2,2839,2839,1
VFG020046(gb|WP_012613422),1,8333,8740,0.9534324942791762
VFG020046(gb|WP_012613422),2,2616,2839,0.9214512152166255
VFG020047(gb|WP_012614391),1,8588,8740,0.9826086956521739
VFG020047(gb|WP_012614391),2,2766,2839,0.9742867206762945
VFG020049(gb|WP_003113685),1,8555,8740,0.9788329519450801
VFG020049(gb|WP_003113685),2,2777,2839,0.9781613244100035
VFG020051(gb|WP_003103624),1,8664,8740,0.991304347826087
VFG020051(gb|WP_003103624),2,2821,2839,0.9936597393448398
VFG020053(gb|WP_003103622),1,5375,8740,0.6149885583524027
VFG020053(gb|WP_003103622),2,1237,2839,0.4357168016907362
VFG020055(gb|WP_024082546),1,2277,8740,0.26052631578947366
VFG020055(gb|WP_024082546),2,151,2839,0.05318774216273336
VFG020057(gb|WP_012614138),1,2275,8740,0.2602974828375286
VFG020057(gb|WP_012614138),2,143,2839,0.05036984853821768
VFG020059(gb|WP_012614137),1,2381,8740,0.27242562929061787
VFG020059(gb|WP_012614137),2,146,2839,0.05142655864741106
VFG020061(gb|WP_012614136),1,8182,8740,0.9361556064073226
VFG020061(gb|WP_012614136),2,2586,2839,0.9108841141246918
VFG020063(gb|WP_012614135),1,2131,8740,0.24382151029748284
VFG020063(gb|WP_012614135),2,137,2839,0.04825642831983093
VFG020065(gb|WP_012614134),1,2277,8740,0.26052631578947366
VFG020065(gb|WP_012614134),2,145,2839,0.0510743219443466
VFG020069(gb|WP_148235954),1,2285,8740,0.261441647597254
VFG020069(gb|WP_148235954),2,147,2839,0.05177879535047552
VFG020070(gb|WP_012614131),1,2207,8740,0.2525171624713959
VFG020070(gb|WP_012614131),2,138,2839,0.04860866502289538
VFG020071(gb|WP_012723748),1,8185,8740,0.9364988558352403
VFG020071(gb|WP_012723748),2,2578,2839,0.9080662205001762
VFG020072(gb|WP_012614127),1,8673,8740,0.9923340961098398
VFG020072(gb|WP_012614127),2,2820,2839,0.9933075026417753
VFG020073(gb|WP_043205221),1,715,8740,0.08180778032036613
VFG020073(gb|WP_043205221),2,1427,2839,0.5026417752729835
VFG020074(gb|WP_012614121),1,8739,8740,0.9998855835240275
VFG020074(gb|WP_012614121),2,2839,2839,1
VFG020076(gb|WP_003116905),1,8198,8740,0.9379862700228833
VFG020076(gb|WP_003116905),2,2583,2839,0.9098274040154984
VFG020077(gb|WP_015885148),1,8116,8740,0.928604118993135
VFG020077(gb|WP_015885148),2,2581,2839,0.9091229306093696
VFG020079(gb|WP_015885149),1,2,8740,2.288329519450801e-4
VFG020080(gb|WP_012614120),1,4904,8740,0.5610983981693364
VFG020080(gb|WP_012614120),2,1135,2839,0.3997886579781613
VFG020082(gb|WP_025208403),1,2274,8740,0.2601830663615561
VFG020082(gb|WP_025208403),2,144,2839,0.05072208524128214
VFG020086(gb|WP_012613545),1,8722,8740,0.9979405034324943
VFG020086(gb|WP_012613545),2,2836,2839,0.9989432898908066
VFG020087(gb|WP_012613544),1,8713,8740,0.9969107551487414
VFG020087(gb|WP_012613544),2,2833,2839,0.9978865797816132
VFG020088(gb|WP_003115080),1,8702,8740,0.9956521739130435
VFG020088(gb|WP_003115080),2,2814,2839,0.9911940824233885
VFG020089(gb|WP_012613543),1,8738,8740,0.9997711670480549
VFG020089(gb|WP_012613543),2,2832,2839,0.9975343430785488
VFG020090(gb|WP_012613542),1,8740,8740,1
VFG020090(gb|WP_012613542),2,2837,2839,0.9992955265938711
VFG020091(gb|WP_003106955),1,8269,8740,0.9461098398169336
VFG020091(gb|WP_003106955),2,2605,2839,0.9175766114829165
VFG020092(gb|WP_003118945),1,8740,8740,1
VFG020092(gb|WP_003118945),2,2839,2839,1
VFG020093(gb|WP_003106952),1,8248,8740,0.9437070938215103
VFG020093(gb|WP_003106952),2,2601,2839,0.9161676646706587
VFG020094(gb|WP_003106950),1,8207,8740,0.9390160183066362
VFG020094(gb|WP_003106950),2,2578,2839,0.9080662205001762
VFG020095(gb|WP_012613541),1,8737,8740,0.9996567505720824
VFG020095(gb|WP_012613541),2,2837,2839,0.9992955265938711
VFG020096(gb|WP_003118950),1,8724,8740,0.9981693363844394
VFG020096(gb|WP_003118950),2,2836,2839,0.9989432898908066
VFG020161(gb|WP_000942800),2,1,2839,3.522367030644593e-4
VFG020167(gb|WP_000750143),1,1,8740,1.1441647597254005e-4
VFG020171(gb|WP_000026762),1,1,8740,1.1441647597254005e-4
VFG020172(gb|WP_012421470),1,2,8740,2.288329519450801e-4
VFG020317(gb|WP_012614130),1,2313,8740,0.2646453089244851
VFG020317(gb|WP_012614130),2,169,2839,0.059528002817893624
VFG020422(gb|WP_001120085),1,1,8740,1.1441647597254005e-4
VFG020423(gb|WP_001120077),1,1,8740,1.1441647597254005e-4
VFG020427(gb|WP_001120085),1,1,8740,1.1441647597254005e-4
VFG020428(gb|WP_001120090),1,1,8740,1.1441647597254005e-4
VFG020610(gb|WP_000258808),1,1,8740,1.1441647597254005e-4
VFG020611(gb|WP_000258824),1,1,8740,1.1441647597254005e-4
VFG020612(gb|WP_000258819),1,1,8740,1.1441647597254005e-4
VFG020614(gb|WP_000258805),1,1,8740,1.1441647597254005e-4
VFG020615(gb|WP_000258819),1,1,8740,1.1441647597254005e-4
VFG020617(gb|WP_000258807),1,1,8740,1.1441647597254005e-4
VFG020627(gb|WP_000245785),1,1,8740,1.1441647597254005e-4
VFG020628(gb|WP_000245788),1,1,8740,1.1441647597254005e-4
VFG020629(gb|WP_000245782),1,1,8740,1.1441647597254005e-4
VFG020630(gb|WP_000245788),1,1,8740,1.1441647597254005e-4
VFG020632(gb|WP_000245787),1,1,8740,1.1441647597254005e-4
VFG020633(gb|WP_000245788),1,1,8740,1.1441647597254005e-4
VFG020634(gb|WP_000245782),1,1,8740,1.1441647597254005e-4
VFG020635(gb|WP_000245782),1,1,8740,1.1441647597254005e-4
VFG020647(gb|WP_001166961),1,1,8740,1.1441647597254005e-4
VFG020648(gb|WP_001166952),1,1,8740,1.1441647597254005e-4
VFG020649(gb|WP_001166949),1,1,8740,1.1441647597254005e-4
VFG020650(gb|WP_001166951),1,1,8740,1.1441647597254005e-4
VFG020651(gb|WP_001166950),1,1,8740,1.1441647597254005e-4
VFG020652(gb|WP_001166962),1,1,8740,1.1441647597254005e-4
VFG020653(gb|WP_001166958),1,1,8740,1.1441647597254005e-4
VFG021052(gb|WP_000131297),1,1,8740,1.1441647597254005e-4
VFG021053(gb|WP_000131302),1,1,8740,1.1441647597254005e-4
VFG021054(gb|WP_000131291),1,1,8740,1.1441647597254005e-4
VFG021055(gb|WP_000131287),1,1,8740,1.1441647597254005e-4
VFG021056(gb|WP_000131277),1,1,8740,1.1441647597254005e-4
VFG021057(gb|WP_000131284),1,1,8740,1.1441647597254005e-4
VFG021058(gb|WP_000131298),1,1,8740,1.1441647597254005e-4
VFG021059(gb|WP_000131296),1,1,8740,1.1441647597254005e-4
VFG021120,1,1,8740,1.1441647597254005e-4
VFG021121(gb|WP_000375804),1,1,8740,1.1441647597254005e-4
VFG021122,1,1,8740,1.1441647597254005e-4
VFG021123,1,1,8740,1.1441647597254005e-4
VFG021124,1,1,8740,1.1441647597254005e-4
VFG021125(gb|WP_000375785),1,1,8740,1.1441647597254005e-4
VFG021126(gb|WP_000375782),1,1,8740,1.1441647597254005e-4
VFG021335(gb|WP_000792956),1,1,8740,1.1441647597254005e-4
VFG021336(gb|WP_000792960),1,1,8740,1.1441647597254005e-4
VFG021337(gb|WP_000792957),1,1,8740,1.1441647597254005e-4
VFG021339(gb|WP_000792958),1,1,8740,1.1441647597254005e-4
VFG021341(gb|WP_000792957),1,1,8740,1.1441647597254005e-4
VFG021342(gb|WP_000914256),1,1,8740,1.1441647597254005e-4
VFG021344(gb|WP_000914254),1,1,8740,1.1441647597254005e-4
VFG021346(gb|WP_000914254),1,1,8740,1.1441647597254005e-4
VFG021348(gb|WP_000914255),1,1,8740,1.1441647597254005e-4
VFG021349(gb|WP_000220309),1,1,8740,1.1441647597254005e-4
VFG021350(gb|WP_000220316),1,1,8740,1.1441647597254005e-4
VFG021351,1,1,8740,1.1441647597254005e-4
VFG021352(gb|WP_000220313),1,1,8740,1.1441647597254005e-4
VFG021353,1,1,8740,1.1441647597254005e-4
VFG021355(gb|WP_000220311),1,1,8740,1.1441647597254005e-4
VFG021516(gb|WP_000981787),1,1,8740,1.1441647597254005e-4
VFG021517(gb|WP_000981798),1,1,8740,1.1441647597254005e-4
VFG021518(gb|WP_000981797),1,1,8740,1.1441647597254005e-4
VFG021519(gb|WP_000981799),1,1,8740,1.1441647597254005e-4
VFG021520(gb|WP_000981789),1,1,8740,1.1441647597254005e-4
VFG021521(gb|WP_000981807),1,1,8740,1.1441647597254005e-4
VFG021620(gb|WP_001160718),1,1,8740,1.1441647597254005e-4
VFG021621(gb|WP_001160699),1,1,8740,1.1441647597254005e-4
VFG021622(gb|WP_001160704),1,1,8740,1.1441647597254005e-4
VFG021623(gb|WP_001160707),1,1,8740,1.1441647597254005e-4
VFG021624(gb|WP_001160707),1,1,8740,1.1441647597254005e-4
VFG021625(gb|WP_001160707),1,1,8740,1.1441647597254005e-4
VFG021626(gb|WP_001160700),1,1,8740,1.1441647597254005e-4
VFG021632,1,1,8740,1.1441647597254005e-4
VFG021743(gb|WP_000007887),1,1,8740,1.1441647597254005e-4
VFG021820(gb|WP_003893504),1,8052,8740,0.9212814645308924
VFG021820(gb|WP_003893504),2,2407,2839,0.8478337442761535
VFG021860(gb|WP_011726611),1,1,8740,1.1441647597254005e-4
VFG022385(gb|WP_041319509),1,432,8740,0.0494279176201373
VFG022385(gb|WP_041319509),2,74,2839,0.02606551602676999
VFG022392(gb|WP_013829148),1,539,8740,0.06167048054919908
VFG022415(gb|WP_014001494),1,1,8740,1.1441647597254005e-4
VFG022563(gb|WP_041180119),2,1,2839,3.522367030644593e-4
VFG022919(gb|YP_001701702),1,1003,8740,0.11475972540045766
VFG022919(gb|YP_001701702),2,606,2839,0.21345544205706235
VFG022934(gb|WP_020726450),1,1,8740,1.1441647597254005e-4
VFG022941(gb|WP_013827874),1,8128,8740,0.9299771167048055
VFG022941(gb|WP_013827874),2,2543,2839,0.8957379358929201
VFG023254(gb|WP_013826991),1,85,8740,0.009725400457665904
VFG023254(gb|WP_013826991),2,1,2839,3.522367030644593e-4
VFG023837(gb|WP_011894256),1,2,8740,2.288329519450801e-4
VFG023843(gb|WP_013471682),1,1,8740,1.1441647597254005e-4
VFG024002(gb|WP_008255566),1,4,8740,4.576659038901602e-4
VFG024003(gb|WP_008255566),1,4,8740,4.576659038901602e-4
VFG024004(gb|WP_014382296),1,4,8740,4.576659038901602e-4
VFG024006(gb|WP_014379795),1,2,8740,2.288329519450801e-4
VFG024169(gb|WP_099961986),1,8003,8740,0.9156750572082379
VFG024169(gb|WP_099961986),2,2527,2839,0.8901021486438887
VFG024170(gb|WP_014381773),1,105,8740,0.012013729977116704
VFG024170(gb|WP_014381773),2,1,2839,3.522367030644593e-4
VFG024171(gb|WP_014710887),1,105,8740,0.012013729977116704
VFG024171(gb|WP_014710887),2,1,2839,3.522367030644593e-4
VFG024439(gb|WP_170320649),1,22,8740,0.002517162471395881
VFG024439(gb|WP_170320649),2,4,2839,0.0014089468122578373
VFG024441(gb|WP_170320649),1,22,8740,0.002517162471395881
VFG024441(gb|WP_170320649),2,4,2839,0.0014089468122578373
VFG025785(gb|WP_006477362),2,1,2839,3.522367030644593e-4
VFG025788(gb|WP_006477362),2,1,2839,3.522367030644593e-4
VFG025863(gb|WP_011546711),1,53,8740,0.006064073226544622
VFG025863(gb|WP_011546711),2,203,2839,0.07150405072208524
VFG025865(gb|WP_006493442),1,55,8740,0.006292906178489702
VFG025865(gb|WP_006493442),2,203,2839,0.07150405072208524
VFG025866(gb|WP_012327704),1,53,8740,0.006064073226544622
VFG025866(gb|WP_012327704),2,203,2839,0.07150405072208524
VFG025876(gb|WP_011546712),1,250,8740,0.028604118993135013
VFG025876(gb|WP_011546712),2,347,2839,0.12222613596336739
VFG025878(gb|WP_012492267),1,250,8740,0.028604118993135013
VFG025878(gb|WP_012492267),2,347,2839,0.12222613596336739
VFG025879(gb|WP_012327703),1,250,8740,0.028604118993135013
VFG025879(gb|WP_012327703),2,347,2839,0.12222613596336739
VFG025902(gb|WP_011546713),1,7937,8740,0.9081235697940503
VFG025902(gb|WP_011546713),2,2581,2839,0.9091229306093696
VFG025905(gb|WP_012327701),1,7939,8740,0.9083524027459954
VFG025905(gb|WP_012327701),2,2581,2839,0.9091229306093696
VFG026573(gb|WP_020822197),1,3,8740,3.4324942791762013e-4
VFG027131(gb|WP_015309447),1,1,8740,1.1441647597254005e-4
VFG027154(gb|WP_020821555),1,105,8740,0.012013729977116704
VFG027154(gb|WP_020821555),2,1,2839,3.522367030644593e-4
VFG027157(gb|WP_005092754),1,1003,8740,0.11475972540045766
VFG027157(gb|WP_005092754),2,606,2839,0.21345544205706235
VFG027210(gb|WP_020726450),1,1,8740,1.1441647597254005e-4
VFG028200(gb|WP_015303218),1,10,8740,0.0011441647597254005
VFG028520(gb|YP_007963809),1,1,8740,1.1441647597254005e-4
VFG029266(gb|YP_007962812),1,3,8740,3.4324942791762013e-4
VFG029687,1,1400,8740,0.16018306636155608
VFG029687,2,456,2839,0.16061993659739346
VFG029696(gb|WP_014942395),1,2296,8740,0.26270022883295197
VFG029696(gb|WP_014942395),2,883,2839,0.3110250088059176
VFG029697(gb|WP_014711950),1,1515,8740,0.17334096109839817
VFG029697(gb|WP_014711950),2,455,2839,0.16026769989432899
VFG029698(gb|WP_014382789),1,2051,8740,0.23466819221967963
VFG029698(gb|WP_014382789),2,882,2839,0.3106727721028531
VFG029699(gb|WP_014385156),1,2296,8740,0.26270022883295197
VFG029699(gb|WP_014385156),2,883,2839,0.3110250088059176
VFG029700(gb|WP_014380392),1,2296,8740,0.26270022883295197
VFG029700(gb|WP_014380392),2,883,2839,0.3110250088059176
VFG029750(gb|WP_011857547),2,5,2839,0.0017611835153222965
VFG029751(gb|WP_011562667),2,5,2839,0.0017611835153222965
VFG029827(gb|WP_011777591),1,1,8740,1.1441647597254005e-4
VFG030408(gb|WP_015355418),2,9,2839,0.0031701303275801338
VFG030675(gb|WP_003875535),1,8,8740,9.153318077803204e-4
VFG030676(gb|WP_011724098),1,724,8740,0.082837528604119
VFG030676(gb|WP_011724098),2,5,2839,0.0017611835153222965
VFG030678(gb|WP_011894706),1,1,8740,1.1441647597254005e-4
VFG030694(gb|WP_013471930),1,1,8740,1.1441647597254005e-4
VFG031348(gb|NP_217787),1,130,8740,0.014874141876430207
VFG031348(gb|NP_217787),2,150,2839,0.0528355054596689
VFG031371(gb|WP_015288494),1,130,8740,0.014874141876430207
VFG031371(gb|WP_015288494),2,150,2839,0.0528355054596689
VFG031372(gb|WP_015303793),1,130,8740,0.014874141876430207
VFG031372(gb|WP_015303793),2,150,2839,0.0528355054596689
VFG031373(gb|WP_015291324),1,329,8740,0.03764302059496567
VFG031373(gb|WP_015291324),2,610,2839,0.2148643888693202
VFG031374(gb|WP_015294300),1,329,8740,0.03764302059496567
VFG031374(gb|WP_015294300),2,610,2839,0.2148643888693202
VFG031387(gb|WP_015695583),1,130,8740,0.014874141876430207
VFG031387(gb|WP_015695583),2,150,2839,0.0528355054596689
VFG033146(gb|WP_001521270),1,2,8740,2.288329519450801e-4
VFG033146(gb|WP_001521270),2,4,2839,0.0014089468122578373
VFG033183(gb|WP_000044708),1,1,8740,1.1441647597254005e-4
VFG033184(gb|WP_000044700),1,1,8740,1.1441647597254005e-4
VFG033189(gb|WP_000044711),1,1,8740,1.1441647597254005e-4
VFG033190(gb|WP_000044711),1,1,8740,1.1441647597254005e-4
VFG033191(gb|WP_000044711),1,1,8740,1.1441647597254005e-4
VFG033192(gb|WP_000044711),1,1,8740,1.1441647597254005e-4
VFG033194(gb|WP_000044711),1,1,8740,1.1441647597254005e-4
VFG033196(gb|WP_000044700),1,1,8740,1.1441647597254005e-4
VFG033197(gb|WP_000044711),1,1,8740,1.1441647597254005e-4
VFG033200(gb|WP_000044711),1,1,8740,1.1441647597254005e-4
VFG033271(gb|WP_000120907),1,1,8740,1.1441647597254005e-4
VFG033271(gb|WP_000120907),2,1,2839,3.522367030644593e-4
VFG033272(gb|WP_000120976),1,1,8740,1.1441647597254005e-4
VFG033272(gb|WP_000120976),2,1,2839,3.522367030644593e-4
VFG033273(gb|WP_000120973),1,1,8740,1.1441647597254005e-4
VFG033273(gb|WP_000120973),2,1,2839,3.522367030644593e-4
VFG033277(gb|WP_000120957),1,1,8740,1.1441647597254005e-4
VFG033277(gb|WP_000120957),2,1,2839,3.522367030644593e-4
VFG033278,1,1,8740,1.1441647597254005e-4
VFG033278,2,1,2839,3.522367030644593e-4
VFG033279(gb|WP_000120930),1,1,8740,1.1441647597254005e-4
VFG033279(gb|WP_000120930),2,1,2839,3.522367030644593e-4
VFG033285(gb|WP_000120940),1,1,8740,1.1441647597254005e-4
VFG033285(gb|WP_000120940),2,1,2839,3.522367030644593e-4
VFG033286,1,1,8740,1.1441647597254005e-4
VFG033286,2,1,2839,3.522367030644593e-4
VFG033288(gb|WP_000120918),1,1,8740,1.1441647597254005e-4
VFG033288(gb|WP_000120918),2,1,2839,3.522367030644593e-4
VFG033289(gb|WP_000121002),1,1,8740,1.1441647597254005e-4
VFG033289(gb|WP_000121002),2,1,2839,3.522367030644593e-4
VFG033290(gb|WP_000120922),1,1,8740,1.1441647597254005e-4
VFG033290(gb|WP_000120922),2,1,2839,3.522367030644593e-4
VFG033291(gb|WP_000120948),1,1,8740,1.1441647597254005e-4
VFG033291(gb|WP_000120948),2,1,2839,3.522367030644593e-4
VFG033294(gb|WP_000120942),1,1,8740,1.1441647597254005e-4
VFG033294(gb|WP_000120942),2,1,2839,3.522367030644593e-4
VFG033296(gb|WP_000120952),1,1,8740,1.1441647597254005e-4
VFG033296(gb|WP_000120952),2,1,2839,3.522367030644593e-4
VFG033839(gb|WP_000820379),1,1,8740,1.1441647597254005e-4
VFG033842(gb|WP_000820381),1,1,8740,1.1441647597254005e-4
VFG033845(gb|WP_015675060),1,1,8740,1.1441647597254005e-4
VFG033846(gb|WP_000820391),1,1,8740,1.1441647597254005e-4
VFG033944(gb|WP_000973519),2,1,2839,3.522367030644593e-4
VFG033945(gb|WP_000973516),2,1,2839,3.522367030644593e-4
VFG033947(gb|WP_000973516),2,1,2839,3.522367030644593e-4
VFG033951(gb|WP_000973511),2,1,2839,3.522367030644593e-4
VFG033952(gb|WP_000750137),1,1,8740,1.1441647597254005e-4
VFG033954(gb|WP_000750143),1,1,8740,1.1441647597254005e-4
VFG033958(gb|WP_000750130),1,1,8740,1.1441647597254005e-4
VFG034041(gb|WP_000654453),1,1,8740,1.1441647597254005e-4
VFG034045(gb|WP_001304269),1,1,8740,1.1441647597254005e-4
VFG034046(gb|WP_001304269),1,1,8740,1.1441647597254005e-4
VFG034047(gb|WP_001304269),1,1,8740,1.1441647597254005e-4
VFG034048(gb|WP_024256148),1,1,8740,1.1441647597254005e-4
VFG034049(gb|WP_000654452),1,1,8740,1.1441647597254005e-4
VFG034050(gb|WP_001446633),1,1,8740,1.1441647597254005e-4
VFG034051(gb|WP_014639938),1,1,8740,1.1441647597254005e-4
VFG034054(gb|WP_001304269),1,1,8740,1.1441647597254005e-4
VFG034056(gb|WP_001608389),1,1,8740,1.1441647597254005e-4
VFG034092(gb|WP_000623021),1,1,8740,1.1441647597254005e-4
VFG034095(gb|WP_000623054),1,1,8740,1.1441647597254005e-4
VFG034096(gb|WP_000623033),1,1,8740,1.1441647597254005e-4
VFG034097(gb|WP_000623050),1,1,8740,1.1441647597254005e-4
VFG034098(gb|WP_000623046),1,1,8740,1.1441647597254005e-4
VFG034099(gb|WP_000623032),1,1,8740,1.1441647597254005e-4
VFG034100(gb|WP_000623045),1,1,8740,1.1441647597254005e-4
VFG034101(gb|WP_000623067),1,1,8740,1.1441647597254005e-4
VFG034102(gb|WP_000623034),1,1,8740,1.1441647597254005e-4
VFG034105(gb|WP_000623050),1,1,8740,1.1441647597254005e-4
VFG034106(gb|WP_021565660),1,1,8740,1.1441647597254005e-4
VFG034107(gb|WP_000623036),1,1,8740,1.1441647597254005e-4
VFG034108(gb|WP_000623037),1,1,8740,1.1441647597254005e-4
VFG034177(gb|WP_000784557),1,2,8740,2.288329519450801e-4
VFG034181(gb|WP_000784546),1,2,8740,2.288329519450801e-4
VFG034182(gb|WP_000784550),1,2,8740,2.288329519450801e-4
VFG034183(gb|WP_001304267),1,2,8740,2.288329519450801e-4
VFG034185(gb|WP_000784549),1,2,8740,2.288329519450801e-4
VFG034186(gb|WP_000784549),1,2,8740,2.288329519450801e-4
VFG034187(gb|WP_000784545),1,2,8740,2.288329519450801e-4
VFG034189(gb|WP_000784549),1,2,8740,2.288329519450801e-4
VFG034192(gb|WP_000784549),1,2,8740,2.288329519450801e-4
VFG034264(gb|WP_000089596),1,1,8740,1.1441647597254005e-4
VFG034265(gb|WP_000089590),1,1,8740,1.1441647597254005e-4
VFG034266(gb|WP_000089589),1,1,8740,1.1441647597254005e-4
VFG034271(gb|WP_000089597),1,1,8740,1.1441647597254005e-4
VFG034272(gb|WP_000089583),1,1,8740,1.1441647597254005e-4
VFG034273(gb|WP_000089583),1,1,8740,1.1441647597254005e-4
VFG034274(gb|WP_000089583),1,1,8740,1.1441647597254005e-4
VFG034275(gb|WP_000089587),1,1,8740,1.1441647597254005e-4
VFG034278(gb|WP_000089585),1,1,8740,1.1441647597254005e-4
VFG034280(gb|WP_000089586),1,1,8740,1.1441647597254005e-4
VFG034402(gb|WP_000730982),1,1,8740,1.1441647597254005e-4
VFG034403(gb|WP_000730972),1,1,8740,1.1441647597254005e-4
VFG034405(gb|WP_000730972),1,1,8740,1.1441647597254005e-4
VFG034408(gb|WP_000730972),1,1,8740,1.1441647597254005e-4
VFG034409(gb|WP_000730968),1,1,8740,1.1441647597254005e-4
VFG034414(gb|WP_000730972),1,1,8740,1.1441647597254005e-4
VFG034417(gb|WP_000730982),1,1,8740,1.1441647597254005e-4
VFG034418(gb|WP_000730980),1,1,8740,1.1441647597254005e-4
VFG034419(gb|WP_000730974),1,1,8740,1.1441647597254005e-4
VFG034422(gb|WP_000730981),1,1,8740,1.1441647597254005e-4
VFG034424,1,1,8740,1.1441647597254005e-4
VFG034436(gb|WP_000716398),1,1,8740,1.1441647597254005e-4
VFG034445(gb|WP_000716404),1,1,8740,1.1441647597254005e-4
VFG034446(gb|WP_000716404),1,1,8740,1.1441647597254005e-4
VFG034447(gb|WP_000716398),1,1,8740,1.1441647597254005e-4
VFG034448(gb|WP_000716397),1,1,8740,1.1441647597254005e-4
VFG034451(gb|WP_014639452),1,1,8740,1.1441647597254005e-4
VFG034453(gb|WP_000716398),1,1,8740,1.1441647597254005e-4
VFG034455(gb|WP_014640100),1,1,8740,1.1441647597254005e-4
VFG034627,2,1,2839,3.522367030644593e-4
VFG034754(gb|WP_000081129),1,1,8740,1.1441647597254005e-4
VFG034755(gb|NP_310454),1,1,8740,1.1441647597254005e-4
VFG034756,1,1,8740,1.1441647597254005e-4
VFG035206(gb|WP_000512742),2,1,2839,3.522367030644593e-4
VFG035833(gb|WP_000103282),2,1,2839,3.522367030644593e-4
VFG035834(gb|NP_310087),2,1,2839,3.522367030644593e-4
VFG035838(gb|WP_000103278),2,1,2839,3.522367030644593e-4
VFG035840(gb|WP_000103276),2,1,2839,3.522367030644593e-4
VFG035850(gb|WP_000103397),2,1,2839,3.522367030644593e-4
VFG036012(gb|WP_000820546),1,1,8740,1.1441647597254005e-4
VFG036017(gb|WP_000820552),1,1,8740,1.1441647597254005e-4
VFG036018(gb|WP_000820483),1,1,8740,1.1441647597254005e-4
VFG036019(gb|WP_000820574),1,1,8740,1.1441647597254005e-4
VFG036022(gb|WP_000820595),1,1,8740,1.1441647597254005e-4
VFG036023(gb|WP_000820449),1,1,8740,1.1441647597254005e-4
VFG036025(gb|WP_000820451),1,1,8740,1.1441647597254005e-4
VFG036026(gb|WP_000820483),1,1,8740,1.1441647597254005e-4
VFG036027(gb|WP_000820566),1,1,8740,1.1441647597254005e-4
VFG036181(gb|WP_015815989),1,3,8740,3.4324942791762013e-4
VFG036202(gb|WP_193363961),1,1,8740,1.1441647597254005e-4
VFG036227(gb|WP_173277174),1,1,8740,1.1441647597254005e-4
VFG036236(gb|WP_187287147),1,1,8740,1.1441647597254005e-4
VFG036238(gb|WP_180302249),1,1,8740,1.1441647597254005e-4
VFG036247(gb|WP_193363952),1,1,8740,1.1441647597254005e-4
VFG036263(gb|WP_180303007),1,1,8740,1.1441647597254005e-4
VFG036264(gb|WP_193363957),1,1,8740,1.1441647597254005e-4
VFG036265,2,5,2839,0.0017611835153222965
VFG036266(gb|WP_193363949),1,1,8740,1.1441647597254005e-4
VFG036268(gb|WP_179099411),1,1,8740,1.1441647597254005e-4
VFG036269(gb|WP_079875848),1,1,8740,1.1441647597254005e-4
VFG036270(gb|WP_118868808),1,1,8740,1.1441647597254005e-4
VFG036991(gb|WP_002246381),1,1,8740,1.1441647597254005e-4
VFG036992(gb|WP_002224969),1,1,8740,1.1441647597254005e-4
VFG036993(gb|WP_010951248),1,1,8740,1.1441647597254005e-4
VFG036994(gb|WP_002220428),1,1,8740,1.1441647597254005e-4
VFG036996(gb|WP_003695678),1,1,8740,1.1441647597254005e-4
VFG036997(gb|WP_014580612),1,1,8740,1.1441647597254005e-4
VFG036998(gb|WP_014573843),1,1,8740,1.1441647597254005e-4
VFG036999(gb|WP_002258682),1,1,8740,1.1441647597254005e-4
VFG037000(gb|WP_014575520),1,1,8740,1.1441647597254005e-4
VFG037001(gb|WP_002216629),1,1,8740,1.1441647597254005e-4
VFG037002(gb|WP_014575520),1,1,8740,1.1441647597254005e-4
VFG037003(gb|WP_002220428),1,1,8740,1.1441647597254005e-4
VFG037005(gb|WP_014582208),1,1,8740,1.1441647597254005e-4
VFG037008(gb|WP_013448560),1,1,8740,1.1441647597254005e-4
VFG037271,1,1,8740,1.1441647597254005e-4
VFG037272(gb|WP_001281555),1,1,8740,1.1441647597254005e-4
VFG037273(gb|WP_001281554),1,1,8740,1.1441647597254005e-4
VFG037274(gb|WP_001281538),1,1,8740,1.1441647597254005e-4
VFG037277(gb|WP_031967279),1,1,8740,1.1441647597254005e-4
VFG037278(gb|WP_139161447),1,1,8740,1.1441647597254005e-4
VFG037280(gb|WP_001281545),1,1,8740,1.1441647597254005e-4
VFG037355(gb|WP_001073031),1,1,8740,1.1441647597254005e-4
VFG037358(gb|WP_001073030),1,1,8740,1.1441647597254005e-4
VFG037440(gb|WP_000910246),2,1,2839,3.522367030644593e-4
VFG037442(gb|WP_000910253),2,1,2839,3.522367030644593e-4
VFG037443(gb|YP_001085412),2,1,2839,3.522367030644593e-4
VFG037448(gb|WP_000910262),2,1,2839,3.522367030644593e-4
VFG037512(gb|WP_079740461),1,1,8740,1.1441647597254005e-4
VFG037513(gb|WP_085947930),1,1,8740,1.1441647597254005e-4
VFG037514(gb|WP_086225839),1,1,8740,1.1441647597254005e-4
VFG037518(gb|YP_005797902),1,1,8740,1.1441647597254005e-4
VFG037520(gb|WP_000837763),1,1,8740,1.1441647597254005e-4
VFG037521(gb|WP_000837764),1,1,8740,1.1441647597254005e-4
VFG037635(gb|WP_193759791),1,1,8740,1.1441647597254005e-4
VFG037636(gb|WP_001187640),1,3,8740,3.4324942791762013e-4
VFG037639(gb|YP_001085711),1,3,8740,3.4324942791762013e-4
VFG037641(gb|WP_078197625),1,1,8740,1.1441647597254005e-4
VFG037642(gb|WP_020753413),1,3,8740,3.4324942791762013e-4
VFG037643(gb|WP_158318336),1,3,8740,3.4324942791762013e-4
VFG037644(gb|WP_031961704),1,1,8740,1.1441647597254005e-4
VFG037647(gb|WP_000913306),1,2,8740,2.288329519450801e-4
VFG037648(gb|WP_000913301),1,2,8740,2.288329519450801e-4
VFG037650,1,2,8740,2.288329519450801e-4
VFG037651(gb|YP_001085191),1,2,8740,2.288329519450801e-4
VFG037654(gb|WP_038346670),1,2,8740,2.288329519450801e-4
VFG037656(gb|WP_000913297),1,2,8740,2.288329519450801e-4
VFG037659(gb|YP_005799438),1,2,8740,2.288329519450801e-4
VFG037790(gb|WP_000064875),1,1,8740,1.1441647597254005e-4
VFG037792(gb|WP_000064875),1,1,8740,1.1441647597254005e-4
VFG037793(gb|YP_001084994),1,1,8740,1.1441647597254005e-4
VFG037796(gb|WP_000064875),1,1,8740,1.1441647597254005e-4
VFG037798(gb|WP_000064877),1,1,8740,1.1441647597254005e-4
VFG037801(gb|WP_000064875),1,1,8740,1.1441647597254005e-4
VFG037850(gb|WP_001075963),1,1,8740,1.1441647597254005e-4
VFG037851(gb|WP_000209932),1,1,8740,1.1441647597254005e-4
VFG037852(gb|WP_001075965),1,1,8740,1.1441647597254005e-4
VFG037852(gb|WP_001075965),2,1,2839,3.522367030644593e-4
VFG037853(gb|YP_001083146),2,1,2839,3.522367030644593e-4
VFG037855(gb|WP_001075978),1,1,8740,1.1441647597254005e-4
VFG037855(gb|WP_001075978),2,1,2839,3.522367030644593e-4
VFG037857(gb|WP_001075969),2,1,2839,3.522367030644593e-4
VFG037858(gb|WP_001075975),1,1,8740,1.1441647597254005e-4
VFG037858(gb|WP_001075975),2,1,2839,3.522367030644593e-4
VFG037859(gb|WP_000209939),1,1,8740,1.1441647597254005e-4
VFG037861(gb|WP_001075971),2,1,2839,3.522367030644593e-4
VFG037943(gb|YP_001083152),1,1,8740,1.1441647597254005e-4
VFG037958(gb|YP_001083153),1,1,8740,1.1441647597254005e-4
VFG037963(gb|WP_001062745),1,1,8740,1.1441647597254005e-4
VFG037988(gb|YP_001083155),1,1,8740,1.1441647597254005e-4
VFG038078(gb|YP_001083161),1,1,8740,1.1441647597254005e-4
VFG038092(gb|YP_001083162),1,2,8740,2.288329519450801e-4
VFG038106(gb|YP_001083163),1,1,8740,1.1441647597254005e-4
VFG038108(gb|WP_000045491),1,1,8740,1.1441647597254005e-4
VFG038121(gb|WP_001062922),1,2,8740,2.288329519450801e-4
VFG038127(gb|WP_000045503),1,1,8740,1.1441647597254005e-4
VFG038132(gb|WP_000045495),1,1,8740,1.1441647597254005e-4
VFG038133(gb|WP_000209956),1,1,8740,1.1441647597254005e-4
VFG038139(gb|WP_001062905),1,2,8740,2.288329519450801e-4
VFG038140(gb|YP_005796987),1,1,8740,1.1441647597254005e-4
VFG038142(gb|WP_000045499),1,1,8740,1.1441647597254005e-4
VFG038144(gb|WP_001062908),1,2,8740,2.288329519450801e-4
VFG038150(gb|WP_000209936),1,1,8740,1.1441647597254005e-4
VFG038151(gb|YP_005796988),1,2,8740,2.288329519450801e-4
VFG038152(gb|WP_001062915),1,2,8740,2.288329519450801e-4
VFG038153(gb|WP_001062906),1,2,8740,2.288329519450801e-4
VFG038155(gb|WP_000209960),1,1,8740,1.1441647597254005e-4
VFG038159(gb|WP_001062904),1,1,8740,1.1441647597254005e-4
VFG038160(gb|YP_005796989),1,1,8740,1.1441647597254005e-4
VFG038162(gb|WP_000209937),1,1,8740,1.1441647597254005e-4
VFG038163(gb|WP_000045509),1,1,8740,1.1441647597254005e-4
VFG038167(gb|WP_000209958),1,1,8740,1.1441647597254005e-4
VFG038168(gb|WP_001062920),1,2,8740,2.288329519450801e-4
VFG038170(gb|WP_000209955),1,1,8740,1.1441647597254005e-4
VFG038174(gb|WP_000777885),1,1,8740,1.1441647597254005e-4
VFG038176(gb|WP_000777882),1,1,8740,1.1441647597254005e-4
VFG038180(gb|WP_000777877),1,1,8740,1.1441647597254005e-4
VFG038182(gb|WP_000777875),1,1,8740,1.1441647597254005e-4
VFG038185(gb|WP_000777881),1,1,8740,1.1441647597254005e-4
VFG038202,1,1,8740,1.1441647597254005e-4
VFG038203(gb|WP_000446790),1,1,8740,1.1441647597254005e-4
VFG038205(gb|WP_000446779),1,1,8740,1.1441647597254005e-4
VFG038206(gb|YP_001083200),1,1,8740,1.1441647597254005e-4
VFG038208(gb|WP_000446790),1,1,8740,1.1441647597254005e-4
VFG038209(gb|WP_020752695),1,1,8740,1.1441647597254005e-4
VFG038211(gb|WP_000446790),1,1,8740,1.1441647597254005e-4
VFG038231(gb|WP_000472465),1,1,8740,1.1441647597254005e-4
VFG038232(gb|WP_001985884),1,1,8740,1.1441647597254005e-4
VFG038235(gb|YP_001083791),1,1,8740,1.1441647597254005e-4
VFG038237(gb|WP_000226704),1,1,8740,1.1441647597254005e-4
VFG038238(gb|WP_000226703),1,1,8740,1.1441647597254005e-4
VFG038240(gb|WP_043960856),1,1,8740,1.1441647597254005e-4
VFG038243(gb|WP_134815986),1,1,8740,1.1441647597254005e-4
VFG038432(gb|WP_016352168),2,6,2839,0.0021134202183867557
VFG038433(gb|WP_005314160),2,6,2839,0.0021134202183867557
VFG038678(gb|WP_011705284),1,1,8740,1.1441647597254005e-4
VFG038679(gb|WP_016350055),1,1,8740,1.1441647597254005e-4
VFG038755(gb|WP_011706626),1,70,8740,0.008009153318077803
VFG038765,1,1,8740,1.1441647597254005e-4
VFG038916(gb|WP_011705263),1,8211,8740,0.9394736842105263
VFG038916(gb|WP_011705263),2,2582,2839,0.9094751673124339
VFG040869(gb|NP_249368),1,8187,8740,0.9367276887871854
VFG040869(gb|NP_249368),2,2584,2839,0.9101796407185628
VFG040870(gb|NP_249369),1,8168,8740,0.9345537757437071
VFG040870(gb|NP_249369),2,2575,2839,0.9070095103909828
VFG040871(gb|NP_249370),1,8152,8740,0.9327231121281464
VFG040871(gb|NP_249370),2,2576,2839,0.9073617470940472
VFG040872(gb|NP_249371),1,8136,8740,0.9308924485125858
VFG040872(gb|NP_249371),2,2572,2839,0.9059528002817894
VFG040873(gb|NP_249372),1,8185,8740,0.9364988558352403
VFG040873(gb|NP_249372),2,2576,2839,0.9073617470940472
VFG040874(gb|NP_249373),1,8216,8740,0.940045766590389
VFG040874(gb|NP_249373),2,2599,2839,0.9154631912645298
VFG040875(gb|NP_249374),1,8659,8740,0.9907322654462243
VFG040875(gb|NP_249374),2,2823,2839,0.9943642127509686
VFG040876(gb|NP_249375),1,8171,8740,0.9348970251716248
VFG040876(gb|NP_249375),2,2583,2839,0.9098274040154984
VFG040877(gb|NP_249376),1,8694,8740,0.9947368421052631
VFG040877(gb|NP_249376),2,2822,2839,0.9940119760479041
VFG040878(gb|NP_249377),1,8690,8740,0.994279176201373
VFG040878(gb|NP_249377),2,2822,2839,0.9940119760479041
VFG040879(gb|NP_249378),1,8690,8740,0.994279176201373
VFG040879(gb|NP_249378),2,2821,2839,0.9936597393448398
VFG040946(gb|WP_000942795),2,1,2839,3.522367030644593e-4
VFG040947(gb|WP_000094974),2,1,2839,3.522367030644593e-4
VFG041010(gb|NP_248760),1,8246,8740,0.9434782608695652
VFG041010(gb|NP_248760),2,2607,2839,0.9182810848890455
VFG041011(gb|NP_248785),1,8681,8740,0.9932494279176202
VFG041011(gb|NP_248785),2,2741,2839,0.965480803099683
VFG041012(gb|NP_250202),1,8650,8740,0.9897025171624714
VFG041012(gb|NP_250202),2,2835,2839,0.9985910531877422
VFG041013(gb|NP_250203),1,7385,8740,0.8449656750572082
VFG041013(gb|NP_250203),2,2455,2839,0.8647411060232476
VFG041014(gb|NP_250347),1,8725,8740,0.9982837528604119
VFG041014(gb|NP_250347),2,2839,2839,1
VFG041015(gb|NP_250348),1,8215,8740,0.9399313501144165
VFG041015(gb|NP_250348),2,2591,2839,0.9126452976400141
VFG041016(gb|NP_250349),1,8722,8740,0.9979405034324943
VFG041016(gb|NP_250349),2,2838,2839,0.9996477632969355
VFG041017(gb|NP_250350),1,8092,8740,0.925858123569794
VFG041017(gb|NP_250350),2,2585,2839,0.9105318774216273
VFG041018(gb|NP_250351),1,8724,8740,0.9981693363844394
VFG041018(gb|NP_250351),2,2839,2839,1
VFG041019(gb|NP_250352),1,8492,8740,0.9716247139588101
VFG041019(gb|NP_250352),2,2693,2839,0.9485734413525889
VFG041020(gb|NP_250353),1,8721,8740,0.9978260869565218
VFG041020(gb|NP_250353),2,2839,2839,1
VFG041021(gb|NP_250354),1,8721,8740,0.9978260869565218
VFG041021(gb|NP_250354),2,2839,2839,1
VFG041022(gb|NP_250355),1,8011,8740,0.9165903890160183
VFG041022(gb|NP_250355),2,2549,2839,0.8978513561113068
VFG041023(gb|NP_250356),1,8725,8740,0.9982837528604119
VFG041023(gb|NP_250356),2,2839,2839,1
VFG041024(gb|NP_250357),1,8216,8740,0.940045766590389
VFG041024(gb|NP_250357),2,2591,2839,0.9126452976400141
VFG041025(gb|NP_250358),1,8725,8740,0.9982837528604119
VFG041025(gb|NP_250358),2,2839,2839,1
VFG041026(gb|NP_250359),1,8241,8740,0.9429061784897025
VFG041026(gb|NP_250359),2,2605,2839,0.9175766114829165
VFG041027(gb|NP_250360),1,8725,8740,0.9982837528604119
VFG041027(gb|NP_250360),2,2839,2839,1
VFG041028(gb|NP_250361),1,8230,8740,0.9416475972540046
VFG041028(gb|NP_250361),2,2596,2839,0.9144064811553364
VFG041029(gb|NP_250362),1,8381,8740,0.9589244851258582
VFG041029(gb|NP_250362),2,2613,2839,0.9203945051074321
VFG041030(gb|NP_250535),1,8218,8740,0.94027459954233406
VFG041030(gb|NP_250535),2,2588,2839,0.9115885875308207
VFG041031(gb|NP_251049),1,8695,8740,0.9948512585812357
VFG041031(gb|NP_251049),2,2801,2839,0.9866150052835505
VFG041032(gb|NP_251050),1,8694,8740,0.9947368421052631
VFG041032(gb|NP_251050),2,2796,2839,0.9848538217682282
VFG041033(gb|NP_251051),1,8698,8740,0.9951945080091533
VFG041033(gb|NP_251051),2,2805,2839,0.9880239520958084
VFG041034(gb|NP_251052),1,8205,8740,0.9387871853546911
VFG041034(gb|NP_251052),2,2564,2839,0.9031349066572737
VFG041035(gb|NP_251053),1,8693,8740,0.9946224256292906
VFG041035(gb|NP_251053),2,2806,2839,0.9883761887988728
VFG041036(gb|NP_251054),1,8180,8740,0.9359267734553776
VFG041036(gb|NP_251054),2,2551,2839,0.8985558295174357
VFG041037(gb|NP_251055),1,8187,8740,0.9367276887871854
VFG041037(gb|NP_251055),2,2554,2839,0.8996125396266291
VFG041038(gb|NP_251056),1,8695,8740,0.9948512585812357
VFG041038(gb|NP_251056),2,2806,2839,0.9883761887988728
VFG041039(gb|NP_251057),1,8182,8740,0.9361556064073226
VFG041039(gb|NP_251057),2,2550,2839,0.8982035928143712
VFG041040(gb|NP_251058),1,8180,8740,0.9359267734553776
VFG041040(gb|NP_251058),2,2548,2839,0.8974991194082423
VFG041041(gb|NP_251059),1,8682,8740,0.9933638443935927
VFG041041(gb|NP_251059),2,2804,2839,0.9876717153927439
VFG041042(gb|NP_251060),1,8589,8740,0.9827231121281464
VFG041042(gb|NP_251060),2,2769,2839,0.9753434307854878
VFG041043(gb|NP_251061),1,8695,8740,0.9948512585812357
VFG041043(gb|NP_251061),2,2820,2839,0.9933075026417753
VFG041045(gb|NP_251063),1,5617,8740,0.6426773455377575
VFG041045(gb|NP_251063),2,2777,2839,0.9781613244100035
VFG041046(gb|NP_251392),1,8169,8740,0.9346681922196797
VFG041046(gb|NP_251392),2,2580,2839,0.908770693906305
VFG041047(gb|NP_252174),1,8740,8740,1
VFG041047(gb|NP_252174),2,2839,2839,1
VFG041051(gb|WP_000103125),2,1,2839,3.522367030644593e-4
VFG041090(gb|NP_459263),1,1,8740,1.1441647597254005e-4
VFG041091(gb|NP_459264),1,1,8740,1.1441647597254005e-4
VFG042030(gb|WP_011003508),2,1,2839,3.522367030644593e-4
VFG042083(gb|NP_311753),1,1,8740,1.1441647597254005e-4
VFG042084(gb|NP_311752),1,1,8740,1.1441647597254005e-4
VFG042087(gb|NP_311746),1,1,8740,1.1441647597254005e-4
VFG042090(gb|NP_311745),1,1,8740,1.1441647597254005e-4
VFG042091(gb|NP_311742),1,1,8740,1.1441647597254005e-4
VFG042096(gb|NP_311735),1,2,8740,2.288329519450801e-4
VFG042140(gb|NP_252531),1,8061,8740,0.9223112128146453
VFG042140(gb|NP_252531),2,2585,2839,0.9105318774216273
VFG042211(gb|WP_003134054),1,195,8740,0.02231121281464531
VFG042211(gb|WP_003134054),2,2433,2839,0.8569918985558295
VFG042297(gb|NP_253799),1,8735,8740,0.9994279176201373
VFG042297(gb|NP_253799),2,2839,2839,1
VFG042313(gb|NP_459562),1,1,8740,1.1441647597254005e-4
VFG042379(gb|ABQ43330),1,1,8740,1.1441647597254005e-4
VFG042380(gb|ABQ43328),1,1,8740,1.1441647597254005e-4
VFG042381(gb|ABQ42352),1,1,8740,1.1441647597254005e-4
VFG042399(gb|WP_001303867),2,1,2839,3.522367030644593e-4
VFG042400,2,1,2839,3.522367030644593e-4
VFG042401(gb|WP_001165677),1,1,8740,1.1441647597254005e-4
VFG042404,1,1,8740,1.1441647597254005e-4
VFG042608(gb|NP_459033),1,1,8740,1.1441647597254005e-4
VFG042693(gb|NP_250818),1,8160,8740,0.9336384439359268
VFG042693(gb|NP_250818),2,2558,2839,0.9010214864388869
VFG042694(gb|NP_250819),1,8176,8740,0.9354691075514874
VFG042694(gb|NP_250819),2,2571,2839,0.9056005635787249
VFG042695(gb|NP_250820),1,8664,8740,0.991304347826087
VFG042695(gb|NP_250820),2,2808,2839,0.9890806622050018
VFG042696(gb|NP_250821),1,8663,8740,0.9911899313501145
VFG042696(gb|NP_250821),2,2619,2839,0.9225079253258189
VFG042697(gb|NP_250822),1,8175,8740,0.9353546910755148
VFG042697(gb|NP_250822),2,2571,2839,0.9056005635787249
VFG042698(gb|NP_252770),1,8614,8740,0.98558352402746
VFG042698(gb|NP_252770),2,2839,2839,1
VFG042699(gb|NP_252771),1,8592,8740,0.9830663615560641
VFG042699(gb|NP_252771),2,2839,2839,1
VFG042700(gb|NP_252772),1,8126,8740,0.9297482837528604
VFG042700(gb|NP_252772),2,2598,2839,0.9151109545614653
VFG042701(gb|NP_252773),1,8580,8740,0.9816933638443935
VFG042701(gb|NP_252773),2,2838,2839,0.9996477632969355
VFG042702(gb|NP_252774),1,8097,8740,0.9264302059496567
VFG042702(gb|NP_252774),2,2598,2839,0.9151109545614653
VFG042703(gb|NP_252775),1,8078,8740,0.9242562929061785
VFG042703(gb|NP_252775),2,2586,2839,0.9108841141246918
VFG042704(gb|NP_249683),1,873,8740,0.09988558352402746
VFG042704(gb|NP_249683),2,2522,2839,0.8883409651285664
VFG042705(gb|NP_249684),1,7727,8740,0.8840961098398169
VFG042705(gb|NP_249684),2,2578,2839,0.9080662205001762
VFG042706(gb|NP_249685),1,8487,8740,0.9710526315789474
VFG042706(gb|NP_249685),2,2823,2839,0.9943642127509686
VFG042707(gb|WP_003141489),1,3,8740,3.4324942791762013e-4
VFG042707(gb|WP_003141489),2,131,2839,0.04614300810144417
VFG042708(gb|WP_003141491),1,3,8740,3.4324942791762013e-4
VFG042708(gb|WP_003141491),2,131,2839,0.04614300810144417
VFG042709(gb|WP_003141493),1,3,8740,3.4324942791762013e-4
VFG042709(gb|WP_003141493),2,136,2839,0.04790419161676647
VFG042710(gb|WP_003141495),1,3,8740,3.4324942791762013e-4
VFG042710(gb|WP_003141495),2,132,2839,0.04649524480450863
VFG042725(gb|WP_001189321),2,1,2839,3.522367030644593e-4
VFG042726(gb|WP_001267015),2,1,2839,3.522367030644593e-4
VFG042732(gb|WP_002218144),1,1,8740,1.1441647597254005e-4
VFG042733(gb|WP_002214937),1,1,8740,1.1441647597254005e-4
VFG042734(gb|NP_249343),1,8247,8740,0.9435926773455378
VFG042734(gb|NP_249343),2,2598,2839,0.9151109545614653
VFG042735(gb|NP_250513),1,8736,8740,0.9995423340961098
VFG042735(gb|NP_250513),2,2838,2839,0.9996477632969355
VFG042736(gb|NP_253152),1,8740,8740,1
VFG042736(gb|NP_253152),2,2839,2839,1
VFG042738(gb|NP_253646),1,8740,8740,1
VFG042738(gb|NP_253646),2,2839,2839,1
VFG042739(gb|NP_254019),1,8264,8740,0.9455377574370709
VFG042739(gb|NP_254019),2,2605,2839,0.9175766114829165
VFG042740(gb|NP_252983),1,8705,8740,0.9959954233409611
VFG042740(gb|NP_252983),2,2838,2839,0.9996477632969355
VFG042741(gb|NP_252984),1,8246,8740,0.9434782608695652
VFG042741(gb|NP_252984),2,2597,2839,0.9147587178584008
VFG042742(gb|NP_252985),1,8209,8740,0.9392448512585813
VFG042742(gb|NP_252985),2,2597,2839,0.9147587178584008
VFG042743(gb|NP_252986),1,8268,8740,0.9459954233409611
VFG042743(gb|NP_252986),2,2603,2839,0.9168721380767876
VFG042744(gb|NP_252987),1,8740,8740,1
VFG042744(gb|NP_252987),2,2837,2839,0.9992955265938711
VFG042745(gb|NP_252988),1,8194,8740,0.9375286041189931
VFG042745(gb|NP_252988),2,2591,2839,0.9126452976400141
VFG042746(gb|NP_252989),1,8233,8740,0.9419908466819222
VFG042746(gb|NP_252989),2,2601,2839,0.9161676646706587
VFG042747(gb|NP_252990),1,8289,8740,0.9483981693363844
VFG042747(gb|NP_252990),2,2608,2839,0.9186333215921099
VFG042748(gb|NP_252991),1,8244,8740,0.9432494279176201
VFG042748(gb|NP_252991),2,2604,2839,0.9172243747798521
VFG042749(gb|NP_252992),1,8740,8740,1
VFG042749(gb|NP_252992),2,2836,2839,0.9989432898908066
VFG042750(gb|NP_252993),1,8740,8740,1
VFG042750(gb|NP_252993),2,2836,2839,0.9989432898908066
VFG042751(gb|NP_252994),1,8739,8740,0.9998855835240275
VFG042751(gb|NP_252994),2,2837,2839,0.9992955265938711
VFG042752(gb|NP_252995),1,8250,8740,0.9439359267734554
VFG042752(gb|NP_252995),2,2609,2839,0.9189855582951744
VFG042753(gb|NP_252996),1,7855,8740,0.898741418764302
VFG042753(gb|NP_252996),2,2545,2839,0.896442409299049
VFG042800(gb|WP_000360900),2,1,2839,3.522367030644593e-4
VFG043012(gb|NP_250147),1,8194,8740,0.9375286041189931
VFG043012(gb|NP_250147),2,2572,2839,0.9059528002817894
VFG043013(gb|NP_250148),1,8247,8740,0.9435926773455378
VFG043013(gb|NP_250148),2,2589,2839,0.9119408242338851
VFG043014(gb|NP_250149),1,8737,8740,0.9996567505720824
VFG043014(gb|NP_250149),2,2827,2839,0.9957731595632265
VFG043015(gb|NP_250150),1,8735,8740,0.9994279176201373
VFG043015(gb|NP_250150),2,2827,2839,0.9957731595632265
VFG043016(gb|NP_250155),1,8220,8740,0.9405034324942791
VFG043016(gb|NP_250155),2,2590,2839,0.9122930609369496
VFG043017(gb|NP_252038),1,8253,8740,0.944279176201373
VFG043017(gb|NP_252038),2,2601,2839,0.9161676646706587
VFG043018(gb|NP_252039),1,8284,8740,0.9478260869565217
VFG043018(gb|NP_252039),2,2609,2839,0.9189855582951744
VFG043074(gb|WP_000884708),2,1,2839,3.522367030644593e-4
VFG043075(gb|WP_001196460),2,1,2839,3.522367030644593e-4
VFG043079(gb|WP_000625837),2,1,2839,3.522367030644593e-4
VFG043081(gb|WP_000589319),1,1,8740,1.1441647597254005e-4
VFG043088(gb|WP_000983602),1,1,8740,1.1441647597254005e-4
VFG043092(gb|WP_010904770),1,1,8740,1.1441647597254005e-4
VFG043094(gb|WP_001322280),1,2,8740,2.288329519450801e-4
VFG043097(gb|WP_001291603),1,1,8740,1.1441647597254005e-4
VFG043098(gb|WP_001302091),1,1,8740,1.1441647597254005e-4
VFG043101(gb|WP_001087467),1,1,8740,1.1441647597254005e-4
VFG043115(gb|WP_001282098),1,1,8740,1.1441647597254005e-4
VFG043116(gb|WP_001302429),1,1,8740,1.1441647597254005e-4
VFG043452(gb|WP_001170264),1,1,8740,1.1441647597254005e-4
VFG043480(gb|NP_251450),1,8703,8740,0.995766590389016
VFG043480(gb|NP_251450),2,2688,2839,0.9468122578372666
VFG043588(gb|WP_001205093),1,2,8740,2.288329519450801e-4
VFG043588(gb|WP_001205093),2,1,2839,3.522367030644593e-4
VFG043589(gb|WP_000044536),1,2,8740,2.288329519450801e-4
VFG043589(gb|WP_000044536),2,5,2839,0.0017611835153222965
VFG043614(gb|WP_074194464),1,2,8740,2.288329519450801e-4
VFG043625(gb|WP_000813718),1,16,8740,0.0018306636155606408
VFG043628,1,3,8740,3.4324942791762013e-4
VFG043628,2,137,2839,0.04825642831983093
VFG043648(gb|NP_252312),1,8637,8740,0.9882151029748284
VFG043648(gb|NP_252312),2,2822,2839,0.9940119760479041
VFG043668(gb|AAA26616),1,2,8740,2.288329519450801e-4
VFG043784(gb|BAC97796),1,1,8740,1.1441647597254005e-4
VFG043810(gb|NP_253231),1,8586,8740,0.9823798627002288
VFG043810(gb|NP_253231),2,2836,2839,0.9989432898908066
VFG043982(gb|CAA61099),1,1,8740,1.1441647597254005e-4
VFG044030(gb|NP_253337),1,8237,8740,0.9424485125858123
VFG044030(gb|NP_253337),2,2596,2839,0.9144064811553364
VFG044066(gb|WP_000447001),2,2,2839,7.044734061289186e-4
VFG044079(gb|NP_250944),1,7954,8740,0.9100686498855836
VFG044079(gb|NP_250944),2,2608,2839,0.9186333215921099
VFG044080(gb|NP_250945),1,7846,8740,0.8977116704805492
VFG044080(gb|NP_250945),2,2545,2839,0.896442409299049
VFG044081(gb|NP_250946),1,8353,8740,0.955720823798627
VFG044081(gb|NP_250946),2,2787,2839,0.9816836914406482
VFG044082(gb|NP_250947),1,7869,8740,0.9003432494279177
VFG044082(gb|NP_250947),2,2540,2839,0.8946812257837267
VFG044083(gb|NP_250948),1,7911,8740,0.9051487414187643
VFG044083(gb|NP_250948),2,2556,2839,0.900317013032758
VFG044084(gb|NP_251073),1,8220,8740,0.9405034324942791
VFG044084(gb|NP_251073),2,2590,2839,0.9122930609369496
VFG044085(gb|NP_251074),1,8161,8740,0.9337528604118993
VFG044085(gb|NP_251074),2,2562,2839,0.9024304332511448
VFG044086(gb|NP_251077),1,4977,8740,0.5694508009153318
VFG044086(gb|NP_251077),2,1135,2839,0.3997886579781613
VFG044087(gb|NP_251078),1,5154,8740,0.5897025171624714
VFG044087(gb|NP_251078),2,1211,2839,0.42655864741106025
VFG044088(gb|NP_251102),1,8147,8740,0.9321510297482838
VFG044088(gb|NP_251102),2,2561,2839,0.9020781965480803
VFG044089(gb|NP_252094),1,8689,8740,0.9941647597254004
VFG044089(gb|NP_252094),2,2836,2839,0.9989432898908066
VFG044090(gb|NP_252095),1,8687,8740,0.9939359267734553
VFG044090(gb|NP_252095),2,2838,2839,0.9996477632969355
VFG044091(gb|NP_252096),1,8682,8740,0.9933638443935927
VFG044091(gb|NP_252096),2,2838,2839,0.9996477632969355
VFG044092(gb|NP_252097),1,8193,8740,0.9374141876430206
VFG044092(gb|NP_252097),2,2591,2839,0.9126452976400141
VFG044093(gb|NP_252098),1,8689,8740,0.9941647597254004
VFG044093(gb|NP_252098),2,2837,2839,0.9992955265938711
VFG044094(gb|NP_252099),1,8271,8740,0.9463386727688787
VFG044094(gb|NP_252099),2,2613,2839,0.9203945051074321
VFG044095(gb|NP_252100),1,8173,8740,0.9351258581235697
VFG044095(gb|NP_252100),2,2582,2839,0.9094751673124339
VFG044096(gb|NP_252908),1,8719,8740,0.9975972540045767
VFG044096(gb|NP_252908),2,2833,2839,0.9978865797816132
VFG044097(gb|NP_252909),1,8720,8740,0.9977116704805492
VFG044097(gb|NP_252909),2,2834,2839,0.9982388164846777
VFG044098(gb|NP_252910),1,8091,8740,0.9257437070938215
VFG044098(gb|NP_252910),2,2580,2839,0.908770693906305
VFG044099(gb|NP_253393),1,8268,8740,0.9459954233409611
VFG044099(gb|NP_253393),2,2606,2839,0.917928848185981
VFG044100(gb|NP_253394),1,8264,8740,0.9455377574370709
VFG044100(gb|NP_253394),2,2604,2839,0.9172243747798521
VFG044101(gb|NP_253395),1,8360,8740,0.9565217391304348
VFG044101(gb|NP_253395),2,2726,2839,0.9601972525537161
VFG044102(gb|NP_253396),1,8277,8740,0.947025171624714
VFG044102(gb|NP_253396),2,2607,2839,0.9182810848890455
VFG044103(gb|NP_253397),1,8740,8740,1
VFG044103(gb|NP_253397),2,2839,2839,1
VFG044104(gb|NP_253398),1,8740,8740,1
VFG044104(gb|NP_253398),2,2839,2839,1
VFG044225(gb|WP_011533698),1,8235,8740,0.9422196796338673
VFG044225(gb|WP_011533698),2,2591,2839,0.9126452976400141
VFG044250(gb|WP_005311724),1,4,8740,4.576659038901602e-4
VFG044250(gb|WP_005311724),2,2,2839,7.044734061289186e-4
VFG044257(gb|WP_000610051),1,1,8740,1.1441647597254005e-4
VFG044258(gb|WP_001179888),1,1,8740,1.1441647597254005e-4
VFG044259(gb|WP_001795559),1,1,8740,1.1441647597254005e-4
VFG044261(gb|WP_001223700),1,1,8740,1.1441647597254005e-4
VFG044273(gb|WP_001214661),2,1,2839,3.522367030644593e-4
VFG044274(gb|WP_000951636),2,1,2839,3.522367030644593e-4
VFG044277(gb|WP_001052566),1,1,8740,1.1441647597254005e-4
VFG044304(gb|WP_000588838),2,1,2839,3.522367030644593e-4
VFG044305(gb|WP_000071884),2,1,2839,3.522367030644593e-4
VFG044310(gb|WP_006486076),1,3,8740,3.4324942791762013e-4
VFG044315(gb|WP_012492605),1,27,8740,0.003089244851258581
VFG044315(gb|WP_012492605),2,4,2839,0.0014089468122578373
VFG044325(gb|WP_002212761),1,1,8740,1.1441647597254005e-4
VFG044328(gb|WP_015874963),1,1,8740,1.1441647597254005e-4
VFG044333(gb|WP_015874968),1,2,8740,2.288329519450801e-4
VFG044362(gb|WP_033111968),1,5,8740,5.720823798627002e-4
VFG044443(gb|WP_001032773),1,1,8740,1.1441647597254005e-4
VFG044445(gb|NP_253338),1,8236,8740,0.9423340961098399
VFG044445(gb|NP_253338),2,2592,2839,0.9129975343430785
VFG044446(gb|NP_253339),1,8237,8740,0.9424485125858123
VFG044446(gb|NP_253339),2,2596,2839,0.9144064811553364
VFG044447(gb|NP_253340),1,8256,8740,0.9446224256292907
VFG044447(gb|NP_253340),2,2602,2839,0.9165199013737232
VFG044448(gb|NP_253341),1,8731,8740,0.9989702517162471
VFG044448(gb|NP_253341),2,2839,2839,1
VFG044449(gb|NP_253342),1,8289,8740,0.9483981693363844
VFG044449(gb|NP_253342),2,2613,2839,0.9203945051074321
VFG045631(gb|WP_002305699),1,1,8740,1.1441647597254005e-4
VFG045632(gb|WP_002286924),1,1,8740,1.1441647597254005e-4
VFG045670(gb|WP_002286379),1,1,8740,1.1441647597254005e-4
VFG045671(gb|WP_002294628),1,1,8740,1.1441647597254005e-4
VFG045788(gb|WP_001189322),2,1,2839,3.522367030644593e-4
VFG045789(gb|WP_001264082),2,1,2839,3.522367030644593e-4
VFG045806(gb|WP_000354273),2,1,2839,3.522367030644593e-4
VFG045807(gb|WP_001576295),2,1,2839,3.522367030644593e-4
VFG045820(gb|WP_023281714),1,1,8740,1.1441647597254005e-4
VFG045821(gb|WP_023281695),1,1,8740,1.1441647597254005e-4
VFG045826(gb|WP_021526504),1,1,8740,1.1441647597254005e-4
VFG045878(gb|WP_001295349),2,1,2839,3.522367030644593e-4
VFG045881(gb|WP_014640508),2,1,2839,3.522367030644593e-4
VFG045887(gb|WP_000845152),2,1,2839,3.522367030644593e-4
VFG045894(gb|WP_001330060),2,1,2839,3.522367030644593e-4
VFG045896(gb|WP_014639881),2,1,2839,3.522367030644593e-4
VFG045897(gb|WP_074151099),2,1,2839,3.522367030644593e-4
VFG045899(gb|WP_000845152),2,1,2839,3.522367030644593e-4
VFG045900(gb|WP_000286312),2,1,2839,3.522367030644593e-4
VFG045902,2,1,2839,3.522367030644593e-4
VFG045904(gb|WP_000286318),2,1,2839,3.522367030644593e-4
VFG045906(gb|WP_000286318),2,1,2839,3.522367030644593e-4
VFG045910(gb|WP_012602403),2,1,2839,3.522367030644593e-4
VFG045911(gb|WP_000286337),2,1,2839,3.522367030644593e-4
VFG045912(gb|WP_000286305),2,1,2839,3.522367030644593e-4
VFG045913(gb|WP_000286336),2,1,2839,3.522367030644593e-4
VFG045915(gb|WP_000286313),2,1,2839,3.522367030644593e-4
VFG045916(gb|WP_001165668),1,1,8740,1.1441647597254005e-4
VFG045917(gb|NP_415461),1,1,8740,1.1441647597254005e-4
VFG045918(gb|WP_001165678),1,1,8740,1.1441647597254005e-4
VFG045923(gb|WP_001165655),1,1,8740,1.1441647597254005e-4
VFG045926(gb|WP_001165657),1,1,8740,1.1441647597254005e-4
VFG045931(gb|WP_001165658),1,1,8740,1.1441647597254005e-4
VFG045932,1,1,8740,1.1441647597254005e-4
VFG045933(gb|WP_001165671),1,1,8740,1.1441647597254005e-4
VFG045935(gb|WP_001165655),1,1,8740,1.1441647597254005e-4
VFG045936(gb|WP_000360904),2,1,2839,3.522367030644593e-4
VFG045937(gb|WP_000360914),2,1,2839,3.522367030644593e-4
VFG045939(gb|WP_000360919),2,1,2839,3.522367030644593e-4
VFG045947(gb|WP_000360894),2,1,2839,3.522367030644593e-4
VFG045948(gb|WP_000360902),2,1,2839,3.522367030644593e-4
VFG045950(gb|WP_000360895),2,1,2839,3.522367030644593e-4
VFG045954(gb|WP_000360907),2,1,2839,3.522367030644593e-4
VFG045955(gb|WP_000360915),2,1,2839,3.522367030644593e-4
VFG045956(gb|WP_000360914),2,1,2839,3.522367030644593e-4
VFG045958(gb|WP_000360914),2,1,2839,3.522367030644593e-4
VFG045962(gb|WP_000360904),2,1,2839,3.522367030644593e-4
VFG045972(gb|WP_000360891),2,1,2839,3.522367030644593e-4
VFG045974(gb|WP_001025145),2,1,2839,3.522367030644593e-4
VFG045975,2,1,2839,3.522367030644593e-4
VFG045977(gb|WP_001025182),2,1,2839,3.522367030644593e-4
VFG045984(gb|WP_001025155),2,1,2839,3.522367030644593e-4
VFG045985(gb|WP_001025155),2,1,2839,3.522367030644593e-4
VFG045991(gb|WP_001025168),2,1,2839,3.522367030644593e-4
VFG045992(gb|WP_001025180),2,1,2839,3.522367030644593e-4
VFG045993(gb|WP_001025180),2,1,2839,3.522367030644593e-4
VFG045994(gb|WP_001025178),2,1,2839,3.522367030644593e-4
VFG045995(gb|WP_001025161),2,1,2839,3.522367030644593e-4
VFG045998(gb|WP_001025179),2,1,2839,3.522367030644593e-4
VFG045999(gb|WP_001025168),2,1,2839,3.522367030644593e-4
VFG046000(gb|WP_001025158),2,1,2839,3.522367030644593e-4
VFG046001(gb|WP_001025145),2,1,2839,3.522367030644593e-4
VFG046004(gb|WP_001025178),2,1,2839,3.522367030644593e-4
VFG046009(gb|WP_001025178),2,1,2839,3.522367030644593e-4
VFG046058(gb|WP_000121003),1,1,8740,1.1441647597254005e-4
VFG046058(gb|WP_000121003),2,1,2839,3.522367030644593e-4
VFG046063(gb|WP_046072797),1,1,8740,1.1441647597254005e-4
VFG046068(gb|WP_001189321),2,1,2839,3.522367030644593e-4
VFG046069(gb|WP_001264088),2,1,2839,3.522367030644593e-4
VFG046099(gb|WP_046072850),1,1,8740,1.1441647597254005e-4
VFG046109(gb|WP_000654453),1,1,8740,1.1441647597254005e-4
VFG046112(gb|WP_046072848),1,1,8740,1.1441647597254005e-4
VFG046117(gb|WP_000784549),1,2,8740,2.288329519450801e-4
VFG048293(gb|YP_005228660),1,2,8740,2.288329519450801e-4
VFG048297(gb|WP_014906961),1,2,8740,2.288329519450801e-4
VFG048298(gb|WP_072196423),1,2,8740,2.288329519450801e-4
VFG048302(gb|WP_014906960),1,1,8740,1.1441647597254005e-4
VFG048303(gb|YP_005228661),1,1,8740,1.1441647597254005e-4
VFG048304(gb|WP_004151788),1,1,8740,1.1441647597254005e-4
VFG048305(gb|WP_004151788),1,1,8740,1.1441647597254005e-4
VFG048306(gb|WP_024264619),1,1,8740,1.1441647597254005e-4
VFG048307(gb|WP_041937815),1,1,8740,1.1441647597254005e-4
VFG048308(gb|WP_004151788),1,1,8740,1.1441647597254005e-4
VFG048313(gb|YP_005228662),1,1,8740,1.1441647597254005e-4
VFG048315(gb|WP_014599252),1,1,8740,1.1441647597254005e-4
VFG048316(gb|WP_015958940),1,1,8740,1.1441647597254005e-4
VFG048317(gb|WP_014906959),1,1,8740,1.1441647597254005e-4
VFG048318(gb|WP_004144030),1,1,8740,1.1441647597254005e-4
VFG048371(gb|WP_014839452),2,1,2839,3.522367030644593e-4
VFG048372(gb|WP_014226698),2,1,2839,3.522367030644593e-4
VFG048375(gb|YP_005228645),1,16,8740,0.0018306636155606408
VFG048377(gb|WP_000813718),1,16,8740,0.0018306636155606408
VFG048379,1,16,8740,0.0018306636155606408
VFG048380(gb|WP_012967266),1,16,8740,0.0018306636155606408
VFG048381(gb|WP_000820820),2,1,2839,3.522367030644593e-4
VFG048382(gb|WP_000820820),2,1,2839,3.522367030644593e-4
VFG048414(gb|WP_012542485),2,1,2839,3.522367030644593e-4
VFG048415(gb|YP_005225748),2,1,2839,3.522367030644593e-4
VFG048417(gb|WP_014599080),2,1,2839,3.522367030644593e-4
VFG048418(gb|WP_012068427),2,1,2839,3.522367030644593e-4
VFG048419(gb|WP_004210873),2,1,2839,3.522367030644593e-4
VFG048420(gb|WP_012968725),2,1,2839,3.522367030644593e-4
VFG048454(gb|WP_012542489),2,1,2839,3.522367030644593e-4
VFG048455(gb|YP_005225744),2,1,2839,3.522367030644593e-4
VFG048456(gb|WP_004147525),2,1,2839,3.522367030644593e-4
VFG048457(gb|WP_004223589),2,1,2839,3.522367030644593e-4
VFG048458(gb|WP_004147525),2,1,2839,3.522367030644593e-4
VFG048459(gb|WP_004147525),2,1,2839,3.522367030644593e-4
VFG048460(gb|WP_008805583),2,1,2839,3.522367030644593e-4
VFG048473(gb|WP_004147521),1,1,8740,1.1441647597254005e-4
VFG048474(gb|YP_005225742),1,1,8740,1.1441647597254005e-4
VFG048476(gb|WP_004223582),1,1,8740,1.1441647597254005e-4
VFG048477(gb|WP_004147521),1,1,8740,1.1441647597254005e-4
VFG048478(gb|WP_004147521),1,1,8740,1.1441647597254005e-4
VFG048479(gb|WP_012968727),1,1,8740,1.1441647597254005e-4
VFG048483(gb|WP_012542491),1,1,8740,1.1441647597254005e-4
VFG048484(gb|YP_005225741),1,1,8740,1.1441647597254005e-4
VFG048486(gb|WP_004223579),1,1,8740,1.1441647597254005e-4
VFG048487(gb|WP_002893737),1,1,8740,1.1441647597254005e-4
VFG048488(gb|WP_002893737),1,1,8740,1.1441647597254005e-4
VFG048489(gb|WP_012968728),1,1,8740,1.1441647597254005e-4
VFG048493(gb|WP_012542492),1,1,8740,1.1441647597254005e-4
VFG048494(gb|YP_005225740),1,1,8740,1.1441647597254005e-4
VFG048496(gb|WP_014599078),1,1,8740,1.1441647597254005e-4
VFG048497(gb|WP_041937591),1,1,8740,1.1441647597254005e-4
VFG048498(gb|WP_012737619),1,1,8740,1.1441647597254005e-4
VFG048499(gb|WP_012968729),1,1,8740,1.1441647597254005e-4
VFG048502(gb|WP_012737618),1,1,8740,1.1441647597254005e-4
VFG048503(gb|WP_012542493),1,1,8740,1.1441647597254005e-4
VFG048504(gb|YP_005225738),1,1,8740,1.1441647597254005e-4
VFG048506(gb|WP_004223574),1,1,8740,1.1441647597254005e-4
VFG048507(gb|WP_019705362),1,1,8740,1.1441647597254005e-4
VFG048508(gb|WP_012737618),1,1,8740,1.1441647597254005e-4
VFG048509(gb|WP_012968730),1,1,8740,1.1441647597254005e-4
VFG048541(gb|WP_041169040),1,1,8740,1.1441647597254005e-4
VFG048542(gb|WP_012542068),1,1,8740,1.1441647597254005e-4
VFG048543(gb|YP_005226444),1,1,8740,1.1441647597254005e-4
VFG048544(gb|WP_002901630),1,1,8740,1.1441647597254005e-4
VFG048545(gb|WP_004224251),1,1,8740,1.1441647597254005e-4
VFG048546(gb|WP_015958223),1,1,8740,1.1441647597254005e-4
VFG048548(gb|WP_020947523),1,1,8740,1.1441647597254005e-4
VFG048566(gb|WP_014907271),1,1,8740,1.1441647597254005e-4
VFG048567(gb|YP_005227763),1,1,8740,1.1441647597254005e-4
VFG048578(gb|WP_014907269),1,1,8740,1.1441647597254005e-4
VFG048579(gb|YP_005227766),1,1,8740,1.1441647597254005e-4
VFG048580(gb|WP_014838502),1,8,8740,9.153318077803204e-4
VFG048597(gb|WP_000784549),1,2,8740,2.288329519450801e-4
VFG048598(gb|YP_005227771),1,2,8740,2.288329519450801e-4
VFG048599(gb|WP_004213920),2,1,2839,3.522367030644593e-4
VFG048600(gb|WP_004213920),2,1,2839,3.522367030644593e-4
VFG048601(gb|WP_032451968),2,1,2839,3.522367030644593e-4
VFG048603(gb|WP_004213921),2,1,2839,3.522367030644593e-4
VFG048604(gb|WP_004145302),2,1,2839,3.522367030644593e-4
VFG048605(gb|WP_004213922),2,1,2839,3.522367030644593e-4
VFG048606(gb|WP_004213922),2,1,2839,3.522367030644593e-4
VFG048607(gb|WP_004145303),2,1,2839,3.522367030644593e-4
VFG048608(gb|WP_014599302),2,1,2839,3.522367030644593e-4
VFG048609(gb|WP_004213923),2,1,2839,3.522367030644593e-4
VFG048610(gb|WP_004145304),2,1,2839,3.522367030644593e-4
VFG048614(gb|WP_022065355),2,1,2839,3.522367030644593e-4
VFG048615(gb|YP_005226287),1,1,8740,1.1441647597254005e-4
VFG048615(gb|YP_005226287),2,1,2839,3.522367030644593e-4
VFG048617(gb|WP_004150817),1,1,8740,1.1441647597254005e-4
VFG048617(gb|WP_004150817),2,1,2839,3.522367030644593e-4
VFG048618(gb|WP_004213924),2,1,2839,3.522367030644593e-4
VFG048619(gb|WP_041937604),1,1,8740,1.1441647597254005e-4
VFG048619(gb|WP_041937604),2,1,2839,3.522367030644593e-4
VFG048620(gb|WP_014907843),1,1,8740,1.1441647597254005e-4
VFG048620(gb|WP_014907843),2,1,2839,3.522367030644593e-4
VFG048621(gb|WP_004213924),2,1,2839,3.522367030644593e-4
VFG048623(gb|WP_012968568),2,1,2839,3.522367030644593e-4
VFG048661(gb|YP_005226600),1,1,8740,1.1441647597254005e-4
VFG048663(gb|WP_004176431),1,1,8740,1.1441647597254005e-4
VFG048664(gb|WP_004176431),1,1,8740,1.1441647597254005e-4
VFG048665(gb|WP_004176431),1,1,8740,1.1441647597254005e-4
VFG048666(gb|WP_004140195),1,1,8740,1.1441647597254005e-4
VFG048682(gb|WP_002902160),1,1,8740,1.1441647597254005e-4
VFG048683(gb|YP_005226602),1,1,8740,1.1441647597254005e-4
VFG048685(gb|WP_002902160),1,1,8740,1.1441647597254005e-4
VFG048686(gb|WP_002902160),1,1,8740,1.1441647597254005e-4
VFG048687(gb|WP_002902160),1,1,8740,1.1441647597254005e-4
VFG048688(gb|WP_020953393),1,1,8740,1.1441647597254005e-4
VFG048689(gb|WP_002902160),1,1,8740,1.1441647597254005e-4
VFG048691(gb|WP_014907724),1,1,8740,1.1441647597254005e-4
VFG048692(gb|WP_012541980),1,1,8740,1.1441647597254005e-4
VFG048693(gb|YP_005226603),1,1,8740,1.1441647597254005e-4
VFG048695,1,1,8740,1.1441647597254005e-4
VFG048696(gb|WP_040188146),1,1,8740,1.1441647597254005e-4
VFG048697(gb|WP_015874721),1,1,8740,1.1441647597254005e-4
VFG048698(gb|WP_020947550),1,1,8740,1.1441647597254005e-4
VFG048699(gb|WP_012968410),1,1,8740,1.1441647597254005e-4
VFG048735,1,8011,8740,0.9165903890160183
VFG048735,2,2541,2839,0.8950334624867912
VFG048736(gb|YP_005226611),1,8011,8740,0.9165903890160183
VFG048736(gb|YP_005226611),2,2541,2839,0.8950334624867912
VFG048737,1,8011,8740,0.9165903890160183
VFG048737,2,2541,2839,0.8950334624867912
VFG048738(gb|WP_004224376),1,8011,8740,0.9165903890160183
VFG048738(gb|WP_004224376),2,2541,2839,0.8950334624867912
VFG048739(gb|WP_012968403),1,8011,8740,0.9165903890160183
VFG048739(gb|WP_012968403),2,2541,2839,0.8950334624867912
VFG048792(gb|WP_024188874),1,1,8740,1.1441647597254005e-4
VFG048793(gb|YP_005227854),1,1,8740,1.1441647597254005e-4
VFG048794(gb|WP_049256767),1,1,8740,1.1441647597254005e-4
VFG048795(gb|WP_004175261),1,1,8740,1.1441647597254005e-4
VFG048796(gb|WP_015958696),1,1,8740,1.1441647597254005e-4
VFG048797(gb|WP_004175261),1,1,8740,1.1441647597254005e-4
VFG048799(gb|WP_024188874),1,1,8740,1.1441647597254005e-4
VFG048805(gb|WP_020956624),1,1,8740,1.1441647597254005e-4
VFG048806(gb|WP_004899416),1,1,8740,1.1441647597254005e-4
VFG048808(gb|WP_004899416),1,1,8740,1.1441647597254005e-4
VFG048839(gb|WP_041937831),1,2,8740,2.288329519450801e-4
VFG048839(gb|WP_041937831),2,9,2839,0.0031701303275801338
VFG048869(gb|WP_012541081),1,1,8740,1.1441647597254005e-4
VFG048949(gb|WP_004184823),1,1,8740,1.1441647597254005e-4
VFG048960(gb|WP_014599212),1,1,8740,1.1441647597254005e-4
VFG048963(gb|WP_004899416),1,1,8740,1.1441647597254005e-4
VFG048970(gb|WP_004175261),1,1,8740,1.1441647597254005e-4
VFG048973(gb|WP_000704907),1,1,8740,1.1441647597254005e-4
VFG048982(gb|WP_004899416),1,1,8740,1.1441647597254005e-4
VFG048987(gb|WP_000704907),1,1,8740,1.1441647597254005e-4
VFG048988(gb|YP_005227873),1,1,8740,1.1441647597254005e-4
VFG048990(gb|WP_001741945),1,1,8740,1.1441647597254005e-4
VFG048991(gb|YP_005227874),1,1,8740,1.1441647597254005e-4
VFG048992(gb|WP_004151150),1,1,8740,1.1441647597254005e-4
VFG048993(gb|WP_001741945),1,1,8740,1.1441647597254005e-4
VFG048998(gb|WP_011154608),2,1,2839,3.522367030644593e-4
VFG049004(gb|WP_032419820),1,1,8740,1.1441647597254005e-4
VFG049005(gb|WP_004180447),1,1,8740,1.1441647597254005e-4
VFG049007(gb|WP_002911561),1,1,8740,1.1441647597254005e-4
VFG049008(gb|WP_004141142),1,1,8740,1.1441647597254005e-4
VFG049025(gb|YP_005227844),1,1,8740,1.1441647597254005e-4
VFG049035(gb|WP_012541094),1,1,8740,1.1441647597254005e-4
VFG049037(gb|WP_020956641),1,1,8740,1.1441647597254005e-4
VFG049042(gb|WP_012967600),1,1,8740,1.1441647597254005e-4
VFG049174(gb|WP_012540699),1,1,8740,1.1441647597254005e-4
VFG049175(gb|WP_009485633),1,1,8740,1.1441647597254005e-4
VFG049180(gb|WP_181446003),1,1,8740,1.1441647597254005e-4
VFG049181(gb|WP_170919772),1,1,8740,1.1441647597254005e-4
VFG049182(gb|WP_020948164),1,1,8740,1.1441647597254005e-4
VFG049191(gb|WP_014907101),1,2,8740,2.288329519450801e-4
VFG049192(gb|WP_008806080),1,1,8740,1.1441647597254005e-4
VFG049193(gb|YP_005228284),1,2,8740,2.288329519450801e-4
VFG049194(gb|WP_004150973),1,2,8740,2.288329519450801e-4
VFG049195(gb|WP_004150973),1,2,8740,2.288329519450801e-4
VFG049196(gb|WP_004890358),1,2,8740,2.288329519450801e-4
VFG049197(gb|WP_032452026),1,2,8740,2.288329519450801e-4
VFG049198(gb|WP_008806080),1,2,8740,2.288329519450801e-4
VFG049248(gb|WP_123809090),1,3,8740,3.4324942791762013e-4
VFG049248(gb|WP_123809090),2,10,2839,0.003522367030644593
VFG049251(gb|WP_012541328),1,1,8740,1.1441647597254005e-4
VFG049252(gb|WP_004899005),1,1,8740,1.1441647597254005e-4
VFG049313(gb|WP_002910453),1,1,8740,1.1441647597254005e-4
VFG049314(gb|WP_012541334),1,1,8740,1.1441647597254005e-4
VFG049315(gb|YP_005227544),1,1,8740,1.1441647597254005e-4
VFG049316(gb|WP_002910453),1,1,8740,1.1441647597254005e-4
VFG049317(gb|WP_002910453),1,1,8740,1.1441647597254005e-4
VFG049318,1,1,8740,1.1441647597254005e-4
VFG049320(gb|WP_002910453),1,1,8740,1.1441647597254005e-4
VFG049321(gb|WP_012541334),1,1,8740,1.1441647597254005e-4
VFG049322(gb|WP_004145442),1,1,8740,1.1441647597254005e-4
VFG049325(gb|WP_004200293),1,1,8740,1.1441647597254005e-4
VFG049326(gb|WP_004898985),1,1,8740,1.1441647597254005e-4
VFG049327(gb|WP_004145442),1,1,8740,1.1441647597254005e-4
VFG049329(gb|WP_004145442),1,1,8740,1.1441647597254005e-4
VFG049835(gb|WP_012076956),1,35,8740,0.004004576659038902
VFG049843(gb|WP_003155066),1,35,8740,0.004004576659038902
VFG049850(gb|WP_000645747),2,1,2839,3.522367030644593e-4
VFG049851(gb|WP_000645780),2,1,2839,3.522367030644593e-4
VFG049852(gb|WP_000645787),2,1,2839,3.522367030644593e-4
VFG049854(gb|WP_000645753),2,1,2839,3.522367030644593e-4
VFG049857(gb|WP_000645791),2,1,2839,3.522367030644593e-4
VFG049902(gb|WP_011310140),1,1,8740,1.1441647597254005e-4
VFG049916(gb|WP_000103365),2,1,2839,3.522367030644593e-4
VFG049917(gb|WP_000508696),1,1,8740,1.1441647597254005e-4
VFG050294(gb|NP_248789),1,4744,8740,0.54279176201373
VFG050294(gb|NP_248789),2,1155,2839,0.4068333920394505
VFG050295(gb|NP_250646),1,8185,8740,0.9364988558352403
VFG050295(gb|NP_250646),2,2583,2839,0.9098274040154984
VFG050296(gb|NP_250645),1,8223,8740,0.9408466819221968
VFG050296(gb|NP_250645),2,2588,2839,0.9115885875308207
VFG050297(gb|NP_250644),1,8694,8740,0.9947368421052631
VFG050297(gb|NP_250644),2,2835,2839,0.9985910531877422
VFG050298(gb|NP_250643),1,8232,8740,0.9418764302059497
VFG050298(gb|NP_250643),2,2592,2839,0.9129975343430785
VFG050299(gb|NP_250642),1,8236,8740,0.9423340961098399
VFG050299(gb|NP_250642),2,2595,2839,0.9140542444522719
VFG050300(gb|NP_250641),1,8731,8740,0.9989702517162471
VFG050300(gb|NP_250641),2,2836,2839,0.9989432898908066
VFG050398(gb|WP_000347036.1),1,1,8740,1.1441647597254005e-4
VFG050400(gb|WP_000347039.1),1,1,8740,1.1441647597254005e-4
VFG050401(gb|YP_001083930.1),1,1,8740,1.1441647597254005e-4
VFG050404(gb|WP_000347035.1),1,1,8740,1.1441647597254005e-4
VFG050406(gb|WP_000347036.1),1,1,8740,1.1441647597254005e-4
VFG050413(gb|WP_000537692.1),1,1,8740,1.1441647597254005e-4
VFG050414(gb|WP_002027454.1),1,1,8740,1.1441647597254005e-4
VFG050415(gb|YP_001083555.1),1,1,8740,1.1441647597254005e-4
VFG050416(gb|WP_005136899.1),1,1,8740,1.1441647597254005e-4
VFG050418(gb|WP_004738086.1),1,1,8740,1.1441647597254005e-4
VFG050420(gb|WP_004738086.1),1,1,8740,1.1441647597254005e-4
VFG050423(gb|YP_005797437.1),1,1,8740,1.1441647597254005e-4
VFG050440(gb|WP_000993717.1),1,1,8740,1.1441647597254005e-4
VFG050443(gb|WP_000993715.1),1,1,8740,1.1441647597254005e-4
VFG050455(gb|WP_001274987.1),1,2,8740,2.288329519450801e-4
VFG050456(gb|WP_001274994.1),1,2,8740,2.288329519450801e-4
VFG050457(gb|WP_001274990.1),1,2,8740,2.288329519450801e-4
VFG050458(gb|YP_001083395.1),1,2,8740,2.288329519450801e-4
VFG050461(gb|WP_001274989.1),1,2,8740,2.288329519450801e-4
VFG050463(gb|WP_001274986.1),1,2,8740,2.288329519450801e-4
VFG050470(gb|WP_000279216.1),1,1,8740,1.1441647597254005e-4
VFG050471(gb|YP_001083394.1),1,1,8740,1.1441647597254005e-4
VFG050472(gb|WP_000279216.1),1,1,8740,1.1441647597254005e-4
VFG050474(gb|WP_000279215.1),1,1,8740,1.1441647597254005e-4
VFG050476(gb|WP_000279215.1),1,1,8740,1.1441647597254005e-4
VFG050496(gb|WP_000755275.1),1,1,8740,1.1441647597254005e-4
VFG050497(gb|WP_000755285.1),1,1,8740,1.1441647597254005e-4
VFG050499(gb|WP_000755268.1),1,1,8740,1.1441647597254005e-4
VFG050502(gb|WP_000755281.1),1,1,8740,1.1441647597254005e-4
VFG050503(gb|WP_020752706.1),1,1,8740,1.1441647597254005e-4
VFG050505(gb|WP_000755276.1),1,1,8740,1.1441647597254005e-4
VFG050508(gb|WP_000755111.1),1,1,8740,1.1441647597254005e-4
VFG050524(gb|WP_085916952.1),1,1,8740,1.1441647597254005e-4
VFG050525(gb|WP_002194578.1),1,1,8740,1.1441647597254005e-4
VFG050526(gb|WP_000546629.1),1,1,8740,1.1441647597254005e-4
VFG050527(gb|WP_002194578.1),1,1,8740,1.1441647597254005e-4
VFG050530(gb|WP_002194578.1),1,1,8740,1.1441647597254005e-4
VFG050532(gb|WP_002194578.1),1,1,8740,1.1441647597254005e-4
VFG050535(gb|YP_005800456.1),1,1,8740,1.1441647597254005e-4
VFG050537(gb|WP_000079200.1),1,1,8740,1.1441647597254005e-4
VFG050538(gb|WP_000079197.1),1,1,8740,1.1441647597254005e-4
VFG050540(gb|WP_000079192.1),1,1,8740,1.1441647597254005e-4
VFG050541(gb|YP_001086167.1),1,1,8740,1.1441647597254005e-4
VFG050544(gb|WP_000079199.1),1,1,8740,1.1441647597254005e-4
VFG050546(gb|WP_000079197.1),1,1,8740,1.1441647597254005e-4
VFG050564(gb|WP_000768968.1),1,3,8740,3.4324942791762013e-4
VFG050565(gb|WP_000768943.1),1,3,8740,3.4324942791762013e-4
VFG050565(gb|WP_000768943.1),2,1,2839,3.522367030644593e-4
VFG050567(gb|WP_000768964.1),1,3,8740,3.4324942791762013e-4
VFG050568(gb|YP_001086166.1),1,3,8740,3.4324942791762013e-4
VFG050570(gb|WP_000768970.1),1,3,8740,3.4324942791762013e-4
VFG050571(gb|WP_020753491.1),1,3,8740,3.4324942791762013e-4
VFG050572(gb|WP_020752638.1),1,3,8740,3.4324942791762013e-4
VFG050573(gb|WP_000768961.1),1,2,8740,2.288329519450801e-4
VFG050573(gb|WP_000768961.1),2,1,2839,3.522367030644593e-4
VFG050576(gb|YP_005800453.1),1,3,8740,3.4324942791762013e-4
VFG050581(gb|WP_001046420.1),2,2,2839,7.044734061289186e-4
VFG050582(gb|YP_001086165.1),2,2,2839,7.044734061289186e-4
VFG050583(gb|WP_001046489.1),1,1,8740,1.1441647597254005e-4
VFG050583(gb|WP_001046489.1),2,2,2839,7.044734061289186e-4
VFG050585(gb|WP_020753490.1),1,1,8740,1.1441647597254005e-4
VFG050585(gb|WP_020753490.1),2,2,2839,7.044734061289186e-4
VFG050587(gb|WP_001046490.1),2,2,2839,7.044734061289186e-4
VFG050590(gb|YP_005800452.1),2,2,2839,7.044734061289186e-4
VFG050670(gb|WP_000505931.1),1,1,8740,1.1441647597254005e-4
VFG050671(gb|YP_001085820.1),1,1,8740,1.1441647597254005e-4
VFG050672(gb|WP_000505931.1),1,1,8740,1.1441647597254005e-4
VFG050674(gb|WP_000505932.1),1,1,8740,1.1441647597254005e-4
VFG050676(gb|WP_000505931.1),1,1,8740,1.1441647597254005e-4
VFG050679(gb|WP_000505928.1),1,1,8740,1.1441647597254005e-4
VFG050680(gb|YP_005800157.1),1,1,8740,1.1441647597254005e-4
VFG050682(gb|WP_001160333.1),1,1,8740,1.1441647597254005e-4
VFG050683(gb|WP_001160337.1),1,1,8740,1.1441647597254005e-4
VFG050685(gb|WP_001160337.1),1,1,8740,1.1441647597254005e-4
VFG050686(gb|YP_001083312.1),1,1,8740,1.1441647597254005e-4
VFG050688(gb|WP_002001070.1),1,1,8740,1.1441647597254005e-4
VFG050689(gb|WP_002037247.1),1,1,8740,1.1441647597254005e-4
VFG050691(gb|WP_001160336.1),1,1,8740,1.1441647597254005e-4
VFG050740(gb|WP_001196426.1),1,1,8740,1.1441647597254005e-4
VFG050742(gb|WP_001196426.1),1,1,8740,1.1441647597254005e-4
VFG050743(gb|YP_001083348.1),1,1,8740,1.1441647597254005e-4
VFG050746(gb|WP_001196426.1),1,1,8740,1.1441647597254005e-4
VFG050748(gb|WP_001196428.1),1,1,8740,1.1441647597254005e-4
VFG050751(gb|WP_001196431.1),1,1,8740,1.1441647597254005e-4
VFG050770(gb|WP_001020910.1),1,1,8740,1.1441647597254005e-4
VFG050772(gb|WP_001020922.1),1,1,8740,1.1441647597254005e-4
VFG050773(gb|YP_001085315.1),1,1,8740,1.1441647597254005e-4
VFG050776(gb|WP_020753341.1),1,1,8740,1.1441647597254005e-4
VFG050778(gb|WP_001020916.1),1,1,8740,1.1441647597254005e-4
VFG050781(gb|WP_001020905.1),1,1,8740,1.1441647597254005e-4
VFG050857(gb|WP_000301476.1),1,1,8740,1.1441647597254005e-4
VFG050858(gb|WP_000301478.1),1,1,8740,1.1441647597254005e-4
VFG050860(gb|WP_000301479.1),1,1,8740,1.1441647597254005e-4
VFG050861(gb|YP_001084594.1),1,1,8740,1.1441647597254005e-4
VFG050863(gb|WP_001218621.1),1,1,8740,1.1441647597254005e-4
VFG050865(gb|WP_000301468.1),1,1,8740,1.1441647597254005e-4
VFG050868(gb|WP_000301482.1),1,1,8740,1.1441647597254005e-4
VFG050869(gb|YP_005798716.1),1,1,8740,1.1441647597254005e-4
VFG050944(gb|WP_000083629.1),1,1,8740,1.1441647597254005e-4
VFG050946(gb|WP_000083625.1),1,1,8740,1.1441647597254005e-4
VFG050950(gb|WP_000083629.1),1,1,8740,1.1441647597254005e-4
VFG050954(gb|WP_000083625.1),1,1,8740,1.1441647597254005e-4
VFG051026(gb|WP_000471444.1),1,2,8740,2.288329519450801e-4
VFG051028(gb|WP_000471445.1),1,2,8740,2.288329519450801e-4
VFG051029(gb|YP_001084339.1),1,1,8740,1.1441647597254005e-4
VFG051032(gb|WP_000471441.1),1,2,8740,2.288329519450801e-4
VFG051036(gb|WP_000471440.1),1,2,8740,2.288329519450801e-4
VFG051040(gb|WP_000653195.1),1,1,8740,1.1441647597254005e-4
VFG051042(gb|WP_000653195.1),1,1,8740,1.1441647597254005e-4
VFG051043(gb|YP_001084326.1),1,1,8740,1.1441647597254005e-4
VFG051044(gb|WP_000653195.1),1,1,8740,1.1441647597254005e-4
VFG051046(gb|WP_000653195.1),1,1,8740,1.1441647597254005e-4
VFG051050(gb|WP_000653195.1),1,1,8740,1.1441647597254005e-4
VFG051082(gb|WP_000020713.1),1,1,8740,1.1441647597254005e-4
VFG051084(gb|WP_000020713.1),1,1,8740,1.1441647597254005e-4
VFG051085(gb|YP_001084338.1),1,1,8740,1.1441647597254005e-4
VFG051088(gb|WP_020753007.1),1,1,8740,1.1441647597254005e-4
VFG051092(gb|WP_000020714.1),1,1,8740,1.1441647597254005e-4
VFG051097(gb|WP_000096545.1),1,2,8740,2.288329519450801e-4
VFG051098(gb|WP_002001416.1),1,2,8740,2.288329519450801e-4
VFG051099(gb|YP_001084337.1),1,2,8740,2.288329519450801e-4
VFG051100(gb|WP_000987834.1),1,2,8740,2.288329519450801e-4
VFG051102(gb|WP_002009235.1),1,2,8740,2.288329519450801e-4
VFG051106(gb|WP_134815913.1),1,2,8740,2.288329519450801e-4
VFG051483(gb|NP_251464.1),1,8148,8740,0.9322654462242563
VFG051483(gb|NP_251464.1),2,2553,2839,0.8992603029235646
VFG051484(gb|NP_251374.1),1,8736,8740,0.9995423340961098
VFG051484(gb|NP_251374.1),2,2834,2839,0.9982388164846777
VFG051485(gb|NP_248783.1),1,8565,8740,0.9799771167048055
VFG051485(gb|NP_248783.1),2,2632,2839,0.9270870024656569
VFG051486(gb|WP_003140107.1),1,759,8740,0.0868421052631579
VFG051486(gb|WP_003140107.1),2,2134,2839,0.7516731243395561
VFG051487(gb|NP_248953.1),1,8651,8740,0.9898169336384439
VFG051487(gb|NP_248953.1),2,2834,2839,0.9982388164846777
VFG051488(gb|NP_253776.1),1,8703,8740,0.995766590389016
VFG051488(gb|NP_253776.1),2,2839,2839,1
VFG051489(gb|WP_003083217.1),1,8649,8740,0.9895881006864988
VFG051489(gb|WP_003083217.1),2,2835,2839,0.9985910531877422
VFG051491(gb|WP_011666716.1),1,8650,8740,0.9897025171624714
VFG051491(gb|WP_011666716.1),2,2835,2839,0.9985910531877422
VFG051492(gb|WP_011532201.1),1,1,8740,1.1441647597254005e-4
VFG051493(gb|WP_011333754.1),1,1,8740,1.1441647597254005e-4
VFG051493(gb|WP_011333754.1),2,3,2839,0.0010567101091933778
VFG051494(gb|WP_011105496.1),1,1,8740,1.1441647597254005e-4
VFG051496(gb|WP_003083317.1),1,7516,8740,0.859954233409611
VFG051496(gb|WP_003083317.1),2,2459,2839,0.8661500528355055
VFG051497(gb|WP_012074519.1),1,7300,8740,0.8352402745995423
VFG051497(gb|WP_012074519.1),2,2454,2839,0.8643888693201832
VFG051499(gb|WP_003083317.1),1,7510,8740,0.8592677345537757
VFG051499(gb|WP_003083317.1),2,2460,2839,0.8665022895385699
VFG051500(gb|WP_011536257.1),1,1956,8740,0.22379862700228834
VFG051500(gb|WP_011536257.1),2,897,2839,0.31595632264882
VFG051504(gb|WP_003097814.1),1,8725,8740,0.9982837528604119
VFG051504(gb|WP_003097814.1),2,2839,2839,1
VFG051507(gb|WP_003140090.1),1,8725,8740,0.9982837528604119
VFG051507(gb|WP_003140090.1),2,2839,2839,1
VFG051511(gb|WP_003097811.1),1,8216,8740,0.940045766590389
VFG051511(gb|WP_003097811.1),2,2591,2839,0.9126452976400141
VFG051514(gb|WP_003087592.1),1,8212,8740,0.9395881006864989
VFG051514(gb|WP_003087592.1),2,2591,2839,0.9126452976400141
VFG051519(gb|WP_003087596.1),1,8722,8740,0.9979405034324943
VFG051519(gb|WP_003087596.1),2,2838,2839,0.9996477632969355
VFG051522(gb|WP_003087596.1),1,8722,8740,0.9979405034324943
VFG051522(gb|WP_003087596.1),2,2838,2839,0.9996477632969355
VFG051527(gb|WP_003120359.1),1,8090,8740,0.9256292906178489
VFG051527(gb|WP_003120359.1),2,2585,2839,0.9105318774216273
VFG051530(gb|WP_003140089.1),1,8090,8740,0.9256292906178489
VFG051530(gb|WP_003140089.1),2,2585,2839,0.9105318774216273
VFG051535(gb|WP_010794013.1),1,8724,8740,0.9981693363844394
VFG051535(gb|WP_010794013.1),2,2839,2839,1
VFG051538(gb|WP_003087605.1),1,8724,8740,0.9981693363844394
VFG051538(gb|WP_003087605.1),2,2839,2839,1
VFG051539(gb|WP_011531908.1),1,166,8740,0.018993135011441648
VFG051543(gb|WP_003097804.1),1,8618,8740,0.9860411899313501
VFG051543(gb|WP_003097804.1),2,2816,2839,0.9918985558295175
VFG051546(gb|WP_003140086.1),1,8296,8740,0.94919908466819225
VFG051546(gb|WP_003140086.1),2,2807,2839,0.9887284255019373
VFG051551(gb|WP_012614304.1),1,8721,8740,0.9978260869565218
VFG051551(gb|WP_012614304.1),2,2839,2839,1
VFG051552(gb|WP_079262185.1),1,21,8740,0.002402745995423341
VFG051552(gb|WP_079262185.1),2,2,2839,7.044734061289186e-4
VFG051554(gb|WP_003140083.1),1,8721,8740,0.9978260869565218
VFG051554(gb|WP_003140083.1),2,2839,2839,1
VFG051560(gb|WP_012076238.1),1,8208,8740,0.9391304347826087
VFG051560(gb|WP_012076238.1),2,2591,2839,0.9126452976400141
VFG051562(gb|WP_003110438.1),1,8211,8740,0.9394736842105263
VFG051562(gb|WP_003110438.1),2,2591,2839,0.9126452976400141
VFG051567(gb|WP_003097790.1),1,8725,8740,0.9982837528604119
VFG051567(gb|WP_003097790.1),2,2839,2839,1
VFG051568(gb|WP_012076237.1),1,8725,8740,0.9982837528604119
VFG051568(gb|WP_012076237.1),2,2839,2839,1
VFG051570(gb|WP_003087620.1),1,8725,8740,0.9982837528604119
VFG051570(gb|WP_003087620.1),2,2839,2839,1
VFG051575(gb|WP_003087622.1),1,8245,8740,0.9433638443935927
VFG051575(gb|WP_003087622.1),2,2605,2839,0.9175766114829165
VFG051576(gb|WP_003087622.1),1,8239,8740,0.9426773455377574
VFG051576(gb|WP_003087622.1),2,2603,2839,0.9168721380767876
VFG051578(gb|WP_003120354.1),1,8241,8740,0.9429061784897025
VFG051578(gb|WP_003120354.1),2,2605,2839,0.9175766114829165
VFG051583(gb|WP_012614302.1),1,8725,8740,0.9982837528604119
VFG051583(gb|WP_012614302.1),2,2839,2839,1
VFG051584(gb|WP_012076236.1),1,8725,8740,0.9982837528604119
VFG051584(gb|WP_012076236.1),2,2839,2839,1
VFG051586(gb|WP_003140078.1),1,8725,8740,0.9982837528604119
VFG051586(gb|WP_003140078.1),2,2839,2839,1
VFG051593(gb|WP_012613476.1),1,8651,8740,0.9898169336384439
VFG051593(gb|WP_012613476.1),2,2834,2839,0.9982388164846777
VFG051594(gb|WP_012074520.1),1,6590,8740,0.7540045766590389
VFG051594(gb|WP_012074520.1),2,1694,2839,0.5966889749911941
VFG051596(gb|WP_003137141.1),1,8651,8740,0.9898169336384439
VFG051596(gb|WP_003137141.1),2,2834,2839,0.9982388164846777
VFG051601(gb|WP_012614152.1),1,8694,8740,0.9947368421052631
VFG051601(gb|WP_012614152.1),2,2796,2839,0.9848538217682282
VFG051602(gb|WP_012075693.1),1,8694,8740,0.9947368421052631
VFG051602(gb|WP_012075693.1),2,2796,2839,0.9848538217682282
VFG051604(gb|WP_003139323.1),1,8694,8740,0.9947368421052631
VFG051604(gb|WP_003139323.1),2,2796,2839,0.9848538217682282
VFG051606(gb|WP_012614151.1),1,8698,8740,0.9951945080091533
VFG051606(gb|WP_012614151.1),2,2805,2839,0.9880239520958084
VFG051607(gb|WP_012075692.1),1,8698,8740,0.9951945080091533
VFG051607(gb|WP_012075692.1),2,2805,2839,0.9880239520958084
VFG051609(gb|WP_003139320.1),1,8698,8740,0.9951945080091533
VFG051609(gb|WP_003139320.1),2,2805,2839,0.9880239520958084
VFG051611(gb|WP_003104706.1),1,8205,8740,0.9387871853546911
VFG051611(gb|WP_003104706.1),2,2564,2839,0.9031349066572737
VFG051612(gb|WP_012075691.1),1,8203,8740,0.938558352402746
VFG051612(gb|WP_012075691.1),2,2563,2839,0.9027826699542092
VFG051614(gb|WP_003131567.1),1,8203,8740,0.938558352402746
VFG051614(gb|WP_003131567.1),2,2567,2839,0.9041916167664671
VFG051616(gb|WP_003122697.1),1,8693,8740,0.9946224256292906
VFG051616(gb|WP_003122697.1),2,2806,2839,0.9883761887988728
VFG051617(gb|WP_041025349.1),1,8693,8740,0.9946224256292906
VFG051617(gb|WP_041025349.1),2,2806,2839,0.9883761887988728
VFG051619(gb|WP_003139318.1),1,8693,8740,0.9946224256292906
VFG051619(gb|WP_003139318.1),2,2806,2839,0.9883761887988728
VFG051626(gb|WP_003089494.1),1,8695,8740,0.9948512585812357
VFG051626(gb|WP_003089494.1),2,2806,2839,0.9883761887988728
VFG051627(gb|WP_003089494.1),1,8695,8740,0.9948512585812357
VFG051627(gb|WP_003089494.1),2,2806,2839,0.9883761887988728
VFG051629(gb|WP_003139317.1),1,8695,8740,0.9948512585812357
VFG051629(gb|WP_003139317.1),2,2806,2839,0.9883761887988728
VFG051631(gb|WP_003089495.1),1,8182,8740,0.9361556064073226
VFG051631(gb|WP_003089495.1),2,2550,2839,0.8982035928143712
VFG051632(gb|WP_003089495.1),1,8182,8740,0.9361556064073226
VFG051632(gb|WP_003089495.1),2,2550,2839,0.8982035928143712
VFG051634(gb|WP_003089495.1),1,8182,8740,0.9361556064073226
VFG051634(gb|WP_003089495.1),2,2550,2839,0.8982035928143712
VFG051636(gb|WP_012614150.1),1,8181,8740,0.9360411899313501
VFG051636(gb|WP_012614150.1),2,2548,2839,0.8974991194082423
VFG051637(gb|WP_012075688.1),1,8181,8740,0.9360411899313501
VFG051637(gb|WP_012075688.1),2,2548,2839,0.8974991194082423
VFG051639(gb|WP_003089496.1),1,8180,8740,0.9359267734553776
VFG051639(gb|WP_003089496.1),2,2548,2839,0.8974991194082423
VFG051641(gb|WP_012614149.1),1,8682,8740,0.9933638443935927
VFG051641(gb|WP_012614149.1),2,2804,2839,0.9876717153927439
VFG051642(gb|WP_012075687.1),1,8682,8740,0.9933638443935927
VFG051642(gb|WP_012075687.1),2,2804,2839,0.9876717153927439
VFG051644(gb|WP_003089497.1),1,8682,8740,0.9933638443935927
VFG051644(gb|WP_003089497.1),2,2804,2839,0.9876717153927439
VFG051646(gb|WP_003114517.1),1,8572,8740,0.9807780320366133
VFG051646(gb|WP_003114517.1),2,2772,2839,0.9764001408946812
VFG051647(gb|WP_012075686.1),1,8477,8740,0.9699084668192219
VFG051647(gb|WP_012075686.1),2,2782,2839,0.9799225079253259
VFG051649(gb|WP_003139313.1),1,8526,8740,0.9755148741418764
VFG051649(gb|WP_003139313.1),2,2789,2839,0.982388164846777
VFG051651(gb|WP_012614148.1),1,8695,8740,0.9948512585812357
VFG051651(gb|WP_012614148.1),2,2820,2839,0.9933075026417753
VFG051652(gb|WP_012075685.1),1,8569,8740,0.9804347826086957
VFG051652(gb|WP_012075685.1),2,2820,2839,0.9933075026417753
VFG051654(gb|WP_003139311.1),1,8695,8740,0.9948512585812357
VFG051654(gb|WP_003139311.1),2,2820,2839,0.9933075026417753
VFG051656(gb|WP_012614145.1),1,5635,8740,0.6447368421052632
VFG051656(gb|WP_012614145.1),2,2777,2839,0.9781613244100035
VFG051657(gb|WP_012075684.1),1,108,8740,0.012356979405034324
VFG051657(gb|WP_012075684.1),2,37,2839,0.013032758013384995
VFG051659(gb|WP_003139309.1),1,5633,8740,0.6445080091533181
VFG051659(gb|WP_003139309.1),2,2777,2839,0.9781613244100035
VFG051661(gb|WP_012614635.1),1,8723,8740,0.9980549199084668
VFG051661(gb|WP_012614635.1),2,2839,2839,1
VFG051663(gb|WP_003141825.1),1,8722,8740,0.9979405034324943
VFG051663(gb|WP_003141825.1),2,2839,2839,1
VFG051804(gb|WP_011979145.1),1,8275,8740,0.9467963386727689
VFG051804(gb|WP_011979145.1),2,1943,2839,0.6843959140542445
VFG051809(gb|WP_003244989.1),1,1,8740,1.1441647597254005e-4
VFG051810(gb|WP_003088027.1),1,8216,8740,0.940045766590389
VFG051810(gb|WP_003088027.1),2,2588,2839,0.9115885875308207
VFG051811(gb|WP_003154271.1),1,2,8740,2.288329519450801e-4
VFG051811(gb|WP_003154271.1),2,2,2839,7.044734061289186e-4
VFG051814(gb|WP_003119469.1),1,8169,8740,0.9346681922196797
VFG051814(gb|WP_003119469.1),2,2580,2839,0.908770693906305
VFG051815(gb|WP_012076490.1),1,8139,8740,0.9312356979405034
VFG051815(gb|WP_012076490.1),2,2580,2839,0.908770693906305
VFG051817(gb|WP_003090565.1),1,8168,8740,0.9345537757437071
VFG051817(gb|WP_003090565.1),2,2580,2839,0.908770693906305
VFG051818(gb|WP_003092026.1),1,8740,8740,1
VFG051818(gb|WP_003092026.1),2,2839,2839,1
VFG051819(gb|WP_012074797.1),1,8740,8740,1
VFG051819(gb|WP_012074797.1),2,2838,2839,0.9996477632969355
VFG051821(gb|WP_003138171.1),1,8740,8740,1
VFG051821(gb|WP_003138171.1),2,2839,2839,1
VFG051822(gb|WP_012613443.1),1,3750,8740,0.4290617848970252
VFG051822(gb|WP_012613443.1),2,1307,2839,0.4603733709052483
VFG051823(gb|WP_011979148.1),1,23,8740,0.002631578947368421
VFG051825(gb|WP_003136992.1),1,4454,8740,0.5096109839816934
VFG051825(gb|WP_003136992.1),2,1109,2839,0.3906305036984854
VFG051829(gb|WP_003138819.1),1,8182,8740,0.9361556064073226
VFG051829(gb|WP_003138819.1),2,2553,2839,0.8992603029235646
VFG051830(gb|WP_012613984.1),1,8736,8740,0.9995423340961098
VFG051830(gb|WP_012613984.1),2,2834,2839,0.9982388164846777
VFG051831(gb|WP_012076472.1),1,1,8740,1.1441647597254005e-4
VFG051831(gb|WP_012076472.1),2,1,2839,3.522367030644593e-4
VFG051833(gb|WP_003138894.1),1,8736,8740,0.9995423340961098
VFG051833(gb|WP_003138894.1),2,2834,2839,0.9982388164846777
VFG051834(gb|WP_003104959.1),1,8565,8740,0.9799771167048055
VFG051834(gb|WP_003104959.1),2,2631,2839,0.9267347657625925
VFG051835(gb|WP_011979143.1),1,7952,8740,0.9098398169336385
VFG051835(gb|WP_011979143.1),2,2419,2839,0.8520605847129271
VFG051837(gb|WP_003083691.1),1,8182,8740,0.9361556064073226
VFG051837(gb|WP_003083691.1),2,2746,2839,0.9672419866150053
