locus_tag,representative_rank,selected_representative,VFG_ID,Accession,gene,genome_count,freq,n_sequences_total,n_sequences_usable,proportion_sequences_usable,alignment_length_nt,alignment_length_codons,trailing_non_codon_nt,gap_fraction,ambiguous_fraction,bad_character_fraction,usable_codon_count,usable_codon_fraction,protein_length,mapping_method,blast_hit_pident,blast_hit_qcov,blast_hit_evalue,blast_hit_bitscore,alignment_found,analysis_success,error_message,alignment_path,selection_reason
PA0026,2,False,VFG015858,VFG015858(gb|WP_003097316),plcB,11048,95.09381993458426,11048,0,0.0,1347,449,0,0.2673174275766084,5.37574581753536e-07,0.26731796515119016,329,0.732739420935412,328,blastp_best_hit_to_PAO1,99.695,100.0,0.0,678.0,True,True,,/data2/B_Li/vfdb/workflow_clade_translatorX_solved_dup_solved/final_aln/VFG015858.nogap.dedup/VFG015858.nogap.dedup.nt_ali.fasta,"Selected VFG015856: genome_count=11100, usable_sequences=0, usable_sequence_fraction=0.0000, usable_codon_fraction=0.7327, gap_fraction=0.2673, ambiguous_fraction=0.0000, protein_length=328"
PA0044,2,False,VFG000148,VFG000148(gb|NP_248734),exoT,11530,99.2425546565674,11530,0,0.0,1971,657,0,0.30311819738330686,4.4003180549890144e-07,0.30311863741511236,458,0.6971080669710806,457,direct_ncbi_record,,,,,True,True,,/data2/B_Li/vfdb/workflow_clade_translatorX_solved_dup_solved/final_aln/VFG000148.nogap.dedup/VFG000148.nogap.dedup.nt_ali.fasta,"Selected VFG015168: genome_count=11530, usable_sequences=0, usable_sequence_fraction=0.0000, usable_codon_fraction=0.7038, gap_fraction=0.2964, ambiguous_fraction=0.0000, protein_length=442"
PA0044,3,False,VFG019979,VFG019979(gb|WP_012613430),exoT,11530,99.2425546565674,11530,0,0.0,1971,657,0,0.30311819738330686,4.4003180549890144e-07,0.30311863741511236,458,0.6971080669710806,457,blastp_best_hit_to_PAO1,99.344,100.0,0.0,895.0,True,True,,/data2/B_Li/vfdb/workflow_clade_translatorX_solved_dup_solved/final_aln/VFG019979.nogap.dedup/VFG019979.nogap.dedup.nt_ali.fasta,"Selected VFG015168: genome_count=11530, usable_sequences=0, usable_sequence_fraction=0.0000, usable_codon_fraction=0.7038, gap_fraction=0.2964, ambiguous_fraction=0.0000, protein_length=442"
PA0051,2,False,VFG015551,VFG015551(gb|NP_248741),phzH,11490,98.89826131864348,11490,0,0.0,2757,919,0,0.3353929376067186,3.4724491152041816e-07,0.33539328485163017,611,0.6648531011969532,610,direct_ncbi_record,,,,,True,True,,/data2/B_Li/vfdb/workflow_clade_translatorX_solved_dup_solved/final_aln/VFG015551.nogap.dedup/VFG015551.nogap.dedup.nt_ali.fasta,"Selected VFG015552: genome_count=11490, usable_sequences=0, usable_sequence_fraction=0.0000, usable_codon_fraction=0.6649, gap_fraction=0.3354, ambiguous_fraction=0.0000, protein_length=610"
PA0051,3,False,VFG020038,VFG020038(gb|WP_012613433),phzH,11490,98.89826131864348,11490,0,0.0,2757,919,0,0.3353929376067186,3.4724491152041816e-07,0.33539328485163017,611,0.6648531011969532,610,blastp_best_hit_to_PAO1,99.836,100.0,0.0,1245.0,True,True,,/data2/B_Li/vfdb/workflow_clade_translatorX_solved_dup_solved/final_aln/VFG020038.nogap.dedup/VFG020038.nogap.dedup.nt_ali.fasta,"Selected VFG015552: genome_count=11490, usable_sequences=0, usable_sequence_fraction=0.0000, usable_codon_fraction=0.6649, gap_fraction=0.3354, ambiguous_fraction=0.0000, protein_length=610"
PA0071,2,False,VFG015365,VFG015365(gb|WP_011979122),tagR,11581,99.68152866242038,11581,0,0.0,2484,828,0,0.31125047814865847,4.171416867624674e-07,0.3112508952903452,571,0.6896135265700483,570,blastp_best_hit_to_PAO1,98.246,100.0,0.0,1137.0,True,True,,/data2/B_Li/vfdb/workflow_clade_translatorX_solved_dup_solved/final_aln/VFG015365.nogap.dedup/VFG015365.nogap.dedup.nt_ali.fasta,"Selected VFG002057: genome_count=11581, usable_sequences=0, usable_sequence_fraction=0.0000, usable_codon_fraction=0.6896, gap_fraction=0.3113, ambiguous_fraction=0.0000, protein_length=570"
PA0071,3,False,VFG015366,VFG015366(gb|WP_003083632),tagR,11581,99.68152866242038,11581,0,0.0,2484,828,0,0.31125047814865847,4.171416867624674e-07,0.3112508952903452,571,0.6896135265700483,570,blastp_best_hit_to_PAO1,99.474,100.0,0.0,1150.0,True,True,,/data2/B_Li/vfdb/workflow_clade_translatorX_solved_dup_solved/final_aln/VFG015366.nogap.dedup/VFG015366.nogap.dedup.nt_ali.fasta,"Selected VFG002057: genome_count=11581, usable_sequences=0, usable_sequence_fraction=0.0000, usable_codon_fraction=0.6896, gap_fraction=0.3113, ambiguous_fraction=0.0000, protein_length=570"
PA0071,4,False,VFG019981,VFG019981(gb|WP_003106615),tagR,11581,99.68152866242038,11581,0,0.0,2484,828,0,0.31125047814865847,4.171416867624674e-07,0.3112508952903452,571,0.6896135265700483,570,blastp_best_hit_to_PAO1,100.0,100.0,0.0,1157.0,True,True,,/data2/B_Li/vfdb/workflow_clade_translatorX_solved_dup_solved/final_aln/VFG019981.nogap.dedup/VFG019981.nogap.dedup.nt_ali.fasta,"Selected VFG002057: genome_count=11581, usable_sequences=0, usable_sequence_fraction=0.0000, usable_codon_fraction=0.6896, gap_fraction=0.3113, ambiguous_fraction=0.0000, protein_length=570"
PA0072,2,False,VFG015373,VFG015373(gb|WP_003136958),tagS,11579,99.6643139955242,11579,0,0.0,1902,634,0,0.369471764804281,1.271383189535354e-06,0.36947303618747057,400,0.6309148264984227,399,blastp_best_hit_to_PAO1,99.749,100.0,0.0,765.0,True,True,,/data2/B_Li/vfdb/workflow_clade_translatorX_solved_dup_solved/final_aln/VFG015373.nogap.dedup/VFG015373.nogap.dedup.nt_ali.fasta,"Selected VFG002058: genome_count=11579, usable_sequences=0, usable_sequence_fraction=0.0000, usable_codon_fraction=0.6309, gap_fraction=0.3695, ambiguous_fraction=0.0000, protein_length=399"
PA0072,3,False,VFG019983,VFG019983(gb|WP_003083634),tagS,11579,99.6643139955242,11579,0,0.0,1902,634,0,0.369471764804281,1.271383189535354e-06,0.36947303618747057,400,0.6309148264984227,399,blastp_best_hit_to_PAO1,100.0,100.0,0.0,766.0,True,True,,/data2/B_Li/vfdb/workflow_clade_translatorX_solved_dup_solved/final_aln/VFG019983.nogap.dedup/VFG019983.nogap.dedup.nt_ali.fasta,"Selected VFG002058: genome_count=11579, usable_sequences=0, usable_sequence_fraction=0.0000, usable_codon_fraction=0.6309, gap_fraction=0.3695, ambiguous_fraction=0.0000, protein_length=399"
PA0072,4,False,VFG015372,VFG015372(gb|WP_011979123),tagS,11573,99.6126699948356,11573,0,0.0,1866,622,0,0.3573235519085753,6.482916727212478e-07,0.357324200200248,400,0.6430868167202572,399,blastp_best_hit_to_PAO1,96.992,100.0,0.0,742.0,True,True,,/data2/B_Li/vfdb/workflow_clade_translatorX_solved_dup_solved/final_aln/VFG015372.nogap.dedup/VFG015372.nogap.dedup.nt_ali.fasta,"Selected VFG002058: genome_count=11579, usable_sequences=0, usable_sequence_fraction=0.0000, usable_codon_fraction=0.6309, gap_fraction=0.3695, ambiguous_fraction=0.0000, protein_length=399"
PA0074,2,False,VFG019987,VFG019987(gb|WP_004351957),ppkA,11586,99.72456532966088,11586,0,0.0,5934,1978,0,0.49877436542167536,8.145297681830826e-07,0.49877517995144355,1033,0.5222446916076845,1032,blastp_best_hit_to_PAO1,99.612,100.0,0.0,2066.0,True,True,,/data2/B_Li/vfdb/workflow_clade_translatorX_solved_dup_solved/final_aln/VFG019987.nogap.dedup/VFG019987.nogap.dedup.nt_ali.fasta,"Selected VFG015387: genome_count=11586, usable_sequences=0, usable_sequence_fraction=0.0000, usable_codon_fraction=0.5295, gap_fraction=0.4918, ambiguous_fraction=0.0000, protein_length=1032"
PA0074,3,False,VFG002060,VFG002060(gb|NP_248764),ppkA,11586,99.72456532966088,11586,0,0.0,6330,2110,0,0.5301304565159946,7.635734035384537e-07,0.5301312200893981,1033,0.4895734597156398,1032,direct_ncbi_record,,,,,True,True,,/data2/B_Li/vfdb/workflow_clade_translatorX_solved_dup_solved/final_aln/VFG002060.nogap.dedup/VFG002060.nogap.dedup.nt_ali.fasta,"Selected VFG015387: genome_count=11586, usable_sequences=0, usable_sequence_fraction=0.0000, usable_codon_fraction=0.5295, gap_fraction=0.4918, ambiguous_fraction=0.0000, protein_length=1032"
PA0074,4,False,VFG015386,VFG015386(gb|WP_011979125),ppkA,11586,99.72456532966088,11586,0,0.0,7164,2388,0,0.5848300423806124,6.746816924062552e-07,0.5848307170623048,1033,0.4325795644891122,1032,blastp_best_hit_to_PAO1,98.934,100.0,0.0,2052.0,True,True,,/data2/B_Li/vfdb/workflow_clade_translatorX_solved_dup_solved/final_aln/VFG015386.nogap.dedup/VFG015386.nogap.dedup.nt_ali.fasta,"Selected VFG015387: genome_count=11586, usable_sequences=0, usable_sequence_fraction=0.0000, usable_codon_fraction=0.5295, gap_fraction=0.4918, ambiguous_fraction=0.0000, protein_length=1032"
PA0077,2,False,VFG015403,VFG015403(gb|WP_011979127),icmF1/tssM1,11588,99.74177999655709,11588,0,0.0,4644,1548,0,0.23949110012228636,5.017219095937257e-07,0.23949160184419596,1177,0.7603359173126615,1176,blastp_best_hit_to_PAO1,99.092,93.62244897959184,0.0,2196.0,True,True,,/data2/B_Li/vfdb/workflow_clade_translatorX_solved_dup_solved/final_aln/VFG015403.nogap.dedup/VFG015403.nogap.dedup.nt_ali.fasta,"Selected VFG015404: genome_count=11588, usable_sequences=0, usable_sequence_fraction=0.0000, usable_codon_fraction=0.7603, gap_fraction=0.2395, ambiguous_fraction=0.0000, protein_length=1177"
PA0077,3,False,VFG019993,VFG019993(gb|WP_024082388),icmF1/tssM1,11588,99.74177999655709,11588,0,0.0,4644,1548,0,0.23949110012228636,5.017219095937257e-07,0.23949160184419596,1177,0.7603359173126615,1176,blastp_best_hit_to_PAO1,99.728,93.62244897959184,0.0,2213.0,True,True,,/data2/B_Li/vfdb/workflow_clade_translatorX_solved_dup_solved/final_aln/VFG019993.nogap.dedup/VFG019993.nogap.dedup.nt_ali.fasta,"Selected VFG015404: genome_count=11588, usable_sequences=0, usable_sequence_fraction=0.0000, usable_codon_fraction=0.7603, gap_fraction=0.2395, ambiguous_fraction=0.0000, protein_length=1177"
PA0077,4,False,VFG002063,VFG002063(gb|NP_248767),icmF1/tssM1,11588,99.74177999655709,11588,0,0.0,4416,1472,0,0.25116359127133014,5.276260299260104e-07,0.25116411889736007,1102,0.748641304347826,1101,direct_ncbi_record,,,,,True,True,,/data2/B_Li/vfdb/workflow_clade_translatorX_solved_dup_solved/final_aln/VFG002063.nogap.dedup/VFG002063.nogap.dedup.nt_ali.fasta,"Selected VFG015404: genome_count=11588, usable_sequences=0, usable_sequence_fraction=0.0000, usable_codon_fraction=0.7603, gap_fraction=0.2395, ambiguous_fraction=0.0000, protein_length=1177"
PA0078,2,False,VFG015413,VFG015413(gb|WP_003115051),dotU1,11588,99.74177999655709,11588,0,0.0,1956,652,0,0.3102903151345479,7.941365194796394e-07,0.3102911092710674,450,0.6901840490797546,449,blastp_best_hit_to_PAO1,100.0,100.0,0.0,903.0,True,True,,/data2/B_Li/vfdb/workflow_clade_translatorX_solved_dup_solved/final_aln/VFG015413.nogap.dedup/VFG015413.nogap.dedup.nt_ali.fasta,"Selected VFG002064: genome_count=11588, usable_sequences=0, usable_sequence_fraction=0.0000, usable_codon_fraction=0.6902, gap_fraction=0.3103, ambiguous_fraction=0.0000, protein_length=449"
PA0078,3,False,VFG019995,VFG019995(gb|WP_012613437),dotU1,11588,99.74177999655709,11588,0,0.0,1956,652,0,0.3102903151345479,7.941365194796394e-07,0.3102911092710674,450,0.6901840490797546,449,blastp_best_hit_to_PAO1,99.555,100.0,0.0,900.0,True,True,,/data2/B_Li/vfdb/workflow_clade_translatorX_solved_dup_solved/final_aln/VFG019995.nogap.dedup/VFG019995.nogap.dedup.nt_ali.fasta,"Selected VFG002064: genome_count=11588, usable_sequences=0, usable_sequence_fraction=0.0000, usable_codon_fraction=0.6902, gap_fraction=0.3103, ambiguous_fraction=0.0000, protein_length=449"
PA0078,4,False,VFG015412,VFG015412(gb|WP_011979128),dotU1,11581,99.68152866242038,11581,0,0.0,2055,685,0,0.3435176040292525,7.563357298671307e-07,0.3435183603649824,450,0.656934306569343,449,blastp_best_hit_to_PAO1,96.882,100.0,0.0,878.0,True,True,,/data2/B_Li/vfdb/workflow_clade_translatorX_solved_dup_solved/final_aln/VFG015412.nogap.dedup/VFG015412.nogap.dedup.nt_ali.fasta,"Selected VFG002064: genome_count=11588, usable_sequences=0, usable_sequence_fraction=0.0000, usable_codon_fraction=0.6902, gap_fraction=0.3103, ambiguous_fraction=0.0000, protein_length=449"
PA0079,2,False,VFG015417,VFG015417(gb|WP_011979129),hsiJ1,11584,99.70735066276468,11584,0,0.0,1887,629,0,0.2926431062196418,7.319636828899098e-07,0.2926438381833247,445,0.7074721780604134,444,blastp_best_hit_to_PAO1,98.198,100.0,0.0,885.0,True,True,,/data2/B_Li/vfdb/workflow_clade_translatorX_solved_dup_solved/final_aln/VFG015417.nogap.dedup/VFG015417.nogap.dedup.nt_ali.fasta,"Selected VFG002065: genome_count=11584, usable_sequences=0, usable_sequence_fraction=0.0000, usable_codon_fraction=0.7075, gap_fraction=0.2926, ambiguous_fraction=0.0000, protein_length=444"
PA0079,3,False,VFG015418,VFG015418(gb|WP_003115052),hsiJ1,11584,99.70735066276468,11584,0,0.0,1887,629,0,0.2926431062196418,7.319636828899098e-07,0.2926438381833247,445,0.7074721780604134,444,blastp_best_hit_to_PAO1,100.0,100.0,0.0,892.0,True,True,,/data2/B_Li/vfdb/workflow_clade_translatorX_solved_dup_solved/final_aln/VFG015418.nogap.dedup/VFG015418.nogap.dedup.nt_ali.fasta,"Selected VFG002065: genome_count=11584, usable_sequences=0, usable_sequence_fraction=0.0000, usable_codon_fraction=0.7075, gap_fraction=0.2926, ambiguous_fraction=0.0000, protein_length=444"
PA0079,4,False,VFG019997,VFG019997(gb|WP_003115052),hsiJ1,11584,99.70735066276468,11584,0,0.0,1887,629,0,0.2926431062196418,7.319636828899098e-07,0.2926438381833247,445,0.7074721780604134,444,blastp_best_hit_to_PAO1,100.0,100.0,0.0,892.0,True,True,,/data2/B_Li/vfdb/workflow_clade_translatorX_solved_dup_solved/final_aln/VFG019997.nogap.dedup/VFG019997.nogap.dedup.nt_ali.fasta,"Selected VFG002065: genome_count=11584, usable_sequences=0, usable_sequence_fraction=0.0000, usable_codon_fraction=0.7075, gap_fraction=0.2926, ambiguous_fraction=0.0000, protein_length=444"
PA0081,2,False,VFG020001,VFG020001(gb|WP_012613438),fha1,11065,95.24014460320193,11065,0,0.0,4533,1511,0,0.7159325961177005,2.113336860213433e-06,0.7159347094545607,280,0.18530774321641297,495,blastp_best_hit_to_PAO1,99.598,100.4040404040404,0.0,981.0,True,True,,/data2/B_Li/vfdb/workflow_clade_translatorX_solved_dup_solved/final_aln/VFG020001.nogap.dedup/VFG020001.nogap.dedup.nt_ali.fasta,"Selected VFG002067: genome_count=11103, usable_sequences=0, usable_sequence_fraction=0.0000, usable_codon_fraction=0.2725, gap_fraction=0.6777, ambiguous_fraction=0.0000, protein_length=497"
PA0082,2,False,VFG002068,VFG002068(gb|NP_248772),hsiA1,11504,99.01876398691684,11504,0,0.0,1884,628,0,0.4515409483713225,3.691137431381755e-07,0.45154131748506565,345,0.5493630573248408,344,direct_ncbi_record,,,,,True,True,,/data2/B_Li/vfdb/workflow_clade_translatorX_solved_dup_solved/final_aln/VFG002068.nogap.dedup/VFG002068.nogap.dedup.nt_ali.fasta,"Selected VFG020003: genome_count=11521, usable_sequences=0, usable_sequence_fraction=0.0000, usable_codon_fraction=0.5529, gap_fraction=0.4480, ambiguous_fraction=0.0000, protein_length=344"
PA0082,3,False,VFG015438,VFG015438(gb|WP_003111627),hsiA1,11446,98.5195386469272,11446,0,0.0,1872,624,0,0.4480297954273579,3.7336224650570275e-07,0.4480301687896044,345,0.5528846153846154,344,blastp_best_hit_to_PAO1,98.256,100.0,0.0,652.0,True,True,,/data2/B_Li/vfdb/workflow_clade_translatorX_solved_dup_solved/final_aln/VFG015438.nogap.dedup/VFG015438.nogap.dedup.nt_ali.fasta,"Selected VFG020003: genome_count=11521, usable_sequences=0, usable_sequence_fraction=0.0000, usable_codon_fraction=0.5529, gap_fraction=0.4480, ambiguous_fraction=0.0000, protein_length=344"
PA0084,2,False,VFG015448,VFG015448(gb|WP_003111626),hsiC1/vipB/tssC,11588,99.74177999655709,11588,0,0.0,2052,684,0,0.27110975863314946,1.471913204558591e-06,0.271111230546354,499,0.72953216374269,498,blastp_best_hit_to_PAO1,100.0,100.0,0.0,1040.0,True,True,,/data2/B_Li/vfdb/workflow_clade_translatorX_solved_dup_solved/final_aln/VFG015448.nogap.dedup/VFG015448.nogap.dedup.nt_ali.fasta,"Selected VFG002070: genome_count=11588, usable_sequences=0, usable_sequence_fraction=0.0000, usable_codon_fraction=0.7295, gap_fraction=0.2711, ambiguous_fraction=0.0000, protein_length=498"
PA0084,3,False,VFG020007,VFG020007(gb|WP_003104973),hsiC1/vipB/tssC,11588,99.74177999655709,11588,0,0.0,2052,684,0,0.27110975863314946,1.471913204558591e-06,0.271111230546354,499,0.72953216374269,498,blastp_best_hit_to_PAO1,99.799,100.0,0.0,1038.0,True,True,,/data2/B_Li/vfdb/workflow_clade_translatorX_solved_dup_solved/final_aln/VFG020007.nogap.dedup/VFG020007.nogap.dedup.nt_ali.fasta,"Selected VFG002070: genome_count=11588, usable_sequences=0, usable_sequence_fraction=0.0000, usable_codon_fraction=0.7295, gap_fraction=0.2711, ambiguous_fraction=0.0000, protein_length=498"
PA0084,4,False,VFG015447,VFG015447(gb|WP_003151425),hsiC1/vipB/tssC,11588,99.74177999655709,11588,0,0.0,2052,684,0,0.2711098847971384,1.471913204558591e-06,0.2711113567103429,499,0.72953216374269,498,blastp_best_hit_to_PAO1,99.598,100.0,0.0,1037.0,True,True,,/data2/B_Li/vfdb/workflow_clade_translatorX_solved_dup_solved/final_aln/VFG015447.nogap.dedup/VFG015447.nogap.dedup.nt_ali.fasta,"Selected VFG002070: genome_count=11588, usable_sequences=0, usable_sequence_fraction=0.0000, usable_codon_fraction=0.7295, gap_fraction=0.2711, ambiguous_fraction=0.0000, protein_length=498"
PA0088,2,False,VFG002074,VFG002074(gb|NP_248778),hsiG1/tssF,11603,99.87088999827851,11603,0,0.0,2481,827,0,0.2510292911988216,6.252813114566856e-07,0.25102991648013306,620,0.7496977025392987,619,direct_ncbi_record,,,,,True,True,,/data2/B_Li/vfdb/workflow_clade_translatorX_solved_dup_solved/final_aln/VFG002074.nogap.dedup/VFG002074.nogap.dedup.nt_ali.fasta,"Selected VFG015473: genome_count=11603, usable_sequences=0, usable_sequence_fraction=0.0000, usable_codon_fraction=0.7702, gap_fraction=0.2306, ambiguous_fraction=0.0000, protein_length=619"
PA0088,3,False,VFG015474,VFG015474(gb|WP_003083676),hsiG1/tssF,11603,99.87088999827851,11603,0,0.0,2481,827,0,0.2510292911988216,6.252813114566856e-07,0.25102991648013306,620,0.7496977025392987,619,blastp_best_hit_to_PAO1,99.677,100.0,0.0,1251.0,True,True,,/data2/B_Li/vfdb/workflow_clade_translatorX_solved_dup_solved/final_aln/VFG015474.nogap.dedup/VFG015474.nogap.dedup.nt_ali.fasta,"Selected VFG015473: genome_count=11603, usable_sequences=0, usable_sequence_fraction=0.0000, usable_codon_fraction=0.7702, gap_fraction=0.2306, ambiguous_fraction=0.0000, protein_length=619"
PA0088,4,False,VFG020014,VFG020014(gb|WP_003083676),hsiG1/tssF,11603,99.87088999827851,11603,0,0.0,2481,827,0,0.2510292911988216,6.252813114566856e-07,0.25102991648013306,620,0.7496977025392987,619,blastp_best_hit_to_PAO1,99.677,100.0,0.0,1251.0,True,True,,/data2/B_Li/vfdb/workflow_clade_translatorX_solved_dup_solved/final_aln/VFG020014.nogap.dedup/VFG020014.nogap.dedup.nt_ali.fasta,"Selected VFG015473: genome_count=11603, usable_sequences=0, usable_sequence_fraction=0.0000, usable_codon_fraction=0.7702, gap_fraction=0.2306, ambiguous_fraction=0.0000, protein_length=619"
PA0089,2,False,VFG020016,VFG020016(gb|WP_003104969),hsiH1/tssG,11602,99.86228266483045,11602,0,0.0,1641,547,0,0.36228718682115896,6.82813203002151e-07,0.36228786963436194,349,0.6380255941499086,348,blastp_best_hit_to_PAO1,100.0,100.0,0.0,707.0,True,True,,/data2/B_Li/vfdb/workflow_clade_translatorX_solved_dup_solved/final_aln/VFG020016.nogap.dedup/VFG020016.nogap.dedup.nt_ali.fasta,"Selected VFG002075: genome_count=11602, usable_sequences=0, usable_sequence_fraction=0.0000, usable_codon_fraction=0.6380, gap_fraction=0.3623, ambiguous_fraction=0.0000, protein_length=348"
PA0089,3,False,VFG015483,VFG015483(gb|WP_003104969),hsiH1/tssG,11601,99.85367533138232,11601,0,0.0,1632,544,0,0.3587704153293073,6.866378997077669e-07,0.358771101967207,349,0.6415441176470589,348,blastp_best_hit_to_PAO1,100.0,100.0,0.0,707.0,True,True,,/data2/B_Li/vfdb/workflow_clade_translatorX_solved_dup_solved/final_aln/VFG015483.nogap.dedup/VFG015483.nogap.dedup.nt_ali.fasta,"Selected VFG002075: genome_count=11602, usable_sequences=0, usable_sequence_fraction=0.0000, usable_codon_fraction=0.6380, gap_fraction=0.3623, ambiguous_fraction=0.0000, protein_length=348"
PA0090,2,False,VFG002076,VFG002076(gb|NP_248780),clpV1,11603,99.87088999827851,11603,0,0.0,3387,1129,0,0.20224664721647764,2.4427878102140132e-06,0.20224909000428787,903,0.7998228520814881,902,direct_ncbi_record,,,,,True,True,,/data2/B_Li/vfdb/workflow_clade_translatorX_solved_dup_solved/final_aln/VFG002076.nogap.dedup/VFG002076.nogap.dedup.nt_ali.fasta,"Selected VFG015491: genome_count=11603, usable_sequences=11162, usable_sequence_fraction=0.9620, usable_codon_fraction=0.8034, gap_fraction=0.1988, ambiguous_fraction=0.0000, protein_length=902"
PA0090,3,False,VFG020018,VFG020018(gb|WP_012613439),clpV1,11603,99.87088999827851,11603,0,0.0,3387,1129,0,0.20224664721647764,2.4427878102140132e-06,0.20224909000428787,903,0.7998228520814881,902,blastp_best_hit_to_PAO1,99.778,100.0,0.0,1818.0,True,True,,/data2/B_Li/vfdb/workflow_clade_translatorX_solved_dup_solved/final_aln/VFG020018.nogap.dedup/VFG020018.nogap.dedup.nt_ali.fasta,"Selected VFG015491: genome_count=11603, usable_sequences=11162, usable_sequence_fraction=0.9620, usable_codon_fraction=0.8034, gap_fraction=0.1988, ambiguous_fraction=0.0000, protein_length=902"
PA0090,4,False,VFG015492,VFG015492(gb|WP_003136970),clpV1,11603,99.87088999827851,11603,0,0.0,3387,1129,0,0.2022467235535967,2.4427878102140132e-06,0.20224916634140694,903,0.7998228520814881,902,blastp_best_hit_to_PAO1,99.667,100.0,0.0,1816.0,True,True,,/data2/B_Li/vfdb/workflow_clade_translatorX_solved_dup_solved/final_aln/VFG015492.nogap.dedup/VFG015492.nogap.dedup.nt_ali.fasta,"Selected VFG015491: genome_count=11603, usable_sequences=11162, usable_sequence_fraction=0.9620, usable_codon_fraction=0.8034, gap_fraction=0.1988, ambiguous_fraction=0.0000, protein_length=902"
PA0091,2,False,VFG020020,VFG020020(gb|WP_003142374),vgrG1a,11550,99.41470132552936,11550,0,0.0,3267,1089,0,0.43370247138842183,2.067109505126034e-06,0.43370453849792695,644,0.5913682277318641,643,blastp_best_hit_to_PAO1,99.844,100.0,0.0,1329.0,True,True,,/data2/B_Li/vfdb/workflow_clade_translatorX_solved_dup_solved/final_aln/VFG020020.nogap.dedup/VFG020020.nogap.dedup.nt_ali.fasta,"Selected VFG002077: genome_count=11550, usable_sequences=0, usable_sequence_fraction=0.0000, usable_codon_fraction=0.5914, gap_fraction=0.4337, ambiguous_fraction=0.0000, protein_length=643"
PA0091,3,False,VFG015501,VFG015501(gb|WP_011666527),vgrG1a,11550,99.41470132552936,11550,0,0.0,3291,1097,0,0.4378399176029076,2.0520348688078863e-06,0.4378419696377764,644,0.5870556061987238,643,blastp_best_hit_to_PAO1,99.689,100.0,0.0,1326.0,True,True,,/data2/B_Li/vfdb/workflow_clade_translatorX_solved_dup_solved/final_aln/VFG015501.nogap.dedup/VFG015501.nogap.dedup.nt_ali.fasta,"Selected VFG002077: genome_count=11550, usable_sequences=0, usable_sequence_fraction=0.0000, usable_codon_fraction=0.5914, gap_fraction=0.4337, ambiguous_fraction=0.0000, protein_length=643"
PA0091,4,False,VFG015500,VFG015500(gb|WP_079262221),vgrG1a,11546,99.38027199173696,11546,0,0.0,3207,1069,0,0.4231133383252284,2.1065127378394664e-06,0.42311544483796626,644,0.6024321796071095,643,blastp_best_hit_to_PAO1,97.508,99.84447900466564,0.0,1303.0,True,True,,/data2/B_Li/vfdb/workflow_clade_translatorX_solved_dup_solved/final_aln/VFG015500.nogap.dedup/VFG015500.nogap.dedup.nt_ali.fasta,"Selected VFG002077: genome_count=11550, usable_sequences=0, usable_sequence_fraction=0.0000, usable_codon_fraction=0.5914, gap_fraction=0.4337, ambiguous_fraction=0.0000, protein_length=643"
PA0093,2,False,VFG051834,VFG051834(gb|WP_003104959.1),tse6,11230,96.66035462213809,11230,0,0.0,1998,666,0,0.4278543904545685,4.902498223958598e-07,0.4278548807043909,249,0.3738738738738739,430,blastp_best_hit_to_PAO1,99.302,100.0,0.0,862.0,True,True,,/data2/B_Li/vfdb/workflow_clade_translatorX_solved_dup_solved/final_aln/VFG051834.nogap.dedup/VFG051834.nogap.dedup.nt_ali.fasta,"Selected VFG051485: genome_count=11231, usable_sequences=0, usable_sequence_fraction=0.0000, usable_codon_fraction=0.3739, gap_fraction=0.4279, ambiguous_fraction=0.0000, protein_length=430"
PA0262,2,False,VFG051487,VFG051487(gb|NP_248953.1),vgrG2b,11512,99.08762265450164,11512,0,0.0,13533,4511,0,0.8573302747403497,4.8012766979869095e-05,0.8573782875073296,210,0.04655287076036355,1019,direct_ncbi_record,,,,,True,True,,/data2/B_Li/vfdb/workflow_clade_translatorX_solved_dup_solved/final_aln/VFG051487.nogap.dedup/VFG051487.nogap.dedup.nt_ali.fasta,"Selected VFG051596: genome_count=11512, usable_sequences=0, usable_sequence_fraction=0.0000, usable_codon_fraction=0.0473, gap_fraction=0.8317, ambiguous_fraction=0.0001, protein_length=1019"
PA0262,3,False,VFG051593,VFG051593(gb|WP_012613476.1),vgrG2b,11512,99.08762265450164,11512,0,0.0,12195,4065,0,0.8416703208032775,5.3280588400046614e-05,0.8417236013916776,186,0.045756457564575644,1019,blastp_best_hit_to_PAO1,99.706,100.0,0.0,2094.0,True,True,,/data2/B_Li/vfdb/workflow_clade_translatorX_solved_dup_solved/final_aln/VFG051593.nogap.dedup/VFG051593.nogap.dedup.nt_ali.fasta,"Selected VFG051596: genome_count=11512, usable_sequences=0, usable_sequence_fraction=0.0000, usable_codon_fraction=0.0473, gap_fraction=0.8317, ambiguous_fraction=0.0001, protein_length=1019"
PA0395,2,False,VFG013898,VFG013898(gb|WP_003084552),pilT,11612,99.94835599931142,11612,11609,0.9997416465725112,1092,364,0,0.05229125421598725,1.5772492520684048e-07,0.052291411940912455,345,0.9478021978021978,344,blastp_best_hit_to_PAO1,100.0,100.0,0.0,703.0,True,True,,/data2/B_Li/vfdb/workflow_clade_translatorX_solved_dup_solved/final_aln/VFG013898.nogap.dedup/VFG013898.nogap.dedup.nt_ali.fasta,"Selected VFG001223: genome_count=11612, usable_sequences=11609, usable_sequence_fraction=0.9997, usable_codon_fraction=0.9478, gap_fraction=0.0523, ambiguous_fraction=0.0000, protein_length=344"
PA0395,3,False,VFG019744,VFG019744(gb|WP_003084552),pilT,11612,99.94835599931142,11612,11609,0.9997416465725112,1092,364,0,0.05229125421598725,1.5772492520684048e-07,0.052291411940912455,345,0.9478021978021978,344,blastp_best_hit_to_PAO1,100.0,100.0,0.0,703.0,True,True,,/data2/B_Li/vfdb/workflow_clade_translatorX_solved_dup_solved/final_aln/VFG019744.nogap.dedup/VFG019744.nogap.dedup.nt_ali.fasta,"Selected VFG001223: genome_count=11612, usable_sequences=11609, usable_sequence_fraction=0.9997, usable_codon_fraction=0.9478, gap_fraction=0.0523, ambiguous_fraction=0.0000, protein_length=344"
PA0395,4,False,VFG013897,VFG013897(gb|WP_003084552),pilT,11163,96.0836632811155,11163,11160,0.999731255038968,1092,364,0,0.05229501305824875,1.6406896277898696e-07,0.052295177127211524,345,0.9478021978021978,344,blastp_best_hit_to_PAO1,100.0,100.0,0.0,703.0,True,True,,/data2/B_Li/vfdb/workflow_clade_translatorX_solved_dup_solved/final_aln/VFG013897.nogap.dedup/VFG013897.nogap.dedup.nt_ali.fasta,"Selected VFG001223: genome_count=11612, usable_sequences=11609, usable_sequence_fraction=0.9997, usable_codon_fraction=0.9478, gap_fraction=0.0523, ambiguous_fraction=0.0000, protein_length=344"
PA0396,2,False,VFG013911,VFG013911(gb|WP_003110016),pilU,11612,99.94835599931142,11612,11606,0.9994832931450224,1311,437,0,0.12369591624225236,1.3137728323864973e-07,0.12369604761953559,383,0.8764302059496567,382,blastp_best_hit_to_PAO1,99.738,100.0,0.0,787.0,True,True,,/data2/B_Li/vfdb/workflow_clade_translatorX_solved_dup_solved/final_aln/VFG013911.nogap.dedup/VFG013911.nogap.dedup.nt_ali.fasta,"Selected VFG001224: genome_count=11612, usable_sequences=11606, usable_sequence_fraction=0.9995, usable_codon_fraction=0.8764, gap_fraction=0.1237, ambiguous_fraction=0.0000, protein_length=382"
PA0396,3,False,VFG013910,VFG013910(gb|WP_033999672),pilU,11612,99.94835599931142,11612,11606,0.9994832931450224,1362,454,0,0.1565136172363088,1.2645786954909677e-07,0.15651374369417834,383,0.8436123348017621,382,blastp_best_hit_to_PAO1,99.476,100.0,0.0,788.0,True,True,,/data2/B_Li/vfdb/workflow_clade_translatorX_solved_dup_solved/final_aln/VFG013910.nogap.dedup/VFG013910.nogap.dedup.nt_ali.fasta,"Selected VFG001224: genome_count=11612, usable_sequences=11606, usable_sequence_fraction=0.9995, usable_codon_fraction=0.8764, gap_fraction=0.1237, ambiguous_fraction=0.0000, protein_length=382"
PA0411,2,False,VFG001228,VFG001228(gb|NP_249102),pilJ,11613,99.95696333275951,11613,0,0.0,3561,1187,0,0.42547334056312425,1.6927064158143468e-07,0.4254735098337658,683,0.5754001684919966,682,direct_ncbi_record,,,,,True,True,,/data2/B_Li/vfdb/workflow_clade_translatorX_solved_dup_solved/final_aln/VFG001228.nogap.dedup/VFG001228.nogap.dedup.nt_ali.fasta,"Selected VFG014043: genome_count=11613, usable_sequences=0, usable_sequence_fraction=0.0000, usable_codon_fraction=0.5868, gap_fraction=0.4141, ambiguous_fraction=0.0000, protein_length=682"
PA0411,3,False,VFG014044,VFG014044(gb|WP_003084592),pilJ,11613,99.95696333275951,11613,0,0.0,3561,1187,0,0.42547334056312425,1.6927064158143468e-07,0.4254735098337658,683,0.5754001684919966,682,blastp_best_hit_to_PAO1,99.853,100.0,0.0,1352.0,True,True,,/data2/B_Li/vfdb/workflow_clade_translatorX_solved_dup_solved/final_aln/VFG014044.nogap.dedup/VFG014044.nogap.dedup.nt_ali.fasta,"Selected VFG014043: genome_count=11613, usable_sequences=0, usable_sequence_fraction=0.0000, usable_codon_fraction=0.5868, gap_fraction=0.4141, ambiguous_fraction=0.0000, protein_length=682"
PA0411,4,False,VFG019768,VFG019768(gb|WP_003100940),pilJ,11613,99.95696333275951,11613,0,0.0,3561,1187,0,0.42547334056312425,1.6927064158143468e-07,0.4254735098337658,683,0.5754001684919966,682,blastp_best_hit_to_PAO1,100.0,100.0,0.0,1355.0,True,True,,/data2/B_Li/vfdb/workflow_clade_translatorX_solved_dup_solved/final_aln/VFG019768.nogap.dedup/VFG019768.nogap.dedup.nt_ali.fasta,"Selected VFG014043: genome_count=11613, usable_sequences=0, usable_sequence_fraction=0.0000, usable_codon_fraction=0.5868, gap_fraction=0.4141, ambiguous_fraction=0.0000, protein_length=682"
PA0413,2,False,VFG001231,VFG001231(gb|NP_249104),chpA,11575,99.6298846617318,11575,0,0.0,13413,4471,0,0.4493539116736463,3.735778078035573e-07,0.4493542852514541,2471,0.5526727801386715,2472,direct_ncbi_record,,,,,True,True,,/data2/B_Li/vfdb/workflow_clade_translatorX_solved_dup_solved/final_aln/VFG001231.nogap.dedup/VFG001231.nogap.dedup.nt_ali.fasta,"Selected VFG014062: genome_count=11609, usable_sequences=0, usable_sequence_fraction=0.0000, usable_codon_fraction=0.5305, gap_fraction=0.4730, ambiguous_fraction=0.0000, protein_length=2476"
PA0413,3,False,VFG019771,VFG019771(gb|WP_012613502),chpA,11575,99.6298846617318,11575,0,0.0,14253,4751,0,0.4818602608613033,3.5156101424746473e-07,0.48186061242231754,2471,0.5201010313618185,2472,blastp_best_hit_to_PAO1,99.717,100.0,0.0,4833.0,True,True,,/data2/B_Li/vfdb/workflow_clade_translatorX_solved_dup_solved/final_aln/VFG019771.nogap.dedup/VFG019771.nogap.dedup.nt_ali.fasta,"Selected VFG014062: genome_count=11609, usable_sequences=0, usable_sequence_fraction=0.0000, usable_codon_fraction=0.5305, gap_fraction=0.4730, ambiguous_fraction=0.0000, protein_length=2476"
PA0414,2,False,VFG001232,VFG001232(gb|NP_249105),chpB,11540,99.32862799104836,11540,0,0.0,1335,445,0,0.22703133215196775,2.596407869712253e-07,0.22703159179275473,344,0.7730337078651686,343,direct_ncbi_record,,,,,True,True,,/data2/B_Li/vfdb/workflow_clade_translatorX_solved_dup_solved/final_aln/VFG001232.nogap.dedup/VFG001232.nogap.dedup.nt_ali.fasta,"Selected VFG019773: genome_count=11550, usable_sequences=0, usable_sequence_fraction=0.0000, usable_codon_fraction=0.7730, gap_fraction=0.2270, ambiguous_fraction=0.0000, protein_length=343"
PA0414,3,False,VFG014075,VFG014075(gb|WP_004365048),chpB,11525,99.1995179893269,11525,0,0.0,1335,445,0,0.22703141680274927,2.5997871424277137e-07,0.22703167678146352,344,0.7730337078651686,343,blastp_best_hit_to_PAO1,99.125,100.0,0.0,687.0,True,True,,/data2/B_Li/vfdb/workflow_clade_translatorX_solved_dup_solved/final_aln/VFG014075.nogap.dedup/VFG014075.nogap.dedup.nt_ali.fasta,"Selected VFG019773: genome_count=11550, usable_sequences=0, usable_sequence_fraction=0.0000, usable_codon_fraction=0.7730, gap_fraction=0.2270, ambiguous_fraction=0.0000, protein_length=343"
PA0766,2,False,VFG014952,VFG014952(gb|WP_003140933),mucD,11615,99.97417799965572,11615,0,0.0,1965,655,0,0.27491168632296353,5.695889867778679e-07,0.2749122559119503,475,0.7251908396946565,474,blastp_best_hit_to_PAO1,99.156,100.0,0.0,943.0,True,True,,/data2/B_Li/vfdb/workflow_clade_translatorX_solved_dup_solved/final_aln/VFG014952.nogap.dedup/VFG014952.nogap.dedup.nt_ali.fasta,"Selected VFG014950: genome_count=11615, usable_sequences=0, usable_sequence_fraction=0.0000, usable_codon_fraction=0.7252, gap_fraction=0.2749, ambiguous_fraction=0.0000, protein_length=474"
PA0766,3,False,VFG019916,VFG019916(gb|WP_009315254),mucD,11615,99.97417799965572,11615,0,0.0,1965,655,0,0.27491168632296353,5.695889867778679e-07,0.2749122559119503,475,0.7251908396946565,474,blastp_best_hit_to_PAO1,99.578,100.0,0.0,946.0,True,True,,/data2/B_Li/vfdb/workflow_clade_translatorX_solved_dup_solved/final_aln/VFG019916.nogap.dedup/VFG019916.nogap.dedup.nt_ali.fasta,"Selected VFG014950: genome_count=11615, usable_sequences=0, usable_sequence_fraction=0.0000, usable_codon_fraction=0.7252, gap_fraction=0.2749, ambiguous_fraction=0.0000, protein_length=474"
PA0766,4,False,VFG014951,VFG014951(gb|WP_012077033),mucD,11614,99.9655706662076,11614,0,0.0,1929,643,0,0.2613806579231747,5.80268910896852e-07,0.26138123819208564,475,0.7387247278382582,474,blastp_best_hit_to_PAO1,99.578,100.0,0.0,945.0,True,True,,/data2/B_Li/vfdb/workflow_clade_translatorX_solved_dup_solved/final_aln/VFG014951.nogap.dedup/VFG014951.nogap.dedup.nt_ali.fasta,"Selected VFG014950: genome_count=11615, usable_sequences=0, usable_sequence_fraction=0.0000, usable_codon_fraction=0.7252, gap_fraction=0.2749, ambiguous_fraction=0.0000, protein_length=474"
PA0844,2,False,VFG015851,VFG015851(gb|WP_003140852),plcH,11584,99.70735066276468,11584,0,0.0,3201,1067,0,0.31501405163441676,5.124003030820825e-07,0.31501456403471984,731,0.6850984067478912,730,blastp_best_hit_to_PAO1,99.315,100.0,0.0,1510.0,True,True,,/data2/B_Li/vfdb/workflow_clade_translatorX_solved_dup_solved/final_aln/VFG015851.nogap.dedup/VFG015851.nogap.dedup.nt_ali.fasta,"Selected VFG000157: genome_count=11584, usable_sequences=0, usable_sequence_fraction=0.0000, usable_codon_fraction=0.6877, gap_fraction=0.3124, ambiguous_fraction=0.0000, protein_length=730"
PA0844,3,False,VFG020044,VFG020044(gb|WP_012614438),plcH,11584,99.70735066276468,11584,0,0.0,3201,1067,0,0.31501405163441676,5.124003030820825e-07,0.31501456403471984,731,0.6850984067478912,730,blastp_best_hit_to_PAO1,99.589,100.0,0.0,1512.0,True,True,,/data2/B_Li/vfdb/workflow_clade_translatorX_solved_dup_solved/final_aln/VFG020044.nogap.dedup/VFG020044.nogap.dedup.nt_ali.fasta,"Selected VFG000157: genome_count=11584, usable_sequences=0, usable_sequence_fraction=0.0000, usable_codon_fraction=0.6877, gap_fraction=0.3124, ambiguous_fraction=0.0000, protein_length=730"
PA0844,4,False,VFG015850,VFG015850(gb|WP_012076980),plcH,11514,99.10483732139784,11514,0,0.0,3201,1067,0,0.31501424694829766,5.155154690726805e-07,0.31501476246376675,731,0.6850984067478912,730,blastp_best_hit_to_PAO1,96.712,100.0,0.0,1482.0,True,True,,/data2/B_Li/vfdb/workflow_clade_translatorX_solved_dup_solved/final_aln/VFG015850.nogap.dedup/VFG015850.nogap.dedup.nt_ali.fasta,"Selected VFG000157: genome_count=11584, usable_sequences=0, usable_sequence_fraction=0.0000, usable_codon_fraction=0.6877, gap_fraction=0.3124, ambiguous_fraction=0.0000, protein_length=730"
PA0928,2,False,VFG015069,VFG015069(gb|WP_003102426),gacS,11574,99.6212773282837,11574,0,0.0,4932,1644,0,0.4383312899917888,5.43069169073339e-07,0.43833183306095785,926,0.5632603406326034,925,blastp_best_hit_to_PAO1,100.0,100.0,0.0,1857.0,True,True,,/data2/B_Li/vfdb/workflow_clade_translatorX_solved_dup_solved/final_aln/VFG015069.nogap.dedup/VFG015069.nogap.dedup.nt_ali.fasta,"Selected VFG015067: genome_count=11574, usable_sequences=0, usable_sequence_fraction=0.0000, usable_codon_fraction=0.5748, gap_fraction=0.4268, ambiguous_fraction=0.0000, protein_length=925"
PA0928,3,False,VFG019941,VFG019941(gb|WP_003102426),gacS,11574,99.6212773282837,11574,0,0.0,4932,1644,0,0.4383312899917888,5.43069169073339e-07,0.43833183306095785,926,0.5632603406326034,925,blastp_best_hit_to_PAO1,100.0,100.0,0.0,1857.0,True,True,,/data2/B_Li/vfdb/workflow_clade_translatorX_solved_dup_solved/final_aln/VFG019941.nogap.dedup/VFG019941.nogap.dedup.nt_ali.fasta,"Selected VFG015067: genome_count=11574, usable_sequences=0, usable_sequence_fraction=0.0000, usable_codon_fraction=0.5748, gap_fraction=0.4268, ambiguous_fraction=0.0000, protein_length=925"
PA1080,2,False,VFG014189,VFG014189(gb|WP_003086405),flgE,11436,98.4334653124462,11436,0,0.0,1950,650,0,0.28777127559394083,5.381117658137595e-07,0.28777181370570665,463,0.7123076923076923,462,blastp_best_hit_to_PAO1,99.784,100.0,0.0,925.0,True,True,,/data2/B_Li/vfdb/workflow_clade_translatorX_solved_dup_solved/final_aln/VFG014189.nogap.dedup/VFG014189.nogap.dedup.nt_ali.fasta,"Selected VFG001238: genome_count=11436, usable_sequences=0, usable_sequence_fraction=0.0000, usable_codon_fraction=0.7134, gap_fraction=0.2867, ambiguous_fraction=0.0000, protein_length=462"
PA1080,3,False,VFG019797,VFG019797(gb|WP_003082154),flgE,11436,98.4334653124462,11436,0,0.0,1950,650,0,0.28777127559394083,5.381117658137595e-07,0.28777181370570665,463,0.7123076923076923,462,blastp_best_hit_to_PAO1,100.0,100.0,0.0,925.0,True,True,,/data2/B_Li/vfdb/workflow_clade_translatorX_solved_dup_solved/final_aln/VFG019797.nogap.dedup/VFG019797.nogap.dedup.nt_ali.fasta,"Selected VFG001238: genome_count=11436, usable_sequences=0, usable_sequence_fraction=0.0000, usable_codon_fraction=0.7134, gap_fraction=0.2867, ambiguous_fraction=0.0000, protein_length=462"
PA1084,2,False,VFG014241,VFG014241(gb|WP_003082169),flgI,11614,99.9655706662076,11614,11610,0.9996555880833476,1383,461,0,0.19747428770796857,4.980649553901897e-07,0.19747478577292396,370,0.8026030368763557,369,blastp_best_hit_to_PAO1,100.0,100.0,0.0,730.0,True,True,,/data2/B_Li/vfdb/workflow_clade_translatorX_solved_dup_solved/final_aln/VFG014241.nogap.dedup/VFG014241.nogap.dedup.nt_ali.fasta,"Selected VFG001242: genome_count=11614, usable_sequences=11610, usable_sequence_fraction=0.9997, usable_codon_fraction=0.8026, gap_fraction=0.1975, ambiguous_fraction=0.0000, protein_length=369"
PA1084,3,False,VFG019805,VFG019805(gb|WP_003082169),flgI,11614,99.9655706662076,11614,11610,0.9996555880833476,1383,461,0,0.19747428770796857,4.980649553901897e-07,0.19747478577292396,370,0.8026030368763557,369,blastp_best_hit_to_PAO1,100.0,100.0,0.0,730.0,True,True,,/data2/B_Li/vfdb/workflow_clade_translatorX_solved_dup_solved/final_aln/VFG019805.nogap.dedup/VFG019805.nogap.dedup.nt_ali.fasta,"Selected VFG001242: genome_count=11614, usable_sequences=11610, usable_sequence_fraction=0.9997, usable_codon_fraction=0.8026, gap_fraction=0.1975, ambiguous_fraction=0.0000, protein_length=369"
PA1084,4,False,VFG014240,VFG014240(gb|WP_003082169),flgI,11498,98.96711998622828,11498,11495,0.999739085058271,1326,442,0,0.1629758155854766,5.247158204705809e-07,0.16297634030129707,370,0.8371040723981901,369,blastp_best_hit_to_PAO1,100.0,100.0,0.0,730.0,True,True,,/data2/B_Li/vfdb/workflow_clade_translatorX_solved_dup_solved/final_aln/VFG014240.nogap.dedup/VFG014240.nogap.dedup.nt_ali.fasta,"Selected VFG001242: genome_count=11614, usable_sequences=11610, usable_sequence_fraction=0.9997, usable_codon_fraction=0.8026, gap_fraction=0.1975, ambiguous_fraction=0.0000, protein_length=369"
PA1085,2,False,VFG001243,VFG001243(gb|NP_249776),flgJ,11577,99.647099328628,11577,0,0.0,1692,564,0,0.2891103171671393,5.105092411361812e-07,0.28911082767638047,401,0.7109929078014184,400,direct_ncbi_record,,,,,True,True,,/data2/B_Li/vfdb/workflow_clade_translatorX_solved_dup_solved/final_aln/VFG001243.nogap.dedup/VFG001243.nogap.dedup.nt_ali.fasta,"Selected VFG014254: genome_count=11582, usable_sequences=0, usable_sequence_fraction=0.0000, usable_codon_fraction=0.7110, gap_fraction=0.2891, ambiguous_fraction=0.0000, protein_length=400"
PA1085,3,False,VFG019807,VFG019807(gb|WP_003116316),flgJ,11577,99.647099328628,11577,0,0.0,1692,564,0,0.2891103171671393,5.105092411361812e-07,0.28911082767638047,401,0.7109929078014184,400,blastp_best_hit_to_PAO1,99.75,100.0,0.0,810.0,True,True,,/data2/B_Li/vfdb/workflow_clade_translatorX_solved_dup_solved/final_aln/VFG019807.nogap.dedup/VFG019807.nogap.dedup.nt_ali.fasta,"Selected VFG014254: genome_count=11582, usable_sequences=0, usable_sequence_fraction=0.0000, usable_codon_fraction=0.7110, gap_fraction=0.2891, ambiguous_fraction=0.0000, protein_length=400"
PA1097,2,False,VFG019823,VFG019823(gb|WP_003086448),fleQ,11575,99.6298846617318,11575,0,0.0,2175,725,0,0.3232296715573099,9.930240063553537e-07,0.3232306645813163,491,0.6772413793103448,490,blastp_best_hit_to_PAO1,100.0,100.0,0.0,994.0,True,True,,/data2/B_Li/vfdb/workflow_clade_translatorX_solved_dup_solved/final_aln/VFG019823.nogap.dedup/VFG019823.nogap.dedup.nt_ali.fasta,"Selected VFG014358: genome_count=11575, usable_sequences=0, usable_sequence_fraction=0.0000, usable_codon_fraction=0.6772, gap_fraction=0.3232, ambiguous_fraction=0.0000, protein_length=490"
PA1097,3,False,VFG001248,VFG001248(gb|NP_249788),fleQ,11575,99.6298846617318,11575,0,0.0,2190,730,0,0.3278644930323382,9.862224720652484e-07,0.3278654792548103,491,0.6726027397260274,490,direct_ncbi_record,,,,,True,True,,/data2/B_Li/vfdb/workflow_clade_translatorX_solved_dup_solved/final_aln/VFG001248.nogap.dedup/VFG001248.nogap.dedup.nt_ali.fasta,"Selected VFG014358: genome_count=11575, usable_sequences=0, usable_sequence_fraction=0.0000, usable_codon_fraction=0.6772, gap_fraction=0.3232, ambiguous_fraction=0.0000, protein_length=490"
PA1098,2,False,VFG014371,VFG014371(gb|WP_003109120),fleS,11575,99.6298846617318,11575,0,0.0,1848,616,0,0.3460379792993184,7.947416154759568e-07,0.34603877404093386,403,0.6542207792207793,402,blastp_best_hit_to_PAO1,99.751,100.0,0.0,798.0,True,True,,/data2/B_Li/vfdb/workflow_clade_translatorX_solved_dup_solved/final_aln/VFG014371.nogap.dedup/VFG014371.nogap.dedup.nt_ali.fasta,"Selected VFG014369: genome_count=11575, usable_sequences=0, usable_sequence_fraction=0.0000, usable_codon_fraction=0.6542, gap_fraction=0.3460, ambiguous_fraction=0.0000, protein_length=402"
PA1098,3,False,VFG019825,VFG019825(gb|WP_012614401),fleS,11575,99.6298846617318,11575,0,0.0,1848,616,0,0.3460379792993184,7.947416154759568e-07,0.34603877404093386,403,0.6542207792207793,402,blastp_best_hit_to_PAO1,99.502,100.0,0.0,796.0,True,True,,/data2/B_Li/vfdb/workflow_clade_translatorX_solved_dup_solved/final_aln/VFG019825.nogap.dedup/VFG019825.nogap.dedup.nt_ali.fasta,"Selected VFG014369: genome_count=11575, usable_sequences=0, usable_sequence_fraction=0.0000, usable_codon_fraction=0.6542, gap_fraction=0.3460, ambiguous_fraction=0.0000, protein_length=402"
PA1099,2,False,VFG014384,VFG014384(gb|WP_003082202),fleR,11575,99.6298846617318,11575,0,0.0,2163,721,0,0.3433099576721796,1.4378877429056716e-06,0.3433113955599225,474,0.6574202496532594,473,blastp_best_hit_to_PAO1,100.0,100.0,0.0,939.0,True,True,,/data2/B_Li/vfdb/workflow_clade_translatorX_solved_dup_solved/final_aln/VFG014384.nogap.dedup/VFG014384.nogap.dedup.nt_ali.fasta,"Selected VFG001249: genome_count=11575, usable_sequences=0, usable_sequence_fraction=0.0000, usable_codon_fraction=0.6574, gap_fraction=0.3433, ambiguous_fraction=0.0000, protein_length=473"
PA1099,3,False,VFG019827,VFG019827(gb|WP_003082202),fleR,11575,99.6298846617318,11575,0,0.0,2163,721,0,0.3433099576721796,1.4378877429056716e-06,0.3433113955599225,474,0.6574202496532594,473,blastp_best_hit_to_PAO1,100.0,100.0,0.0,939.0,True,True,,/data2/B_Li/vfdb/workflow_clade_translatorX_solved_dup_solved/final_aln/VFG019827.nogap.dedup/VFG019827.nogap.dedup.nt_ali.fasta,"Selected VFG001249: genome_count=11575, usable_sequences=0, usable_sequence_fraction=0.0000, usable_codon_fraction=0.6574, gap_fraction=0.3433, ambiguous_fraction=0.0000, protein_length=473"
PA1101,2,False,VFG014410,VFG014410(gb|WP_003109118),fliF,11616,99.9827853331038,11616,0,0.0,2778,926,0,0.35331982325711464,5.887958715368886e-07,0.3533204120529862,599,0.6468682505399568,598,blastp_best_hit_to_PAO1,100.0,100.0,0.0,1203.0,True,True,,/data2/B_Li/vfdb/workflow_clade_translatorX_solved_dup_solved/final_aln/VFG014410.nogap.dedup/VFG014410.nogap.dedup.nt_ali.fasta,"Selected VFG001251: genome_count=11616, usable_sequences=0, usable_sequence_fraction=0.0000, usable_codon_fraction=0.6469, gap_fraction=0.3533, ambiguous_fraction=0.0000, protein_length=598"
PA1101,3,False,VFG019831,VFG019831(gb|WP_012614400),fliF,11616,99.9827853331038,11616,0,0.0,2778,926,0,0.35331982325711464,5.887958715368886e-07,0.3533204120529862,599,0.6468682505399568,598,blastp_best_hit_to_PAO1,99.833,100.0,0.0,1201.0,True,True,,/data2/B_Li/vfdb/workflow_clade_translatorX_solved_dup_solved/final_aln/VFG019831.nogap.dedup/VFG019831.nogap.dedup.nt_ali.fasta,"Selected VFG001251: genome_count=11616, usable_sequences=0, usable_sequence_fraction=0.0000, usable_codon_fraction=0.6469, gap_fraction=0.3533, ambiguous_fraction=0.0000, protein_length=598"
PA1101,4,False,VFG014409,VFG014409(gb|WP_012076711),fliF,11615,99.97417799965572,11615,0,0.0,2541,847,0,0.294163035727627,6.437684988148731e-07,0.2941636794961258,598,0.706021251475797,597,blastp_best_hit_to_PAO1,98.662,100.16750418760468,0.0,1187.0,True,True,,/data2/B_Li/vfdb/workflow_clade_translatorX_solved_dup_solved/final_aln/VFG014409.nogap.dedup/VFG014409.nogap.dedup.nt_ali.fasta,"Selected VFG001251: genome_count=11616, usable_sequences=0, usable_sequence_fraction=0.0000, usable_codon_fraction=0.6469, gap_fraction=0.3533, ambiguous_fraction=0.0000, protein_length=598"
PA1102,2,False,VFG014423,VFG014423(gb|WP_003082212),fliG,11582,99.69013599586847,11582,0,0.0,1281,427,0,0.20609081280530195,5.392092038697427e-07,0.20609135201450582,339,0.7939110070257611,338,blastp_best_hit_to_PAO1,100.0,100.0,0.0,674.0,True,True,,/data2/B_Li/vfdb/workflow_clade_translatorX_solved_dup_solved/final_aln/VFG014423.nogap.dedup/VFG014423.nogap.dedup.nt_ali.fasta,"Selected VFG001252: genome_count=11589, usable_sequences=0, usable_sequence_fraction=0.0000, usable_codon_fraction=0.7939, gap_fraction=0.2061, ambiguous_fraction=0.0000, protein_length=338"
PA1102,3,False,VFG019833,VFG019833(gb|WP_003082212),fliG,11573,99.6126699948356,11573,0,0.0,1281,427,0,0.2060908142205339,5.396285318603094e-07,0.20609135384906577,339,0.7939110070257611,338,blastp_best_hit_to_PAO1,100.0,100.0,0.0,674.0,True,True,,/data2/B_Li/vfdb/workflow_clade_translatorX_solved_dup_solved/final_aln/VFG019833.nogap.dedup/VFG019833.nogap.dedup.nt_ali.fasta,"Selected VFG001252: genome_count=11589, usable_sequences=0, usable_sequence_fraction=0.0000, usable_codon_fraction=0.7939, gap_fraction=0.2061, ambiguous_fraction=0.0000, protein_length=338"
PA1104,2,False,VFG014449,VFG014449(gb|WP_003086458),fliI,11578,99.6557066620761,11578,0,0.0,1929,643,0,0.2972155589769518,1.4775703477958814e-06,0.2972170365472996,452,0.702954898911353,451,blastp_best_hit_to_PAO1,100.0,100.0,0.0,899.0,True,True,,/data2/B_Li/vfdb/workflow_clade_translatorX_solved_dup_solved/final_aln/VFG014449.nogap.dedup/VFG014449.nogap.dedup.nt_ali.fasta,"Selected VFG001254: genome_count=11578, usable_sequences=0, usable_sequence_fraction=0.0000, usable_codon_fraction=0.7030, gap_fraction=0.2972, ambiguous_fraction=0.0000, protein_length=451"
PA1104,3,False,VFG019837,VFG019837(gb|WP_003086458),fliI,11578,99.6557066620761,11578,0,0.0,1929,643,0,0.2972155589769518,1.4775703477958814e-06,0.2972170365472996,452,0.702954898911353,451,blastp_best_hit_to_PAO1,100.0,100.0,0.0,899.0,True,True,,/data2/B_Li/vfdb/workflow_clade_translatorX_solved_dup_solved/final_aln/VFG019837.nogap.dedup/VFG019837.nogap.dedup.nt_ali.fasta,"Selected VFG001254: genome_count=11578, usable_sequences=0, usable_sequence_fraction=0.0000, usable_codon_fraction=0.7030, gap_fraction=0.2972, ambiguous_fraction=0.0000, protein_length=451"
PA1148,2,False,VFG020047,VFG020047(gb|WP_012614391),toxA,11355,97.73627130315028,11355,0,0.0,3045,1015,0,0.3714749909438562,9.254981240586852e-07,0.3714759164419803,639,0.6295566502463055,638,blastp_best_hit_to_PAO1,98.903,100.0,0.0,1289.0,True,True,,/data2/B_Li/vfdb/workflow_clade_translatorX_solved_dup_solved/final_aln/VFG020047.nogap.dedup/VFG020047.nogap.dedup.nt_ali.fasta,"Selected VFG000115: genome_count=11355, usable_sequences=0, usable_sequence_fraction=0.0000, usable_codon_fraction=0.6296, gap_fraction=0.3715, ambiguous_fraction=0.0000, protein_length=638"
PA1148,3,False,VFG015862,VFG015862(gb|WP_003140553),toxA,11355,97.73627130315028,11355,0,0.0,3054,1018,0,0.3740231102160235,9.227707229072353e-07,0.3740240329867464,638,0.6267190569744597,635,blastp_best_hit_to_PAO1,98.746,100.47244094488188,0.0,1284.0,True,True,,/data2/B_Li/vfdb/workflow_clade_translatorX_solved_dup_solved/final_aln/VFG015862.nogap.dedup/VFG015862.nogap.dedup.nt_ali.fasta,"Selected VFG000115: genome_count=11355, usable_sequences=0, usable_sequence_fraction=0.0000, usable_codon_fraction=0.6296, gap_fraction=0.3715, ambiguous_fraction=0.0000, protein_length=638"
PA1249,2,False,VFG015561,VFG015561(gb|WP_003086731),aprA,11566,99.55241866069892,11566,0,0.0,2067,689,0,0.30344709369110756,7.529200120366813e-07,0.3034478466111196,480,0.6966618287373004,479,blastp_best_hit_to_PAO1,99.582,100.0,0.0,953.0,True,True,,/data2/B_Li/vfdb/workflow_clade_translatorX_solved_dup_solved/final_aln/VFG015561.nogap.dedup/VFG015561.nogap.dedup.nt_ali.fasta,"Selected VFG000144: genome_count=11566, usable_sequences=0, usable_sequence_fraction=0.0000, usable_codon_fraction=0.6967, gap_fraction=0.3034, ambiguous_fraction=0.0000, protein_length=479"
PA1249,3,False,VFG020041,VFG020041(gb|WP_003159842),aprA,11566,99.55241866069892,11566,0,0.0,2067,689,0,0.30344709369110756,7.529200120366813e-07,0.3034478466111196,480,0.6966618287373004,479,blastp_best_hit_to_PAO1,99.791,100.0,0.0,955.0,True,True,,/data2/B_Li/vfdb/workflow_clade_translatorX_solved_dup_solved/final_aln/VFG020041.nogap.dedup/VFG020041.nogap.dedup.nt_ali.fasta,"Selected VFG000144: genome_count=11566, usable_sequences=0, usable_sequence_fraction=0.0000, usable_codon_fraction=0.6967, gap_fraction=0.3034, ambiguous_fraction=0.0000, protein_length=479"
PA1441,2,False,VFG019841,VFG019841(gb|WP_003083038),fliK,11570,99.58684799449132,11570,0,0.0,1692,564,0,0.24122118219655872,8.17308969352957e-07,0.24122199950552808,428,0.7588652482269503,427,blastp_best_hit_to_PAO1,99.532,100.0,0.0,839.0,True,True,,/data2/B_Li/vfdb/workflow_clade_translatorX_solved_dup_solved/final_aln/VFG019841.nogap.dedup/VFG019841.nogap.dedup.nt_ali.fasta,"Selected VFG014473: genome_count=11570, usable_sequences=0, usable_sequence_fraction=0.0000, usable_codon_fraction=0.7657, gap_fraction=0.2344, ambiguous_fraction=0.0000, protein_length=427"
PA1441,3,False,VFG014475,VFG014475(gb|WP_003140280),fliK,11569,99.5782406610432,11569,0,0.0,1677,559,0,0.2344330223063888,8.24690703617346e-07,0.2344338469970924,428,0.7656529516994633,427,blastp_best_hit_to_PAO1,98.361,100.0,0.0,831.0,True,True,,/data2/B_Li/vfdb/workflow_clade_translatorX_solved_dup_solved/final_aln/VFG014475.nogap.dedup/VFG014475.nogap.dedup.nt_ali.fasta,"Selected VFG014473: genome_count=11570, usable_sequences=0, usable_sequence_fraction=0.0000, usable_codon_fraction=0.7657, gap_fraction=0.2344, ambiguous_fraction=0.0000, protein_length=427"
PA1449,2,False,VFG014579,VFG014579(gb|WP_003083056),flhB,11592,99.77620933034945,11592,0,0.0,1896,632,0,0.40273327960793565,8.644838721888804e-07,0.40273414409180786,379,0.5996835443037974,378,blastp_best_hit_to_PAO1,100.0,100.0,0.0,757.0,True,True,,/data2/B_Li/vfdb/workflow_clade_translatorX_solved_dup_solved/final_aln/VFG014579.nogap.dedup/VFG014579.nogap.dedup.nt_ali.fasta,"Selected VFG001262: genome_count=11592, usable_sequences=0, usable_sequence_fraction=0.0000, usable_codon_fraction=0.5997, gap_fraction=0.4027, ambiguous_fraction=0.0000, protein_length=378"
PA1452,2,False,VFG014591,VFG014591(gb|WP_003155638),flhA,11612,99.94835599931142,11612,0,0.0,3150,1050,0,0.32638830110066763,7.928306240397181e-07,0.3263890939312917,708,0.6742857142857143,707,blastp_best_hit_to_PAO1,99.151,100.0,0.0,1401.0,True,True,,/data2/B_Li/vfdb/workflow_clade_translatorX_solved_dup_solved/final_aln/VFG014591.nogap.dedup/VFG014591.nogap.dedup.nt_ali.fasta,"Selected VFG001263: genome_count=11612, usable_sequences=0, usable_sequence_fraction=0.0000, usable_codon_fraction=0.6743, gap_fraction=0.3264, ambiguous_fraction=0.0000, protein_length=707"
PA1452,3,False,VFG014592,VFG014592(gb|WP_003083059),flhA,11612,99.94835599931142,11612,0,0.0,3150,1050,0,0.32638830110066763,7.928306240397181e-07,0.3263890939312917,708,0.6742857142857143,707,blastp_best_hit_to_PAO1,100.0,100.0,0.0,1409.0,True,True,,/data2/B_Li/vfdb/workflow_clade_translatorX_solved_dup_solved/final_aln/VFG014592.nogap.dedup/VFG014592.nogap.dedup.nt_ali.fasta,"Selected VFG001263: genome_count=11612, usable_sequences=0, usable_sequence_fraction=0.0000, usable_codon_fraction=0.6743, gap_fraction=0.3264, ambiguous_fraction=0.0000, protein_length=707"
PA1452,4,False,VFG019859,VFG019859(gb|WP_003083059),flhA,11612,99.94835599931142,11612,0,0.0,3150,1050,0,0.32638830110066763,7.928306240397181e-07,0.3263890939312917,708,0.6742857142857143,707,blastp_best_hit_to_PAO1,100.0,100.0,0.0,1409.0,True,True,,/data2/B_Li/vfdb/workflow_clade_translatorX_solved_dup_solved/final_aln/VFG019859.nogap.dedup/VFG019859.nogap.dedup.nt_ali.fasta,"Selected VFG001263: genome_count=11612, usable_sequences=0, usable_sequence_fraction=0.0000, usable_codon_fraction=0.6743, gap_fraction=0.3264, ambiguous_fraction=0.0000, protein_length=707"
PA1453,2,False,VFG014605,VFG014605(gb|WP_003087102),flhF,11562,99.51798932690652,11562,0,0.0,1638,546,0,0.21267709111507763,1.584070084329555e-06,0.21267867518516195,430,0.7875457875457875,429,blastp_best_hit_to_PAO1,99.068,100.0,0.0,847.0,True,True,,/data2/B_Li/vfdb/workflow_clade_translatorX_solved_dup_solved/final_aln/VFG014605.nogap.dedup/VFG014605.nogap.dedup.nt_ali.fasta,"Selected VFG001264: genome_count=11562, usable_sequences=0, usable_sequence_fraction=0.0000, usable_codon_fraction=0.7875, gap_fraction=0.2127, ambiguous_fraction=0.0000, protein_length=429"
PA1453,3,False,VFG019861,VFG019861(gb|WP_003083061),flhF,11562,99.51798932690652,11562,0,0.0,1638,546,0,0.21267709111507763,1.584070084329555e-06,0.21267867518516195,430,0.7875457875457875,429,blastp_best_hit_to_PAO1,99.301,100.0,0.0,849.0,True,True,,/data2/B_Li/vfdb/workflow_clade_translatorX_solved_dup_solved/final_aln/VFG019861.nogap.dedup/VFG019861.nogap.dedup.nt_ali.fasta,"Selected VFG001264: genome_count=11562, usable_sequences=0, usable_sequence_fraction=0.0000, usable_codon_fraction=0.7875, gap_fraction=0.2127, ambiguous_fraction=0.0000, protein_length=429"
PA1511,2,False,VFG041012,VFG041012(gb|NP_250202),vgrG,11510,99.07040798760544,11510,0,0.0,7779,2593,0,0.7575204981131115,8.35303763423747e-05,0.7576040284894539,155,0.05977632086386425,842,direct_ncbi_record,,,,,True,True,,/data2/B_Li/vfdb/workflow_clade_translatorX_solved_dup_solved/final_aln/VFG041012.nogap.dedup/VFG041012.nogap.dedup.nt_ali.fasta,"Selected VFG051491: genome_count=11511, usable_sequences=0, usable_sequence_fraction=0.0000, usable_codon_fraction=0.0695, gap_fraction=0.7304, ambiguous_fraction=0.0001, protein_length=842"
PA1511,3,False,VFG051489,VFG051489(gb|WP_003083217.1),vgrG,11509,99.06180065415734,11509,0,0.0,7491,2497,0,0.7481778899298152,8.674933336460439e-05,0.7482646392631798,181,0.0724869843812575,842,blastp_best_hit_to_PAO1,99.762,100.0,0.0,1731.0,True,True,,/data2/B_Li/vfdb/workflow_clade_translatorX_solved_dup_solved/final_aln/VFG051489.nogap.dedup/VFG051489.nogap.dedup.nt_ali.fasta,"Selected VFG051491: genome_count=11511, usable_sequences=0, usable_sequence_fraction=0.0000, usable_codon_fraction=0.0695, gap_fraction=0.7304, ambiguous_fraction=0.0001, protein_length=842"
PA1656,2,False,VFG051504,VFG051504(gb|WP_003097814.1),tssA,11564,99.53520399380272,11564,0,0.0,2025,675,0,0.23117375763864867,1.1102997382254847e-06,0.2311748679383869,519,0.7688888888888888,518,blastp_best_hit_to_PAO1,100.0,100.0,0.0,1042.0,True,True,,/data2/B_Li/vfdb/workflow_clade_translatorX_solved_dup_solved/final_aln/VFG051504.nogap.dedup/VFG051504.nogap.dedup.nt_ali.fasta,"Selected VFG041014: genome_count=11564, usable_sequences=0, usable_sequence_fraction=0.0000, usable_codon_fraction=0.7689, gap_fraction=0.2312, ambiguous_fraction=0.0000, protein_length=518"
PA1656,3,False,VFG051507,VFG051507(gb|WP_003140090.1),tssA,11564,99.53520399380272,11564,0,0.0,2025,675,0,0.23117375763864867,1.1102997382254847e-06,0.2311748679383869,519,0.7688888888888888,518,blastp_best_hit_to_PAO1,99.614,100.0,0.0,1038.0,True,True,,/data2/B_Li/vfdb/workflow_clade_translatorX_solved_dup_solved/final_aln/VFG051507.nogap.dedup/VFG051507.nogap.dedup.nt_ali.fasta,"Selected VFG041014: genome_count=11564, usable_sequences=0, usable_sequence_fraction=0.0000, usable_codon_fraction=0.7689, gap_fraction=0.2312, ambiguous_fraction=0.0000, protein_length=518"
PA1658,2,False,VFG051519,VFG051519(gb|WP_003087596.1),tssC,11560,99.50077466001032,11560,0,0.0,1884,628,0,0.21668034954708748,1.0101455344220866e-06,0.2166813596926219,492,0.7834394904458599,491,blastp_best_hit_to_PAO1,100.0,100.0,0.0,1022.0,True,True,,/data2/B_Li/vfdb/workflow_clade_translatorX_solved_dup_solved/final_aln/VFG051519.nogap.dedup/VFG051519.nogap.dedup.nt_ali.fasta,"Selected VFG041016: genome_count=11560, usable_sequences=0, usable_sequence_fraction=0.0000, usable_codon_fraction=0.7834, gap_fraction=0.2167, ambiguous_fraction=0.0000, protein_length=491"
PA1658,3,False,VFG051522,VFG051522(gb|WP_003087596.1),tssC,11560,99.50077466001032,11560,0,0.0,1884,628,0,0.2166804872942058,1.0101455344220866e-06,0.21668149743974022,492,0.7834394904458599,491,blastp_best_hit_to_PAO1,100.0,100.0,0.0,1022.0,True,True,,/data2/B_Li/vfdb/workflow_clade_translatorX_solved_dup_solved/final_aln/VFG051522.nogap.dedup/VFG051522.nogap.dedup.nt_ali.fasta,"Selected VFG041016: genome_count=11560, usable_sequences=0, usable_sequence_fraction=0.0000, usable_codon_fraction=0.7834, gap_fraction=0.2167, ambiguous_fraction=0.0000, protein_length=491"
PA1660,2,False,VFG051538,VFG051538(gb|WP_003087605.1),tssF,11563,99.52659666035464,11563,0,0.0,2658,886,0,0.3275068429717346,7.48345814114674e-07,0.3275075913175487,596,0.672686230248307,595,blastp_best_hit_to_PAO1,100.0,88.40336134453781,0.0,1072.0,True,True,,/data2/B_Li/vfdb/workflow_clade_translatorX_solved_dup_solved/final_aln/VFG051538.nogap.dedup/VFG051538.nogap.dedup.nt_ali.fasta,"Selected VFG051535: genome_count=11563, usable_sequences=0, usable_sequence_fraction=0.0000, usable_codon_fraction=0.6727, gap_fraction=0.3275, ambiguous_fraction=0.0000, protein_length=595"
PA1660,3,False,VFG041018,VFG041018(gb|NP_250351),tssF,11563,99.52659666035464,11563,0,0.0,2415,805,0,0.34544603879476354,7.878345454346868e-07,0.345446826629309,527,0.6546583850931676,526,direct_ncbi_record,,,,,True,True,,/data2/B_Li/vfdb/workflow_clade_translatorX_solved_dup_solved/final_aln/VFG041018.nogap.dedup/VFG041018.nogap.dedup.nt_ali.fasta,"Selected VFG051535: genome_count=11563, usable_sequences=0, usable_sequence_fraction=0.0000, usable_codon_fraction=0.6727, gap_fraction=0.3275, ambiguous_fraction=0.0000, protein_length=595"
PA1661,2,False,VFG041019,VFG041019(gb|NP_250352),tssG,11185,96.27302461697366,11185,0,0.0,1500,500,0,0.3281761287438534,7.748472656832067e-07,0.32817690359111906,336,0.672,335,direct_ncbi_record,,,,,True,True,,/data2/B_Li/vfdb/workflow_clade_translatorX_solved_dup_solved/final_aln/VFG041019.nogap.dedup/VFG041019.nogap.dedup.nt_ali.fasta,"Selected VFG051543: genome_count=11434, usable_sequences=0, usable_sequence_fraction=0.0000, usable_codon_fraction=0.6720, gap_fraction=0.3282, ambiguous_fraction=0.0000, protein_length=335"
PA1661,3,False,VFG051546,VFG051546(gb|WP_003140086.1),tssG,11103,95.56722327422963,11103,0,0.0,1500,500,0,0.32817742952355217,7.805698159656549e-07,0.3281782100933681,336,0.672,335,blastp_best_hit_to_PAO1,99.104,100.0,0.0,668.0,True,True,,/data2/B_Li/vfdb/workflow_clade_translatorX_solved_dup_solved/final_aln/VFG051546.nogap.dedup/VFG051546.nogap.dedup.nt_ali.fasta,"Selected VFG051543: genome_count=11434, usable_sequences=0, usable_sequence_fraction=0.0000, usable_codon_fraction=0.6720, gap_fraction=0.3282, ambiguous_fraction=0.0000, protein_length=335"
PA1662,2,False,VFG041020,VFG041020(gb|NP_250353),tssH,11560,99.50077466001032,11560,0,0.0,4293,1431,0,0.38712499304815035,1.1485664681460202e-06,0.3871261416146185,878,0.6135569531795947,877,direct_ncbi_record,,,,,True,True,,/data2/B_Li/vfdb/workflow_clade_translatorX_solved_dup_solved/final_aln/VFG041020.nogap.dedup/VFG041020.nogap.dedup.nt_ali.fasta,"Selected VFG051551: genome_count=11560, usable_sequences=0, usable_sequence_fraction=0.0000, usable_codon_fraction=0.6136, gap_fraction=0.3871, ambiguous_fraction=0.0000, protein_length=877"
PA1662,3,False,VFG051554,VFG051554(gb|WP_003140083.1),tssH,11560,99.50077466001032,11560,0,0.0,4293,1431,0,0.38712499304815035,1.1485664681460202e-06,0.3871261416146185,878,0.6135569531795947,877,blastp_best_hit_to_PAO1,99.658,100.0,0.0,1730.0,True,True,,/data2/B_Li/vfdb/workflow_clade_translatorX_solved_dup_solved/final_aln/VFG051554.nogap.dedup/VFG051554.nogap.dedup.nt_ali.fasta,"Selected VFG051551: genome_count=11560, usable_sequences=0, usable_sequence_fraction=0.0000, usable_codon_fraction=0.6136, gap_fraction=0.3871, ambiguous_fraction=0.0000, protein_length=877"
PA1667,2,False,VFG051567,VFG051567(gb|WP_003097790.1),tssK,11601,99.85367533138232,11601,0,0.0,1872,624,0,0.2886440216250146,8.748877380891863e-07,0.2886448965127527,444,0.7115384615384616,443,blastp_best_hit_to_PAO1,99.774,100.0,0.0,907.0,True,True,,/data2/B_Li/vfdb/workflow_clade_translatorX_solved_dup_solved/final_aln/VFG051567.nogap.dedup/VFG051567.nogap.dedup.nt_ali.fasta,"Selected VFG041025: genome_count=11601, usable_sequences=0, usable_sequence_fraction=0.0000, usable_codon_fraction=0.7115, gap_fraction=0.2886, ambiguous_fraction=0.0000, protein_length=443"
PA1667,3,False,VFG051568,VFG051568(gb|WP_012076237.1),tssK,11601,99.85367533138232,11601,0,0.0,1872,624,0,0.2886440216250146,8.748877380891863e-07,0.2886448965127527,444,0.7115384615384616,443,blastp_best_hit_to_PAO1,98.871,100.0,0.0,900.0,True,True,,/data2/B_Li/vfdb/workflow_clade_translatorX_solved_dup_solved/final_aln/VFG051568.nogap.dedup/VFG051568.nogap.dedup.nt_ali.fasta,"Selected VFG041025: genome_count=11601, usable_sequences=0, usable_sequence_fraction=0.0000, usable_codon_fraction=0.7115, gap_fraction=0.2886, ambiguous_fraction=0.0000, protein_length=443"
PA1667,4,False,VFG051570,VFG051570(gb|WP_003087620.1),tssK,11601,99.85367533138232,11601,0,0.0,1872,624,0,0.2886440216250146,8.748877380891863e-07,0.2886448965127527,444,0.7115384615384616,443,blastp_best_hit_to_PAO1,99.549,100.0,0.0,906.0,True,True,,/data2/B_Li/vfdb/workflow_clade_translatorX_solved_dup_solved/final_aln/VFG051570.nogap.dedup/VFG051570.nogap.dedup.nt_ali.fasta,"Selected VFG041025: genome_count=11601, usable_sequences=0, usable_sequence_fraction=0.0000, usable_codon_fraction=0.7115, gap_fraction=0.2886, ambiguous_fraction=0.0000, protein_length=443"
PA1669,2,False,VFG051583,VFG051583(gb|WP_012614302.1),tssM,11601,99.85367533138232,11601,0,0.0,5319,1773,0,0.33764102157208475,1.0533869640186835e-06,0.3376420749590488,1176,0.6632825719120136,1175,blastp_best_hit_to_PAO1,99.745,100.0,0.0,2364.0,True,True,,/data2/B_Li/vfdb/workflow_clade_translatorX_solved_dup_solved/final_aln/VFG051583.nogap.dedup/VFG051583.nogap.dedup.nt_ali.fasta,"Selected VFG041027: genome_count=11601, usable_sequences=0, usable_sequence_fraction=0.0000, usable_codon_fraction=0.6633, gap_fraction=0.3376, ambiguous_fraction=0.0000, protein_length=1175"
PA1669,3,False,VFG051584,VFG051584(gb|WP_012076236.1),tssM,11601,99.85367533138232,11601,0,0.0,5328,1776,0,0.3387599197335427,1.0516075941470303e-06,0.33876097134113686,1176,0.6621621621621622,1175,blastp_best_hit_to_PAO1,99.064,100.0,0.0,2354.0,True,True,,/data2/B_Li/vfdb/workflow_clade_translatorX_solved_dup_solved/final_aln/VFG051584.nogap.dedup/VFG051584.nogap.dedup.nt_ali.fasta,"Selected VFG041027: genome_count=11601, usable_sequences=0, usable_sequence_fraction=0.0000, usable_codon_fraction=0.6633, gap_fraction=0.3376, ambiguous_fraction=0.0000, protein_length=1175"
PA1669,4,False,VFG051586,VFG051586(gb|WP_003140078.1),tssM,11601,99.85367533138232,11601,0,0.0,5328,1776,0,0.3387599197335427,1.0516075941470303e-06,0.33876097134113686,1176,0.6621621621621622,1175,blastp_best_hit_to_PAO1,99.574,100.0,0.0,2364.0,True,True,,/data2/B_Li/vfdb/workflow_clade_translatorX_solved_dup_solved/final_aln/VFG051586.nogap.dedup/VFG051586.nogap.dedup.nt_ali.fasta,"Selected VFG041027: genome_count=11601, usable_sequences=0, usable_sequence_fraction=0.0000, usable_codon_fraction=0.6633, gap_fraction=0.3376, ambiguous_fraction=0.0000, protein_length=1175"
PA1690,2,False,VFG000185,VFG000185(gb|NP_250381),pscU,11538,99.31141332415216,11538,0,0.0,1341,447,0,0.21702182032098585,1.034095552238694e-06,0.2170228544165381,350,0.7829977628635347,349,direct_ncbi_record,,,,,True,True,,/data2/B_Li/vfdb/workflow_clade_translatorX_solved_dup_solved/final_aln/VFG000185.nogap.dedup/VFG000185.nogap.dedup.nt_ali.fasta,"Selected VFG019945: genome_count=11542, usable_sequences=0, usable_sequence_fraction=0.0000, usable_codon_fraction=0.7830, gap_fraction=0.2170, ambiguous_fraction=0.0000, protein_length=349"
PA1690,3,False,VFG015094,VFG015094(gb|WP_003087668),pscU,11513,99.09622998794974,11513,0,0.0,1341,447,0,0.21702186284505542,1.0363410476617782e-06,0.2170228991861031,350,0.7829977628635347,349,blastp_best_hit_to_PAO1,99.427,100.0,0.0,699.0,True,True,,/data2/B_Li/vfdb/workflow_clade_translatorX_solved_dup_solved/final_aln/VFG015094.nogap.dedup/VFG015094.nogap.dedup.nt_ali.fasta,"Selected VFG019945: genome_count=11542, usable_sequences=0, usable_sequence_fraction=0.0000, usable_codon_fraction=0.7830, gap_fraction=0.2170, ambiguous_fraction=0.0000, protein_length=349"
PA1697,2,False,VFG015108,VFG015108(gb|WP_003100796),pscN,11537,99.30280599070409,11537,0,0.0,2142,714,0,0.38587807490162573,2.5088767702047736e-06,0.38588058377839596,441,0.6176470588235294,440,blastp_best_hit_to_PAO1,99.773,100.0,0.0,882.0,True,True,,/data2/B_Li/vfdb/workflow_clade_translatorX_solved_dup_solved/final_aln/VFG015108.nogap.dedup/VFG015108.nogap.dedup.nt_ali.fasta,"Selected VFG019951: genome_count=11537, usable_sequences=0, usable_sequence_fraction=0.0000, usable_codon_fraction=0.6514, gap_fraction=0.3523, ambiguous_fraction=0.0000, protein_length=440"
PA1697,3,False,VFG000192,VFG000192(gb|NP_250388),pscN,11537,99.30280599070409,11537,0,0.0,2196,732,0,0.40097955212760467,2.4471830791341647e-06,0.4009819993106838,441,0.6024590163934426,440,direct_ncbi_record,,,,,True,True,,/data2/B_Li/vfdb/workflow_clade_translatorX_solved_dup_solved/final_aln/VFG000192.nogap.dedup/VFG000192.nogap.dedup.nt_ali.fasta,"Selected VFG019951: genome_count=11537, usable_sequences=0, usable_sequence_fraction=0.0000, usable_codon_fraction=0.6514, gap_fraction=0.3523, ambiguous_fraction=0.0000, protein_length=440"
PA1703,2,False,VFG015120,VFG015120(gb|WP_003087696),pcrD,11535,99.28559132380788,11535,0,0.0,3048,1016,0,0.30434282515725847,8.53274355009915e-07,0.3043436784316135,707,0.6958661417322834,706,blastp_best_hit_to_PAO1,99.858,100.0,0.0,1399.0,True,True,,/data2/B_Li/vfdb/workflow_clade_translatorX_solved_dup_solved/final_aln/VFG015120.nogap.dedup/VFG015120.nogap.dedup.nt_ali.fasta,"Selected VFG000198: genome_count=11535, usable_sequences=0, usable_sequence_fraction=0.0000, usable_codon_fraction=0.6959, gap_fraction=0.3043, ambiguous_fraction=0.0000, protein_length=706"
PA1703,3,False,VFG019957,VFG019957(gb|WP_003087696),pcrD,11535,99.28559132380788,11535,0,0.0,3048,1016,0,0.30434282515725847,8.53274355009915e-07,0.3043436784316135,707,0.6958661417322834,706,blastp_best_hit_to_PAO1,99.858,100.0,0.0,1399.0,True,True,,/data2/B_Li/vfdb/workflow_clade_translatorX_solved_dup_solved/final_aln/VFG019957.nogap.dedup/VFG019957.nogap.dedup.nt_ali.fasta,"Selected VFG000198: genome_count=11535, usable_sequences=0, usable_sequence_fraction=0.0000, usable_codon_fraction=0.6959, gap_fraction=0.3043, ambiguous_fraction=0.0000, protein_length=706"
PA1708,2,False,VFG019961,VFG019961(gb|WP_004342870),popB,11534,99.2769839903598,11534,0,0.0,1479,493,0,0.2075208634424513,1.406899646903361e-06,0.2075222703420982,391,0.7931034482758621,390,blastp_best_hit_to_PAO1,99.744,100.0,0.0,755.0,True,True,,/data2/B_Li/vfdb/workflow_clade_translatorX_solved_dup_solved/final_aln/VFG019961.nogap.dedup/VFG019961.nogap.dedup.nt_ali.fasta,"Selected VFG000203: genome_count=11534, usable_sequences=0, usable_sequence_fraction=0.0000, usable_codon_fraction=0.7931, gap_fraction=0.2075, ambiguous_fraction=0.0000, protein_length=390"
PA1708,3,False,VFG015130,VFG015130(gb|WP_003087710),popB,11534,99.2769839903598,11534,0,0.0,1485,495,0,0.2107229744996348,1.4012152038855698e-06,0.2107243757148387,391,0.7898989898989899,390,blastp_best_hit_to_PAO1,99.231,100.0,0.0,752.0,True,True,,/data2/B_Li/vfdb/workflow_clade_translatorX_solved_dup_solved/final_aln/VFG015130.nogap.dedup/VFG015130.nogap.dedup.nt_ali.fasta,"Selected VFG000203: genome_count=11534, usable_sequences=0, usable_sequence_fraction=0.0000, usable_codon_fraction=0.7931, gap_fraction=0.2075, ambiguous_fraction=0.0000, protein_length=390"
PA1716,2,False,VFG015146,VFG015146(gb|WP_003140040),pscC,11521,99.16508865553452,11521,0,0.0,2454,818,0,0.26536468220358317,1.3794306516706284e-06,0.2653660616342348,601,0.7347188264058679,600,blastp_best_hit_to_PAO1,99.5,100.0,0.0,1203.0,True,True,,/data2/B_Li/vfdb/workflow_clade_translatorX_solved_dup_solved/final_aln/VFG015146.nogap.dedup/VFG015146.nogap.dedup.nt_ali.fasta,"Selected VFG000211: genome_count=11521, usable_sequences=0, usable_sequence_fraction=0.0000, usable_codon_fraction=0.7347, gap_fraction=0.2654, ambiguous_fraction=0.0000, protein_length=600"
PA1716,3,False,VFG019968,VFG019968(gb|WP_012614295),pscC,11521,99.16508865553452,11521,0,0.0,2454,818,0,0.26536468220358317,1.3794306516706284e-06,0.2653660616342348,601,0.7347188264058679,600,blastp_best_hit_to_PAO1,99.667,100.0,0.0,1205.0,True,True,,/data2/B_Li/vfdb/workflow_clade_translatorX_solved_dup_solved/final_aln/VFG019968.nogap.dedup/VFG019968.nogap.dedup.nt_ali.fasta,"Selected VFG000211: genome_count=11521, usable_sequences=0, usable_sequence_fraction=0.0000, usable_codon_fraction=0.7347, gap_fraction=0.2654, ambiguous_fraction=0.0000, protein_length=600"
PA1717,2,False,VFG015148,VFG015148(gb|WP_003132859),pscD,11522,99.17369598898262,11522,0,0.0,1866,622,0,0.30462875159557756,1.7209260703183415e-06,0.3046304725216479,433,0.6961414790996785,432,blastp_best_hit_to_PAO1,98.38,100.0,0.0,842.0,True,True,,/data2/B_Li/vfdb/workflow_clade_translatorX_solved_dup_solved/final_aln/VFG015148.nogap.dedup/VFG015148.nogap.dedup.nt_ali.fasta,"Selected VFG000212: genome_count=11522, usable_sequences=0, usable_sequence_fraction=0.0000, usable_codon_fraction=0.6973, gap_fraction=0.3035, ambiguous_fraction=0.0000, protein_length=432"
PA1717,3,False,VFG019969,VFG019969(gb|WP_012614294),pscD,11522,99.17369598898262,11522,0,0.0,1866,622,0,0.30462875159557756,1.7209260703183415e-06,0.3046304725216479,433,0.6961414790996785,432,blastp_best_hit_to_PAO1,99.537,100.0,0.0,849.0,True,True,,/data2/B_Li/vfdb/workflow_clade_translatorX_solved_dup_solved/final_aln/VFG019969.nogap.dedup/VFG019969.nogap.dedup.nt_ali.fasta,"Selected VFG000212: genome_count=11522, usable_sequences=0, usable_sequence_fraction=0.0000, usable_codon_fraction=0.6973, gap_fraction=0.3035, ambiguous_fraction=0.0000, protein_length=432"
PA1871,2,False,VFG015555,VFG015555(gb|WP_003139897),lasA,11572,99.6040626613875,11572,0,0.0,1824,608,0,0.3111783263139702,1.8003226178131122e-06,0.311180126636588,419,0.6891447368421053,418,blastp_best_hit_to_PAO1,98.565,100.0,0.0,841.0,True,True,,/data2/B_Li/vfdb/workflow_clade_translatorX_solved_dup_solved/final_aln/VFG015555.nogap.dedup/VFG015555.nogap.dedup.nt_ali.fasta,"Selected VFG000145: genome_count=11572, usable_sequences=0, usable_sequence_fraction=0.0000, usable_codon_fraction=0.6891, gap_fraction=0.3112, ambiguous_fraction=0.0000, protein_length=418"
PA1871,3,False,VFG020039,VFG020039(gb|WP_003120216),lasA,11571,99.5954553279394,11571,0,0.0,1824,608,0,0.31117835423404244,1.8004782070117824e-06,0.31118015471224947,419,0.6891447368421053,418,blastp_best_hit_to_PAO1,99.282,100.0,0.0,847.0,True,True,,/data2/B_Li/vfdb/workflow_clade_translatorX_solved_dup_solved/final_aln/VFG020039.nogap.dedup/VFG020039.nogap.dedup.nt_ali.fasta,"Selected VFG000145: genome_count=11572, usable_sequences=0, usable_sequence_fraction=0.0000, usable_codon_fraction=0.6891, gap_fraction=0.3112, ambiguous_fraction=0.0000, protein_length=418"
PA2194,2,False,VFG015922,VFG015922(gb|WP_009315733),hcnB,11332,97.53830263384404,11332,0,0.0,2289,763,0,0.39128977011712274,1.5420825856160397e-06,0.39129131219970836,465,0.6094364351245085,464,blastp_best_hit_to_PAO1,99.569,100.0,0.0,931.0,True,True,,/data2/B_Li/vfdb/workflow_clade_translatorX_solved_dup_solved/final_aln/VFG015922.nogap.dedup/VFG015922.nogap.dedup.nt_ali.fasta,"Selected VFG015920: genome_count=11332, usable_sequences=0, usable_sequence_fraction=0.0000, usable_codon_fraction=0.6094, gap_fraction=0.3913, ambiguous_fraction=0.0000, protein_length=464"
PA2194,3,False,VFG020049,VFG020049(gb|WP_003113685),hcnB,11332,97.53830263384404,11332,0,0.0,2289,763,0,0.39128977011712274,1.5420825856160397e-06,0.39129131219970836,465,0.6094364351245085,464,blastp_best_hit_to_PAO1,100.0,100.0,0.0,934.0,True,True,,/data2/B_Li/vfdb/workflow_clade_translatorX_solved_dup_solved/final_aln/VFG020049.nogap.dedup/VFG020049.nogap.dedup.nt_ali.fasta,"Selected VFG015920: genome_count=11332, usable_sequences=0, usable_sequence_fraction=0.0000, usable_codon_fraction=0.6094, gap_fraction=0.3913, ambiguous_fraction=0.0000, protein_length=464"
PA2195,2,False,VFG015928,VFG015928(gb|WP_011666673),hcnC,11330,97.52108796694785,11330,0,0.0,2142,714,0,0.41515052622990944,1.6894077430913524e-06,0.41515221563765253,418,0.5854341736694678,417,blastp_best_hit_to_PAO1,99.281,100.0,0.0,848.0,True,True,,/data2/B_Li/vfdb/workflow_clade_translatorX_solved_dup_solved/final_aln/VFG015928.nogap.dedup/VFG015928.nogap.dedup.nt_ali.fasta,"Selected VFG015926: genome_count=11330, usable_sequences=0, usable_sequence_fraction=0.0000, usable_codon_fraction=0.5854, gap_fraction=0.4152, ambiguous_fraction=0.0000, protein_length=417"
PA2360,2,False,VFG041032,VFG041032(gb|NP_251050),tssA,11496,98.94990531933206,11496,0,0.0,1830,610,0,0.3998601081488073,1.9013503390107654e-06,0.3998620094991463,366,0.6,366,direct_ncbi_record,,,,,True,True,,/data2/B_Li/vfdb/workflow_clade_translatorX_solved_dup_solved/final_aln/VFG041032.nogap.dedup/VFG041032.nogap.dedup.nt_ali.fasta,"Selected VFG051601: genome_count=11496, usable_sequences=0, usable_sequence_fraction=0.0000, usable_codon_fraction=0.6000, gap_fraction=0.3991, ambiguous_fraction=0.0000, protein_length=366"
PA2360,3,False,VFG051602,VFG051602(gb|WP_012075693.1),tssA,11496,98.94990531933206,11496,0,0.0,1830,610,0,0.3998602507500827,1.9013503390107654e-06,0.3998621521004217,366,0.6,366,blastp_best_hit_to_PAO1,98.361,100.0,0.0,705.0,True,True,,/data2/B_Li/vfdb/workflow_clade_translatorX_solved_dup_solved/final_aln/VFG051602.nogap.dedup/VFG051602.nogap.dedup.nt_ali.fasta,"Selected VFG051601: genome_count=11496, usable_sequences=0, usable_sequence_fraction=0.0000, usable_codon_fraction=0.6000, gap_fraction=0.3991, ambiguous_fraction=0.0000, protein_length=366"
PA2360,4,False,VFG051604,VFG051604(gb|WP_003139323.1),tssA,11496,98.94990531933206,11496,0,0.0,1830,610,0,0.3998602507500827,1.9013503390107654e-06,0.3998621521004217,366,0.6,366,blastp_best_hit_to_PAO1,98.087,100.0,0.0,699.0,True,True,,/data2/B_Li/vfdb/workflow_clade_translatorX_solved_dup_solved/final_aln/VFG051604.nogap.dedup/VFG051604.nogap.dedup.nt_ali.fasta,"Selected VFG051601: genome_count=11496, usable_sequences=0, usable_sequence_fraction=0.0000, usable_codon_fraction=0.6000, gap_fraction=0.3991, ambiguous_fraction=0.0000, protein_length=366"
PA2361,2,False,VFG041033,VFG041033(gb|NP_251051),tssM,11509,99.06180065415734,11509,0,0.0,5919,1973,0,0.35566929109931683,1.291804348421887e-06,0.35567058290366527,1272,0.644703497212367,1271,direct_ncbi_record,,,,,True,True,,/data2/B_Li/vfdb/workflow_clade_translatorX_solved_dup_solved/final_aln/VFG041033.nogap.dedup/VFG041033.nogap.dedup.nt_ali.fasta,"Selected VFG051607: genome_count=11509, usable_sequences=0, usable_sequence_fraction=0.0000, usable_codon_fraction=0.6447, gap_fraction=0.3557, ambiguous_fraction=0.0000, protein_length=1271"
PA2361,3,False,VFG051606,VFG051606(gb|WP_012614151.1),tssM,11509,99.06180065415734,11509,0,0.0,5919,1973,0,0.35566929109931683,1.291804348421887e-06,0.35567058290366527,1272,0.644703497212367,1271,blastp_best_hit_to_PAO1,99.921,100.0,0.0,2517.0,True,True,,/data2/B_Li/vfdb/workflow_clade_translatorX_solved_dup_solved/final_aln/VFG051606.nogap.dedup/VFG051606.nogap.dedup.nt_ali.fasta,"Selected VFG051607: genome_count=11509, usable_sequences=0, usable_sequence_fraction=0.0000, usable_codon_fraction=0.6447, gap_fraction=0.3557, ambiguous_fraction=0.0000, protein_length=1271"
PA2361,4,False,VFG051609,VFG051609(gb|WP_003139320.1),tssM,11509,99.06180065415734,11509,0,0.0,5967,1989,0,0.3608524877966185,1.2814127598976285e-06,0.3608537692093784,1272,0.6395173453996983,1271,blastp_best_hit_to_PAO1,97.797,100.0,0.0,2477.0,True,True,,/data2/B_Li/vfdb/workflow_clade_translatorX_solved_dup_solved/final_aln/VFG051609.nogap.dedup/VFG051609.nogap.dedup.nt_ali.fasta,"Selected VFG051607: genome_count=11509, usable_sequences=0, usable_sequence_fraction=0.0000, usable_codon_fraction=0.6447, gap_fraction=0.3557, ambiguous_fraction=0.0000, protein_length=1271"
PA2363,2,False,VFG051616,VFG051616(gb|WP_003122697.1),tssK,11505,99.02737132036496,11505,0,0.0,1884,628,0,0.2937703629272236,1.7992730936701572e-06,0.29377216220031727,444,0.7070063694267515,443,blastp_best_hit_to_PAO1,100.0,100.0,0.0,864.0,True,True,,/data2/B_Li/vfdb/workflow_clade_translatorX_solved_dup_solved/final_aln/VFG051616.nogap.dedup/VFG051616.nogap.dedup.nt_ali.fasta,"Selected VFG041035: genome_count=11505, usable_sequences=0, usable_sequence_fraction=0.0000, usable_codon_fraction=0.7070, gap_fraction=0.2938, ambiguous_fraction=0.0000, protein_length=443"
PA2363,3,False,VFG051617,VFG051617(gb|WP_041025349.1),tssK,11505,99.02737132036496,11505,0,0.0,1884,628,0,0.2937703629272236,1.7992730936701572e-06,0.29377216220031727,444,0.7070063694267515,443,blastp_best_hit_to_PAO1,99.549,100.0,0.0,860.0,True,True,,/data2/B_Li/vfdb/workflow_clade_translatorX_solved_dup_solved/final_aln/VFG051617.nogap.dedup/VFG051617.nogap.dedup.nt_ali.fasta,"Selected VFG041035: genome_count=11505, usable_sequences=0, usable_sequence_fraction=0.0000, usable_codon_fraction=0.7070, gap_fraction=0.2938, ambiguous_fraction=0.0000, protein_length=443"
PA2363,4,False,VFG051619,VFG051619(gb|WP_003139318.1),tssK,11505,99.02737132036496,11505,0,0.0,1884,628,0,0.2937711933609591,1.7992730936701572e-06,0.29377299263405277,444,0.7070063694267515,443,blastp_best_hit_to_PAO1,98.646,100.0,0.0,857.0,True,True,,/data2/B_Li/vfdb/workflow_clade_translatorX_solved_dup_solved/final_aln/VFG051619.nogap.dedup/VFG051619.nogap.dedup.nt_ali.fasta,"Selected VFG041035: genome_count=11505, usable_sequences=0, usable_sequence_fraction=0.0000, usable_codon_fraction=0.7070, gap_fraction=0.2938, ambiguous_fraction=0.0000, protein_length=443"
PA2366,2,False,VFG051626,VFG051626(gb|WP_003089494.1),tssC,11507,99.04458598726114,11507,0,0.0,2193,731,0,0.323002937485147,1.1492043285692474e-06,0.3230040866894756,495,0.6771545827633378,494,blastp_best_hit_to_PAO1,100.0,100.0,0.0,1024.0,True,True,,/data2/B_Li/vfdb/workflow_clade_translatorX_solved_dup_solved/final_aln/VFG051626.nogap.dedup/VFG051626.nogap.dedup.nt_ali.fasta,"Selected VFG041038: genome_count=11507, usable_sequences=0, usable_sequence_fraction=0.0000, usable_codon_fraction=0.6772, gap_fraction=0.3230, ambiguous_fraction=0.0000, protein_length=494"
PA2366,3,False,VFG051629,VFG051629(gb|WP_003139317.1),tssC,11507,99.04458598726114,11507,0,0.0,2193,731,0,0.323002937485147,1.1492043285692474e-06,0.3230040866894756,495,0.6771545827633378,494,blastp_best_hit_to_PAO1,99.798,100.0,0.0,1022.0,True,True,,/data2/B_Li/vfdb/workflow_clade_translatorX_solved_dup_solved/final_aln/VFG051629.nogap.dedup/VFG051629.nogap.dedup.nt_ali.fasta,"Selected VFG041038: genome_count=11507, usable_sequences=0, usable_sequence_fraction=0.0000, usable_codon_fraction=0.6772, gap_fraction=0.3230, ambiguous_fraction=0.0000, protein_length=494"
PA2366,4,False,VFG051627,VFG051627(gb|WP_003089494.1),tssC,11507,99.04458598726114,11507,0,0.0,2193,731,0,0.3230030563683534,1.1492043285692474e-06,0.323004205572682,495,0.6771545827633378,494,blastp_best_hit_to_PAO1,100.0,100.0,0.0,1024.0,True,True,,/data2/B_Li/vfdb/workflow_clade_translatorX_solved_dup_solved/final_aln/VFG051627.nogap.dedup/VFG051627.nogap.dedup.nt_ali.fasta,"Selected VFG041038: genome_count=11507, usable_sequences=0, usable_sequence_fraction=0.0000, usable_codon_fraction=0.6772, gap_fraction=0.3230, ambiguous_fraction=0.0000, protein_length=494"
PA2369,2,False,VFG051641,VFG051641(gb|WP_012614149.1),tssF,11492,98.91547598553969,11492,0,0.0,2901,967,0,0.38204896639575897,1.2898081281428574e-06,0.3820502562038871,598,0.6184074457083765,597,blastp_best_hit_to_PAO1,99.497,100.0,0.0,1185.0,True,True,,/data2/B_Li/vfdb/workflow_clade_translatorX_solved_dup_solved/final_aln/VFG051641.nogap.dedup/VFG051641.nogap.dedup.nt_ali.fasta,"Selected VFG041041: genome_count=11492, usable_sequences=0, usable_sequence_fraction=0.0000, usable_codon_fraction=0.6190, gap_fraction=0.3814, ambiguous_fraction=0.0000, protein_length=597"
PA2369,3,False,VFG051642,VFG051642(gb|WP_012075687.1),tssF,11492,98.91547598553969,11492,0,0.0,2901,967,0,0.38204896639575897,1.2898081281428574e-06,0.3820502562038871,598,0.6184074457083765,597,blastp_best_hit_to_PAO1,99.497,100.0,0.0,1187.0,True,True,,/data2/B_Li/vfdb/workflow_clade_translatorX_solved_dup_solved/final_aln/VFG051642.nogap.dedup/VFG051642.nogap.dedup.nt_ali.fasta,"Selected VFG041041: genome_count=11492, usable_sequences=0, usable_sequence_fraction=0.0000, usable_codon_fraction=0.6190, gap_fraction=0.3814, ambiguous_fraction=0.0000, protein_length=597"
PA2369,4,False,VFG051644,VFG051644(gb|WP_003089497.1),tssF,11492,98.91547598553969,11492,0,0.0,2901,967,0,0.38204896639575897,1.2898081281428574e-06,0.3820502562038871,598,0.6184074457083765,597,blastp_best_hit_to_PAO1,99.832,100.0,0.0,1191.0,True,True,,/data2/B_Li/vfdb/workflow_clade_translatorX_solved_dup_solved/final_aln/VFG051644.nogap.dedup/VFG051644.nogap.dedup.nt_ali.fasta,"Selected VFG041041: genome_count=11492, usable_sequences=0, usable_sequence_fraction=0.0000, usable_codon_fraction=0.6190, gap_fraction=0.3814, ambiguous_fraction=0.0000, protein_length=597"
PA2370,2,False,VFG051646,VFG051646(gb|WP_003114517.1),tssG,11350,97.6932346359098,11350,0,0.0,1332,444,0,0.23783446442036751,2.579672183196412e-06,0.23783704409255071,339,0.7635135135135135,338,blastp_best_hit_to_PAO1,100.0,100.0,0.0,648.0,True,True,,/data2/B_Li/vfdb/workflow_clade_translatorX_solved_dup_solved/final_aln/VFG051646.nogap.dedup/VFG051646.nogap.dedup.nt_ali.fasta,"Selected VFG041042: genome_count=11364, usable_sequences=0, usable_sequence_fraction=0.0000, usable_codon_fraction=0.7635, gap_fraction=0.2378, ambiguous_fraction=0.0000, protein_length=338"
PA2370,3,False,VFG051649,VFG051649(gb|WP_003139313.1),tssG,11321,97.44362196591496,11321,0,0.0,1293,431,0,0.21484926991315034,2.6642887547954636e-06,0.21485193420190513,339,0.7865429234338747,338,blastp_best_hit_to_PAO1,99.704,100.0,0.0,647.0,True,True,,/data2/B_Li/vfdb/workflow_clade_translatorX_solved_dup_solved/final_aln/VFG051649.nogap.dedup/VFG051649.nogap.dedup.nt_ali.fasta,"Selected VFG041042: genome_count=11364, usable_sequences=0, usable_sequence_fraction=0.0000, usable_codon_fraction=0.7635, gap_fraction=0.2378, ambiguous_fraction=0.0000, protein_length=338"
PA2370,4,False,VFG051647,VFG051647(gb|WP_012075686.1),tssG,11265,96.96161129282147,11265,0,0.0,1293,431,0,0.21485619071452036,2.677533332715441e-06,0.21485886824785308,339,0.7865429234338747,338,blastp_best_hit_to_PAO1,99.704,100.0,0.0,645.0,True,True,,/data2/B_Li/vfdb/workflow_clade_translatorX_solved_dup_solved/final_aln/VFG051647.nogap.dedup/VFG051647.nogap.dedup.nt_ali.fasta,"Selected VFG041042: genome_count=11364, usable_sequences=0, usable_sequence_fraction=0.0000, usable_codon_fraction=0.7635, gap_fraction=0.2378, ambiguous_fraction=0.0000, protein_length=338"
PA2371,2,False,VFG051651,VFG051651(gb|WP_012614148.1),tssH,11521,99.16508865553452,11521,0,0.0,4209,1403,0,0.3962698380341504,1.3816743662017374e-06,0.3962712197085166,846,0.6029935851746258,849,blastp_best_hit_to_PAO1,99.411,100.0,0.0,1678.0,True,True,,/data2/B_Li/vfdb/workflow_clade_translatorX_solved_dup_solved/final_aln/VFG051651.nogap.dedup/VFG051651.nogap.dedup.nt_ali.fasta,"Selected VFG041043: genome_count=11521, usable_sequences=0, usable_sequence_fraction=0.0000, usable_codon_fraction=0.6043, gap_fraction=0.3946, ambiguous_fraction=0.0000, protein_length=849"
PA2371,3,False,VFG051654,VFG051654(gb|WP_003139311.1),tssH,11521,99.16508865553452,11521,0,0.0,4209,1403,0,0.3962698380341504,1.3816743662017374e-06,0.3962712197085166,846,0.6029935851746258,849,blastp_best_hit_to_PAO1,99.647,100.0,0.0,1684.0,True,True,,/data2/B_Li/vfdb/workflow_clade_translatorX_solved_dup_solved/final_aln/VFG051654.nogap.dedup/VFG051654.nogap.dedup.nt_ali.fasta,"Selected VFG041043: genome_count=11521, usable_sequences=0, usable_sequence_fraction=0.0000, usable_codon_fraction=0.6043, gap_fraction=0.3946, ambiguous_fraction=0.0000, protein_length=849"
PA2371,4,False,VFG051652,VFG051652(gb|WP_012075685.1),tssH,11395,98.0805646410742,11395,0,0.0,3891,1297,0,0.3470116849123251,1.330688646034452e-06,0.34701301560097114,846,0.6522744795682344,849,blastp_best_hit_to_PAO1,96.82,100.0,0.0,1634.0,True,True,,/data2/B_Li/vfdb/workflow_clade_translatorX_solved_dup_solved/final_aln/VFG051652.nogap.dedup/VFG051652.nogap.dedup.nt_ali.fasta,"Selected VFG041043: genome_count=11521, usable_sequences=0, usable_sequence_fraction=0.0000, usable_codon_fraction=0.6043, gap_fraction=0.3946, ambiguous_fraction=0.0000, protein_length=849"
PA2385,2,False,VFG015952,VFG015952(gb|WP_003139299),pvdQ,11485,98.855224651403,11485,0,0.0,3387,1129,0,0.3243908467662793,1.4395999762980146e-06,0.32439228636625556,763,0.6758193091231178,762,blastp_best_hit_to_PAO1,99.869,100.0,0.0,1550.0,True,True,,/data2/B_Li/vfdb/workflow_clade_translatorX_solved_dup_solved/final_aln/VFG015952.nogap.dedup/VFG015952.nogap.dedup.nt_ali.fasta,"Selected VFG015950: genome_count=11485, usable_sequences=0, usable_sequence_fraction=0.0000, usable_codon_fraction=0.6758, gap_fraction=0.3244, ambiguous_fraction=0.0000, protein_length=762"
PA2385,3,False,VFG020051,VFG020051(gb|WP_003103624),pvdQ,11485,98.855224651403,11485,0,0.0,3387,1129,0,0.3243908467662793,1.4395999762980146e-06,0.32439228636625556,763,0.6758193091231178,762,blastp_best_hit_to_PAO1,99.738,100.0,0.0,1545.0,True,True,,/data2/B_Li/vfdb/workflow_clade_translatorX_solved_dup_solved/final_aln/VFG020051.nogap.dedup/VFG020051.nogap.dedup.nt_ali.fasta,"Selected VFG015950: genome_count=11485, usable_sequences=0, usable_sequence_fraction=0.0000, usable_codon_fraction=0.6758, gap_fraction=0.3244, ambiguous_fraction=0.0000, protein_length=762"
PA2413,2,False,VFG016046,VFG016046(gb|NP_251103),pvdH,11503,99.01015665346875,11503,0,0.0,2382,794,0,0.4082192116786531,1.4963423917522192e-06,0.4082207080210449,470,0.5919395465994962,469,direct_ncbi_record,,,,,True,True,,/data2/B_Li/vfdb/workflow_clade_translatorX_solved_dup_solved/final_aln/VFG016046.nogap.dedup/VFG016046.nogap.dedup.nt_ali.fasta,"Selected VFG016048: genome_count=11526, usable_sequences=0, usable_sequence_fraction=0.0000, usable_codon_fraction=0.5919, gap_fraction=0.4082, ambiguous_fraction=0.0000, protein_length=469"
PA2413,3,False,VFG020072,VFG020072(gb|WP_012614127),pvdH,11503,99.01015665346875,11503,0,0.0,2382,794,0,0.4082192116786531,1.4963423917522192e-06,0.4082207080210449,470,0.5919395465994962,469,blastp_best_hit_to_PAO1,99.574,100.0,0.0,932.0,True,True,,/data2/B_Li/vfdb/workflow_clade_translatorX_solved_dup_solved/final_aln/VFG020072.nogap.dedup/VFG020072.nogap.dedup.nt_ali.fasta,"Selected VFG016048: genome_count=11526, usable_sequences=0, usable_sequence_fraction=0.0000, usable_codon_fraction=0.5919, gap_fraction=0.4082, ambiguous_fraction=0.0000, protein_length=469"
PA2424,2,False,VFG020074,VFG020074(gb|WP_012614121),pvdL,11616,99.9827853331038,11616,0,0.0,25605,8535,0,0.49567175792111884,1.4490917590454258e-06,0.49567320701287787,4343,0.5088459285295841,4342,blastp_best_hit_to_PAO1,99.493,100.0,0.0,8670.0,True,True,,/data2/B_Li/vfdb/workflow_clade_translatorX_solved_dup_solved/final_aln/VFG020074.nogap.dedup/VFG020074.nogap.dedup.nt_ali.fasta,"Selected VFG016060: genome_count=11616, usable_sequences=0, usable_sequence_fraction=0.0000, usable_codon_fraction=0.5094, gap_fraction=0.4951, ambiguous_fraction=0.0000, protein_length=4342"
PA2424,3,False,VFG016058,VFG016058(gb|NP_251114),pvdL,11616,99.9827853331038,11616,0,0.0,26121,8707,0,0.5056338453180858,1.4204660805619282e-06,0.5056352657841663,4343,0.49879407373377743,4342,direct_ncbi_record,,,,,True,True,,/data2/B_Li/vfdb/workflow_clade_translatorX_solved_dup_solved/final_aln/VFG016058.nogap.dedup/VFG016058.nogap.dedup.nt_ali.fasta,"Selected VFG016060: genome_count=11616, usable_sequences=0, usable_sequence_fraction=0.0000, usable_codon_fraction=0.5094, gap_fraction=0.4951, ambiguous_fraction=0.0000, protein_length=4342"
PA2424,4,False,VFG016059,VFG016059(gb|WP_012075639),pvdL,11560,99.50077466001032,11560,0,0.0,26001,8667,0,0.5009533337086184,1.4339347342110477e-06,0.5009547676433526,4343,0.501096111688012,4342,blastp_best_hit_to_PAO1,97.72,100.0,0.0,8514.0,True,True,,/data2/B_Li/vfdb/workflow_clade_translatorX_solved_dup_solved/final_aln/VFG016059.nogap.dedup/VFG016059.nogap.dedup.nt_ali.fasta,"Selected VFG016060: genome_count=11616, usable_sequences=0, usable_sequence_fraction=0.0000, usable_codon_fraction=0.5094, gap_fraction=0.4951, ambiguous_fraction=0.0000, protein_length=4342"
PA2684,2,False,VFG051833,VFG051833(gb|WP_003138894.1),tse5/rhsP1,11570,99.58684799449132,11570,0,0.0,6828,2276,0,0.4219229857837903,1.151899317417376e-06,0.4219241376831077,1318,0.5790861159929701,1317,blastp_best_hit_to_PAO1,99.772,100.0,0.0,2637.0,True,True,,/data2/B_Li/vfdb/workflow_clade_translatorX_solved_dup_solved/final_aln/VFG051833.nogap.dedup/VFG051833.nogap.dedup.nt_ali.fasta,"Selected VFG051484: genome_count=11570, usable_sequences=0, usable_sequence_fraction=0.0000, usable_codon_fraction=0.5822, gap_fraction=0.4189, ambiguous_fraction=0.0000, protein_length=1317"
PA2684,3,False,VFG051830,VFG051830(gb|WP_012613984.1),tse5/rhsP1,11570,99.58684799449132,11570,0,0.0,6840,2280,0,0.42295258457292756,1.149878441421907e-06,0.42295373445136897,1318,0.5780701754385965,1317,blastp_best_hit_to_PAO1,99.62,100.0,0.0,2632.0,True,True,,/data2/B_Li/vfdb/workflow_clade_translatorX_solved_dup_solved/final_aln/VFG051830.nogap.dedup/VFG051830.nogap.dedup.nt_ali.fasta,"Selected VFG051484: genome_count=11570, usable_sequences=0, usable_sequence_fraction=0.0000, usable_codon_fraction=0.5822, gap_fraction=0.4189, ambiguous_fraction=0.0000, protein_length=1317"
PA3115,2,False,VFG013973,VFG013973(gb|WP_003138501),fimV,11519,99.14787398863832,11519,0,0.0,4908,1636,0,0.4379282681891999,6.19082762733595e-07,0.4379288872719626,920,0.5623471882640587,924,blastp_best_hit_to_PAO1,98.593,100.0,0.0,1768.0,True,True,,/data2/B_Li/vfdb/workflow_clade_translatorX_solved_dup_solved/final_aln/VFG013973.nogap.dedup/VFG013973.nogap.dedup.nt_ali.fasta,"Selected VFG001230: genome_count=11519, usable_sequences=0, usable_sequence_fraction=0.0000, usable_codon_fraction=0.5693, gap_fraction=0.4310, ambiguous_fraction=0.0000, protein_length=919"
PA3115,3,False,VFG019758,VFG019758(gb|WP_012613878),fimV,11519,99.14787398863832,11519,0,0.0,4911,1637,0,0.4382721002292937,6.187045814490906e-07,0.43827271893387515,920,0.5620036652412951,919,blastp_best_hit_to_PAO1,99.238,100.0,0.0,1770.0,True,True,,/data2/B_Li/vfdb/workflow_clade_translatorX_solved_dup_solved/final_aln/VFG019758.nogap.dedup/VFG019758.nogap.dedup.nt_ali.fasta,"Selected VFG001230: genome_count=11519, usable_sequences=0, usable_sequence_fraction=0.0000, usable_codon_fraction=0.5693, gap_fraction=0.4310, ambiguous_fraction=0.0000, protein_length=919"
PA3141,2,False,VFG014117,VFG014117(gb|NP_251831),wbpM,11307,97.3231192976416,11307,0,0.0,3399,1133,0,0.41986698599021405,6.504912392750582e-07,0.4198676364814533,515,0.45454545454545453,665,direct_ncbi_record,,,,,True,True,,/data2/B_Li/vfdb/workflow_clade_translatorX_solved_dup_solved/final_aln/VFG014117.nogap.dedup/VFG014117.nogap.dedup.nt_ali.fasta,"Selected VFG019790: genome_count=11315, usable_sequences=0, usable_sequence_fraction=0.0000, usable_codon_fraction=0.6011, gap_fraction=0.3842, ambiguous_fraction=0.0000, protein_length=665"
PA3141,3,False,VFG014147,VFG014147(gb|WP_003138484),PA14_RS09500,11307,97.3231192976416,11307,0,0.0,3516,1172,0,0.4511435575111132,6.03691391753153e-07,0.45114416120250495,448,0.3822525597269625,665,blastp_best_hit_to_PAO1,98.346,100.0,0.0,1335.0,True,True,,/data2/B_Li/vfdb/workflow_clade_translatorX_solved_dup_solved/final_aln/VFG014147.nogap.dedup/VFG014147.nogap.dedup.nt_ali.fasta,"Selected VFG019790: genome_count=11315, usable_sequences=0, usable_sequence_fraction=0.0000, usable_codon_fraction=0.6011, gap_fraction=0.3842, ambiguous_fraction=0.0000, protein_length=665"
PA3319,2,False,VFG015853,VFG015853(gb|WP_012074913),plcN,11617,99.9913926665519,11617,0,0.0,2727,909,0,0.23769213454013044,5.366236316610342e-07,0.2376926711637621,693,0.7623762376237624,692,blastp_best_hit_to_PAO1,98.121,100.0,0.0,1410.0,True,True,,/data2/B_Li/vfdb/workflow_clade_translatorX_solved_dup_solved/final_aln/VFG015853.nogap.dedup/VFG015853.nogap.dedup.nt_ali.fasta,"Selected VFG015852: genome_count=11617, usable_sequences=0, usable_sequence_fraction=0.0000, usable_codon_fraction=0.7624, gap_fraction=0.2377, ambiguous_fraction=0.0000, protein_length=692"
PA3319,3,False,VFG015854,VFG015854(gb|WP_003138281),plcN,11617,99.9913926665519,11617,0,0.0,2727,909,0,0.23769213454013044,5.366236316610342e-07,0.2376926711637621,693,0.7623762376237624,692,blastp_best_hit_to_PAO1,99.711,100.0,0.0,1430.0,True,True,,/data2/B_Li/vfdb/workflow_clade_translatorX_solved_dup_solved/final_aln/VFG015854.nogap.dedup/VFG015854.nogap.dedup.nt_ali.fasta,"Selected VFG015852: genome_count=11617, usable_sequences=0, usable_sequence_fraction=0.0000, usable_codon_fraction=0.7624, gap_fraction=0.2377, ambiguous_fraction=0.0000, protein_length=692"
PA3319,4,False,VFG020045,VFG020045(gb|WP_012613840),plcN,11617,99.9913926665519,11617,0,0.0,2727,909,0,0.23769213454013044,5.366236316610342e-07,0.2376926711637621,693,0.7623762376237624,692,blastp_best_hit_to_PAO1,99.711,100.0,0.0,1428.0,True,True,,/data2/B_Li/vfdb/workflow_clade_translatorX_solved_dup_solved/final_aln/VFG020045.nogap.dedup/VFG020045.nogap.dedup.nt_ali.fasta,"Selected VFG015852: genome_count=11617, usable_sequences=0, usable_sequence_fraction=0.0000, usable_codon_fraction=0.7624, gap_fraction=0.2377, ambiguous_fraction=0.0000, protein_length=692"
PA3478,2,False,VFG015044,VFG015044(gb|WP_003092007),rhlB,11505,99.02737132036496,11505,0,0.0,1701,567,0,0.24788394279919704,7.664791092286385e-07,0.24788470927830628,427,0.7530864197530864,426,blastp_best_hit_to_PAO1,100.0,100.0,0.0,865.0,True,True,,/data2/B_Li/vfdb/workflow_clade_translatorX_solved_dup_solved/final_aln/VFG015044.nogap.dedup/VFG015044.nogap.dedup.nt_ali.fasta,"Selected VFG000155: genome_count=11505, usable_sequences=0, usable_sequence_fraction=0.0000, usable_codon_fraction=0.7531, gap_fraction=0.2479, ambiguous_fraction=0.0000, protein_length=426"
PA3478,3,False,VFG019932,VFG019932(gb|WP_012613761),rhlB,11505,99.02737132036496,11505,0,0.0,1701,567,0,0.24788501586994996,7.664791092286385e-07,0.2478857823490592,427,0.7530864197530864,426,blastp_best_hit_to_PAO1,99.765,100.0,0.0,863.0,True,True,,/data2/B_Li/vfdb/workflow_clade_translatorX_solved_dup_solved/final_aln/VFG019932.nogap.dedup/VFG019932.nogap.dedup.nt_ali.fasta,"Selected VFG000155: genome_count=11505, usable_sequences=0, usable_sequence_fraction=0.0000, usable_codon_fraction=0.7531, gap_fraction=0.2479, ambiguous_fraction=0.0000, protein_length=426"
PA3484,2,False,VFG051818,VFG051818(gb|WP_003092026.1),tse3,11617,99.9913926665519,11617,1,8.608074373762589e-05,1563,521,0,0.21522515566818567,4.956664706581145e-07,0.21522565133465632,409,0.7850287907869482,408,blastp_best_hit_to_PAO1,100.0,100.0,0.0,821.0,True,True,,/data2/B_Li/vfdb/workflow_clade_translatorX_solved_dup_solved/final_aln/VFG051818.nogap.dedup/VFG051818.nogap.dedup.nt_ali.fasta,"Selected VFG041047: genome_count=11617, usable_sequences=1, usable_sequence_fraction=0.0001, usable_codon_fraction=0.7850, gap_fraction=0.2152, ambiguous_fraction=0.0000, protein_length=408"
PA3484,3,False,VFG051821,VFG051821(gb|WP_003138171.1),tse3,11617,99.9913926665519,11617,1,8.608074373762589e-05,1563,521,0,0.21522515566818567,4.956664706581145e-07,0.21522565133465632,409,0.7850287907869482,408,blastp_best_hit_to_PAO1,99.755,100.0,0.0,818.0,True,True,,/data2/B_Li/vfdb/workflow_clade_translatorX_solved_dup_solved/final_aln/VFG051821.nogap.dedup/VFG051821.nogap.dedup.nt_ali.fasta,"Selected VFG041047: genome_count=11617, usable_sequences=1, usable_sequence_fraction=0.0001, usable_codon_fraction=0.7850, gap_fraction=0.2152, ambiguous_fraction=0.0000, protein_length=408"
PA3484,4,False,VFG051819,VFG051819(gb|WP_012074797.1),tse3,11616,99.9827853331038,11616,0,0.0,1545,515,0,0.2060835071812565,5.014843938056647e-07,0.20608400866565033,409,0.7941747572815534,408,blastp_best_hit_to_PAO1,96.324,100.0,0.0,798.0,True,True,,/data2/B_Li/vfdb/workflow_clade_translatorX_solved_dup_solved/final_aln/VFG051819.nogap.dedup/VFG051819.nogap.dedup.nt_ali.fasta,"Selected VFG041047: genome_count=11617, usable_sequences=1, usable_sequence_fraction=0.0001, usable_codon_fraction=0.7850, gap_fraction=0.2152, ambiguous_fraction=0.0000, protein_length=408"
PA3540,2,False,VFG014748,VFG014748(gb|WP_003110461),algD,11617,99.9913926665519,11617,0,0.0,1956,652,0,0.33373042257195534,1.3642653659848685e-06,0.33373178683732135,437,0.6702453987730062,436,blastp_best_hit_to_PAO1,100.0,100.0,0.0,894.0,True,True,,/data2/B_Li/vfdb/workflow_clade_translatorX_solved_dup_solved/final_aln/VFG014748.nogap.dedup/VFG014748.nogap.dedup.nt_ali.fasta,"Selected VFG000122: genome_count=11617, usable_sequences=0, usable_sequence_fraction=0.0000, usable_codon_fraction=0.6702, gap_fraction=0.3337, ambiguous_fraction=0.0000, protein_length=436"
PA3540,3,False,VFG014747,VFG014747(gb|WP_003154318),algD,11616,99.9827853331038,11616,0,0.0,1956,652,0,0.3352326862461762,3.080864416614556e-07,0.33523299433261783,436,0.6687116564417178,436,blastp_best_hit_to_PAO1,99.771,100.0,0.0,893.0,True,True,,/data2/B_Li/vfdb/workflow_clade_translatorX_solved_dup_solved/final_aln/VFG014747.nogap.dedup/VFG014747.nogap.dedup.nt_ali.fasta,"Selected VFG000122: genome_count=11617, usable_sequences=0, usable_sequence_fraction=0.0000, usable_codon_fraction=0.6702, gap_fraction=0.3337, ambiguous_fraction=0.0000, protein_length=436"
PA3541,2,False,VFG014759,VFG014759(gb|WP_074197298),alg8,11617,99.9913926665519,11617,0,0.0,1911,637,0,0.22298980179672268,4.954935536964337e-07,0.22299029729027636,495,0.7770800627943485,494,blastp_best_hit_to_PAO1,99.393,100.0,0.0,1004.0,True,True,,/data2/B_Li/vfdb/workflow_clade_translatorX_solved_dup_solved/final_aln/VFG014759.nogap.dedup/VFG014759.nogap.dedup.nt_ali.fasta,"Selected VFG000123: genome_count=11617, usable_sequences=0, usable_sequence_fraction=0.0000, usable_codon_fraction=0.7771, gap_fraction=0.2230, ambiguous_fraction=0.0000, protein_length=494"
PA3541,3,False,VFG014760,VFG014760(gb|WP_003138103),alg8,11617,99.9913926665519,11617,0,0.0,1911,637,0,0.22298980179672268,4.954935536964337e-07,0.22299029729027636,495,0.7770800627943485,494,blastp_best_hit_to_PAO1,99.798,100.0,0.0,1005.0,True,True,,/data2/B_Li/vfdb/workflow_clade_translatorX_solved_dup_solved/final_aln/VFG014760.nogap.dedup/VFG014760.nogap.dedup.nt_ali.fasta,"Selected VFG000123: genome_count=11617, usable_sequences=0, usable_sequence_fraction=0.0000, usable_codon_fraction=0.7771, gap_fraction=0.2230, ambiguous_fraction=0.0000, protein_length=494"
PA3541,4,False,VFG019885,VFG019885(gb|WP_003119545),alg8,11617,99.9913926665519,11617,0,0.0,1911,637,0,0.22298980179672268,4.954935536964337e-07,0.22299029729027636,495,0.7770800627943485,494,blastp_best_hit_to_PAO1,100.0,100.0,0.0,1008.0,True,True,,/data2/B_Li/vfdb/workflow_clade_translatorX_solved_dup_solved/final_aln/VFG019885.nogap.dedup/VFG019885.nogap.dedup.nt_ali.fasta,"Selected VFG000123: genome_count=11617, usable_sequences=0, usable_sequence_fraction=0.0000, usable_codon_fraction=0.7771, gap_fraction=0.2230, ambiguous_fraction=0.0000, protein_length=494"
PA3542,2,False,VFG014771,VFG014771(gb|WP_012074769),alg44,11617,99.9913926665519,11617,0,0.0,1890,630,0,0.3809799814448175,4.554536705694492e-07,0.38098043689848804,390,0.6190476190476191,389,blastp_best_hit_to_PAO1,99.743,100.0,0.0,785.0,True,True,,/data2/B_Li/vfdb/workflow_clade_translatorX_solved_dup_solved/final_aln/VFG014771.nogap.dedup/VFG014771.nogap.dedup.nt_ali.fasta,"Selected VFG000124: genome_count=11617, usable_sequences=0, usable_sequence_fraction=0.0000, usable_codon_fraction=0.6190, gap_fraction=0.3810, ambiguous_fraction=0.0000, protein_length=389"
PA3542,3,False,VFG014772,VFG014772(gb|WP_003092101),alg44,11617,99.9913926665519,11617,0,0.0,1890,630,0,0.3809799814448175,4.554536705694492e-07,0.38098043689848804,390,0.6190476190476191,389,blastp_best_hit_to_PAO1,100.0,100.0,0.0,787.0,True,True,,/data2/B_Li/vfdb/workflow_clade_translatorX_solved_dup_solved/final_aln/VFG014772.nogap.dedup/VFG014772.nogap.dedup.nt_ali.fasta,"Selected VFG000124: genome_count=11617, usable_sequences=0, usable_sequence_fraction=0.0000, usable_codon_fraction=0.6190, gap_fraction=0.3810, ambiguous_fraction=0.0000, protein_length=389"
PA3542,4,False,VFG019887,VFG019887(gb|WP_003092101),alg44,11617,99.9913926665519,11617,0,0.0,1890,630,0,0.3809799814448175,4.554536705694492e-07,0.38098043689848804,390,0.6190476190476191,389,blastp_best_hit_to_PAO1,100.0,100.0,0.0,787.0,True,True,,/data2/B_Li/vfdb/workflow_clade_translatorX_solved_dup_solved/final_aln/VFG019887.nogap.dedup/VFG019887.nogap.dedup.nt_ali.fasta,"Selected VFG000124: genome_count=11617, usable_sequences=0, usable_sequence_fraction=0.0000, usable_codon_fraction=0.6190, gap_fraction=0.3810, ambiguous_fraction=0.0000, protein_length=389"
PA3543,2,False,VFG000125,VFG000125(gb|NP_252233),algK,11617,99.9913926665519,11617,0,0.0,2112,704,0,0.32396157766439465,5.706109906850202e-07,0.32396214827538533,476,0.6761363636363636,475,direct_ncbi_record,,,,,True,True,,/data2/B_Li/vfdb/workflow_clade_translatorX_solved_dup_solved/final_aln/VFG000125.nogap.dedup/VFG000125.nogap.dedup.nt_ali.fasta,"Selected VFG014783: genome_count=11617, usable_sequences=0, usable_sequence_fraction=0.0000, usable_codon_fraction=0.6959, gap_fraction=0.3042, ambiguous_fraction=0.0000, protein_length=475"
PA3543,3,False,VFG014784,VFG014784(gb|WP_003110463),algK,11617,99.9913926665519,11617,0,0.0,2112,704,0,0.32396157766439465,5.706109906850202e-07,0.32396214827538533,476,0.6761363636363636,475,blastp_best_hit_to_PAO1,99.789,100.0,0.0,937.0,True,True,,/data2/B_Li/vfdb/workflow_clade_translatorX_solved_dup_solved/final_aln/VFG014784.nogap.dedup/VFG014784.nogap.dedup.nt_ali.fasta,"Selected VFG014783: genome_count=11617, usable_sequences=0, usable_sequence_fraction=0.0000, usable_codon_fraction=0.6959, gap_fraction=0.3042, ambiguous_fraction=0.0000, protein_length=475"
PA3543,4,False,VFG019889,VFG019889(gb|WP_003110463),algK,11617,99.9913926665519,11617,0,0.0,2112,704,0,0.32396157766439465,5.706109906850202e-07,0.32396214827538533,476,0.6761363636363636,475,blastp_best_hit_to_PAO1,99.789,100.0,0.0,937.0,True,True,,/data2/B_Li/vfdb/workflow_clade_translatorX_solved_dup_solved/final_aln/VFG019889.nogap.dedup/VFG019889.nogap.dedup.nt_ali.fasta,"Selected VFG014783: genome_count=11617, usable_sequences=0, usable_sequence_fraction=0.0000, usable_codon_fraction=0.6959, gap_fraction=0.3042, ambiguous_fraction=0.0000, protein_length=475"
PA3544,2,False,VFG014796,VFG014796(gb|WP_012074767),algE,11617,99.9913926665519,11617,11612,0.9995695962813119,1830,610,0,0.19513305119546398,5.644638933614813e-07,0.19513361565935733,491,0.8049180327868852,490,blastp_best_hit_to_PAO1,99.388,100.0,0.0,995.0,True,True,,/data2/B_Li/vfdb/workflow_clade_translatorX_solved_dup_solved/final_aln/VFG014796.nogap.dedup/VFG014796.nogap.dedup.nt_ali.fasta,"Selected VFG000126: genome_count=11617, usable_sequences=11612, usable_sequence_fraction=0.9996, usable_codon_fraction=0.8049, gap_fraction=0.1951, ambiguous_fraction=0.0000, protein_length=490"
PA3544,3,False,VFG014797,VFG014797(gb|WP_003138101),algE,11617,99.9913926665519,11617,11612,0.9995695962813119,1830,610,0,0.19513305119546398,5.644638933614813e-07,0.19513361565935733,491,0.8049180327868852,490,blastp_best_hit_to_PAO1,99.796,100.0,0.0,998.0,True,True,,/data2/B_Li/vfdb/workflow_clade_translatorX_solved_dup_solved/final_aln/VFG014797.nogap.dedup/VFG014797.nogap.dedup.nt_ali.fasta,"Selected VFG000126: genome_count=11617, usable_sequences=11612, usable_sequence_fraction=0.9996, usable_codon_fraction=0.8049, gap_fraction=0.1951, ambiguous_fraction=0.0000, protein_length=490"
PA3544,4,False,VFG019891,VFG019891(gb|WP_003110464),algE,11617,99.9913926665519,11617,11612,0.9995695962813119,1830,610,0,0.19513305119546398,5.644638933614813e-07,0.19513361565935733,491,0.8049180327868852,490,blastp_best_hit_to_PAO1,99.796,100.0,0.0,997.0,True,True,,/data2/B_Li/vfdb/workflow_clade_translatorX_solved_dup_solved/final_aln/VFG019891.nogap.dedup/VFG019891.nogap.dedup.nt_ali.fasta,"Selected VFG000126: genome_count=11617, usable_sequences=11612, usable_sequence_fraction=0.9996, usable_codon_fraction=0.8049, gap_fraction=0.1951, ambiguous_fraction=0.0000, protein_length=490"
PA3545,2,False,VFG014809,VFG014809(gb|WP_003138099),algG,11617,99.9913926665519,11617,0,0.0,2376,792,0,0.3134560723008687,1.4854000392435445e-06,0.31345755770090794,544,0.6868686868686869,543,blastp_best_hit_to_PAO1,99.816,100.0,0.0,1108.0,True,True,,/data2/B_Li/vfdb/workflow_clade_translatorX_solved_dup_solved/final_aln/VFG014809.nogap.dedup/VFG014809.nogap.dedup.nt_ali.fasta,"Selected VFG000127: genome_count=11617, usable_sequences=0, usable_sequence_fraction=0.0000, usable_codon_fraction=0.6869, gap_fraction=0.3135, ambiguous_fraction=0.0000, protein_length=543"
PA3545,3,False,VFG019893,VFG019893(gb|WP_003110465),algG,11617,99.9913926665519,11617,0,0.0,2376,792,0,0.3134560723008687,1.4854000392435445e-06,0.31345755770090794,544,0.6868686868686869,543,blastp_best_hit_to_PAO1,100.0,100.0,0.0,1110.0,True,True,,/data2/B_Li/vfdb/workflow_clade_translatorX_solved_dup_solved/final_aln/VFG019893.nogap.dedup/VFG019893.nogap.dedup.nt_ali.fasta,"Selected VFG000127: genome_count=11617, usable_sequences=0, usable_sequence_fraction=0.0000, usable_codon_fraction=0.6869, gap_fraction=0.3135, ambiguous_fraction=0.0000, protein_length=543"
PA3545,4,False,VFG014808,VFG014808(gb|WP_012074766),algG,11617,99.9913926665519,11617,0,0.0,2388,796,0,0.3344167683558535,1.4779357174383005e-06,0.3344182462915709,530,0.6658291457286433,539,blastp_best_hit_to_PAO1,98.299,98.14471243042672,0.0,1069.0,True,True,,/data2/B_Li/vfdb/workflow_clade_translatorX_solved_dup_solved/final_aln/VFG014808.nogap.dedup/VFG014808.nogap.dedup.nt_ali.fasta,"Selected VFG000127: genome_count=11617, usable_sequences=0, usable_sequence_fraction=0.0000, usable_codon_fraction=0.6869, gap_fraction=0.3135, ambiguous_fraction=0.0000, protein_length=543"
PA3546,2,False,VFG014820,VFG014820(gb|WP_012074765),algX,11617,99.9913926665519,11617,0,0.0,2073,691,0,0.3126268242795534,6.643955136526842e-07,0.31262748867506707,475,0.6874095513748191,474,blastp_best_hit_to_PAO1,98.734,100.0,0.0,974.0,True,True,,/data2/B_Li/vfdb/workflow_clade_translatorX_solved_dup_solved/final_aln/VFG014820.nogap.dedup/VFG014820.nogap.dedup.nt_ali.fasta,"Selected VFG000128: genome_count=11617, usable_sequences=0, usable_sequence_fraction=0.0000, usable_codon_fraction=0.6874, gap_fraction=0.3126, ambiguous_fraction=0.0000, protein_length=474"
PA3546,3,False,VFG014821,VFG014821(gb|WP_003092107),algX,11617,99.9913926665519,11617,0,0.0,2073,691,0,0.3126268242795534,6.643955136526842e-07,0.31262748867506707,475,0.6874095513748191,474,blastp_best_hit_to_PAO1,99.789,100.0,0.0,982.0,True,True,,/data2/B_Li/vfdb/workflow_clade_translatorX_solved_dup_solved/final_aln/VFG014821.nogap.dedup/VFG014821.nogap.dedup.nt_ali.fasta,"Selected VFG000128: genome_count=11617, usable_sequences=0, usable_sequence_fraction=0.0000, usable_codon_fraction=0.6874, gap_fraction=0.3126, ambiguous_fraction=0.0000, protein_length=474"
PA3546,4,False,VFG019895,VFG019895(gb|WP_012613748),algX,11617,99.9913926665519,11617,0,0.0,2073,691,0,0.3126268242795534,6.643955136526842e-07,0.31262748867506707,475,0.6874095513748191,474,blastp_best_hit_to_PAO1,99.578,100.0,0.0,981.0,True,True,,/data2/B_Li/vfdb/workflow_clade_translatorX_solved_dup_solved/final_aln/VFG019895.nogap.dedup/VFG019895.nogap.dedup.nt_ali.fasta,"Selected VFG000128: genome_count=11617, usable_sequences=0, usable_sequence_fraction=0.0000, usable_codon_fraction=0.6874, gap_fraction=0.3126, ambiguous_fraction=0.0000, protein_length=474"
PA3547,2,False,VFG014833,VFG014833(gb|WP_003092108),algL,11617,99.9913926665519,11617,0,0.0,1533,511,0,0.2798607951401271,8.98429158383571e-07,0.27986169356928553,368,0.7201565557729941,367,blastp_best_hit_to_PAO1,100.0,100.0,0.0,763.0,True,True,,/data2/B_Li/vfdb/workflow_clade_translatorX_solved_dup_solved/final_aln/VFG014833.nogap.dedup/VFG014833.nogap.dedup.nt_ali.fasta,"Selected VFG000129: genome_count=11617, usable_sequences=0, usable_sequence_fraction=0.0000, usable_codon_fraction=0.7202, gap_fraction=0.2799, ambiguous_fraction=0.0000, protein_length=367"
PA3547,3,False,VFG019897,VFG019897(gb|WP_012613747),algL,11617,99.9913926665519,11617,0,0.0,1533,511,0,0.2798607951401271,8.98429158383571e-07,0.27986169356928553,368,0.7201565557729941,367,blastp_best_hit_to_PAO1,99.455,100.0,0.0,760.0,True,True,,/data2/B_Li/vfdb/workflow_clade_translatorX_solved_dup_solved/final_aln/VFG019897.nogap.dedup/VFG019897.nogap.dedup.nt_ali.fasta,"Selected VFG000129: genome_count=11617, usable_sequences=0, usable_sequence_fraction=0.0000, usable_codon_fraction=0.7202, gap_fraction=0.2799, ambiguous_fraction=0.0000, protein_length=367"
PA3547,4,False,VFG014832,VFG014832(gb|WP_012074764),algL,11532,99.2597693234636,11532,0,0.0,1518,506,0,0.2727449242458517,9.139944895272226e-07,0.27274583824034127,368,0.7272727272727273,367,blastp_best_hit_to_PAO1,97.275,100.0,0.0,745.0,True,True,,/data2/B_Li/vfdb/workflow_clade_translatorX_solved_dup_solved/final_aln/VFG014832.nogap.dedup/VFG014832.nogap.dedup.nt_ali.fasta,"Selected VFG000129: genome_count=11617, usable_sequences=0, usable_sequence_fraction=0.0000, usable_codon_fraction=0.7202, gap_fraction=0.2799, ambiguous_fraction=0.0000, protein_length=367"
PA3548,2,False,VFG000130,VFG000130(gb|NP_252238),algI,11617,99.9913926665519,11617,0,0.0,2022,674,0,0.2274724522462604,6.385811849972248e-07,0.22747309082744538,521,0.7729970326409495,520,direct_ncbi_record,,,,,True,True,,/data2/B_Li/vfdb/workflow_clade_translatorX_solved_dup_solved/final_aln/VFG000130.nogap.dedup/VFG000130.nogap.dedup.nt_ali.fasta,"Selected VFG014844: genome_count=11617, usable_sequences=0, usable_sequence_fraction=0.0000, usable_codon_fraction=0.7858, gap_fraction=0.2147, ambiguous_fraction=0.0000, protein_length=520"
PA3548,3,False,VFG014845,VFG014845(gb|WP_003138085),algI,11617,99.9913926665519,11617,0,0.0,2022,674,0,0.2274724522462604,6.385811849972248e-07,0.22747309082744538,521,0.7729970326409495,520,blastp_best_hit_to_PAO1,99.231,100.0,0.0,1045.0,True,True,,/data2/B_Li/vfdb/workflow_clade_translatorX_solved_dup_solved/final_aln/VFG014845.nogap.dedup/VFG014845.nogap.dedup.nt_ali.fasta,"Selected VFG014844: genome_count=11617, usable_sequences=0, usable_sequence_fraction=0.0000, usable_codon_fraction=0.7858, gap_fraction=0.2147, ambiguous_fraction=0.0000, protein_length=520"
PA3548,4,False,VFG019899,VFG019899(gb|WP_003110467),algI,11617,99.9913926665519,11617,0,0.0,2022,674,0,0.2274724522462604,6.385811849972248e-07,0.22747309082744538,521,0.7729970326409495,520,blastp_best_hit_to_PAO1,99.423,100.0,0.0,1047.0,True,True,,/data2/B_Li/vfdb/workflow_clade_translatorX_solved_dup_solved/final_aln/VFG019899.nogap.dedup/VFG019899.nogap.dedup.nt_ali.fasta,"Selected VFG014844: genome_count=11617, usable_sequences=0, usable_sequence_fraction=0.0000, usable_codon_fraction=0.7858, gap_fraction=0.2147, ambiguous_fraction=0.0000, protein_length=520"
PA3549,2,False,VFG014858,VFG014858(gb|WP_003092111),algJ,11616,99.9827853331038,11616,0,0.0,1827,609,0,0.3566803276834625,1.0366389676734504e-06,0.35668136432243014,392,0.6436781609195402,391,blastp_best_hit_to_PAO1,100.0,100.0,0.0,784.0,True,True,,/data2/B_Li/vfdb/workflow_clade_translatorX_solved_dup_solved/final_aln/VFG014858.nogap.dedup/VFG014858.nogap.dedup.nt_ali.fasta,"Selected VFG000131: genome_count=11616, usable_sequences=0, usable_sequence_fraction=0.0000, usable_codon_fraction=0.6437, gap_fraction=0.3567, ambiguous_fraction=0.0000, protein_length=391"
PA3549,3,False,VFG019901,VFG019901(gb|WP_003092111),algJ,11616,99.9827853331038,11616,0,0.0,1827,609,0,0.3566803276834625,1.0366389676734504e-06,0.35668136432243014,392,0.6436781609195402,391,blastp_best_hit_to_PAO1,100.0,100.0,0.0,784.0,True,True,,/data2/B_Li/vfdb/workflow_clade_translatorX_solved_dup_solved/final_aln/VFG019901.nogap.dedup/VFG019901.nogap.dedup.nt_ali.fasta,"Selected VFG000131: genome_count=11616, usable_sequences=0, usable_sequence_fraction=0.0000, usable_codon_fraction=0.6437, gap_fraction=0.3567, ambiguous_fraction=0.0000, protein_length=391"
PA3549,4,False,VFG014857,VFG014857(gb|WP_003157810),algJ,11613,99.95696333275951,11613,0,0.0,1803,601,0,0.34811552203602225,7.641521333288822e-07,0.3481162861881556,392,0.6522462562396006,391,blastp_best_hit_to_PAO1,96.675,100.0,0.0,760.0,True,True,,/data2/B_Li/vfdb/workflow_clade_translatorX_solved_dup_solved/final_aln/VFG014857.nogap.dedup/VFG014857.nogap.dedup.nt_ali.fasta,"Selected VFG000131: genome_count=11616, usable_sequences=0, usable_sequence_fraction=0.0000, usable_codon_fraction=0.6437, gap_fraction=0.3567, ambiguous_fraction=0.0000, protein_length=391"
PA3551,2,False,VFG014882,VFG014882(gb|WP_003092113),algA,11617,99.9913926665519,11617,11545,0.9938021864508909,1806,602,0,0.19965341776300455,9.056113682253001e-07,0.19965432337437278,482,0.8006644518272426,481,blastp_best_hit_to_PAO1,100.0,100.0,0.0,999.0,True,True,,/data2/B_Li/vfdb/workflow_clade_translatorX_solved_dup_solved/final_aln/VFG014882.nogap.dedup/VFG014882.nogap.dedup.nt_ali.fasta,"Selected VFG000133: genome_count=11617, usable_sequences=11545, usable_sequence_fraction=0.9938, usable_codon_fraction=0.8007, gap_fraction=0.1997, ambiguous_fraction=0.0000, protein_length=481"
PA3551,3,False,VFG014881,VFG014881(gb|WP_012074761),algA,11617,99.9913926665519,11617,11545,0.9938021864508909,1806,602,0,0.1996537037455419,9.056113682253001e-07,0.19965460935691012,482,0.8006644518272426,481,blastp_best_hit_to_PAO1,99.584,100.0,0.0,995.0,True,True,,/data2/B_Li/vfdb/workflow_clade_translatorX_solved_dup_solved/final_aln/VFG014881.nogap.dedup/VFG014881.nogap.dedup.nt_ali.fasta,"Selected VFG000133: genome_count=11617, usable_sequences=11545, usable_sequence_fraction=0.9938, usable_codon_fraction=0.8007, gap_fraction=0.1997, ambiguous_fraction=0.0000, protein_length=481"
PA3551,4,False,VFG019905,VFG019905(gb|WP_003092113),algA,11617,99.9913926665519,11617,11545,0.9938021864508909,1806,602,0,0.1996537037455419,9.056113682253001e-07,0.19965460935691012,482,0.8006644518272426,481,blastp_best_hit_to_PAO1,100.0,100.0,0.0,999.0,True,True,,/data2/B_Li/vfdb/workflow_clade_translatorX_solved_dup_solved/final_aln/VFG019905.nogap.dedup/VFG019905.nogap.dedup.nt_ali.fasta,"Selected VFG000133: genome_count=11617, usable_sequences=11545, usable_sequence_fraction=0.9938, usable_codon_fraction=0.8007, gap_fraction=0.1997, ambiguous_fraction=0.0000, protein_length=481"
PA3649,2,False,VFG015002,VFG015002(gb|WP_003138017),mucP,11617,99.9913926665519,11617,0,0.0,2010,670,0,0.3271303378091037,9.421772946406814e-07,0.32713127998639835,451,0.673134328358209,450,blastp_best_hit_to_PAO1,99.556,100.0,0.0,884.0,True,True,,/data2/B_Li/vfdb/workflow_clade_translatorX_solved_dup_solved/final_aln/VFG015002.nogap.dedup/VFG015002.nogap.dedup.nt_ali.fasta,"Selected VFG015000: genome_count=11617, usable_sequences=0, usable_sequence_fraction=0.0000, usable_codon_fraction=0.6731, gap_fraction=0.3271, ambiguous_fraction=0.0000, protein_length=450"
PA3649,3,False,VFG019924,VFG019924(gb|WP_012613725),mucP,11617,99.9913926665519,11617,0,0.0,2010,670,0,0.3271303378091037,9.421772946406814e-07,0.32713127998639835,451,0.673134328358209,450,blastp_best_hit_to_PAO1,99.778,100.0,0.0,886.0,True,True,,/data2/B_Li/vfdb/workflow_clade_translatorX_solved_dup_solved/final_aln/VFG019924.nogap.dedup/VFG019924.nogap.dedup.nt_ali.fasta,"Selected VFG015000: genome_count=11617, usable_sequences=0, usable_sequence_fraction=0.0000, usable_codon_fraction=0.6731, gap_fraction=0.3271, ambiguous_fraction=0.0000, protein_length=450"
PA3649,4,False,VFG015001,VFG015001(gb|WP_012074695),mucP,11616,99.9827853331038,11616,0,0.0,2043,681,0,0.33799903318325425,9.270383719722926e-07,0.3379999602216262,451,0.6622613803230544,450,blastp_best_hit_to_PAO1,97.556,100.0,0.0,873.0,True,True,,/data2/B_Li/vfdb/workflow_clade_translatorX_solved_dup_solved/final_aln/VFG015001.nogap.dedup/VFG015001.nogap.dedup.nt_ali.fasta,"Selected VFG015000: genome_count=11617, usable_sequences=0, usable_sequence_fraction=0.0000, usable_codon_fraction=0.6731, gap_fraction=0.3271, ambiguous_fraction=0.0000, protein_length=450"
PA3724,2,False,VFG015558,VFG015558(gb|WP_003092588),lasB,11575,99.6298846617318,11575,0,0.0,2103,701,0,0.28826206314336505,2.875661530529769e-07,0.2882623507095181,499,0.7118402282453637,498,blastp_best_hit_to_PAO1,98.996,100.0,0.0,1022.0,True,True,,/data2/B_Li/vfdb/workflow_clade_translatorX_solved_dup_solved/final_aln/VFG015558.nogap.dedup/VFG015558.nogap.dedup.nt_ali.fasta,"Selected VFG000146: genome_count=11575, usable_sequences=0, usable_sequence_fraction=0.0000, usable_codon_fraction=0.7118, gap_fraction=0.2883, ambiguous_fraction=0.0000, protein_length=498"
PA3724,3,False,VFG020040,VFG020040(gb|WP_003113835),lasB,11575,99.6298846617318,11575,0,0.0,2103,701,0,0.28826206314336505,2.875661530529769e-07,0.2882623507095181,499,0.7118402282453637,498,blastp_best_hit_to_PAO1,100.0,100.0,0.0,1033.0,True,True,,/data2/B_Li/vfdb/workflow_clade_translatorX_solved_dup_solved/final_aln/VFG020040.nogap.dedup/VFG020040.nogap.dedup.nt_ali.fasta,"Selected VFG000146: genome_count=11575, usable_sequences=0, usable_sequence_fraction=0.0000, usable_codon_fraction=0.7118, gap_fraction=0.2883, ambiguous_fraction=0.0000, protein_length=498"
PA4175,2,False,VFG015848,VFG015848(gb|WP_003110541),prpL,11548,99.39748665863316,11548,0,0.0,1986,662,0,0.3008260804502316,5.232331202379246e-07,0.30082660368335185,463,0.6993957703927492,462,blastp_best_hit_to_PAO1,98.918,100.0,0.0,931.0,True,True,,/data2/B_Li/vfdb/workflow_clade_translatorX_solved_dup_solved/final_aln/VFG015848.nogap.dedup/VFG015848.nogap.dedup.nt_ali.fasta,"Selected VFG015846: genome_count=11548, usable_sequences=0, usable_sequence_fraction=0.0000, usable_codon_fraction=0.6994, gap_fraction=0.3008, ambiguous_fraction=0.0000, protein_length=462"
PA4175,3,False,VFG020043,VFG020043(gb|WP_003101348),prpL,11548,99.39748665863316,11548,0,0.0,1986,662,0,0.3008260804502316,5.232331202379246e-07,0.30082660368335185,463,0.6993957703927492,462,blastp_best_hit_to_PAO1,99.784,100.0,0.0,939.0,True,True,,/data2/B_Li/vfdb/workflow_clade_translatorX_solved_dup_solved/final_aln/VFG020043.nogap.dedup/VFG020043.nogap.dedup.nt_ali.fasta,"Selected VFG015846: genome_count=11548, usable_sequences=0, usable_sequence_fraction=0.0000, usable_codon_fraction=0.6994, gap_fraction=0.3008, ambiguous_fraction=0.0000, protein_length=462"
PA4209,2,False,VFG015547,VFG015547(gb|WP_003093617),phzM,11426,98.34739197796524,11426,0,0.0,1554,518,0,0.3533070278650534,8.447846711456023e-07,0.3533078726497246,335,0.6467181467181468,334,blastp_best_hit_to_PAO1,100.0,100.0,0.0,672.0,True,True,,/data2/B_Li/vfdb/workflow_clade_translatorX_solved_dup_solved/final_aln/VFG015547.nogap.dedup/VFG015547.nogap.dedup.nt_ali.fasta,"Selected VFG020036: genome_count=11506, usable_sequences=0, usable_sequence_fraction=0.0000, usable_codon_fraction=0.6467, gap_fraction=0.3533, ambiguous_fraction=0.0000, protein_length=334"
PA4209,3,False,VFG000172,VFG000172(gb|NP_252898),phzM,11425,98.33878464451712,11425,0,0.0,1479,493,0,0.3205123812144642,8.877013417605781e-07,0.32051326891580595,335,0.6795131845841785,334,direct_ncbi_record,,,,,True,True,,/data2/B_Li/vfdb/workflow_clade_translatorX_solved_dup_solved/final_aln/VFG000172.nogap.dedup/VFG000172.nogap.dedup.nt_ali.fasta,"Selected VFG020036: genome_count=11506, usable_sequences=0, usable_sequence_fraction=0.0000, usable_codon_fraction=0.6467, gap_fraction=0.3533, ambiguous_fraction=0.0000, protein_length=334"
PA4214,2,False,VFG020026,VFG020026(gb|WP_012613547),phzE1,11524,99.1909106558788,11524,0,0.0,5226,1742,0,0.6965251672643644,8.733998020470897e-05,0.6966125072445691,409,0.23478760045924224,627,blastp_best_hit_to_PAO1,99.841,100.0,0.0,1253.0,True,True,,/data2/B_Li/vfdb/workflow_clade_translatorX_solved_dup_solved/final_aln/VFG020026.nogap.dedup/VFG020026.nogap.dedup.nt_ali.fasta,"Selected VFG015515: genome_count=11524, usable_sequences=0, usable_sequence_fraction=0.0000, usable_codon_fraction=0.2516, gap_fraction=0.6692, ambiguous_fraction=0.0001, protein_length=627"
PA4214,3,False,VFG015538,VFG015538(gb|WP_011666697),phzE2,11524,99.1909106558788,11524,0,0.0,5457,1819,0,0.7093790829531085,8.364279577603245e-05,0.7094627257488845,405,0.22264980758658603,627,blastp_best_hit_to_PAO1,99.203,100.0,0.0,1246.0,True,True,,/data2/B_Li/vfdb/workflow_clade_translatorX_solved_dup_solved/final_aln/VFG015538.nogap.dedup/VFG015538.nogap.dedup.nt_ali.fasta,"Selected VFG015515: genome_count=11524, usable_sequences=0, usable_sequence_fraction=0.0000, usable_codon_fraction=0.2516, gap_fraction=0.6692, ambiguous_fraction=0.0001, protein_length=627"
PA4214,4,False,VFG015517,VFG015517(gb|WP_003137488),phzE1,11524,99.1909106558788,11524,0,0.0,5505,1835,0,0.7119027509937796,8.291348529515151e-05,0.7119856644790747,390,0.2125340599455041,627,blastp_best_hit_to_PAO1,99.522,100.0,0.0,1249.0,True,True,,/data2/B_Li/vfdb/workflow_clade_translatorX_solved_dup_solved/final_aln/VFG015517.nogap.dedup/VFG015517.nogap.dedup.nt_ali.fasta,"Selected VFG015515: genome_count=11524, usable_sequences=0, usable_sequence_fraction=0.0000, usable_codon_fraction=0.2516, gap_fraction=0.6692, ambiguous_fraction=0.0001, protein_length=627"
PA4214,5,False,VFG015537,VFG015537(gb|WP_012074247),phzE2,11489,98.8896539851954,11489,0,0.0,4992,1664,0,0.6816882641088131,9.169514987580093e-05,0.681779959258689,444,0.2668269230769231,627,blastp_best_hit_to_PAO1,96.491,100.0,0.0,1212.0,True,True,,/data2/B_Li/vfdb/workflow_clade_translatorX_solved_dup_solved/final_aln/VFG015537.nogap.dedup/VFG015537.nogap.dedup.nt_ali.fasta,"Selected VFG015515: genome_count=11524, usable_sequences=0, usable_sequence_fraction=0.0000, usable_codon_fraction=0.2516, gap_fraction=0.6692, ambiguous_fraction=0.0001, protein_length=627"
PA4214,6,False,VFG015516,VFG015516(gb|WP_012074247),phzE1,11466,98.69168531588912,11466,0,0.0,3759,1253,0,0.5786372256558097,0.00012192379083269518,0.5787591494466423,435,0.34716679968076614,627,blastp_best_hit_to_PAO1,96.491,100.0,0.0,1212.0,True,True,,/data2/B_Li/vfdb/workflow_clade_translatorX_solved_dup_solved/final_aln/VFG015516.nogap.dedup/VFG015516.nogap.dedup.nt_ali.fasta,"Selected VFG015515: genome_count=11524, usable_sequences=0, usable_sequence_fraction=0.0000, usable_codon_fraction=0.2516, gap_fraction=0.6692, ambiguous_fraction=0.0001, protein_length=627"
PA4217,2,False,VFG020037,VFG020037(gb|WP_003093633),phzS,11589,99.75038733000515,11589,0,0.0,1833,611,0,0.3411672477385929,1.3181037740276783e-06,0.34116856584236693,403,0.6595744680851063,402,blastp_best_hit_to_PAO1,99.254,100.0,0.0,799.0,True,True,,/data2/B_Li/vfdb/workflow_clade_translatorX_solved_dup_solved/final_aln/VFG020037.nogap.dedup/VFG020037.nogap.dedup.nt_ali.fasta,"Selected VFG000173: genome_count=11589, usable_sequences=0, usable_sequence_fraction=0.0000, usable_codon_fraction=0.6596, gap_fraction=0.3412, ambiguous_fraction=0.0000, protein_length=402"
PA4217,3,False,VFG015550,VFG015550(gb|WP_003093633),phzS,11589,99.75038733000515,11589,0,0.0,1905,635,0,0.36606774140289156,1.2682856786313567e-06,0.3660690096885702,403,0.6346456692913386,402,blastp_best_hit_to_PAO1,99.254,100.0,0.0,799.0,True,True,,/data2/B_Li/vfdb/workflow_clade_translatorX_solved_dup_solved/final_aln/VFG015550.nogap.dedup/VFG015550.nogap.dedup.nt_ali.fasta,"Selected VFG000173: genome_count=11589, usable_sequences=0, usable_sequence_fraction=0.0000, usable_codon_fraction=0.6596, gap_fraction=0.3412, ambiguous_fraction=0.0000, protein_length=402"
PA4217,4,False,VFG015549,VFG015549(gb|WP_012074243),phzS,11587,99.73317266310896,11587,0,0.0,1746,582,0,0.30827473733005084,5.93152000835158e-07,0.3082753304820517,403,0.6924398625429553,402,blastp_best_hit_to_PAO1,98.507,100.0,0.0,795.0,True,True,,/data2/B_Li/vfdb/workflow_clade_translatorX_solved_dup_solved/final_aln/VFG015549.nogap.dedup/VFG015549.nogap.dedup.nt_ali.fasta,"Selected VFG000173: genome_count=11589, usable_sequences=0, usable_sequence_fraction=0.0000, usable_codon_fraction=0.6596, gap_fraction=0.3412, ambiguous_fraction=0.0000, protein_length=402"
PA4221,2,False,VFG020096,VFG020096(gb|WP_003118950),fptA,11560,99.50077466001032,11560,0,0.0,3192,1064,0,0.3230977801337253,3.2520748237375446e-07,0.3230981053412077,721,0.6776315789473685,720,blastp_best_hit_to_PAO1,99.861,100.0,0.0,1467.0,True,True,,/data2/B_Li/vfdb/workflow_clade_translatorX_solved_dup_solved/final_aln/VFG020096.nogap.dedup/VFG020096.nogap.dedup.nt_ali.fasta,"Selected VFG000164: genome_count=11560, usable_sequences=0, usable_sequence_fraction=0.0000, usable_codon_fraction=0.6776, gap_fraction=0.3231, ambiguous_fraction=0.0000, protein_length=720"
PA4221,3,False,VFG016153,VFG016153(gb|WP_003111969),fptA,11560,99.50077466001032,11560,0,0.0,3261,1087,0,0.3374202194541976,3.183263672913291e-07,0.33742053778056486,721,0.6632934682612696,720,blastp_best_hit_to_PAO1,100.0,100.0,0.0,1470.0,True,True,,/data2/B_Li/vfdb/workflow_clade_translatorX_solved_dup_solved/final_aln/VFG016153.nogap.dedup/VFG016153.nogap.dedup.nt_ali.fasta,"Selected VFG000164: genome_count=11560, usable_sequences=0, usable_sequence_fraction=0.0000, usable_codon_fraction=0.6776, gap_fraction=0.3231, ambiguous_fraction=0.0000, protein_length=720"
PA4222,2,False,VFG016107,VFG016107(gb|WP_003137474),pchI,11559,99.49216732656222,11559,0,0.0,3594,1198,0,0.5219667089408899,7.221425217592374e-07,0.5219674310834117,575,0.47996661101836396,574,blastp_best_hit_to_PAO1,98.78,100.0,0.0,1053.0,True,True,,/data2/B_Li/vfdb/workflow_clade_translatorX_solved_dup_solved/final_aln/VFG016107.nogap.dedup/VFG016107.nogap.dedup.nt_ali.fasta,"Selected VFG001266: genome_count=11559, usable_sequences=0, usable_sequence_fraction=0.0000, usable_codon_fraction=0.4800, gap_fraction=0.5220, ambiguous_fraction=0.0000, protein_length=574"
PA4222,3,False,VFG020086,VFG020086(gb|WP_012613545),pchI,11559,99.49216732656222,11559,0,0.0,3594,1198,0,0.5219667089408899,7.221425217592374e-07,0.5219674310834117,575,0.47996661101836396,574,blastp_best_hit_to_PAO1,99.826,100.0,0.0,1065.0,True,True,,/data2/B_Li/vfdb/workflow_clade_translatorX_solved_dup_solved/final_aln/VFG020086.nogap.dedup/VFG020086.nogap.dedup.nt_ali.fasta,"Selected VFG001266: genome_count=11559, usable_sequences=0, usable_sequence_fraction=0.0000, usable_codon_fraction=0.4800, gap_fraction=0.5220, ambiguous_fraction=0.0000, protein_length=574"
PA4223,2,False,VFG020087,VFG020087(gb|WP_012613544),pchH,11546,99.38027199173696,11546,0,0.0,3750,1250,0,0.5552248744153819,9.70032911830937e-07,0.5552258444482938,571,0.4568,570,blastp_best_hit_to_PAO1,99.474,100.0,0.0,1074.0,True,True,,/data2/B_Li/vfdb/workflow_clade_translatorX_solved_dup_solved/final_aln/VFG020087.nogap.dedup/VFG020087.nogap.dedup.nt_ali.fasta,"Selected VFG001267: genome_count=11546, usable_sequences=0, usable_sequence_fraction=0.0000, usable_codon_fraction=0.5163, gap_fraction=0.4973, ambiguous_fraction=0.0000, protein_length=570"
PA4223,3,False,VFG016111,VFG016111(gb|WP_003137473),pchH,11546,99.38027199173696,11546,0,0.0,3855,1285,0,0.5673587160409285,9.436117819367093e-07,0.5673596596527104,571,0.4443579766536965,570,blastp_best_hit_to_PAO1,98.596,100.0,0.0,1061.0,True,True,,/data2/B_Li/vfdb/workflow_clade_translatorX_solved_dup_solved/final_aln/VFG016111.nogap.dedup/VFG016111.nogap.dedup.nt_ali.fasta,"Selected VFG001267: genome_count=11546, usable_sequences=0, usable_sequence_fraction=0.0000, usable_codon_fraction=0.5163, gap_fraction=0.4973, ambiguous_fraction=0.0000, protein_length=570"
PA4224,2,False,VFG020088,VFG020088(gb|WP_003115080),pchG,11554,99.44913065932174,11554,0,0.0,1845,615,0,0.4313929220303108,7.505700814321627e-07,0.43139367260039224,350,0.5691056910569106,349,blastp_best_hit_to_PAO1,100.0,100.0,0.0,679.0,True,True,,/data2/B_Li/vfdb/workflow_clade_translatorX_solved_dup_solved/final_aln/VFG020088.nogap.dedup/VFG020088.nogap.dedup.nt_ali.fasta,"Selected VFG001268: genome_count=11554, usable_sequences=0, usable_sequence_fraction=0.0000, usable_codon_fraction=0.5691, gap_fraction=0.4314, ambiguous_fraction=0.0000, protein_length=349"
PA4224,3,False,VFG016115,VFG016115(gb|WP_003137472),pchG,11553,99.44052332587364,11553,0,0.0,1845,615,0,0.431392965189065,7.506350489801098e-07,0.431393715824114,350,0.5691056910569106,349,blastp_best_hit_to_PAO1,99.427,100.0,0.0,675.0,True,True,,/data2/B_Li/vfdb/workflow_clade_translatorX_solved_dup_solved/final_aln/VFG016115.nogap.dedup/VFG016115.nogap.dedup.nt_ali.fasta,"Selected VFG001268: genome_count=11554, usable_sequences=0, usable_sequence_fraction=0.0000, usable_codon_fraction=0.5691, gap_fraction=0.4314, ambiguous_fraction=0.0000, protein_length=349"
PA4225,2,False,VFG016118,VFG016118(gb|WP_011666540),pchF,11608,99.91392666551904,11608,0,0.0,12903,4301,0,0.5874537976278816,6.609781418934997e-07,0.5874544586060235,1810,0.4208323645663799,1809,blastp_best_hit_to_PAO1,98.729,100.0,0.0,3522.0,True,True,,/data2/B_Li/vfdb/workflow_clade_translatorX_solved_dup_solved/final_aln/VFG016118.nogap.dedup/VFG016118.nogap.dedup.nt_ali.fasta,"Selected VFG016117: genome_count=11608, usable_sequences=0, usable_sequence_fraction=0.0000, usable_codon_fraction=0.4385, gap_fraction=0.5702, ambiguous_fraction=0.0000, protein_length=1809"
PA4225,3,False,VFG020089,VFG020089(gb|WP_012613543),pchF,11608,99.91392666551904,11608,0,0.0,13614,4538,0,0.6089979054277547,6.327859886400235e-07,0.6089985382137433,1810,0.3988541207580432,1809,blastp_best_hit_to_PAO1,99.558,100.0,0.0,3555.0,True,True,,/data2/B_Li/vfdb/workflow_clade_translatorX_solved_dup_solved/final_aln/VFG020089.nogap.dedup/VFG020089.nogap.dedup.nt_ali.fasta,"Selected VFG016117: genome_count=11608, usable_sequences=0, usable_sequence_fraction=0.0000, usable_codon_fraction=0.4385, gap_fraction=0.5702, ambiguous_fraction=0.0000, protein_length=1809"
PA4225,4,False,VFG000165,VFG000165(gb|NP_252915),pchF,11608,99.91392666551904,11608,0,0.0,14025,4675,0,0.6204560749179066,6.142423136788078e-07,0.6204566891602202,1810,0.3871657754010695,1809,direct_ncbi_record,,,,,True,True,,/data2/B_Li/vfdb/workflow_clade_translatorX_solved_dup_solved/final_aln/VFG000165.nogap.dedup/VFG000165.nogap.dedup.nt_ali.fasta,"Selected VFG016117: genome_count=11608, usable_sequences=0, usable_sequence_fraction=0.0000, usable_codon_fraction=0.4385, gap_fraction=0.5702, ambiguous_fraction=0.0000, protein_length=1809"
PA4226,2,False,VFG000166,VFG000166(gb|NP_252916),pchE,11577,99.647099328628,11577,0,0.0,8523,2841,0,0.49926350529884883,1.1249532042270147e-06,0.49926463025205303,1439,0.5065117916226681,1438,direct_ncbi_record,,,,,True,True,,/data2/B_Li/vfdb/workflow_clade_translatorX_solved_dup_solved/final_aln/VFG000166.nogap.dedup/VFG000166.nogap.dedup.nt_ali.fasta,"Selected VFG020090: genome_count=11577, usable_sequences=0, usable_sequence_fraction=0.0000, usable_codon_fraction=0.5105, gap_fraction=0.4954, ambiguous_fraction=0.0000, protein_length=1438"
PA4226,3,False,VFG016122,VFG016122(gb|WP_003137469),pchE,11577,99.647099328628,11577,0,0.0,8649,2883,0,0.5065594223191408,1.108564708015591e-06,0.5065605308838488,1439,0.49913284772806105,1438,blastp_best_hit_to_PAO1,99.026,100.0,0.0,2750.0,True,True,,/data2/B_Li/vfdb/workflow_clade_translatorX_solved_dup_solved/final_aln/VFG016122.nogap.dedup/VFG016122.nogap.dedup.nt_ali.fasta,"Selected VFG020090: genome_count=11577, usable_sequences=0, usable_sequence_fraction=0.0000, usable_codon_fraction=0.5105, gap_fraction=0.4954, ambiguous_fraction=0.0000, protein_length=1438"
PA4228,2,False,VFG000168,VFG000168(gb|NP_252918),pchD,11579,99.6643139955242,11579,0,0.0,2559,853,0,0.357837747865294,6.074788544204262e-07,0.35783835534414843,548,0.6424384525205158,547,direct_ncbi_record,,,,,True,True,,/data2/B_Li/vfdb/workflow_clade_translatorX_solved_dup_solved/final_aln/VFG000168.nogap.dedup/VFG000168.nogap.dedup.nt_ali.fasta,"Selected VFG020092: genome_count=11579, usable_sequences=0, usable_sequence_fraction=0.0000, usable_codon_fraction=0.6455, gap_fraction=0.3548, ambiguous_fraction=0.0000, protein_length=547"
PA4228,3,False,VFG016130,VFG016130(gb|WP_003137468),pchD,11579,99.6643139955242,11579,0,0.0,2574,858,0,0.36158226723042336,6.039387678562046e-07,0.3615828711691912,548,0.6386946386946387,547,blastp_best_hit_to_PAO1,99.269,100.0,0.0,1100.0,True,True,,/data2/B_Li/vfdb/workflow_clade_translatorX_solved_dup_solved/final_aln/VFG016130.nogap.dedup/VFG016130.nogap.dedup.nt_ali.fasta,"Selected VFG020092: genome_count=11579, usable_sequences=0, usable_sequence_fraction=0.0000, usable_codon_fraction=0.6455, gap_fraction=0.3548, ambiguous_fraction=0.0000, protein_length=547"
PA4231,2,False,VFG016146,VFG016146(gb|WP_003129314),pchA,11574,99.6212773282837,11574,0,0.0,2229,743,0,0.35822087888549564,8.140025178260737e-07,0.3582216928880135,477,0.6419919246298789,476,blastp_best_hit_to_PAO1,99.37,100.0,0.0,941.0,True,True,,/data2/B_Li/vfdb/workflow_clade_translatorX_solved_dup_solved/final_aln/VFG016146.nogap.dedup/VFG016146.nogap.dedup.nt_ali.fasta,"Selected VFG000171: genome_count=11575, usable_sequences=0, usable_sequence_fraction=0.0000, usable_codon_fraction=0.6335, gap_fraction=0.3667, ambiguous_fraction=0.0000, protein_length=476"
PA4231,3,False,VFG020095,VFG020095(gb|WP_012613541),pchA,11574,99.6212773282837,11574,0,0.0,2241,747,0,0.3616553651967469,8.096437359367774e-07,0.36165617484048285,477,0.6385542168674698,476,blastp_best_hit_to_PAO1,99.37,100.0,0.0,938.0,True,True,,/data2/B_Li/vfdb/workflow_clade_translatorX_solved_dup_solved/final_aln/VFG020095.nogap.dedup/VFG020095.nogap.dedup.nt_ali.fasta,"Selected VFG000171: genome_count=11575, usable_sequences=0, usable_sequence_fraction=0.0000, usable_codon_fraction=0.6335, gap_fraction=0.3667, ambiguous_fraction=0.0000, protein_length=476"
PA4446,2,False,VFG014984,VFG014984(gb|NP_253136),algW,11578,99.6557066620761,11578,0,0.0,1743,581,0,0.32911236783870174,6.937405868074127e-07,0.32911306157928855,390,0.6712564543889845,389,direct_ncbi_record,,,,,True,True,,/data2/B_Li/vfdb/workflow_clade_translatorX_solved_dup_solved/final_aln/VFG014984.nogap.dedup/VFG014984.nogap.dedup.nt_ali.fasta,"Selected VFG014986: genome_count=11579, usable_sequences=0, usable_sequence_fraction=0.0000, usable_codon_fraction=0.6713, gap_fraction=0.3291, ambiguous_fraction=0.0000, protein_length=389"
PA4446,3,False,VFG019921,VFG019921(gb|WP_003145897),algW,11578,99.6557066620761,11578,0,0.0,1743,581,0,0.32911236783870174,6.937405868074127e-07,0.32911306157928855,390,0.6712564543889845,389,blastp_best_hit_to_PAO1,99.743,100.0,0.0,778.0,True,True,,/data2/B_Li/vfdb/workflow_clade_translatorX_solved_dup_solved/final_aln/VFG019921.nogap.dedup/VFG019921.nogap.dedup.nt_ali.fasta,"Selected VFG014986: genome_count=11579, usable_sequences=0, usable_sequence_fraction=0.0000, usable_codon_fraction=0.6713, gap_fraction=0.3291, ambiguous_fraction=0.0000, protein_length=389"
PA4546,2,False,VFG013996,VFG013996(gb|WP_003094692),pilS,11577,99.647099328628,11577,0,0.0,2457,819,0,0.3520278249482707,2.812475819299694e-07,0.3520281061958526,531,0.6483516483516484,530,blastp_best_hit_to_PAO1,100.0,100.0,0.0,1066.0,True,True,,/data2/B_Li/vfdb/workflow_clade_translatorX_solved_dup_solved/final_aln/VFG013996.nogap.dedup/VFG013996.nogap.dedup.nt_ali.fasta,"Selected VFG001213: genome_count=11577, usable_sequences=0, usable_sequence_fraction=0.0000, usable_codon_fraction=0.6484, gap_fraction=0.3520, ambiguous_fraction=0.0000, protein_length=530"
PA4546,3,False,VFG019761,VFG019761(gb|WP_012614544),pilS,11577,99.647099328628,11577,0,0.0,2457,819,0,0.3520278249482707,2.812475819299694e-07,0.3520281061958526,531,0.6483516483516484,530,blastp_best_hit_to_PAO1,99.623,100.0,0.0,1061.0,True,True,,/data2/B_Li/vfdb/workflow_clade_translatorX_solved_dup_solved/final_aln/VFG019761.nogap.dedup/VFG019761.nogap.dedup.nt_ali.fasta,"Selected VFG001213: genome_count=11577, usable_sequences=0, usable_sequence_fraction=0.0000, usable_codon_fraction=0.6484, gap_fraction=0.3520, ambiguous_fraction=0.0000, protein_length=530"
PA4547,2,False,VFG013986,VFG013986(gb|WP_003094694),pilR,11576,99.63849199517988,11576,0,0.0,2079,693,0,0.3573267226515326,5.817213833799874e-07,0.357327304372916,446,0.6435786435786436,445,blastp_best_hit_to_PAO1,100.0,100.0,0.0,895.0,True,True,,/data2/B_Li/vfdb/workflow_clade_translatorX_solved_dup_solved/final_aln/VFG013986.nogap.dedup/VFG013986.nogap.dedup.nt_ali.fasta,"Selected VFG001214: genome_count=11576, usable_sequences=0, usable_sequence_fraction=0.0000, usable_codon_fraction=0.6436, gap_fraction=0.3573, ambiguous_fraction=0.0000, protein_length=445"
PA4547,3,False,VFG019759,VFG019759(gb|WP_003110427),pilR,11576,99.63849199517988,11576,0,0.0,2079,693,0,0.3573267226515326,5.817213833799874e-07,0.357327304372916,446,0.6435786435786436,445,blastp_best_hit_to_PAO1,99.775,100.0,0.0,894.0,True,True,,/data2/B_Li/vfdb/workflow_clade_translatorX_solved_dup_solved/final_aln/VFG019759.nogap.dedup/VFG019759.nogap.dedup.nt_ali.fasta,"Selected VFG001214: genome_count=11576, usable_sequences=0, usable_sequence_fraction=0.0000, usable_codon_fraction=0.6436, gap_fraction=0.3573, ambiguous_fraction=0.0000, protein_length=445"
PA4953,2,False,VFG019873,VFG019873(gb|WP_003095673),motB,11552,99.43191599242554,11552,0,0.0,1431,477,0,0.2709220761685744,7.864054929334813e-07,0.27092286257406734,348,0.7295597484276729,347,blastp_best_hit_to_PAO1,100.0,100.0,0.0,706.0,True,True,,/data2/B_Li/vfdb/workflow_clade_translatorX_solved_dup_solved/final_aln/VFG019873.nogap.dedup/VFG019873.nogap.dedup.nt_ali.fasta,"Selected VFG014681: genome_count=11552, usable_sequences=0, usable_sequence_fraction=0.0000, usable_codon_fraction=0.7296, gap_fraction=0.2709, ambiguous_fraction=0.0000, protein_length=347"
PA4953,3,False,VFG014683,VFG014683(gb|WP_003095673),motB,11540,99.32862799104836,11540,0,0.0,1431,477,0,0.270926210537407,7.872232456124416e-07,0.2709269977606526,348,0.7295597484276729,347,blastp_best_hit_to_PAO1,100.0,100.0,0.0,706.0,True,True,,/data2/B_Li/vfdb/workflow_clade_translatorX_solved_dup_solved/final_aln/VFG014683.nogap.dedup/VFG014683.nogap.dedup.nt_ali.fasta,"Selected VFG014681: genome_count=11552, usable_sequences=0, usable_sequence_fraction=0.0000, usable_codon_fraction=0.7296, gap_fraction=0.2709, ambiguous_fraction=0.0000, protein_length=347"
PA5044,2,False,VFG013836,VFG013836(gb|WP_003110888),pilM,11613,99.95696333275951,11613,0,0.0,1581,527,0,0.32664744133668167,5.991235476087808e-07,0.32664804046022927,355,0.6736242884250474,354,blastp_best_hit_to_PAO1,100.0,100.0,0.0,707.0,True,True,,/data2/B_Li/vfdb/workflow_clade_translatorX_solved_dup_solved/final_aln/VFG013836.nogap.dedup/VFG013836.nogap.dedup.nt_ali.fasta,"Selected VFG001222: genome_count=11613, usable_sequences=0, usable_sequence_fraction=0.0000, usable_codon_fraction=0.6736, gap_fraction=0.3266, ambiguous_fraction=0.0000, protein_length=354"
PA5044,3,False,VFG019737,VFG019737(gb|WP_003110888),pilM,11613,99.95696333275951,11613,0,0.0,1581,527,0,0.32664744133668167,5.991235476087808e-07,0.32664804046022927,355,0.6736242884250474,354,blastp_best_hit_to_PAO1,100.0,100.0,0.0,707.0,True,True,,/data2/B_Li/vfdb/workflow_clade_translatorX_solved_dup_solved/final_aln/VFG019737.nogap.dedup/VFG019737.nogap.dedup.nt_ali.fasta,"Selected VFG001222: genome_count=11613, usable_sequences=0, usable_sequence_fraction=0.0000, usable_codon_fraction=0.6736, gap_fraction=0.3266, ambiguous_fraction=0.0000, protein_length=354"
PA5089,2,False,VFG051663,VFG051663(gb|WP_003141825.1),pldB/tle5b,11561,99.50938199345842,11561,0,0.0,3483,1161,0,0.37505525311158927,2.7317679756479277e-07,0.37505552628838684,689,0.5934539190353144,745,blastp_best_hit_to_PAO1,96.376,100.0,0.0,1478.0,True,True,,/data2/B_Li/vfdb/workflow_clade_translatorX_solved_dup_solved/final_aln/VFG051663.nogap.dedup/VFG051663.nogap.dedup.nt_ali.fasta,"Selected VFG051661: genome_count=11562, usable_sequences=0, usable_sequence_fraction=0.0000, usable_codon_fraction=0.5798, gap_fraction=0.4090, ambiguous_fraction=0.0000, protein_length=745"
PA5089,3,False,VFG051488,VFG051488(gb|NP_253776.1),pldB/tle5b,11542,99.34584265794456,11542,0,0.0,3657,1219,0,0.4002671556987222,2.6060734684331295e-07,0.40026741630606905,733,0.601312551271534,745,direct_ncbi_record,,,,,True,True,,/data2/B_Li/vfdb/workflow_clade_translatorX_solved_dup_solved/final_aln/VFG051488.nogap.dedup/VFG051488.nogap.dedup.nt_ali.fasta,"Selected VFG051661: genome_count=11562, usable_sequences=0, usable_sequence_fraction=0.0000, usable_codon_fraction=0.5798, gap_fraction=0.4090, ambiguous_fraction=0.0000, protein_length=745"
PA5262,2,False,VFG014978,VFG014978(gb|WP_003096404),algZ,11608,99.91392666551904,11608,0,0.0,1440,480,0,0.252145251837813,3.589478520560533e-07,0.25214561078566505,359,0.7479166666666667,358,blastp_best_hit_to_PAO1,100.0,100.0,0.0,716.0,True,True,,/data2/B_Li/vfdb/workflow_clade_translatorX_solved_dup_solved/final_aln/VFG014978.nogap.dedup/VFG014978.nogap.dedup.nt_ali.fasta,"Selected VFG000120: genome_count=11608, usable_sequences=0, usable_sequence_fraction=0.0000, usable_codon_fraction=0.7479, gap_fraction=0.2521, ambiguous_fraction=0.0000, protein_length=358"
PA5322,2,False,VFG014895,VFG014895(gb|WP_016254361),algC,11579,99.6643139955242,11579,0,0.0,3888,1296,0,0.3300851824130317,4.4425536935924517e-07,0.3300856266684011,869,0.6705246913580247,867,blastp_best_hit_to_PAO1,99.309,100.11534025374856,0.0,1730.0,True,True,,/data2/B_Li/vfdb/workflow_clade_translatorX_solved_dup_solved/final_aln/VFG014895.nogap.dedup/VFG014895.nogap.dedup.nt_ali.fasta,"Selected VFG014893: genome_count=11579, usable_sequences=0, usable_sequence_fraction=0.0000, usable_codon_fraction=0.6705, gap_fraction=0.3301, ambiguous_fraction=0.0000, protein_length=868"
PA5322,3,False,VFG019907,VFG019907(gb|WP_010792971),algC,11579,99.6643139955242,11579,0,0.0,3888,1296,0,0.3300851824130317,4.4425536935924517e-07,0.3300856266684011,869,0.6705246913580247,865,blastp_best_hit_to_PAO1,99.654,100.34682080924856,0.0,1734.0,True,True,,/data2/B_Li/vfdb/workflow_clade_translatorX_solved_dup_solved/final_aln/VFG019907.nogap.dedup/VFG019907.nogap.dedup.nt_ali.fasta,"Selected VFG014893: genome_count=11579, usable_sequences=0, usable_sequence_fraction=0.0000, usable_codon_fraction=0.6705, gap_fraction=0.3301, ambiguous_fraction=0.0000, protein_length=868"
